DT_RowId,ftp,friend,pt,label,zid,pos,position_in_cat,name,cp,zwid,res_id,lag,uid,time,time_gun,gap,vtta,vttat,male,tid,topen,tname,tc,tbc,tbd,zeff,category,height,flag,avg_hr,max_hr,hrmax,hrm,weight,power_type,display_pos,src,age,zada,note,div,divw,skill,skill_b,skill_gain,np,hrr,hreff,avg_power,avg_wkg,wkg_ftp,wftp,wkg_guess,wkg1200,wkg300,wkg120,wkg60,wkg30,wkg15,wkg5,w1200,w300,w120,w60,w30,w15,w5,is_guess,upg,penalty,reg,fl,pts,pts_pos,info,info_notes,strike,event_title,f_t,distance,event_date,rt,laps,dur,query_zid
,233,0,,3,5703166,23,5,Blopa&reg;,1,1714370,5703166.23,0,734306900005,5400.001,5400.061,0.001,,0.0,1,2873,,TEAM BMTR ,bbbbbb,000000,aaaaaa,0,C,183,uy,129,163,0,1,67.9,3,1,1,Mas,0,,20,0,0,0,0,174,1.2,56,155,2.3,2.5,172,0,2.7,3.2,3.5,4.4,5.2,5.3,6.1,182.0,220.0,236.0,301.0,353.0,363.0,413.0,0,0,,1,,,,0,,-1,BMTR Short Adventure ,TYPE_RIDE,0,2026/09/18,3994934674,,3600,1714370
,201,1,,3,5703166,50,32,Yardi Agresta ,1,1815308,5703166.50,0,734306900032,5400.019,5400.079,0.019,,0.0,0,2873,,TEAM BMTR ,bbbbbb,000000,aaaaaa,0,C,167,za,146,172,0,1,54.0,3,1,1,Vet,0,,20,20,0,0,0,146,0.89,60,130,2.4,2.5,137,0,2.7,3.1,3.8,4.7,5.7,6.7,7.0,145.0,166.0,204.0,255.0,308.0,360.0,380.0,0,0,,1,,,,0,,-1,BMTR Short Adventure ,TYPE_RIDE,0,2026/09/18,3994934674,,3600,1815308
,201,1,,5,5703161,31,31,Yardi Agresta ,1,1815308,5703161.31,1,734305900031,1800.027,1800.027,0.027,,0.0,0,2873,,TEAM BMTR ,bbbbbb,000000,aaaaaa,0,E,167,za,138,169,0,1,54.0,3,1,1,Vet,0,,20,20,0,0,0,134,0.8,67,111,2.1,2.0,111,0,2.2,2.4,2.9,4.0,6.6,7.3,7.5,117.0,131.0,157.0,217.0,354.0,394.0,403.0,0,0,,1,,,,0,,-1,BMTR Banded Warmup,TYPE_RIDE,0,2026/09/18,2694166390,,1800,1815308
,201,1,,3,5702224,55,15,Yardi Agresta ,1,1815308,5702224.55,0,734141800015,2566.913,2327.153,51.634,,0.0,0,2873,,TEAM BMTR ,bbbbbb,000000,aaaaaa,0,C,167,za,165,181,0,1,54.0,3,1,1,Vet,0,,20,20,0,0,0,178,1.04,51,172,3.2,3.1,170,0,3.3,3.7,4.0,4.4,5.2,5.2,5.4,179.0,198.0,218.0,236.0,279.0,283.0,292.0,0,0,,1,,,,0,,-1,BMTR Chase Adventure,TYPE_RIDE,26,2026/09/17,3680493479,1,,1815308
,201,1,,5,5702216,13,13,Yardi Agresta ,1,1815308,5702216.13,0,734139200013,1800.01,1800.01,0.01,,0.0,0,2873,,TEAM BMTR ,bbbbbb,000000,aaaaaa,0,E,167,za,138,146,0,1,54.0,3,1,1,Vet,0,,20,20,0,0,0,101,0.71,76,98,1.8,1.7,0,1,,1.9,2.0,2.1,2.3,2.6,4.1,,105.0,109.0,114.0,123.0,140.0,220.0,0,0,,1,,,,0,,-1,BMTR Banded Warmup,TYPE_RIDE,0,2026/09/17,1258526800,,1800,1815308
,201,1,,4,5702207,62,21,Yardi Agresta ,1,1815308,5702207.62,0,734137300021,2177.819,2177.999,182.878,,0.0,0,2873,,TEAM BMTR ,bbbbbb,000000,aaaaaa,0,D,167,za,170,186,0,1,54.0,3,1,1,Vet,0,,20,20,0,0,0,192,1.07,50,182,3.4,3.3,181,0,3.5,4.0,4.2,4.6,5.0,5.9,6.9,191.0,217.0,229.0,250.0,269.0,317.0,375.0,0,0,,1,,,,0,,-1,WTRL Team Time Trial - Zone 11,TYPE_TEAM_TIME_TRIAL,25,2026/09/17,4258943387,1,,1815308
,233,0,,4,5702207,63,22,Blopa&reg;,1,1714370,5702207.63,0,734137300022,2178.522,2178.702,183.581,,0.0,1,2873,,TEAM BMTR ,bbbbbb,000000,aaaaaa,0,D,183,uy,158,174,0,1,67.9,3,1,1,Mas,0,,20,0,0,0,0,239,1.47,46,232,3.4,3.3,227,0,3.5,3.8,4.1,4.3,4.8,5.3,6.1,239.0,260.0,277.0,289.0,324.0,363.0,413.0,0,0,,1,,,,0,,-1,WTRL Team Time Trial - Zone 11,TYPE_TEAM_TIME_TRIAL,25,2026/09/17,4258943387,1,,1714370
,233,0,,3,5701183,47,25,Blopa&reg;,1,1714370,5701183.47,0,733991200025,3600.016,3600.076,0.016,,0.0,1,2873,,TEAM BMTR ,bbbbbb,000000,aaaaaa,0,C,183,uy,125,161,0,1,67.9,3,1,1,Mas,0,,20,0,0,0,0,167,1.21,56,151,2.2,2.3,159,0,2.5,2.6,3.3,4.2,5.9,9.2,11.3,168.0,179.0,222.0,283.0,399.0,628.0,764.0,0,0,,1,,,,0,,-1,BMTR Short Adventure,TYPE_RIDE,0,2026/09/16,3914529041,,3600,1714370
,201,1,,3,5701183,46,24,Yardi Agresta ,1,1815308,5701183.46,0,733991200024,3600.015,3600.075,0.015,,0.0,0,2873,,TEAM BMTR ,bbbbbb,000000,aaaaaa,0,C,167,za,138,156,0,1,54.0,3,1,1,Vet,0,,20,20,0,0,0,136,0.93,58,128,2.4,2.3,127,0,2.5,2.6,3.2,3.5,5.4,5.7,6.2,134.0,142.0,174.0,189.0,291.0,310.0,337.0,0,0,,1,,,,0,,-1,BMTR Short Adventure,TYPE_RIDE,0,2026/09/16,3914529041,,3600,1815308
,207,1,,3,5701183,26,4,Toody Merrill &#129528;BMTR RACING)&#129293; (CU),1,1002137,5701183.26,168,733991200004,3600.0,3600.06,0.0,,0.0,0,,,,00dd00,,,0,C,165,us,141,159,0,1,58.5,3,1,10,Jnr,0,,20,20,0,0,0,141,0.89,65,126,2.2,2.3,137,0,2.5,2.7,3.1,3.4,3.6,3.6,3.6,145.0,156.0,181.0,201.0,209.0,210.0,210.0,0,0,,1,,,,0,,-1,BMTR Short Adventure,TYPE_RIDE,0,2026/09/16,3914529041,,3600,1002137
,207,1,,3,5698911,7,7,Toody Merrill &#129528;BMTR RACING)&#129293; (CU),1,1002137,5698911.7,168,733665600007,3600.003,3600.123,0.003,,0.0,0,,,,00dd00,,,0,C,165,us,128,150,0,1,58.5,3,1,10,Jnr,0,,20,20,0,0,0,136,0.99,58,127,2.2,2.2,133,0,2.4,2.7,3.0,3.5,3.6,3.6,3.6,140.0,157.0,177.0,202.0,208.0,212.0,212.0,0,0,,1,,,,0,,-1,BMTR Short Adventure,TYPE_RIDE,0,2026/09/14,2207442179,,3600,1002137
,207,1,,5,5698903,7,7,Toody Merrill &#129528;BMTR RACING)&#129293; (CU),1,1002137,5698903.7,24,733663900009,1800.007,1800.007,0.006,,0.0,0,,,,00dd00,,,0,E,165,us,105,121,0,1,58.5,3,1,10,Jnr,0,,20,20,0,0,0,93,0.87,67,91,1.6,1.5,88,0,1.6,1.7,1.8,1.9,1.9,2.0,2.0,93.0,99.0,103.0,109.0,114.0,119.0,119.0,0,0,,1,,,,0,,-1,BMTR Banded Warmup,TYPE_RIDE,0,2026/09/14,1127056801,,1800,1002137
,201,1,,3,5698040,45,45,Yardi Agresta ,1,1815308,5698040.45,0,733520600045,5400.03,5400.03,0.029,,0.0,0,2873,,TEAM BMTR ,bbbbbb,000000,aaaaaa,0,C,167,za,138,165,0,1,54.0,3,1,1,Vet,0,,20,20,0,0,0,141,0.93,58,128,2.4,2.5,135,0,2.6,2.9,3.4,4.1,5.2,6.0,6.3,143.0,159.0,186.0,221.0,280.0,325.0,341.0,0,0,,1,,,,0,,-1,BMTR Short Adventure,TYPE_RIDE,0,2026/09/13,2927651296,,5400,1815308
,201,1,,1,5697198,13,13,Yardi Agresta ,1,1815308,5697198.13,0,733397700013,16432.06,16432.06,2692.946,,0.0,0,2873,,TEAM BMTR ,bbbbbb,000000,aaaaaa,0,A,167,za,142,175,0,1,54.0,3,1,1,Vet,0,,20,20,0,0,0,134,0.85,63,120,2.2,2.7,150,0,2.9,3.3,3.9,4.9,6.1,6.5,7.0,158.0,180.0,208.0,263.0,330.0,351.0,377.0,0,0,,1,,,,0,,-1,The BMTR Fundo,TYPE_RIDE,161,2026/09/12,1776635757,,,1815308
,201,1,,3,5696395,52,28,Yardi Agresta ,1,1815308,5696395.52,0,733278900028,5400.016,5400.076,0.016,,0.0,0,2873,,TEAM BMTR ,bbbbbb,000000,aaaaaa,0,C,167,za,145,178,0,1,54.0,3,1,1,Vet,0,,20,20,0,0,0,143,0.86,63,124,2.3,2.3,129,0,2.5,3.2,4.7,4.9,5.6,6.4,7.1,136.0,174.0,254.0,263.0,303.0,343.0,383.0,0,0,,1,,,,0,,-1,BMTR Short Adventure ,TYPE_RIDE,0,2026/09/11,2919739330,,3600,1815308
,201,1,,3,5693411,44,7,Yardi Agresta ,1,1815308,5693411.44,0,732399700007,2530.768,2530.888,7.507,,0.0,0,2873,,TEAM BMTR ,bbbbbb,000000,aaaaaa,0,C,167,za,155,179,0,1,54.0,3,1,1,Vet,0,,20,20,0,0,0,162,0.99,54,153,2.8,2.7,149,0,2.9,3.3,3.7,3.9,4.3,5.1,5.4,157.0,178.0,202.0,210.0,233.0,273.0,291.0,0,0,,1,,,,0,,-1,WTRL Team Time Trial - Zone 12,TYPE_TEAM_TIME_TRIAL,28,2026/09/10,2595459121,,,1815308
,201,1,,3,5693390,63,29,Yardi Agresta ,1,1815308,5693390.63,0,732396500030,2744.51,2504.75,77.554,,0.0,0,2873,,TEAM BMTR ,bbbbbb,000000,aaaaaa,0,C,167,za,170,185,0,1,54.0,3,1,1,Vet,0,,20,20,0,0,0,174,0.98,54,167,3.1,3.0,164,0,3.2,3.6,3.9,4.2,4.4,4.9,5.2,173.0,194.0,210.0,227.0,238.0,265.0,279.0,0,0,,1,,,,0,,-1,BMTR Chase Adventure,TYPE_RIDE,25,2026/09/10,4159356920,1,,1815308
,201,1,,5,5693381,28,28,Yardi Agresta ,1,1815308,5693381.28,0,732393800028,1800.03,1800.03,0.029,,0.0,0,2873,,TEAM BMTR ,bbbbbb,000000,aaaaaa,0,E,167,za,144,149,0,1,54.0,3,1,1,Vet,0,,20,20,0,0,0,110,0.75,71,108,2.0,1.9,0,1,,2.1,2.3,2.4,2.7,2.9,4.3,,114.0,124.0,130.0,145.0,158.0,232.0,0,0,,1,,,,0,,-1,BMTR Banded Warmup,TYPE_RIDE,0,2026/09/10,1776635757,,1800,1815308
,201,1,,4,5693373,64,25,Yardi Agresta ,1,1815308,5693373.64,0,732392000025,2403.235,2403.415,238.978,,0.0,0,2873,,TEAM BMTR ,bbbbbb,000000,aaaaaa,0,D,167,za,173,187,0,1,54.0,3,1,1,Vet,0,,20,20,0,0,0,191,1.04,51,180,3.3,3.3,178,0,3.5,3.9,4.5,4.8,5.0,5.2,5.9,188.0,212.0,242.0,260.0,272.0,282.0,320.0,0,0,,1,,,,0,,-1,WTRL Team Time Trial - Zone 11,TYPE_TEAM_TIME_TRIAL,28,2026/09/10,2595459121,,,1815308
,233,0,,3,5692141,54,27,Blopa&reg;,1,1714370,5692141.54,0,732203100027,3600.016,3600.076,0.015,,0.0,1,2873,,TEAM BMTR ,bbbbbb,000000,aaaaaa,0,C,183,uy,123,143,0,1,67.9,3,1,1,Mas,0,,20,0,0,0,0,155,1.18,57,145,2.1,2.2,149,0,2.3,2.5,2.9,3.0,3.2,4.2,4.4,157.0,173.0,197.0,202.0,219.0,287.0,298.0,0,0,,1,,,,0,,-1,BMTR Short Adventure,TYPE_RIDE,0,2026/09/09,2569385980,,3600,1714370
,201,1,,3,5692141,50,23,Yardi Agresta ,1,1815308,5692141.50,0,732203100023,3600.013,3600.073,0.012,,0.0,0,2873,,TEAM BMTR ,bbbbbb,000000,aaaaaa,0,C,167,za,133,163,0,1,54.0,3,1,1,Vet,0,,20,20,0,0,0,141,0.93,57,124,2.3,2.3,124,0,2.4,2.7,3.2,4.0,6.4,6.7,7.0,131.0,145.0,173.0,215.0,346.0,364.0,378.0,0,0,,1,,,,0,,-1,BMTR Short Adventure,TYPE_RIDE,0,2026/09/09,2569385980,,3600,1815308
,201,1,,5,5692124,3,3,Yardi Agresta ,1,1815308,5692124.3,0,732200100003,1800.004,1800.004,0.003,,0.0,0,2873,,TEAM BMTR ,bbbbbb,000000,aaaaaa,0,E,167,za,128,146,0,1,54.0,3,1,1,Vet,0,,20,20,0,0,0,117,0.85,63,109,2.0,1.9,107,0,2.1,2.2,2.4,2.8,3.7,4.6,5.6,113.0,119.0,132.0,152.0,198.0,249.0,303.0,0,0,,1,,,,0,,-1,BMTR Banded Warmup,TYPE_RIDE,0,2026/09/09,947394567,,1800,1815308
,201,1,,3,5692104,5,5,Yardi Agresta ,1,1815308,5692104.5,0,732195800006,5400.028,5400.028,0.027,,0.0,0,2873,,TEAM BMTR ,bbbbbb,000000,aaaaaa,0,C,167,za,133,161,0,1,54.0,3,1,1,Vet,0,,20,20,0,0,0,123,0.86,62,115,2.1,2.1,115,0,2.3,2.5,2.9,3.5,4.1,4.7,5.2,122.0,136.0,157.0,189.0,224.0,255.0,282.0,0,0,,1,,,,0,,-1,3R Endurance Ride,TYPE_RIDE,0,2026/09/09,3378411990,,5400,1815308
,207,1,,4,5690933,1,1,Toody Merrill &#129528;BMTR RACING)&#129293; (CU),1,1002137,5690933.1,169,732038100001,3600.003,3600.003,0.0,,0.0,0,,,,00dd00,,,0,D,165,us,131,148,0,1,58.5,3,1,10,Jnr,0,,20,20,0,0,0,100,0.71,82,93,1.6,1.7,100,0,1.8,1.9,2.2,2.2,2.3,2.4,2.4,106.0,114.0,129.0,131.0,137.0,142.0,142.0,0,0,,1,,,,0,,-1,Project Echelon Veterans Honor Ride,TYPE_RIDE,0,2026/09/08,240388043,,3600,1002137
,201,1,,3,5690076,11,11,Yardi Agresta ,1,1815308,5690076.11,0,731932000011,3600.004,3600.124,0.867,,0.0,0,2873,,TEAM BMTR ,bbbbbb,000000,aaaaaa,0,C,167,za,157,165,0,1,54.0,3,1,1,Vet,0,,20,20,0,0,0,144,0.9,60,141,2.6,2.5,136,0,2.7,2.9,3.1,3.3,3.5,4.1,5.0,144.0,158.0,170.0,180.0,188.0,224.0,271.0,0,0,,1,,,,0,,-1,BMTR Short Adventure,TYPE_RIDE,0,2026/09/07,3282611437,,3600,1815308
,233,0,,3,5690076,14,14,Blopa&reg;,1,1714370,5690076.14,0,731932000014,3600.005,3600.125,0.868,,0.0,1,2873,,TEAM BMTR ,bbbbbb,000000,aaaaaa,0,C,183,uy,142,169,0,1,67.9,3,1,1,Mas,0,,20,0,0,0,0,197,1.27,53,181,2.7,2.7,183,0,2.8,3.2,4.0,4.5,4.8,4.9,5.5,193.0,219.0,274.0,304.0,323.0,330.0,374.0,0,0,,1,,,,0,,-1,BMTR Short Adventure,TYPE_RIDE,0,2026/09/07,3282611437,,3600,1714370
,201,1,,5,5690068,13,13,Yardi Agresta ,1,1815308,5690068.13,0,731930300013,1800.012,1800.012,0.012,,0.0,0,2873,,TEAM BMTR ,bbbbbb,000000,aaaaaa,0,E,167,za,144,153,0,1,54.0,3,1,1,Vet,0,,20,20,0,0,0,123,0.83,65,119,2.2,2.1,116,0,2.3,2.4,2.6,2.9,3.1,3.6,4.5,123.0,132.0,140.0,157.0,168.0,196.0,242.0,0,0,,1,,,,0,,-1,BMTR Banded Warmup,TYPE_RIDE,0,2026/09/07,1127056801,,1800,1815308
,201,1,,3,5690051,8,0,Yardi Agresta ,1,1815308,5690051.8,0,731927800008,3600.031,3600.031,0,,0.0,0,2873,,TEAM BMTR ,bbbbbb,000000,aaaaaa,0,N/A,167,za,155,186,0,1,54.0,3,1,1,Vet,0,,20,20,0,0,0,168,0.92,58,142,2.6,2.6,142,0,2.8,3.3,4.0,5.4,6.0,6.3,6.6,150.0,178.0,218.0,294.0,322.0,338.0,357.0,0,0,,1,,,,0,,-1,SZR Lazy Birdies,TYPE_RIDE,0,2026/09/07,46799750,,3600,1815308
,233,0,,3,5689255,3,3,Blopa&reg;,1,1714370,5689255.3,0,731820000003,5400.001,5400.001,0,,0.0,1,2873,,TEAM BMTR ,bbbbbb,000000,aaaaaa,0,C,183,uy,127,158,0,1,67.3,3,1,1,Mas,0,,20,0,0,0,0,166,1.24,54,157,2.3,2.3,160,0,2.5,2.8,3.6,4.4,4.6,4.8,5.3,169.0,187.0,240.0,296.0,312.0,320.0,359.0,0,0,,1,,,,0,,-1,BMTR Short Adventure,TYPE_RIDE,0,2026/09/06,3367186349,,5400,1714370
,233,0,,4,5672998,49,10,Blopa&reg;,1,1714370,5672998.49,0,729408900010,8956.871,8956.871,1421.191,,0.0,1,2873,,TEAM BMTR ,bbbbbb,000000,aaaaaa,0,D,183,uy,129,169,0,1,67.3,3,1,1,Mas,0,,20,0,192.24,159.40,0,164,1.19,56,153,2.3,2.7,181,0,2.8,3.1,4.1,4.6,5.1,6.2,8.4,191.0,210.0,274.0,312.0,341.0,414.0,563.0,0,0,,1,,,,0,,-1,ECRO World Tour | Chasing Red - Stage 7,TYPE_RACE TYPE_RACE ,79,2026/09/05,3678866163,1,,1714370
,201,1,,3,5686647,39,8,Yardi Agresta ,1,1815308,5686647.39,0,731430000008,2880.517,2880.637,23.935,,0.0,0,2873,,TEAM BMTR ,bbbbbb,000000,aaaaaa,0,C,167,za,168,179,0,1,54.0,3,1,1,Vet,0,,20,20,0,0,0,157,0.87,62,146,2.7,2.7,149,0,2.9,3.3,3.6,4.0,4.3,5.7,6.1,157.0,176.0,196.0,217.0,231.0,308.0,331.0,0,0,,1,,,,0,,-1,WTRL Team Time Trial - Zone 12,TYPE_TEAM_TIME_TRIAL TYPE_RACE ,26,2026/09/03,3853654821,1,,1815308
,233,0,,4,5686633,27,27,Blopa&reg;,1,1714370,5686633.27,26,731427600027,3062.587,3062.587,5.656,,0.0,1,2873,,TEAM BMTR ,bbbbbb,000000,aaaaaa,0,D,183,uy,133,156,0,1,67.4,3,1,10,Mas,0,,20,0,0,0,0,177,1.31,51,174,2.6,2.6,174,0,2.7,3.0,3.5,3.8,3.9,4.0,4.0,184.0,205.0,237.0,257.0,262.0,267.0,267.0,0,0,,1,,,,0,,-1,BMTR Chase Adventure,TYPE_RIDE,31,2026/09/03,1917017591,1,,1714370
,201,1,,3,5686633,84,22,Yardi Agresta ,1,1815308,5686633.84,0,731427500022,3159.51,2859.81,102.579,,0.0,0,2873,,TEAM BMTR ,bbbbbb,000000,aaaaaa,0,C,167,za,166,175,0,1,54.0,3,1,1,Vet,0,,20,20,0,0,0,166,0.97,55,161,3.0,2.9,156,0,3.1,3.2,3.7,4.0,4.3,4.5,4.9,165.0,174.0,198.0,217.0,231.0,244.0,266.0,0,0,,1,,,,0,,-1,BMTR Chase Adventure,TYPE_RIDE,31,2026/09/03,1917017591,1,,1815308
,233,0,,4,5686614,20,20,Blopa&reg;,1,1714370,5686614.20,46,731422800020,2554.993,2555.173,167.375,,0.0,1,2873,,TEAM BMTR ,bbbbbb,000000,aaaaaa,0,D,183,uy,162,172,0,1,67.4,3,1,10,Mas,0,,20,0,0,0,0,227,1.41,47,228,3.4,3.3,223,0,3.5,3.8,3.9,4.2,4.4,4.5,4.5,235.0,253.0,264.0,285.0,299.0,302.0,302.0,0,0,,1,,,,0,,-1,WTRL Team Time Trial - Zone 11,TYPE_TEAM_TIME_TRIAL TYPE_RACE ,26,2026/09/03,3853654821,1,,1714370
,201,1,,4,5686614,19,19,Yardi Agresta ,1,1815308,5686614.19,0,731422800019,2551.188,2551.368,163.57,,0.0,0,2873,,TEAM BMTR ,bbbbbb,000000,aaaaaa,0,D,167,za,173,184,0,1,54.0,3,1,1,Vet,0,,20,20,0,0,0,186,1.01,53,174,3.2,3.3,179,0,3.5,3.9,4.0,4.4,4.8,5.2,5.9,189.0,212.0,218.0,239.0,257.0,280.0,316.0,0,0,,1,,,,0,,-1,WTRL Team Time Trial - Zone 11,TYPE_TEAM_TIME_TRIAL TYPE_RACE ,26,2026/09/03,3853654821,1,,1815308
,201,1,,3,5685661,61,34,Yardi Agresta ,1,1815308,5685661.61,0,731290500034,3600.025,3600.085,0.023,,0.0,0,2873,,TEAM BMTR ,bbbbbb,000000,aaaaaa,0,C,167,za,154,180,0,1,54.0,3,1,1,Vet,0,,20,20,0,0,0,150,0.88,61,135,2.5,2.5,134,0,2.6,3.1,4.1,4.7,4.9,6.1,6.9,142.0,169.0,219.0,252.0,265.0,328.0,371.0,0,0,,1,,,,0,,-1,BMTR Short Adventure,TYPE_RIDE,0,2026/09/02,1917017591,,3600,1815308
,207,1,,3,5683594,7,7,Toody Merrill &#129528;BMTR RACING)&#129293; (CU),1,1002137,5683594.7,210,730996100007,3600.005,3600.005,0.005,,0.0,0,,,,00dd00,,,0,C,165,us,121,147,0,1,58.5,3,1,10,Jnr,0,,20,20,0,0,0,116,0.88,66,107,1.8,1.9,111,0,2.0,2.1,2.6,3.1,4.4,5.6,5.6,117.0,123.0,150.0,184.0,259.0,327.0,327.0,0,0,,1,,,,0,,-1,Ascenders Recovery & Slo Roll Monday,TYPE_RIDE,0,2026/08/31,3407362320,,3600,1002137
,201,1,,3,5683571,67,67,Yardi Agresta ,1,1815308,5683571.67,0,730992900067,3600.027,3600.147,0.027,,0.0,0,2873,,TEAM BMTR ,bbbbbb,000000,aaaaaa,0,C,167,za,161,177,0,1,54.0,3,1,1,Vet,0,,20,20,0,0,0,139,0.79,68,127,2.4,2.4,132,0,2.6,2.9,3.4,3.6,4.4,5.0,6.0,139.0,155.0,181.0,196.0,236.0,270.0,324.0,0,0,,1,,,,0,,-1,BMTR Short Adventure,TYPE_RIDE,0,2026/08/31,4092230492,,3600,1815308
,201,1,,5,5683563,8,8,Yardi Agresta ,1,1815308,5683563.8,0,730991200008,1800.007,1800.007,0.006,,0.0,0,2873,,TEAM BMTR ,bbbbbb,000000,aaaaaa,0,E,167,za,141,152,0,1,54.0,3,1,1,Vet,0,,20,20,0,0,0,102,0.7,76,99,1.8,1.7,95,0,1.9,2.0,2.2,2.3,2.6,3.9,4.3,100.0,109.0,117.0,122.0,143.0,212.0,234.0,0,0,,1,,,,0,,-1,BMTR Banded Warmup,TYPE_RIDE,0,2026/08/31,362278484,,1800,1815308
,201,1,,3,5683546,14,0,Yardi Agresta ,1,1815308,5683546.14,0,730988700014,3600.016,3600.016,0,,0.0,0,2873,,TEAM BMTR ,bbbbbb,000000,aaaaaa,0,N/A,167,za,155,181,0,1,54.0,3,1,1,Vet,0,,20,20,0,0,0,141,0.81,66,125,2.3,2.3,127,0,2.5,2.9,3.6,4.6,6.4,6.6,8.5,134.0,157.0,196.0,249.0,347.0,356.0,457.0,0,0,,1,,,,0,,-1,SZR Lazy Birdies,TYPE_RIDE,0,2026/08/31,2569385980,,3600,1815308
,233,0,,3,5682764,28,28,Blopa&reg;,1,1714370,5682764.28,164,730874900028,5400.016,5400.016,0.016,,0.0,1,2873,,TEAM BMTR ,bbbbbb,000000,aaaaaa,0,C,183,uy,115,164,0,1,67.4,3,1,10,Mas,0,,20,0,0,0,0,169,1.34,50,154,2.3,2.5,171,0,2.7,3.0,3.7,4.4,5.6,6.5,6.5,180.0,201.0,248.0,298.0,377.0,441.0,441.0,0,0,,1,,,,0,,-1,BMTR Short Adventure,TYPE_RIDE,0,2026/08/30,3453194200,,5400,1714370
,201,1,,3,5682764,12,12,Yardi Agresta ,1,1815308,5682764.12,0,730874900012,5400.005,5400.005,0.005,,0.0,0,2873,,TEAM BMTR ,bbbbbb,000000,aaaaaa,0,C,167,za,161,180,0,1,54.0,3,1,1,Vet,0,,20,20,0,0,0,147,0.8,67,129,2.4,2.5,137,0,2.7,3.0,3.7,4.6,5.9,7.0,7.3,145.0,164.0,200.0,249.0,320.0,378.0,394.0,0,0,,1,,,,0,,-1,BMTR Short Adventure,TYPE_RIDE,0,2026/08/30,3453194200,,5400,1815308
,201,1,,3,5682745,21,10,Yardi Agresta ,1,1815308,5682745.21,0,730870800019,3807.415,3807.415,80.235,,0.0,0,2873,,TEAM BMTR ,bbbbbb,000000,aaaaaa,0,C,167,za,168,186,0,1,54.0,3,1,1,Vet,0,,20,20,0,0,0,178,0.9,59,152,2.8,2.7,150,0,2.9,3.4,4.2,5.8,7.3,7.6,7.7,158.0,184.0,228.0,314.0,395.0,409.0,415.0,0,0,,1,,,,0,,-1,6Points Challenges Group Sunday Training Ride ,TYPE_RIDE,39,2026/08/30,240388043,1,,1815308
,233,0,,3,5681180,55,21,Blopa&reg;,1,1714370,5681180.55,26,730640300021,5400.015,5400.075,0.015,,0.0,1,2873,,TEAM BMTR ,bbbbbb,000000,aaaaaa,0,C,183,uy,129,166,0,1,67.4,3,1,10,Mas,0,,20,0,0,0,0,178,1.25,54,161,2.4,2.6,180,0,2.8,3.4,4.0,4.7,4.8,4.8,4.8,190.0,227.0,270.0,316.0,322.0,324.0,324.0,0,0,,1,,,,0,,-1,BMTR Short Adventure ,TYPE_RIDE,0,2026/08/28,2898229208,,3600,1714370
,207,1,,3,5681180,51,17,Toody Merrill &#129528;BMTR RACING)&#129293; (CU),1,1002137,5681180.51,26,730640300017,5400.01,5400.07,0.01,,0.0,0,,,,00dd00,,,0,C,165,us,132,149,0,1,58.5,3,1,10,Jnr,0,,20,20,0,0,0,140,1.03,56,136,2.3,2.4,144,0,2.6,2.8,3.3,3.3,3.5,3.6,3.6,152.0,165.0,191.0,196.0,203.0,209.0,209.0,0,0,,1,,,,0,,-1,BMTR Short Adventure ,TYPE_RIDE,0,2026/08/28,2898229208,,3600,1002137
,233,0,,3,5680340,66,20,Blopa&reg;,1,1714370,5680340.66,26,730512400020,3232.02,2932.32,167.836,,0.0,1,2873,,TEAM BMTR ,bbbbbb,000000,aaaaaa,0,C,183,uy,142,160,0,1,67.4,3,1,10,Mas,0,,20,0,0,0,0,198,1.41,47,200,3.0,2.8,192,0,3.0,3.2,3.7,4.0,4.1,4.2,4.2,203.0,219.0,247.0,268.0,279.0,281.0,281.0,0,0,,1,,,,0,,-1,BMTR Chase Adventure,TYPE_RIDE,31,2026/08/27,2143464829,1,,1714370
,233,0,,1,5680322,3,3,Blopa&reg;,1,1714370,5680322.3,22,730507500003,2448.091,2448.091,1.221,,0.0,1,2873,,TEAM BMTR ,bbbbbb,000000,aaaaaa,0,A,183,uy,146,165,0,1,67.4,3,1,10,Mas,0,,20,0,0,0,0,210,1.42,47,207,3.1,2.9,197,0,3.1,3.4,4.0,4.5,4.6,4.8,5.0,208.0,228.0,268.0,303.0,308.0,326.0,339.0,0,0,,1,,,,0,,-1,WTRL Team Time Trial - Zone 11,TYPE_TEAM_TIME_TRIAL,27,2026/08/27,4199497144,1,,1714370
,233,0,,3,5679450,54,21,Blopa&reg;,1,1714370,5679450.54,26,730380700021,3600.012,3600.072,0.012,,0.0,1,2873,,TEAM BMTR ,bbbbbb,000000,aaaaaa,0,C,183,uy,123,160,0,1,67.4,3,1,10,Mas,0,,20,0,0,0,0,160,1.18,57,145,2.2,2.1,147,0,2.3,2.5,3.0,4.1,5.9,7.3,7.3,155.0,167.0,204.0,278.0,400.0,489.0,489.0,0,0,,1,,,,0,,-1,BMTR Short Adventure,TYPE_RIDE,0,2026/08/26,4232620535,,3600,1714370
,207,1,,3,5679450,44,11,Toody Merrill &#129528;BMTR RACING)&#129293; (CU),1,1002137,5679450.44,188,730380700007,3600.004,3600.064,0.004,,0.0,0,,,,00dd00,,,0,C,165,us,136,153,0,1,58.5,3,1,10,Jnr,0,,20,20,0,0,0,134,0.93,63,126,2.2,2.2,131,0,2.4,2.5,2.6,2.9,3.4,4.0,4.0,138.0,147.0,154.0,171.0,201.0,236.0,236.0,0,0,,1,,,,0,,-1,BMTR Short Adventure,TYPE_RIDE,0,2026/08/26,4232620535,,3600,1002137
,207,1,,5,5679442,15,15,Toody Merrill &#129528;BMTR RACING)&#129293; (CU),1,1002137,5679442.15,26,730378700015,1800.006,1800.006,0.006,,0.0,0,,,,00dd00,,,0,E,165,us,117,137,0,1,58.5,3,1,10,Jnr,0,,20,20,0,0,0,103,0.83,70,97,1.7,1.6,95,0,1.7,1.9,2.2,2.5,2.8,3.0,3.0,100.0,112.0,130.0,147.0,164.0,177.0,177.0,0,0,,1,,,,0,,-1,BMTR Banded Warmup,TYPE_RIDE,0,2026/08/26,274639515,,1800,1002137
,233,0,,3,5676644,20,20,Blopa&reg;,1,1714370,5676644.20,28,729959300020,5400.012,5400.012,0.012,,0.0,1,2873,,TEAM BMTR ,bbbbbb,000000,aaaaaa,0,C,183,uy,123,151,0,1,67.4,3,1,10,Mas,0,,20,0,0,0,0,159,1.17,57,144,2.1,2.2,149,0,2.3,2.8,3.1,3.8,4.5,4.6,4.6,157.0,192.0,206.0,256.0,305.0,313.0,313.0,0,0,,1,,,,0,,-1,BMTR Short Adventure,TYPE_RIDE,0,2026/08/23,3680493479,,5400,1714370
,233,0,,3,5675166,34,6,Blopa&reg;,1,1714370,5675166.34,142,729733200006,5400.001,5400.061,0.001,,0.0,1,2873,,TEAM BMTR ,bbbbbb,000000,aaaaaa,0,C,183,uy,132,167,0,1,67.4,3,1,10,Mas,0,,20,0,0,0,0,181,1.23,54,162,2.4,2.7,184,0,2.9,3.7,4.1,4.2,4.4,4.5,4.5,194.0,248.0,275.0,286.0,295.0,300.0,300.0,0,0,,1,,,,0,,-1,BMTR Short Adventure ,TYPE_RIDE,0,2026/08/21,2128890027,,3600,1714370
,201,1,,3,5674386,41,1,Yardi Agresta ,1,1815308,5674386.41,0,729608600001,2413.636,2413.756,0,,0.0,0,2873,,TEAM BMTR ,bbbbbb,000000,aaaaaa,0,C,167,za,163,175,0,1,54.0,3,1,1,Vet,0,,20,20,0,0,0,165,0.94,57,153,2.8,2.8,152,0,3.0,3.4,3.6,4.1,4.7,5.3,5.9,161.0,186.0,197.0,219.0,256.0,286.0,317.0,0,0,,1,,,,0,,-1,WTRL Team Time Trial - Zone 12,TYPE_TEAM_TIME_TRIAL,24,2026/08/20,87055383,1,,1815308
,201,1,,3,5674370,20,10,Yardi Agresta ,1,1815308,5674370.20,0,729605900010,2711.386,2411.686,73.582,,0.0,0,2873,,TEAM BMTR ,bbbbbb,000000,aaaaaa,0,C,167,za,159,180,0,1,54.0,3,1,1,Vet,0,,20,20,0,0,0,181,1.08,49,172,3.2,3.1,171,0,3.3,3.9,4.2,4.3,4.5,4.7,5.0,180.0,208.0,225.0,234.0,245.0,254.0,271.0,0,0,,1,,,,0,,-1,BMTR Chase Adventure,TYPE_RIDE,25,2026/08/20,3864857876,1,,1815308
,233,0,,3,5674370,52,27,Blopa&reg;,1,1714370,5674370.52,0,729605900027,2804.249,2504.549,166.445,,0.0,1,2873,,TEAM BMTR ,bbbbbb,000000,aaaaaa,0,C,183,uy,144,159,0,1,67.4,3,1,1,Mas,0,,20,0,0,0,0,214,1.37,49,197,2.9,2.9,197,0,3.1,3.5,3.6,3.9,4.6,5.0,5.8,208.0,233.0,244.0,261.0,309.0,337.0,388.0,0,0,,1,,,,0,,-1,BMTR Chase Adventure,TYPE_RIDE,25,2026/08/20,3864857876,1,,1714370
,233,0,,4,5674353,54,11,Blopa&reg;,1,1714370,5674353.54,0,729601400011,2286.564,2286.744,120.679,,0.0,1,2873,,TEAM BMTR ,bbbbbb,000000,aaaaaa,0,D,183,uy,155,168,0,1,67.4,3,1,1,Mas,0,,20,0,0,0,0,228,1.41,47,219,3.3,3.1,213,0,3.3,3.8,4.1,4.3,4.7,5.1,6.3,225.0,253.0,276.0,290.0,314.0,347.0,423.0,0,0,,1,,,,0,,-1,WTRL Team Time Trial - Zone 11,TYPE_TEAM_TIME_TRIAL,24,2026/08/20,87055383,1,,1714370
,201,1,,4,5674353,52,9,Yardi Agresta ,1,1815308,5674353.52,0,729601400009,2286.005,2286.185,120.12,,0.0,0,2873,,TEAM BMTR ,bbbbbb,000000,aaaaaa,0,D,167,za,166,183,0,1,54.0,3,1,1,Vet,0,,20,20,0,0,0,185,1.04,51,173,3.2,3.2,172,0,3.4,3.9,4.3,4.4,4.9,5.5,6.2,182.0,212.0,230.0,235.0,263.0,299.0,337.0,0,0,,1,,,,0,,-1,WTRL Team Time Trial - Zone 11,TYPE_TEAM_TIME_TRIAL,24,2026/08/20,87055383,1,,1815308
,207,1,,3,5673414,46,10,Toody Merrill &#129528;BMTR RACING)&#129293; (CU),1,1002137,5673414.46,183,729472000008,3600.003,3600.063,0.003,,0.0,0,,,,00dd00,,,0,C,165,us,128,154,0,1,58.5,3,1,10,Jnr,0,,20,20,0,0,0,128,0.91,64,117,2.0,2.0,119,0,2.2,2.5,3.0,3.3,4.0,4.6,4.6,126.0,144.0,174.0,194.0,234.0,267.0,267.0,0,0,,1,,,,0,,-1, BMTR Short Adventure 💟: In Memory of Finlay Tarling,TYPE_RIDE,0,2026/08/19,3356878261,,3600,1002137
,201,1,,3,5673414,80,44,Yardi Agresta ,1,1815308,5673414.80,0,729472000044,3600.023,3600.083,0.023,,0.0,0,2873,,TEAM BMTR ,bbbbbb,000000,aaaaaa,0,C,167,za,138,169,0,1,54.0,3,1,1,Vet,0,,20,20,0,0,0,131,0.85,63,117,2.2,2.1,116,0,2.3,2.7,4.0,4.3,5.5,6.3,8.2,123.0,145.0,215.0,234.0,296.0,342.0,440.0,0,0,,1,,,,0,,-1, BMTR Short Adventure 💟: In Memory of Finlay Tarling,TYPE_RIDE,0,2026/08/19,3356878261,,3600,1815308
,233,0,,3,5673414,76,40,Blopa&reg;,1,1714370,5673414.76,0,729472000040,3600.021,3600.081,0.021,,0.0,1,2873,,TEAM BMTR ,bbbbbb,000000,aaaaaa,0,C,183,uy,128,159,0,1,67.4,3,1,1,Mas,0,,20,0,0,0,0,159,1.1,61,141,2.1,2.0,140,0,2.2,2.5,3.4,4.3,4.7,5.0,5.9,148.0,170.0,231.0,291.0,320.0,335.0,396.0,0,0,,1,,,,0,,-1, BMTR Short Adventure 💟: In Memory of Finlay Tarling,TYPE_RIDE,0,2026/08/19,3356878261,,3600,1714370
,201,1,,5,5673401,26,26,Yardi Agresta ,1,1815308,5673401.26,0,729469500026,1800.017,1800.017,0.016,,0.0,0,2873,,TEAM BMTR ,bbbbbb,000000,aaaaaa,0,E,167,za,143,156,0,1,54.0,3,1,1,Vet,0,,20,20,0,0,0,122,0.83,65,118,2.2,2.1,115,0,2.3,2.4,2.5,2.7,3.2,4.2,5.6,122.0,129.0,137.0,147.0,174.0,225.0,304.0,0,0,,1,,,,0,,-1,BMTR Banded Warmup,TYPE_RIDE,0,2026/08/19,2892858917,,1800,1815308
,201,1,,2,5661958,109,56,Yardi Agresta ,1,1815308,5661958.109,0,727601200056,2487.273,2487.333,147.277,,0.0,0,2873,,TEAM BMTR ,bbbbbb,000000,aaaaaa,0,B,167,za,171,182,0,1,54.0,3,1,1,Vet,0,,20,20,454.94,164.55,0,191,1.08,50,184,3.4,3.3,180,0,3.5,4.1,4.5,4.8,5.2,5.4,5.9,190.0,223.0,241.0,257.0,278.0,292.0,317.0,0,0,,1,,,,0,,-1,Stage 2 - Makuri Madness - Urumaze,TYPE_RACE TYPE_RACE ,0,2026/08/18,4092230492,1,,1815308
,201,1,,4,5672540,75,51,Yardi Agresta ,1,1815308,5672540.75,0,729330700051,3600.027,3600.147,0.027,,0.0,0,2873,,TEAM BMTR ,bbbbbb,000000,aaaaaa,0,D,167,za,162,176,0,1,54.0,3,1,1,Vet,0,,20,20,0,0,0,176,1.01,53,164,3.0,3.3,178,0,3.5,4.0,4.2,4.5,5.3,7.3,8.0,188.0,214.0,225.0,245.0,284.0,392.0,433.0,0,0,,1,,,,0,,-1,Cycle Nation Joburg Sundowner,TYPE_RIDE,0,2026/08/18,1917017591,,3600,1815308
,201,1,,4,5671790,22,22,Yardi Agresta ,1,1815308,5671790.22,0,729242100022,3600.026,3600.026,0.026,,0.0,0,2873,,TEAM BMTR ,bbbbbb,000000,aaaaaa,0,D,167,za,138,177,0,1,54.0,3,1,1,Vet,0,,20,20,0,0,0,155,0.86,63,118,2.2,2.6,144,0,2.8,3.5,4.3,5.1,5.6,6.4,7.1,152.0,190.0,234.0,273.0,303.0,347.0,383.0,0,0,,1,,,,0,,-1,BMTR Misfits Social,TYPE_RIDE,0,2026/08/17,319138658,,3600,1815308
,233,0,,3,5671538,6,6,Blopa&reg;,1,1714370,5671538.6,0,729200800006,3600.005,3600.125,0.005,,0.0,1,2873,,TEAM BMTR ,bbbbbb,000000,aaaaaa,0,C,183,uy,139,177,0,1,67.4,3,1,1,Mas,0,,20,0,0,0,0,210,1.22,55,169,2.5,2.5,172,0,2.7,3.0,3.5,4.9,7.7,10.2,11.1,182.0,202.0,239.0,332.0,518.0,688.0,751.0,0,0,,1,,,,0,,-1,BMTR Short Adventure,TYPE_RIDE,0,2026/08/17,1453570384,,3600,1714370
,201,1,,3,5671538,9,9,Yardi Agresta ,1,1815308,5671538.9,0,729200800009,3600.006,3600.126,0.006,,0.0,0,2873,,TEAM BMTR ,bbbbbb,000000,aaaaaa,0,C,167,za,153,177,0,1,54.0,3,1,1,Vet,0,,20,20,0,0,0,152,0.91,59,139,2.6,2.6,141,0,2.8,3.3,4.3,4.9,5.3,6.1,7.1,149.0,176.0,233.0,267.0,286.0,327.0,385.0,0,0,,1,,,,0,,-1,BMTR Short Adventure,TYPE_RIDE,0,2026/08/17,1453570384,,3600,1815308
,201,1,,3,5670806,30,30,Yardi Agresta ,1,1815308,5670806.30,0,729097600030,5400.012,5400.012,0.012,,0.0,0,2873,,TEAM BMTR ,bbbbbb,000000,aaaaaa,0,C,167,za,147,174,0,1,54.0,3,1,1,Vet,0,,20,20,0,0,0,152,0.9,60,132,2.5,2.7,147,0,2.9,3.5,4.0,5.0,5.9,7.7,8.4,155.0,187.0,215.0,268.0,316.0,414.0,452.0,0,0,,1,,,,0,,-1,BMTR Short Adventure,TYPE_RIDE,0,2026/08/16,1776635757,,5400,1815308
,207,1,,2,5661872,27,5,Toody Merrill &#129528;BMTR RACING)&#129293; (CU),1,1002137,5661872.27,16,727558600005,2015.278,2015.338,119.337,,0.0,0,,,,00dd00,,,0,B,165,us,158,178,0,1,58.5,3,1,10,Jnr,0,,20,20,334.08,200.03,0,198,1.23,47,195,3.3,3.2,189,0,3.4,3.7,4.1,4.7,5.1,5.2,5.2,199.0,218.0,242.0,274.0,296.0,306.0,307.0,0,0,,1,,,,0,,-1,Stage 1 - Makuri Madness - Mech Isle Mayhem,TYPE_RACE TYPE_RACE ,0,2026/08/14,2919739330,1,,1002137
,233,0,,3,5669398,30,1,Blopa&reg;,1,1714370,5669398.30,0,728876000001,5400.001,5400.061,0,,0.0,1,2873,,TEAM BMTR ,bbbbbb,000000,aaaaaa,0,C,183,uy,132,160,0,1,67.4,3,1,1,Mas,0,,20,0,0,0,0,179,1.2,55,159,2.4,2.4,163,0,2.6,3.0,3.5,4.5,4.9,5.3,6.6,172.0,203.0,233.0,303.0,329.0,357.0,442.0,0,0,,1,,,,0,,-1,BMTR Short Adventure ,TYPE_RIDE,0,2026/08/14,163688809,,3600,1714370
,201,1,,3,5669398,61,32,Yardi Agresta ,1,1815308,5669398.61,0,728876000032,5400.028,5400.088,0.027,,0.0,0,2873,,TEAM BMTR ,bbbbbb,000000,aaaaaa,0,C,167,za,141,173,0,1,54.0,3,1,1,Vet,0,,20,20,0,0,0,149,0.91,59,129,2.4,2.6,145,0,2.8,3.2,4.2,4.6,5.7,7.3,7.5,153.0,174.0,227.0,250.0,306.0,393.0,407.0,0,0,,1,,,,0,,-1,BMTR Short Adventure ,TYPE_RIDE,0,2026/08/14,163688809,,3600,1815308
,201,1,,5,5669394,38,38,Yardi Agresta ,1,1815308,5669394.38,0,728875100038,1800.031,1800.031,0.031,,0.0,0,2873,,TEAM BMTR ,bbbbbb,000000,aaaaaa,0,E,167,za,146,170,0,1,54.0,3,1,1,Vet,0,,20,20,0,0,0,157,1.01,53,147,2.7,2.7,147,0,2.9,3.4,3.7,4.5,4.7,5.0,5.2,155.0,181.0,200.0,243.0,253.0,269.0,278.0,0,0,,1,,,,0,,-1,BMTR Banded Warmup,TYPE_RIDE,0,2026/08/14,573843083,,1800,1815308
,201,1,,3,5668618,36,6,Yardi Agresta ,1,1815308,5668618.36,0,728757900006,2044.48,2044.6,1.466,,0.0,0,2873,,TEAM BMTR ,bbbbbb,000000,aaaaaa,0,C,167,za,157,170,0,1,54.0,3,1,1,Vet,0,,20,20,0,0,0,163,0.97,55,152,2.8,2.7,148,0,2.9,3.2,3.6,4.0,4.8,5.5,5.9,156.0,172.0,192.0,216.0,260.0,297.0,319.0,0,0,,1,,,,0,,-1,WTRL Team Time Trial - Zone 12,TYPE_TEAM_TIME_TRIAL,23,2026/08/13,604330868,1,,1815308
,233,0,,3,5668604,52,24,Blopa&reg;,1,1714370,5668604.52,0,728755400024,2777.045,2477.345,80.069,,0.0,1,2873,,TEAM BMTR ,bbbbbb,000000,aaaaaa,0,C,183,uy,137,153,0,1,67.4,3,1,1,Mas,0,,20,0,0,0,0,194,1.39,48,191,2.8,2.7,185,0,2.9,3.2,3.6,3.8,4.2,4.5,5.1,195.0,218.0,240.0,256.0,281.0,301.0,345.0,0,0,,1,,,,0,,-1,BMTR Chase Adventure,TYPE_RIDE,27,2026/08/13,4199497144,1,,1714370
,201,1,,3,5668604,48,20,Yardi Agresta ,1,1815308,5668604.48,0,728755400020,2776.652,2476.952,79.676,,0.0,0,2873,,TEAM BMTR ,bbbbbb,000000,aaaaaa,0,C,167,za,163,175,0,1,54.0,3,1,1,Vet,0,,20,20,0,0,0,179,1.06,51,172,3.2,3.1,167,0,3.3,3.5,4.0,4.1,5.1,5.5,5.7,176.0,189.0,215.0,223.0,277.0,295.0,309.0,0,0,,1,,,,0,,-1,BMTR Chase Adventure,TYPE_RIDE,27,2026/08/13,4199497144,1,,1815308
,233,0,,4,5668588,57,11,Blopa&reg;,1,1714370,5668588.57,0,728751000011,2029.674,2029.854,277.611,,0.0,1,2873,,TEAM BMTR ,bbbbbb,000000,aaaaaa,0,D,183,uy,150,174,0,1,67.4,3,1,1,Mas,0,,20,0,0,0,0,218,1.39,48,209,3.1,3.0,203,0,3.2,3.4,3.9,4.5,5.8,7.4,7.8,214.0,232.0,261.0,302.0,390.0,497.0,525.0,0,0,,1,,,,0,,-1,WTRL Team Time Trial - Zone 11,TYPE_TEAM_TIME_TRIAL,23,2026/08/13,604330868,1,,1714370
,207,1,,4,5668588,56,10,Toody Merrill &#129528;BMTR RACING)&#129293; (CU),1,1002137,5668588.56,18,728751000010,2029.46,2029.64,277.397,,0.0,0,,,,00dd00,,,0,D,165,us,142,167,0,1,58.5,3,1,10,Jnr,0,,20,20,0,0,0,185,1.24,47,176,3.0,2.9,172,0,3.1,3.4,3.9,4.8,6.2,7.3,7.7,182.0,198.0,229.0,281.0,361.0,426.0,451.0,0,0,,1,,,,0,,-1,WTRL Team Time Trial - Zone 11,TYPE_TEAM_TIME_TRIAL,23,2026/08/13,604330868,1,,1002137
,201,1,,4,5668588,58,12,Yardi Agresta ,1,1815308,5668588.58,0,728751000012,2029.68,2029.86,277.617,,0.0,0,2873,,TEAM BMTR ,bbbbbb,000000,aaaaaa,0,D,167,za,163,179,0,1,54.0,3,1,1,Vet,0,,20,20,0,0,0,178,1.04,52,169,3.1,3.0,165,0,3.2,3.5,4.0,4.9,5.8,6.0,6.5,174.0,190.0,214.0,267.0,311.0,325.0,351.0,0,0,,1,,,,0,,-1,WTRL Team Time Trial - Zone 11,TYPE_TEAM_TIME_TRIAL,23,2026/08/13,604330868,1,,1815308
,233,0,,3,5667361,42,22,Blopa&reg;,1,1714370,5667361.42,0,728566400024,3600.011,3600.071,0.011,,0.0,1,2873,,TEAM BMTR ,bbbbbb,000000,aaaaaa,0,C,183,uy,122,161,0,1,67.2,3,1,1,Mas,0,,20,0,0,0,0,156,1.15,58,140,2.1,2.0,137,0,2.2,2.5,3.1,4.1,5.8,9.5,11.2,145.0,170.0,207.0,276.0,393.0,641.0,756.0,0,0,,1,,,,0,,-1,BMTR Short Adventure,TYPE_RIDE,0,2026/08/12,870135081,,3600,1714370
,201,1,,3,5667361,64,44,Yardi Agresta ,1,1815308,5667361.64,0,728566400044,3600.043,3600.103,0.043,,0.0,0,2873,,TEAM BMTR ,bbbbbb,000000,aaaaaa,0,C,167,za,134,161,0,1,54.0,3,1,1,Vet,0,,20,20,0,0,0,128,0.86,62,115,2.1,2.0,113,0,2.2,2.6,3.0,4.0,4.8,5.6,6.9,119.0,139.0,160.0,216.0,257.0,304.0,374.0,0,0,,1,,,,0,,-1,BMTR Short Adventure,TYPE_RIDE,0,2026/08/12,870135081,,3600,1815308
,233,0,,1,5668366,32,32,Blopa&reg;,1,1714370,5668366.32,0,728713000032,3722.663,3722.663,836.325,,0.0,1,2873,,TEAM BMTR ,bbbbbb,000000,aaaaaa,0,A,183,uy,131,150,0,1,67.2,3,1,1,Mas,0,,20,0,0,0,0,168,1.21,55,159,2.4,2.3,160,0,2.5,2.9,3.4,3.5,3.7,3.9,4.1,169.0,194.0,229.0,237.0,251.0,263.0,274.0,0,0,,1,,,,0,,-1,Stage 5 - Tour Fever,TYPE_RIDE,34,2026/08/11,1365497350,1,,1714370
,233,0,,2,5632374,13,8,Blopa&reg;,1,1714370,5632374.13,0,722453400008,1771.13,1771.19,5.24,,0.0,1,2873,,TEAM BMTR ,bbbbbb,000000,aaaaaa,0,B,183,uy,155,171,0,1,67.8,3,1,1,Mas,0,,20,0,411.84,159.40,0,244,1.5,45,232,3.4,3.3,227,0,3.5,3.9,4.9,5.1,5.6,6.1,6.4,239.0,265.0,330.0,347.0,381.0,411.0,435.0,0,0,,1,,,,0,,-1,Stage 5 - Race - Tour Fever,TYPE_RACE TYPE_RACE ,19,2026/08/10,870135081,1,,1714370
,207,1,,2,5632374,9,4,Toody Merrill &#129528;BMTR RACING)&#129293; (CU),1,1002137,5632374.9,17,722453400004,1767.462,1767.522,1.572,,0.0,0,,,,00dd00,,,0,B,165,us,152,185,0,1,58.5,3,1,10,Jnr,0,,20,20,283.92,200.03,0,220,1.39,41,212,3.6,3.5,207,0,3.7,4.2,4.7,5.1,5.9,7.2,7.5,218.0,248.0,276.0,296.0,345.0,420.0,438.0,0,0,,1,,,,0,,-1,Stage 5 - Race - Tour Fever,TYPE_RACE TYPE_RACE ,19,2026/08/10,870135081,1,,1002137
,201,1,,3,5665697,28,28,Yardi Agresta ,1,1815308,5665697.28,0,728338000028,3600.016,3600.136,0.016,,0.0,0,2873,,TEAM BMTR ,bbbbbb,000000,aaaaaa,0,C,167,za,154,176,0,1,54.0,3,1,1,Vet,0,,20,20,0,0,0,169,0.94,57,145,2.7,2.9,157,0,3.1,3.6,4.3,5.0,5.8,7.0,7.7,166.0,196.0,230.0,268.0,313.0,379.0,416.0,0,0,,1,,,,0,,-1,BMTR Short Adventure,TYPE_RIDE,0,2026/08/10,172610229,,3600,1815308
,201,1,,3,5653264,10,2,Yardi Agresta ,1,1815308,5653264.10,0,725942300002,1098.924,1098.924,3.356,241.076,960.924,0,2873,,TEAM BMTR ,bbbbbb,000000,aaaaaa,0,C,167,za,176,180,0,1,54.0,3,1,1,Vet,0,,20,20,164.40,159.01,0.37,211,1.19,45,209,3.9,3.6,0,1,,4.3,4.7,4.9,5.4,5.6,5.9,,230.0,254.0,267.0,289.0,302.0,320.0,0,0,,1,,,,0,,-1,Pro Tour | Chasing Pologne - Stage 7,TYPE_RACE TYPE_RACE ,12,2026/08/09,576953930,,,1815308
,233,0,,3,5653264,11,3,Blopa&reg;,1,1714370,5653264.11,0,725942300003,1121.738,1121.738,26.17,0,0.0,1,2873,,TEAM BMTR ,bbbbbb,000000,aaaaaa,0,C,183,uy,168,173,0,1,67.8,3,1,1,Mas,0,,20,0,177.56,156.86,0,256,1.52,44,256,3.8,3.5,0,1,,4.1,4.4,4.5,4.9,5.7,6.3,,278.0,298.0,305.0,335.0,385.0,429.0,0,0,,1,,,,0,,-1,Pro Tour | Chasing Pologne - Stage 7,TYPE_RACE TYPE_RACE ,12,2026/08/09,576953930,,,1714370
,207,1,,3,5653264,15,7,Toody Merrill &#129528;BMTR RACING)&#129293; (CU),1,1002137,5653264.15,16,725942300007,1149.083,1149.083,53.515,0,0.0,0,,,,00dd00,,,0,C,165,us,164,173,0,1,58.5,3,1,10,Jnr,0,,20,20,230.21,202.27,2.24,207,1.26,46,207,3.5,3.3,0,1,,3.8,4.1,4.4,5.0,5.3,5.4,,221.0,240.0,256.0,290.0,313.0,316.0,0,0,,1,,,,0,,-1,Pro Tour | Chasing Pologne - Stage 7,TYPE_RACE TYPE_RACE ,12,2026/08/09,576953930,,,1002137
,201,1,,3,5653259,16,3,Yardi Agresta ,1,1815308,5653259.16,0,725940100003,3768.458,3768.458,3.008,,0.0,0,2873,,TEAM BMTR ,bbbbbb,000000,aaaaaa,0,C,167,za,168,182,0,1,54.0,3,1,1,Vet,0,,20,20,189.49,159.01,0,193,1.05,51,177,3.3,3.3,178,0,3.5,3.8,4.4,5.1,5.5,6.0,6.4,188.0,207.0,239.0,273.0,297.0,326.0,344.0,0,0,,1,,,,0,,-1,Pro Tour | Chasing Pologne - Stage 6,TYPE_RACE TYPE_RACE ,36,2026/08/08,2905381067,,,1815308
,233,0,,3,5653259,17,4,Blopa&reg;,1,1714370,5653259.17,0,725940100004,3769.03,3769.03,3.58,,0.0,1,2873,,TEAM BMTR ,bbbbbb,000000,aaaaaa,0,C,183,uy,150,167,0,1,67.0,3,1,1,Mas,0,,20,0,206.72,156.86,0,225,1.43,46,214,3.2,3.1,209,0,3.3,3.6,4.0,4.5,4.7,5.6,6.2,221.0,242.0,265.0,301.0,318.0,378.0,418.0,0,0,,1,,,,0,,-1,Pro Tour | Chasing Pologne - Stage 6,TYPE_RACE TYPE_RACE ,36,2026/08/08,2905381067,,,1714370
,207,1,,3,5653259,14,1,Toody Merrill &#129528;BMTR RACING)&#129293; (CU),1,1002137,5653259.14,18,725940100001,3765.45,3765.45,0.0,,0.0,0,,,,00dd00,,,0,C,165,us,162,178,0,1,58.5,3,1,10,Jnr,0,,20,20,155.03,229.76,27.50,199,1.18,49,191,3.3,3.2,188,0,3.4,3.7,4.2,4.8,5.9,7.8,9.7,198.0,216.0,248.0,279.0,348.0,458.0,566.0,0,0,,1,,,,0,,-1,Pro Tour | Chasing Pologne - Stage 6,TYPE_RACE TYPE_RACE ,36,2026/08/08,2905381067,,,1002137
,233,0,,3,5653252,21,5,Blopa&reg;,1,1714370,5653252.21,0,725937100005,2744.25,2744.25,33.013,,0.0,1,2873,,TEAM BMTR ,bbbbbb,000000,aaaaaa,0,C,183,uy,155,174,0,1,67.0,3,1,1,Mas,0,,20,0,270.58,156.86,0,236,1.43,46,222,3.3,3.3,226,0,3.6,4.1,4.5,4.7,5.5,6.4,7.0,238.0,272.0,303.0,312.0,368.0,429.0,467.0,0,0,,1,,,,0,,-1,Pro Tour | Chasing Pologne - Stage 5,TYPE_RACE TYPE_RACE ,26,2026/08/07,3079921742,,,1714370
,207,1,,3,5653252,19,3,Toody Merrill &#129528;BMTR RACING)&#129293; (CU),1,1002137,5653252.19,22,725937100003,2735.967,2735.967,24.73,,0.0,0,,,,00dd00,,,0,C,165,us,161,177,0,1,58.5,3,1,10,Jnr,0,,20,20,216.71,245.95,16.19,209,1.24,47,200,3.4,3.4,202,0,3.6,4.1,4.5,4.6,5.1,5.5,6.0,213.0,241.0,262.0,272.0,297.0,324.0,353.0,0,0,,1,,,,0,,-1,Pro Tour | Chasing Pologne - Stage 5,TYPE_RACE TYPE_RACE ,26,2026/08/07,3079921742,,,1002137
,201,1,,3,5653252,18,2,Yardi Agresta ,1,1815308,5653252.18,0,725937100002,2712.062,2712.062,0.825,,0.0,0,2873,,TEAM BMTR ,bbbbbb,000000,aaaaaa,0,C,167,za,171,187,0,1,54.0,3,1,1,Vet,0,,20,20,189.78,159.01,0,196,1.06,50,182,3.4,3.4,184,0,3.6,4.3,4.6,4.9,5.4,5.6,6.2,194.0,230.0,250.0,264.0,289.0,304.0,332.0,0,0,,1,,,,0,,-1,Pro Tour | Chasing Pologne - Stage 5,TYPE_RACE TYPE_RACE ,26,2026/08/07,3079921742,,,1815308
,207,1,,3,5653247,17,1,Toody Merrill &#129528;BMTR RACING)&#129293; (CU),1,1002137,5653247.17,18,725934700001,2804.275,2804.275,0.0,,0.0,0,,,,00dd00,,,0,C,165,us,166,181,0,1,58.5,3,1,10,Jnr,0,,20,20,164.41,333.07,87.12,211,1.23,47,205,3.5,3.4,200,0,3.6,4.0,4.6,5.0,6.2,6.9,7.1,211.0,235.0,271.0,290.0,364.0,404.0,418.0,0,0,,1,,,,0,,-1,Pro Tour | Chasing Pologne - Stage 4,TYPE_RACE TYPE_RACE ,22,2026/08/06,4102513789,,,1002137
,233,0,,3,5653247,18,2,Blopa&reg;,1,1714370,5653247.18,0,725934700002,2820.078,2820.078,15.803,,0.0,1,2873,,TEAM BMTR ,bbbbbb,000000,aaaaaa,0,C,183,uy,160,171,0,1,67.0,3,1,1,Mas,0,,20,0,181.74,156.52,0,235,1.43,47,228,3.4,3.3,224,0,3.5,4.0,4.5,4.8,6.0,6.6,7.3,236.0,268.0,302.0,321.0,404.0,444.0,491.0,0,0,,1,,,,0,,-1,Pro Tour | Chasing Pologne - Stage 4,TYPE_RACE TYPE_RACE ,22,2026/08/06,4102513789,,,1714370
,201,1,,3,5653247,19,3,Yardi Agresta ,1,1815308,5653247.19,0,725934700003,2820.363,2820.363,16.088,,0.0,0,2873,,TEAM BMTR ,bbbbbb,000000,aaaaaa,0,C,167,za,177,186,0,1,54.0,3,1,1,Vet,0,,20,20,199.08,159.01,0,196,1.07,50,189,3.5,3.5,190,0,3.7,4.0,4.2,4.9,5.5,5.9,6.1,200.0,217.0,226.0,262.0,299.0,316.0,330.0,0,0,,1,,,,0,,-1,Pro Tour | Chasing Pologne - Stage 4,TYPE_RACE TYPE_RACE ,22,2026/08/06,4102513789,,,1815308
,201,1,,1,5663012,38,10,Yardi Agresta ,1,1815308,5663012.38,0,727914100010,2561.033,2561.033,30.637,,0.0,0,2873,,TEAM BMTR ,bbbbbb,000000,aaaaaa,0,A,167,za,167,181,0,1,54.0,3,1,1,Vet,0,,20,20,0,0,0,176,0.99,54,166,3.1,3.0,163,0,3.2,3.5,3.9,4.4,4.7,5.4,6.0,172.0,188.0,210.0,237.0,252.0,290.0,323.0,0,0,,1,,,,0,,-1,WTRL Team Time Trial - Zone 11,TYPE_TEAM_TIME_TRIAL TYPE_RACE ,28,2026/08/06,1247427185,1,,1815308
,201,1,,3,5653240,16,1,Yardi Agresta ,1,1815308,5653240.16,0,725931900001,2901.276,2901.276,0,,0.0,0,2873,,TEAM BMTR ,bbbbbb,000000,aaaaaa,0,C,167,za,174,186,0,1,54.0,3,1,1,Vet,0,,20,20,165.98,159.56,0.55,198,1.07,50,187,3.5,3.4,184,0,3.6,4.1,4.6,4.9,5.7,5.9,6.5,194.0,220.0,251.0,265.0,306.0,318.0,350.0,0,0,,1,,,,0,,-1,Pro Tour | Chasing Pologne - Stage 3,TYPE_RACE TYPE_RACE ,29,2026/08/05,3324272424,,,1815308
,233,0,,3,5653240,17,2,Blopa&reg;,1,1714370,5653240.17,0,725931900002,2928.088,2928.088,26.812,,0.0,1,2873,,TEAM BMTR ,bbbbbb,000000,aaaaaa,0,C,183,uy,165,175,0,1,67.0,3,1,1,Mas,0,,20,0,187.07,156.52,0,247,1.46,45,241,3.6,3.5,235,0,3.7,4.0,4.3,4.7,5.3,5.7,5.8,248.0,270.0,290.0,313.0,357.0,382.0,389.0,0,0,,1,,,,0,,-1,Pro Tour | Chasing Pologne - Stage 3,TYPE_RACE TYPE_RACE ,29,2026/08/05,3324272424,,,1714370
,207,1,,3,5653240,22,7,Toody Merrill &#129528;BMTR RACING)&#129293; (CU),1,1002137,5653240.22,18,725931900007,3193.32,3193.32,292.044,,0.0,0,,,,00dd00,,,0,C,165,us,154,178,0,1,58.5,3,1,10,Jnr,0,,20,20,292.51,394.57,61.50,190,1.19,48,184,3.1,3.0,180,0,3.2,3.7,4.2,4.7,5.0,5.5,6.0,190.0,214.0,246.0,277.0,294.0,319.0,351.0,0,0,,1,,,,0,,-1,Pro Tour | Chasing Pologne - Stage 3,TYPE_RACE TYPE_RACE ,29,2026/08/05,3324272424,,,1002137
,201,1,,3,5653235,19,6,Yardi Agresta ,1,1815308,5653235.19,0,725929700006,1752.063,1752.063,7.378,,0.0,0,2873,,TEAM BMTR ,bbbbbb,000000,aaaaaa,0,C,167,za,179,186,0,1,54.0,3,1,1,Vet,0,,20,20,254.58,159.56,0,198,1.07,50,191,3.5,3.4,185,0,3.6,4.2,4.6,4.7,5.0,5.5,5.9,195.0,227.0,251.0,252.0,272.0,298.0,316.0,0,0,,1,,,,0,,-1,Pro Tour | Chasing Pologne - Stage 2,TYPE_RACE TYPE_RACE ,20,2026/08/04,4009130866,1,,1815308
,207,1,,3,5653235,18,5,Toody Merrill &#129528;BMTR RACING)&#129293; (CU),1,1002137,5653235.18,18,725929700005,1751.524,1751.524,6.839,,0.0,0,,,,00dd00,,,0,C,165,us,160,181,0,1,58.5,3,1,10,Jnr,0,,20,20,233.80,467.81,73.24,208,1.28,45,204,3.5,3.3,196,0,3.5,3.9,4.1,4.4,5.1,5.1,5.1,207.0,228.0,239.0,260.0,296.0,299.0,300.0,0,0,,1,,,,0,,-1,Pro Tour | Chasing Pologne - Stage 2,TYPE_RACE TYPE_RACE ,20,2026/08/04,4009130866,1,,1002137
,233,0,,3,5653235,14,1,Blopa&reg;,1,1714370,5653235.14,0,725929700001,1744.685,1744.685,0,,0.0,1,2873,,TEAM BMTR ,bbbbbb,000000,aaaaaa,0,C,183,uy,164,179,0,1,67.0,3,1,1,Mas,0,,20,0,150.65,159.17,2.66,249,1.43,46,235,3.5,3.3,222,0,3.5,3.9,4.5,5.1,6.4,8.7,10.4,234.0,264.0,302.0,339.0,432.0,580.0,699.0,0,0,,1,,,,0,,-1,Pro Tour | Chasing Pologne - Stage 2,TYPE_RACE TYPE_RACE ,20,2026/08/04,4009130866,1,,1714370
,207,1,,3,5653229,17,4,Toody Merrill &#129528;BMTR RACING)&#129293; (CU),1,1002137,5653229.17,16,725927200004,3048.29,3048.29,7.152,,0.0,0,,,,00dd00,,,0,C,165,us,167,182,0,1,58.5,3,1,10,Jnr,0,,20,20,241.39,539.53,71.72,195,1.16,50,193,3.3,3.2,189,0,3.4,3.8,4.4,4.6,4.9,5.2,5.3,199.0,224.0,255.0,268.0,285.0,303.0,313.0,0,0,,1,,,,0,,-1,Pro Tour | Chasing Pologne - Stage 1,TYPE_RACE TYPE_RACE ,34,2026/08/03,54700404,,,1002137
,201,1,,3,5653229,18,5,Yardi Agresta ,1,1815308,5653229.18,0,725927200005,3050.272,3050.272,9.134,,0.0,0,2873,,TEAM BMTR ,bbbbbb,000000,aaaaaa,0,C,167,za,179,186,0,1,54.0,3,1,1,Vet,0,,20,20,267.21,159.56,0,187,1.01,53,180,3.3,3.3,181,0,3.5,3.8,4.3,4.7,5.7,6.2,6.9,191.0,203.0,232.0,253.0,306.0,337.0,372.0,0,0,,1,,,,0,,-1,Pro Tour | Chasing Pologne - Stage 1,TYPE_RACE TYPE_RACE ,34,2026/08/03,54700404,,,1815308
,233,0,,3,5653229,14,1,Blopa&reg;,1,1714370,5653229.14,0,725927200001,3041.138,3041.138,0,,0.0,1,2873,,TEAM BMTR ,bbbbbb,000000,aaaaaa,0,C,183,uy,162,177,0,1,67.0,3,1,1,Mas,0,,20,0,163.93,159.65,0.48,239,1.43,46,231,3.5,3.3,227,0,3.6,3.9,4.6,5.0,5.4,5.8,6.8,239.0,263.0,308.0,336.0,361.0,391.0,453.0,0,0,,1,,,,0,,-1,Pro Tour | Chasing Pologne - Stage 1,TYPE_RACE TYPE_RACE ,34,2026/08/03,54700404,,,1714370
,233,0,,5,5633706,17,17,Blopa&reg;,1,1714370,5633706.17,0,722687600017,7107.437,7107.437,2920.909,,0.0,1,2873,,TEAM BMTR ,bbbbbb,000000,aaaaaa,0,E,183,uy,128,149,0,1,67.0,3,1,1,Mas,0,,20,0,0,0,0,169,1.27,52,163,2.4,2.5,169,0,2.7,2.9,3.0,3.3,4.0,4.6,5.1,178.0,193.0,203.0,218.0,271.0,306.0,343.0,0,0,,1,,,,0,,-1,Stage 4 - Tour Fever - LEtape du Tour de France Femmes avec Zwift,TYPE_RIDE,21,2026/07/31,2573468147,1,,1714370
,233,0,,3,5652887,18,12,Blopa&reg;,1,1714370,5652887.18,0,725849600013,2870.202,2630.442,11.114,,0.0,1,2873,,TEAM BMTR ,bbbbbb,000000,aaaaaa,0,C,183,uy,139,150,0,1,67.0,3,1,1,Mas,0,,20,0,0,0,0,196,1.38,48,192,2.9,2.7,187,0,2.9,3.0,3.2,3.7,4.2,5.1,5.7,197.0,203.0,215.0,250.0,281.0,339.0,381.0,0,0,,1,,,,0,,-1,BMTR Chase Adventure,TYPE_RIDE,30,2026/07/30,3866241330,6,,1714370
,207,1,,4,5652886,6,6,Toody Merrill &#129528;BMTR RACING)&#129293; (CU),1,1002137,5652886.6,187,725849300006,4200.006,4200.006,0.006,,0.0,0,,,,00dd00,,,0,D,165,us,119,139,0,1,58.5,3,1,10,Jnr,0,,20,20,0,0,0,106,0.83,70,99,1.7,1.7,102,0,1.8,1.9,2.0,2.1,2.2,2.3,2.3,108.0,114.0,118.0,120.0,127.0,132.0,132.0,0,0,,1,,,,0,,-1,"SROZs Contenders, Pretenders, & Rear-Enders",TYPE_RIDE,0,2026/07/30,2128890027,,4200,1002137
,233,0,,4,5652870,19,19,Blopa&reg;,1,1714370,5652870.19,0,725845100019,1964.696,1964.876,285.843,,0.0,1,2873,,TEAM BMTR ,bbbbbb,000000,aaaaaa,0,D,183,uy,155,166,0,1,67.0,3,1,1,Mas,0,,20,0,0,0,0,228,1.42,47,220,3.3,3.2,217,0,3.4,3.7,3.9,4.0,4.2,4.6,5.2,229.0,245.0,259.0,269.0,282.0,305.0,350.0,0,0,,1,,,,0,,-1,WTRL Team Time Trial - Zone 11,TYPE_TEAM_TIME_TRIAL TYPE_RACE ,21,2026/07/30,226950646,1,,1714370
,233,0,,3,5654041,27,15,Blopa&reg;,1,1714370,5654041.27,0,726068100013,3600.006,3600.066,0.006,,0.0,1,2873,,TEAM BMTR ,bbbbbb,000000,aaaaaa,0,C,183,uy,126,164,0,1,67.1,3,1,1,Mas,0,,20,0,0,0,0,176,1.25,53,157,2.3,2.4,167,0,2.6,3.1,3.7,4.4,5.9,9.3,10.8,176.0,208.0,247.0,293.0,396.0,626.0,727.0,0,0,,1,,,,0,,-1,BMTR Short Adventure,TYPE_RIDE,0,2026/07/29,3453194200,,3600,1714370
,233,0,,2,5632213,27,9,Blopa&reg;,1,1714370,5632213.27,0,722373300009,1934.472,1934.532,23.594,,0.0,1,2873,,TEAM BMTR ,bbbbbb,000000,aaaaaa,0,B,183,uy,161,173,0,1,67.1,3,1,1,Mas,0,,20,0,342.99,159.65,0,232,1.4,47,226,3.4,3.1,212,0,3.3,3.9,3.9,4.2,4.6,4.9,5.4,224.0,260.0,264.0,279.0,306.0,328.0,362.0,0,0,,1,,,,0,,-1,Stage 4 - Race - Tour Fever,TYPE_RACE TYPE_RACE ,20,2026/07/28,1793712753,1,,1714370
,207,1,,3,5649905,20,20,Toody Merrill &#129528;BMTR RACING)&#129293; (CU),1,1002137,5649905.20,169,725412500020,3600.013,3600.133,0.013,,0.0,0,,,,00dd00,,,0,C,165,us,137,171,0,1,58.5,3,1,10,Jnr,0,,20,20,0,0,0,163,1.12,52,153,2.6,2.7,159,0,2.9,3.2,3.7,4.1,4.1,4.2,4.2,168.0,190.0,218.0,240.0,241.0,244.0,244.0,0,0,,1,,,,0,,-1,BMTR Short Adventure,TYPE_RIDE,0,2026/07/27,3600776267,,3600,1002137
,233,0,,3,5649905,18,18,Blopa&reg;,1,1714370,5649905.18,0,725412500018,3600.012,3600.132,0.012,,0.0,1,2873,,TEAM BMTR ,bbbbbb,000000,aaaaaa,0,C,183,uy,120,156,0,1,67.1,3,1,1,Mas,0,,20,0,0,0,0,164,1.28,52,153,2.3,2.3,153,0,2.4,2.7,3.0,4.3,6.0,9.2,10.5,162.0,183.0,200.0,287.0,405.0,619.0,706.0,0,0,,1,,,,0,,-1,BMTR Short Adventure,TYPE_RIDE,0,2026/07/27,3600776267,,3600,1714370
,207,1,,5,5649898,1,1,Toody Merrill &#129528;BMTR RACING)&#129293; (CU),1,1002137,5649898.1,21,725410900001,1800.0,1800.0,0.0,,0.0,0,,,,00dd00,,,0,E,165,us,118,127,0,1,58.5,3,1,10,Jnr,0,,20,20,0,0,0,107,0.9,65,106,1.8,1.7,0,1,,,1.9,2.2,2.2,2.2,2.2,,,113.0,126.0,131.0,131.0,131.0,0,0,,1,,,,0,,-1,BMTR Banded Warmup,TYPE_RIDE,0,2026/07/27,3866241330,,1800,1002137
,207,1,,4,5647578,16,16,Toody Merrill &#129528;BMTR RACING)&#129293; (CU),1,1002137,5647578.16,160,725010900016,3600.009,3600.009,0.009,,0.0,0,,,,00dd00,,,0,D,165,us,119,136,0,1,58.5,3,1,10,Jnr,0,,20,20,0,0,0,106,0.84,69,100,1.7,1.7,104,0,1.9,2.0,2.1,2.2,2.3,2.4,2.4,110.0,118.0,125.0,127.0,134.0,138.0,138.0,0,0,,1,,,,0,,-1,Ascenders Rise & Shine Event - Team Pursuit,TYPE_RIDE,0,2026/07/24,1776635757,,3600,1002137
,233,0,,3,5647555,51,18,Blopa&reg;,1,1714370,5647555.51,0,725007400018,5400.013,5400.073,0.013,,0.0,1,2873,,TEAM BMTR ,bbbbbb,000000,aaaaaa,0,C,183,uy,120,153,0,1,67.1,3,1,1,Mas,0,,20,0,0,0,0,158,1.22,55,146,2.2,2.4,161,0,2.5,3.0,3.4,3.7,3.7,4.0,4.3,170.0,198.0,228.0,247.0,250.0,265.0,287.0,0,0,,1,,,,0,,-1,BMTR Short Adventure ,TYPE_RIDE,0,2026/07/24,3366225080,,3600,1714370
,233,0,,4,5646755,36,6,Blopa&reg;,1,1714370,5646755.36,0,724884200007,2988.164,2988.164,230.562,,0.0,1,2873,,TEAM BMTR ,bbbbbb,000000,aaaaaa,0,D,183,uy,127,146,0,1,67.1,3,1,1,Mas,0,,20,0,0,0,0,167,1.28,52,162,2.4,2.4,165,0,2.6,3.0,3.1,3.2,3.4,4.1,4.4,174.0,198.0,207.0,216.0,225.0,273.0,295.0,0,0,,1,,,,0,,-1,BMTR Chase Adventure,TYPE_RIDE,28,2026/07/23,1247427185,1,,1714370
,233,0,,2,5633404,131,54,Blopa&reg;,1,1714370,5633404.131,0,722648000054,2269.668,2269.728,570.199,,0.0,1,2873,,TEAM BMTR ,bbbbbb,000000,aaaaaa,0,B,183,uy,120,151,0,1,67.1,3,1,1,Mas,0,,20,0,0,0,0,155,1.17,57,140,2.1,2.0,137,0,2.2,2.9,3.7,4.0,4.2,4.3,4.3,145.0,196.0,245.0,270.0,283.0,285.0,289.0,0,0,,1,,,,0,,-1,Stage 3 - Tour Fever,TYPE_RIDE,38,2026/07/21,319138658,1,,1714370
,233,0,,4,5626851,29,1,Blopa&reg;,1,1714370,5626851.29,0,721369600001,3062.725,3062.725,0,0,0.0,1,2873,,TEAM BMTR ,bbbbbb,000000,aaaaaa,0,D,183,uy,157,170,0,1,67.1,3,1,1,Mas,0,,20,0,154.05,162.59,2.94,228,1.42,47,223,3.3,3.3,224,0,3.5,3.7,4.1,4.3,4.4,4.5,4.6,236.0,251.0,273.0,285.0,294.0,304.0,309.0,0,0,,1,,,,0,,-1,ECRO World Tour | Chasing Yellow - Stage 16 (ITT),TYPE_RACE TYPE_RACE ,28,2026/07/21,183635628,1,,1714370
,207,1,,4,5644123,46,6,Toody Merrill &#129528;BMTR RACING)&#129293; (CU),1,1002137,5644123.46,26,724515600006,3600.004,3600.184,0.004,,0.0,0,,,,00dd00,,,0,D,165,us,113,141,0,1,58.5,3,1,10,Jnr,0,,20,20,0,0,0,113,0.96,61,108,1.9,1.8,109,0,2.0,2.1,2.4,2.6,3.1,3.5,3.5,115.0,124.0,138.0,152.0,180.0,203.0,203.0,0,0,,1,,,,0,,-1,BMTR Short Adventure,TYPE_RIDE,0,2026/07/20,2569385980,,3600,1002137
,201,1,,3,5643360,25,25,Yardi Agresta ,1,1815308,5643360.25,0,724412300025,5400.026,5400.026,0.026,,0.0,0,2873,,TEAM BMTR ,bbbbbb,000000,aaaaaa,0,C,167,za,139,162,0,1,54.0,3,1,1,Vet,0,,20,20,0,0,0,141,0.94,57,130,2.4,2.4,133,0,2.6,2.9,3.2,4.2,5.2,6.6,7.2,140.0,159.0,173.0,228.0,278.0,355.0,390.0,0,0,,1,,,,0,,-1,BMTR Short Adventure,TYPE_RIDE,0,2026/07/19,2746475460,,5400,1815308
,233,0,,3,5643360,11,11,Blopa&reg;,1,1714370,5643360.11,0,724412300011,5400.012,5400.012,0.012,,0.0,1,2873,,TEAM BMTR ,bbbbbb,000000,aaaaaa,0,C,183,uy,134,163,0,1,67.0,3,1,1,Mas,0,,20,0,0,0,0,170,1.21,55,162,2.4,2.4,162,0,2.6,3.0,3.6,4.1,4.2,4.3,4.4,171.0,199.0,243.0,276.0,283.0,289.0,296.0,0,0,,1,,,,0,,-1,BMTR Short Adventure,TYPE_RIDE,0,2026/07/19,2746475460,,5400,1714370
,201,1,,1,5642688,11,11,Yardi Agresta ,1,1815308,5642688.11,0,724305800011,16678.044,16678.044,2977.82,,0.0,0,2873,,TEAM BMTR ,bbbbbb,000000,aaaaaa,0,A,167,za,149,180,0,1,54.0,3,1,1,Vet,0,,20,20,0,0,0,151,0.88,61,131,2.4,2.9,159,0,3.1,3.8,4.3,5.0,6.9,7.2,7.7,168.0,204.0,230.0,271.0,371.0,388.0,414.0,0,0,,1,,,,0,,-1,The BMTR Fundo,TYPE_RIDE,161,2026/07/18,979250573,,,1815308
,233,0,,3,5642029,31,9,Blopa&reg;,1,1714370,5642029.31,0,724199100009,5400.01,5400.07,0.009,,0.0,1,2873,,TEAM BMTR ,bbbbbb,000000,aaaaaa,0,C,183,uy,127,163,0,1,67.0,3,1,1,Mas,0,,20,0,0,0,0,171,1.27,52,161,2.4,2.6,175,0,2.8,3.3,3.9,4.3,5.0,5.4,6.1,185.0,218.0,260.0,288.0,335.0,360.0,408.0,0,0,,1,,,,0,,-1,BMTR Short Adventure ,TYPE_RIDE,0,2026/07/17,1365497350,,3600,1714370
,201,1,,3,5642029,26,4,Yardi Agresta ,1,1815308,5642029.26,0,724199100004,5400.004,5400.064,0.003,,0.0,0,2873,,TEAM BMTR ,bbbbbb,000000,aaaaaa,0,C,167,za,151,177,0,1,54.0,3,1,1,Vet,0,,20,20,0,0,0,148,0.89,60,135,2.5,2.7,149,0,2.9,3.4,3.9,4.4,5.7,6.6,7.7,157.0,182.0,212.0,237.0,305.0,354.0,414.0,0,0,,1,,,,0,,-1,BMTR Short Adventure ,TYPE_RIDE,0,2026/07/17,1365497350,,3600,1815308
,201,1,,3,5641145,32,6,Yardi Agresta ,1,1815308,5641145.32,0,724068400006,2754.586,2754.706,0.804,,0.0,0,2873,,TEAM BMTR ,bbbbbb,000000,aaaaaa,0,C,167,za,157,170,0,1,54.0,3,1,1,Vet,0,,20,20,0,0,0,160,0.91,59,143,2.7,2.5,139,0,2.7,3.0,3.6,4.3,4.9,6.1,6.9,147.0,164.0,197.0,232.0,266.0,329.0,372.0,0,0,,1,,,,0,,-1,WTRL Team Time Trial - Zone 12,TYPE_TEAM_TIME_TRIAL,27,2026/07/16,2737483381,3,,1815308
,233,0,,3,5634388,50,23,Blopa&reg;,1,1714370,5634388.50,0,722787500023,2666.923,2487.103,249.651,,0.0,1,2873,,TEAM BMTR ,bbbbbb,000000,aaaaaa,0,C,183,uy,127,144,0,1,67.0,3,1,1,Mas,0,,20,0,0,0,0,171,1.29,51,164,2.5,2.6,178,0,2.8,2.9,3.0,3.1,3.3,3.4,3.5,188.0,197.0,204.0,208.0,222.0,229.0,236.0,0,0,,1,,,,0,,-1,BMTR Chase Adventure,TYPE_RIDE,24,2026/07/16,1638640398,4,,1714370
,201,1,,3,5634388,21,18,Yardi Agresta ,1,1815308,5634388.21,0,722787500018,2459.16,2279.34,41.888,,0.0,0,2873,,TEAM BMTR ,bbbbbb,000000,aaaaaa,0,C,167,za,162,172,0,1,54.0,3,1,1,Vet,0,,20,20,0,0,0,168,1.01,53,163,3.0,2.9,159,0,3.1,3.3,3.6,4.0,4.3,5.6,6.7,168.0,179.0,194.0,216.0,234.0,300.0,364.0,0,0,,1,,,,0,,-1,BMTR Chase Adventure,TYPE_RIDE,24,2026/07/16,1638640398,4,,1815308
,233,0,,4,5641114,17,17,Blopa&reg;,1,1714370,5641114.17,0,724061700017,2510.988,2511.168,245.415,,0.0,1,2873,,TEAM BMTR ,bbbbbb,000000,aaaaaa,0,D,183,uy,150,170,0,1,67.0,3,1,1,Mas,0,,20,0,0,0,0,228,1.44,46,216,3.2,3.1,209,0,3.3,3.6,4.1,4.9,6.0,6.4,6.6,221.0,244.0,273.0,330.0,401.0,431.0,440.0,0,0,,1,,,,0,,-1,WTRL Team Time Trial - Zone 11,TYPE_TEAM_TIME_TRIAL,27,2026/07/16,2737483381,3,,1714370
,201,1,,4,5641114,18,18,Yardi Agresta ,1,1815308,5641114.18,0,724061700018,2511.168,2511.348,245.595,,0.0,0,2873,,TEAM BMTR ,bbbbbb,000000,aaaaaa,0,D,167,za,168,178,0,1,54.0,3,1,1,Vet,0,,20,20,0,0,0,185,1.02,52,172,3.2,3.0,166,0,3.2,3.6,4.3,4.8,5.0,5.2,5.8,175.0,192.0,234.0,260.0,272.0,278.0,311.0,0,0,,1,,,,0,,-1,WTRL Team Time Trial - Zone 11,TYPE_TEAM_TIME_TRIAL,27,2026/07/16,2737483381,3,,1815308
,233,0,,3,5640254,22,8,Blopa&reg;,1,1714370,5640254.22,0,723936000008,3600.003,3600.063,0.003,,0.0,1,2873,,TEAM BMTR ,bbbbbb,000000,aaaaaa,0,C,183,uy,124,156,0,1,67.0,3,1,1,Mas,0,,20,0,0,0,0,167,1.26,53,156,2.3,2.3,158,0,2.5,2.7,3.3,4.1,5.4,7.3,10.0,167.0,183.0,220.0,273.0,364.0,491.0,669.0,0,0,,1,,,,0,,-1,BMTR Short Adventure,TYPE_RIDE,0,2026/07/15,1247427185,,3600,1714370
,201,1,,3,5640254,20,6,Yardi Agresta ,1,1815308,5640254.20,0,723936000006,3600.003,3600.063,0.003,,0.0,0,2873,,TEAM BMTR ,bbbbbb,000000,aaaaaa,0,C,167,za,140,161,0,1,54.0,3,1,1,Vet,0,,20,20,0,0,0,143,0.93,58,130,2.4,2.4,130,0,2.5,2.9,3.3,3.7,5.0,6.1,6.7,137.0,156.0,178.0,198.0,268.0,328.0,364.0,0,0,,1,,,,0,,-1,BMTR Short Adventure,TYPE_RIDE,0,2026/07/15,1247427185,,3600,1815308
,201,1,,5,5640247,20,20,Yardi Agresta ,1,1815308,5640247.20,0,723934100020,1800.026,1800.026,0.026,,0.0,0,2873,,TEAM BMTR ,bbbbbb,000000,aaaaaa,0,E,167,za,133,168,0,1,54.0,3,1,1,Vet,0,,20,20,0,0,0,153,0.92,58,123,2.3,2.2,122,0,2.4,2.9,3.7,5.5,7.4,7.8,8.2,129.0,154.0,202.0,299.0,398.0,423.0,444.0,0,0,,1,,,,0,,-1,BMTR Banded Warmup,TYPE_RIDE,0,2026/07/15,3381223955,,1800,1815308
,233,0,,1,5631983,18,18,Blopa&reg;,1,1714370,5631983.18,0,722259000018,2166.189,2166.189,66.24,,0.0,1,2873,,TEAM BMTR ,bbbbbb,000000,aaaaaa,0,A,183,uy,157,169,0,1,67.0,3,1,1,Mas,0,,20,0,310.10,162.59,0,235,1.46,45,229,3.4,3.3,225,0,3.5,3.9,4.2,4.5,4.9,5.2,5.4,237.0,264.0,281.0,303.0,326.0,351.0,365.0,0,0,,1,,,,0,,-1,Stage 2 - Race - Tour Fever,TYPE_RACE TYPE_RACE ,24,2026/07/14,3919912289,1,,1714370
,201,1,,1,5631983,15,15,Yardi Agresta ,1,1815308,5631983.15,1,722259000015,2141.393,2141.393,41.444,,0.0,0,2873,,TEAM BMTR ,bbbbbb,000000,aaaaaa,0,A,167,za,173,185,0,1,54.0,3,1,1,Vet,0,,20,20,289.84,159.56,0,200,1.1,48,191,3.5,3.4,185,0,3.6,4.2,4.5,5.4,6.1,6.4,6.8,195.0,229.0,244.0,292.0,331.0,346.0,368.0,0,0,,1,,,,0,,-1,Stage 2 - Race - Tour Fever,TYPE_RACE TYPE_RACE ,24,2026/07/14,3919912289,1,,1815308
,201,1,,3,5638271,32,32,Yardi Agresta ,1,1815308,5638271.32,0,723642600032,3600.016,3600.136,0.016,,0.0,0,2873,,TEAM BMTR ,bbbbbb,000000,aaaaaa,0,C,167,za,149,161,0,1,54.0,3,1,1,Vet,0,,20,20,0,0,0,141,0.92,58,137,2.5,2.5,136,0,2.7,2.8,3.2,3.3,3.5,4.2,5.7,144.0,152.0,171.0,177.0,187.0,225.0,307.0,0,0,,1,,,,0,,-1,BMTR Short Adventure,TYPE_RIDE,0,2026/07/13,870135081,,3600,1815308
,233,0,,3,5638271,12,12,Blopa&reg;,1,1714370,5638271.12,0,723642600012,3600.005,3600.125,0.005,,0.0,1,2873,,TEAM BMTR ,bbbbbb,000000,aaaaaa,0,C,183,uy,127,166,0,1,67.0,3,1,1,Mas,0,,20,0,0,0,0,173,1.22,54,155,2.3,2.5,169,0,2.7,3.2,3.6,4.7,5.7,7.5,9.3,178.0,212.0,240.0,313.0,384.0,505.0,621.0,0,0,,1,,,,0,,-1,BMTR Short Adventure,TYPE_RIDE,0,2026/07/13,870135081,,3600,1714370
,201,1,,5,5638265,13,13,Yardi Agresta ,1,1815308,5638265.13,0,723641500013,1800.022,1800.022,0.021,,0.0,0,2873,,TEAM BMTR ,bbbbbb,000000,aaaaaa,0,E,167,za,141,158,0,1,54.0,3,1,1,Vet,0,,20,20,0,0,0,133,0.89,60,126,2.3,2.3,125,0,2.4,2.8,3.2,3.5,3.9,4.2,4.5,132.0,151.0,173.0,188.0,208.0,229.0,244.0,0,0,,1,,,,0,,-1,BMTR Banded Warmup,TYPE_RIDE,0,2026/07/13,4232620535,,1800,1815308
,233,0,,3,5637479,19,19,Blopa&reg;,1,1714370,5637479.19,0,723539400019,5400.014,5400.014,0.014,,0.0,1,2873,,TEAM BMTR ,bbbbbb,000000,aaaaaa,0,C,183,uy,129,151,0,1,66.7,3,1,1,Mas,0,,20,0,0,0,0,166,1.24,53,160,2.4,2.4,160,0,2.5,3.0,3.3,3.4,3.5,3.6,4.5,169.0,200.0,221.0,228.0,234.0,240.0,300.0,0,0,,1,,,,0,,-1,BMTR Short Adventure,TYPE_RIDE,0,2026/07/12,565111133,,5400,1714370
,201,1,,3,5637479,31,31,Yardi Agresta ,1,1815308,5637479.31,0,723539400031,5400.032,5400.032,0.032,,0.0,0,2873,,TEAM BMTR ,bbbbbb,000000,aaaaaa,0,C,167,za,148,163,0,1,54.0,3,1,1,Vet,0,,20,20,0,0,0,140,0.91,59,134,2.5,2.4,133,0,2.6,2.9,3.4,3.6,3.9,5.0,5.6,140.0,158.0,183.0,197.0,211.0,270.0,300.0,0,0,,1,,,,0,,-1,BMTR Short Adventure,TYPE_RIDE,0,2026/07/12,565111133,,5400,1815308
,233,0,,3,5636052,32,18,Blopa&reg;,1,1714370,5636052.32,0,723314300015,5400.012,5400.072,0.012,,0.0,1,2873,,TEAM BMTR ,bbbbbb,000000,aaaaaa,0,C,183,uy,126,149,0,1,66.7,3,1,1,Mas,0,,20,0,0,0,0,161,1.2,55,151,2.3,2.3,158,0,2.5,2.7,3.1,3.4,3.7,4.1,4.4,167.0,181.0,206.0,225.0,245.0,274.0,295.0,0,0,,1,,,,0,,-1,BMTR Short Adventure ,TYPE_RIDE,0,2026/07/10,3407362320,,3600,1714370
,201,1,,3,5636052,19,5,Yardi Agresta ,1,1815308,5636052.19,0,723314300005,5400.003,5400.063,0.003,,0.0,0,2873,,TEAM BMTR ,bbbbbb,000000,aaaaaa,0,C,167,za,147,160,0,1,54.0,3,1,1,Vet,0,,20,20,0,0,0,139,0.92,58,135,2.5,2.5,134,0,2.6,2.9,3.2,3.5,3.7,4.3,5.2,142.0,155.0,171.0,187.0,199.0,230.0,283.0,0,0,,1,,,,0,,-1,BMTR Short Adventure ,TYPE_RIDE,0,2026/07/10,3407362320,,3600,1815308
,201,1,,5,5636048,16,16,Yardi Agresta ,1,1815308,5636048.16,0,723313400016,1800.011,1800.011,0.011,,0.0,0,2873,,TEAM BMTR ,bbbbbb,000000,aaaaaa,0,E,167,za,141,162,0,1,54.0,3,1,1,Vet,0,,20,20,0,0,0,137,0.82,65,116,2.2,2.0,0,1,,2.6,3.2,3.5,4.1,4.2,4.7,,142.0,171.0,191.0,220.0,227.0,256.0,0,0,,1,,,,0,,-1,BMTR Banded Warmup,TYPE_RIDE,0,2026/07/10,3141079998,,1800,1815308
,201,1,,1,5633098,36,36,Yardi Agresta ,1,1815308,5633098.36,0,722586800036,2736.759,2736.759,369.758,,0.0,0,2873,,TEAM BMTR ,bbbbbb,000000,aaaaaa,0,A,167,za,149,171,0,1,54.0,3,1,1,Vet,0,,20,20,0,0,0,165,1.03,52,153,2.8,2.8,152,0,3.0,3.6,4.2,4.4,5.2,5.9,6.3,161.0,194.0,228.0,235.0,279.0,321.0,341.0,0,0,,1,,,,0,,-1,Stage 1 - Tour Fever,TYPE_RIDE,28,2026/07/10,1247427185,1,,1815308
,201,1,,3,5634402,34,5,Yardi Agresta ,1,1815308,5634402.34,0,722790000005,2065.613,2065.733,2.532,,0.0,0,2873,,TEAM BMTR ,bbbbbb,000000,aaaaaa,0,C,167,za,162,179,0,1,54.0,3,1,1,Vet,0,,20,20,0,0,0,176,0.99,54,161,3.0,2.9,157,0,3.1,3.3,3.9,4.7,5.0,6.9,7.3,166.0,177.0,209.0,252.0,271.0,372.0,392.0,0,0,,1,,,,0,,-1,WTRL Team Time Trial - Zone 12,TYPE_TEAM_TIME_TRIAL,23,2026/07/09,46799750,2,,1815308
,207,1,,3,5634402,30,1,Toody Merrill &#129528;BMTR RACING)&#129293; (CU),1,1002137,5634402.30,18,722790000001,2063.081,2063.201,0.0,,0.0,0,,,,00dd00,,,0,C,165,us,162,183,0,1,58.5,3,1,10,Jnr,0,,20,20,0,0,0,182,1.07,54,173,3.0,2.9,170,0,3.1,3.3,3.7,4.8,5.6,6.0,6.4,179.0,191.0,219.0,283.0,325.0,350.0,372.0,0,0,,1,,,,0,,-1,WTRL Team Time Trial - Zone 12,TYPE_TEAM_TIME_TRIAL,23,2026/07/09,46799750,2,,1002137
,201,1,,2,5631674,8,3,Yardi Agresta ,1,1815308,5631674.8,0,722104600003,909.365,909.425,15.554,0,0.0,0,2873,,TEAM BMTR ,bbbbbb,000000,aaaaaa,0,B,167,za,173,180,0,1,54.0,3,1,1,Vet,0,,20,20,278.96,159.56,0,214,1.23,43,213,4.0,3.5,0,1,,4.1,4.2,4.4,4.6,4.8,5.0,,221.0,226.0,236.0,248.0,257.0,272.0,0,0,,1,,,,0,,-1,Stage 1 - Race - Tour Fever,TYPE_TIME_TRIAL TYPE_RACE ,10,2026/07/09,3381223955,1,,1815308
,207,1,,4,5634372,54,27,Toody Merrill &#129528;BMTR RACING)&#129293; (CU),1,1002137,5634372.54,18,722783500027,1988.218,1988.398,264.527,,0.0,0,,,,00dd00,,,0,D,165,us,163,175,0,1,58.5,3,1,10,Jnr,0,,20,20,0,0,0,197,1.18,49,193,3.3,3.1,185,0,3.3,3.6,3.7,4.0,4.4,4.6,4.9,195.0,208.0,218.0,235.0,258.0,270.0,288.0,0,0,,1,,,,0,,-1,WTRL Team Time Trial - Zone 11,TYPE_TEAM_TIME_TRIAL,23,2026/07/09,46799750,2,,1002137
,201,1,,4,5634372,50,23,Yardi Agresta ,1,1815308,5634372.50,0,722783500023,1979.238,1979.418,255.547,,0.0,0,2873,,TEAM BMTR ,bbbbbb,000000,aaaaaa,0,D,167,za,168,180,0,1,54.0,3,1,1,Vet,0,,20,20,0,0,0,189,1.07,50,179,3.3,3.2,174,0,3.4,3.6,3.9,4.8,5.4,5.5,6.0,184.0,197.0,209.0,259.0,291.0,295.0,324.0,0,0,,1,,,,0,,-1,WTRL Team Time Trial - Zone 11,TYPE_TEAM_TIME_TRIAL,23,2026/07/09,46799750,2,,1815308
,201,1,,3,5631258,53,28,Yardi Agresta ,1,1815308,5631258.53,0,722031400027,3600.025,3600.085,0.025,,0.0,0,2873,,TEAM BMTR ,bbbbbb,000000,aaaaaa,0,C,167,za,143,156,0,1,54.0,3,1,1,Vet,0,,20,20,0,0,0,133,0.9,59,129,2.4,2.4,132,0,2.6,2.8,3.1,3.2,3.6,3.9,4.9,139.0,151.0,169.0,174.0,193.0,209.0,262.0,0,0,,1,,,,0,,-1,BMTR Short Adventure,TYPE_RIDE,0,2026/07/08,1365497350,,3600,1815308
,233,0,,3,5631258,37,12,Blopa&reg;,1,1714370,5631258.37,0,722031400012,3600.012,3600.072,0.012,,0.0,1,2873,,TEAM BMTR ,bbbbbb,000000,aaaaaa,0,C,183,uy,121,152,0,1,66.7,3,1,1,Mas,0,,20,0,0,0,0,162,1.26,52,153,2.3,2.3,156,0,2.5,2.8,3.2,3.6,5.3,8.4,9.4,165.0,185.0,212.0,240.0,353.0,559.0,630.0,0,0,,1,,,,0,,-1,BMTR Short Adventure,TYPE_RIDE,0,2026/07/08,1365497350,,3600,1714370
,201,1,,5,5631250,20,20,Yardi Agresta ,1,1815308,5631250.20,0,722029000020,1800.015,1800.015,0.015,,0.0,0,2873,,TEAM BMTR ,bbbbbb,000000,aaaaaa,0,E,167,za,144,156,0,1,54.0,3,1,1,Vet,0,,20,20,0,0,0,130,0.89,60,128,2.4,2.2,121,0,2.4,2.7,2.8,3.0,3.1,3.4,4.4,128.0,144.0,153.0,163.0,167.0,181.0,239.0,0,0,,1,,,,0,,-1,BMTR Banded Warmup,TYPE_RIDE,0,2026/07/08,3381223955,,1800,1815308
,207,1,,4,5630603,11,11,Toody Merrill &#129528;BMTR RACING)&#129293; (CU),1,1002137,5630603.11,26,721948900011,3000.01,3000.01,0.01,,0.0,0,,,,00dd00,,,0,D,165,us,124,169,0,1,58.5,3,1,10,Jnr,0,,20,20,0,0,0,123,0.81,71,101,1.7,1.8,105,0,1.9,2.7,3.9,4.1,4.2,4.2,4.2,111.0,159.0,227.0,237.0,243.0,245.0,245.0,0,0,,1,,,,0,,-1,DIRT Family Values Ride,TYPE_RIDE,0,2026/07/07,1247427185,,3000,1002137
,233,0,,2,5633092,193,33,Blopa&reg;,1,1714370,5633092.193,0,722585700033,1135.718,1135.778,245.291,,0.0,1,2873,,TEAM BMTR ,bbbbbb,000000,aaaaaa,0,B,183,uy,121,141,0,1,66.7,3,1,1,Mas,0,,20,0,0,0,0,163,1.27,52,154,2.3,2.1,0,1,,2.7,2.8,3.3,3.6,4.5,5.0,,180.0,189.0,222.0,238.0,302.0,332.0,0,0,,1,,,,0,,-1,Stage 1 - Tour Fever,TYPE_RIDE,28,2026/07/07,1247427185,1,,1714370
,201,1,,3,5626787,39,16,Yardi Agresta ,1,1815308,5626787.39,0,721338700016,2856.539,2856.539,179.432,,0.0,0,2873,,TEAM BMTR ,bbbbbb,000000,aaaaaa,0,C,167,za,170,181,0,1,54.0,3,1,1,Vet,0,,20,20,166.26,160.25,0.70,189,1.06,50,180,3.3,3.2,176,0,3.4,4.0,4.6,5.2,5.4,6.0,6.5,186.0,214.0,248.0,278.0,291.0,324.0,352.0,0,0,,1,,,,0,,-1,ECRO World Tour | Chasing Yellow - Stage 4,TYPE_RACE TYPE_RACE ,30,2026/07/07,3382019812,1,,1815308
,233,0,,4,5626787,48,7,Blopa&reg;,1,1714370,5626787.48,0,721338900007,2854.975,2854.975,21.833,,0.0,1,2873,,TEAM BMTR ,bbbbbb,000000,aaaaaa,0,D,183,uy,155,170,0,1,66.7,3,1,1,Mas,0,,20,0,211.52,162.59,0,233,1.45,45,225,3.4,3.3,224,0,3.5,3.9,4.3,4.7,6.1,8.1,8.7,236.0,261.0,286.0,316.0,408.0,541.0,578.0,0,0,,1,,,,0,,-1,ECRO World Tour | Chasing Yellow - Stage 4,TYPE_RACE TYPE_RACE ,30,2026/07/07,3382019812,1,,1714370
,233,0,,4,5626782,42,1,Blopa&reg;,1,1714370,5626782.42,0,721336600001,3339.857,3339.857,0,,0.0,1,2873,,TEAM BMTR ,bbbbbb,000000,aaaaaa,0,D,183,uy,155,173,0,1,66.7,3,1,1,Mas,0,,20,0,162.05,164.89,2.29,233,1.42,46,220,3.3,3.1,212,0,3.4,4.2,4.5,4.6,4.9,5.4,6.2,224.0,279.0,297.0,308.0,328.0,363.0,412.0,0,0,,1,,,,0,,-1,ECRO World Tour | Chasing Yellow - Stage 3,TYPE_RACE TYPE_RACE ,31,2026/07/06,1763213625,2,,1714370
,201,1,,3,5626782,38,11,Yardi Agresta ,1,1815308,5626782.38,0,721336400011,3352.458,3352.458,142.393,,0.0,0,2873,,TEAM BMTR ,bbbbbb,000000,aaaaaa,0,C,167,za,174,183,0,1,54.4,3,1,1,Vet,0,,20,20,162.26,161.84,1.59,199,1.07,50,187,3.4,3.4,190,0,3.7,4.1,4.7,5.2,5.3,5.6,6.3,200.0,221.0,258.0,282.0,291.0,307.0,343.0,0,0,,1,,,,0,,-1,ECRO World Tour | Chasing Yellow - Stage 3,TYPE_RACE TYPE_RACE ,31,2026/07/06,1763213625,2,,1815308
,207,1,,4,5628773,11,11,Toody Merrill &#129528;BMTR RACING)&#129293; (CU),1,1002137,5628773.11,24,721678200011,3600.012,3600.012,0.012,,0.0,0,,,,00dd00,,,0,D,165,us,115,149,0,1,58.5,3,1,10,Jnr,0,,20,20,0,0,0,108,0.86,67,99,1.7,1.7,101,0,1.8,2.1,2.6,3.3,4.8,5.8,5.8,107.0,121.0,154.0,195.0,278.0,338.0,338.0,0,0,,1,,,,0,,-1,Sunday Funday p/b TBR,TYPE_RIDE,0,2026/07/05,3680493479,,3600,1002137
,233,0,,3,5628665,5,5,Blopa&reg;,1,1714370,5628665.5,0,721651600005,5400.003,5400.003,0.003,,0.0,1,2873,,TEAM BMTR ,bbbbbb,000000,aaaaaa,0,C,183,uy,124,170,0,1,66.7,3,1,1,Mas,0,,20,0,0,0,0,167,1.27,52,157,2.4,2.3,159,0,2.5,3.3,4.3,4.8,5.1,5.7,7.4,168.0,222.0,285.0,320.0,343.0,380.0,495.0,0,0,,1,,,,0,,-1,BMTR Short Adventure,TYPE_RIDE,0,2026/07/05,3974965857,,5400,1714370
,233,0,,4,5626070,46,5,Blopa&reg;,1,1714370,5626070.46,0,721217800005,1834.179,1834.179,74.171,0,0.0,1,2873,,TEAM BMTR ,bbbbbb,000000,aaaaaa,0,D,183,uy,163,170,0,1,66.7,3,1,1,Mas,0,,20,0,191.10,164.89,0,237,1.45,46,236,3.5,3.3,226,0,3.6,3.7,3.9,4.1,4.3,4.5,4.9,238.0,247.0,257.0,271.0,284.0,297.0,329.0,0,0,,1,,,,0,,-1,ECRO World Tour | Chasing Yellow - Stage 1 (iTT),TYPE_RACE TYPE_RACE ,19,2026/07/04,1453570384,,,1714370
,201,1,,3,5626070,34,10,Yardi Agresta ,1,1815308,5626070.34,0,721217700010,1753.384,1753.384,68.07,0,0.0,0,2873,,TEAM BMTR ,bbbbbb,000000,aaaaaa,0,C,167,za,167,181,0,1,54.4,3,1,1,Vet,0,,20,20,163.83,163.73,1.89,209,1.25,43,208,3.8,3.6,197,0,3.8,4.0,4.2,4.2,4.5,4.7,5.4,208.0,219.0,227.0,231.0,243.0,256.0,292.0,0,0,,1,,,,0,,-1,ECRO World Tour | Chasing Yellow - Stage 1 (iTT),TYPE_RACE TYPE_RACE ,19,2026/07/04,1453570384,,,1815308
,207,1,,3,5595030,5,3,Toody Merrill &#129528;BMTR RACING)&#129293; (CU),1,1002137,5595030.5,16,716382200003,1966.829,1966.949,5.611,,0.0,0,,,,00dd00,,,0,C,165,us,178,185,0,1,58.5,3,1,10,Jnr,0,,20,20,0,539.53,0,215,1.2,48,214,3.7,3.5,206,0,3.7,4.0,4.3,4.3,4.5,4.9,5.1,217.0,235.0,250.0,252.0,264.0,286.0,297.0,0,0,,1,,,,0,,-1,Stage 5: Level Up Racing: Queens Highway After Party,TYPE_RACE TYPE_RACE ,20,2026/07/04,87631443,1,,1002137
,201,1,,3,5627296,38,18,Yardi Agresta ,1,1815308,5627296.38,0,721436900017,5400.019,5400.079,0.019,,0.0,0,2873,,TEAM BMTR ,bbbbbb,000000,aaaaaa,0,C,167,za,144,158,0,1,54.4,3,1,1,Vet,0,,20,20,0,0,0,137,0.92,58,133,2.4,2.4,134,0,2.6,2.9,3.0,3.2,3.7,4.7,5.9,142.0,156.0,164.0,172.0,202.0,256.0,323.0,0,0,,1,,,,0,,-1,BMTR Short Adventure ,TYPE_RIDE,0,2026/07/03,2143464829,,3600,1815308
,233,0,,3,5626523,47,8,Blopa&reg;,1,1714370,5626523.47,0,721282900008,2771.063,2771.183,9.681,,0.0,1,2873,,TEAM BMTR ,bbbbbb,000000,aaaaaa,0,C,183,uy,143,163,0,1,66.7,3,1,1,Mas,0,,20,0,0,0,0,200,1.35,49,193,2.9,2.7,185,0,2.9,3.1,3.4,4.2,4.7,5.2,5.5,195.0,210.0,228.0,282.0,316.0,344.0,367.0,0,0,,1,,,,0,,-1,WTRL Team Time Trial - Zone 12,TYPE_TEAM_TIME_TRIAL TYPE_RACE ,31,2026/07/02,3395698268,3,,1714370
,201,1,,3,5626523,46,7,Yardi Agresta ,1,1815308,5626523.46,0,721282900007,2762.5,2762.62,1.118,,0.0,0,2873,,TEAM BMTR ,bbbbbb,000000,aaaaaa,0,C,167,za,160,172,0,1,54.0,3,1,1,Vet,0,,20,20,0,0,0,163,0.97,55,155,2.9,2.8,152,0,3.0,3.2,3.5,4.0,4.4,4.9,5.7,160.0,174.0,189.0,218.0,238.0,265.0,306.0,0,0,,1,,,,0,,-1,WTRL Team Time Trial - Zone 12,TYPE_TEAM_TIME_TRIAL TYPE_RACE ,31,2026/07/02,3395698268,3,,1815308
,233,0,,3,5626508,49,26,Blopa&reg;,1,1714370,5626508.49,0,721280300026,2719.331,2539.511,55.343,,0.0,1,2873,,TEAM BMTR ,bbbbbb,000000,aaaaaa,0,C,183,uy,137,146,0,1,66.7,3,1,1,Mas,0,,20,0,0,0,0,187,1.35,49,185,2.8,2.6,179,0,2.8,2.9,3.1,3.3,3.5,3.8,4.0,189.0,196.0,204.0,220.0,232.0,256.0,269.0,0,0,,1,,,,0,,-1,BMTR Chase Adventure,TYPE_RIDE,28,2026/07/02,1064303857,1,,1714370
,201,1,,3,5626508,40,18,Yardi Agresta ,1,1815308,5626508.40,0,721280300018,2694.268,2514.448,30.28,,0.0,0,2873,,TEAM BMTR ,bbbbbb,000000,aaaaaa,0,C,167,za,159,169,0,1,54.0,3,1,1,Vet,0,,20,20,0,0,0,166,1.01,53,160,3.0,2.8,153,0,3.0,3.3,3.4,3.9,4.6,4.9,5.3,162.0,176.0,184.0,213.0,246.0,267.0,284.0,0,0,,1,,,,0,,-1,BMTR Chase Adventure,TYPE_RIDE,28,2026/07/02,1064303857,1,,1815308
,207,1,,4,5626491,25,25,Toody Merrill &#129528;BMTR RACING)&#129293; (CU),1,1002137,5626491.25,17,721275800025,2791.884,2792.064,435.876,,0.0,0,,,,00dd00,,,0,D,165,us,152,177,0,1,58.5,3,1,10,Jnr,0,,20,20,0,0,0,175,1.13,52,171,2.9,2.8,165,0,3.0,3.1,3.4,3.5,4.9,6.8,8.1,174.0,184.0,198.0,205.0,288.0,400.0,473.0,0,0,,1,,,,0,,-1,WTRL Team Time Trial - Zone 11,TYPE_TEAM_TIME_TRIAL TYPE_RACE ,31,2026/07/02,3395698268,3,,1002137
,201,1,,4,5626491,24,24,Yardi Agresta ,1,1815308,5626491.24,0,721275800024,2612.899,2613.079,256.891,,0.0,0,2873,,TEAM BMTR ,bbbbbb,000000,aaaaaa,0,D,167,za,173,184,0,1,54.0,3,1,1,Vet,0,,20,20,0,0,0,190,1.05,51,181,3.4,3.2,176,0,3.4,3.8,4.2,4.6,5.3,6.0,6.6,186.0,204.0,229.0,246.0,284.0,323.0,356.0,0,0,,1,,,,0,,-1,WTRL Team Time Trial - Zone 11,TYPE_TEAM_TIME_TRIAL TYPE_RACE ,31,2026/07/02,3395698268,3,,1815308
,233,0,,4,5626491,22,22,Blopa&reg;,1,1714370,5626491.22,0,721275800022,2612.054,2612.234,256.046,,0.0,1,2873,,TEAM BMTR ,bbbbbb,000000,aaaaaa,0,D,183,uy,159,173,0,1,66.7,3,1,1,Mas,0,,20,0,0,0,0,234,1.43,46,228,3.4,3.2,218,0,3.4,3.7,4.1,4.5,5.5,5.9,6.1,230.0,250.0,271.0,299.0,369.0,391.0,409.0,0,0,,1,,,,0,,-1,WTRL Team Time Trial - Zone 11,TYPE_TEAM_TIME_TRIAL TYPE_RACE ,31,2026/07/02,3395698268,3,,1714370
,207,1,,4,5625738,15,15,Toody Merrill &#129528;BMTR RACING)&#129293; (CU),1,1002137,5625738.15,170,721159100015,3600.007,3600.007,0.007,,0.0,0,,,,00dd00,,,0,D,165,us,116,148,0,1,58.5,3,1,10,Jnr,0,,20,20,0,0,0,110,0.87,67,101,1.7,1.8,108,0,1.9,2.1,2.4,2.9,3.4,4.0,4.0,114.0,123.0,141.0,169.0,200.0,235.0,235.0,0,0,,1,,,,0,,-1,(Rubber-Banded) Climb Portal Ride with James Friends!,TYPE_RIDE,0,2026/07/01,2681889340,,3600,1002137
,233,0,,3,5625725,43,18,Blopa&reg;,1,1714370,5625725.43,0,721156900018,3600.016,3600.076,0.016,,0.0,1,2873,,TEAM BMTR ,bbbbbb,000000,aaaaaa,0,C,183,uy,122,165,0,1,66.7,3,1,1,Mas,0,,20,0,0,0,0,171,1.22,54,149,2.2,2.2,151,0,2.4,2.7,3.5,4.7,7.0,9.6,10.0,159.0,180.0,232.0,311.0,464.0,640.0,667.0,0,0,,1,,,,0,,-1,BMTR Short Adventure,TYPE_RIDE,0,2026/07/01,2474227587,,3600,1714370
,201,1,,3,5625725,29,4,Yardi Agresta ,1,1815308,5625725.29,0,721156900004,3600.006,3600.066,0.006,,0.0,0,2873,,TEAM BMTR ,bbbbbb,000000,aaaaaa,0,C,167,za,136,174,0,1,54.0,3,1,1,Vet,0,,20,20,0,0,0,135,0.87,62,118,2.2,2.2,120,0,2.4,3.0,4.1,5.5,5.9,6.3,7.0,127.0,162.0,224.0,298.0,320.0,341.0,377.0,0,0,,1,,,,0,,-1,BMTR Short Adventure,TYPE_RIDE,0,2026/07/01,2474227587,,3600,1815308
,233,0,,1,5595104,23,23,Blopa&reg;,1,1714370,5595104.23,0,716419000024,1924.91,1924.91,174.498,,0.0,1,2873,,TEAM BMTR ,bbbbbb,000000,aaaaaa,0,A,183,uy,157,174,0,1,66.7,3,1,1,Mas,0,,20,0,356.51,164.89,0,241,1.48,45,232,3.5,3.3,222,0,3.5,3.9,4.7,5.0,5.8,6.9,7.6,234.0,259.0,311.0,331.0,389.0,460.0,504.0,0,0,,1,,,,0,,-1,Stage 5: Level Up Racing: Queens Highway After Party,TYPE_RACE TYPE_RACE ,20,2026/06/30,87631443,1,,1714370
,207,1,,4,5624913,7,0,Toody Merrill &#129528;BMTR RACING)&#129293; (CU),1,1002137,5624913.7,205,721039300007,3600.006,3600.006,0.0,,0.0,0,,,,00dd00,,,0,N/A,165,us,107,132,0,1,58.5,3,1,10,Jnr,0,,20,20,0,0,0,110,0.95,61,102,1.7,1.8,105,0,1.9,2.0,2.2,2.5,3.0,3.7,3.7,111.0,116.0,131.0,148.0,178.0,218.0,218.0,0,0,,1,,,,0,,-1,REVO Social SUB2,TYPE_RIDE,0,2026/06/30,1064303857,,3600,1002137
,201,1,,2,5595076,27,11,Yardi Agresta ,1,1815308,5595076.27,0,716405100011,1824.918,1824.978,39.142,,0.0,0,2873,,TEAM BMTR ,bbbbbb,000000,aaaaaa,0,B,167,za,166,178,0,1,54.0,3,1,1,Vet,0,,20,20,274.91,163.73,0,200,1.14,47,189,3.5,3.3,182,0,3.6,4.0,4.7,4.8,4.9,5.1,5.3,192.0,215.0,253.0,259.0,265.0,275.0,287.0,0,0,,1,,,,0,,-1,Stage 5: Level Up Racing: Queens Highway After Party,TYPE_RACE TYPE_RACE ,20,2026/06/30,87631443,1,,1815308
,207,1,,4,5624312,2,2,Toody Merrill &#129528;BMTR RACING)&#129293; (CU),1,1002137,5624312.2,122,720968000002,3600.004,3600.004,0.004,,0.0,0,,,,00dd00,,,0,D,165,us,127,149,0,1,58.5,3,1,10,Jnr,0,,20,20,0,0,0,111,0.82,71,104,1.8,1.8,108,0,1.9,2.2,2.3,2.6,3.0,3.2,3.2,114.0,127.0,135.0,154.0,173.0,188.0,188.0,0,0,,1,,,,0,,-1,BMTR Misfits Social,TYPE_RIDE,0,2026/06/29,3378411990,,3600,1002137
,201,1,,5,5602750,139,139,Yardi Agresta ,1,1815308,5602750.139,0,717776200139,2700.025,2700.025,0.717,,0.0,0,2873,,TEAM BMTR ,bbbbbb,000000,aaaaaa,0,E,167,za,144,156,0,1,54.0,3,1,1,Vet,0,,20,20,0,0,0,138,0.93,58,134,2.5,2.4,131,0,2.6,2.7,2.9,3.1,3.7,4.7,4.8,138.0,146.0,154.0,169.0,200.0,252.0,260.0,0,0,,1,,,,0,,-1,The XP Express with JETT ,TYPE_RIDE,0,2026/06/29,2474227587,,2700,1815308
,233,0,,3,5624102,24,24,Blopa&reg;,1,1714370,5624102.24,0,720929800025,3600.012,3600.132,0.012,,0.0,1,2873,,TEAM BMTR ,bbbbbb,000000,aaaaaa,0,C,183,uy,126,155,0,1,66.7,3,1,1,Mas,0,,20,0,0,0,0,168,1.28,52,161,2.4,2.3,158,0,2.5,2.9,3.3,3.7,4.0,4.2,5.0,167.0,194.0,223.0,246.0,265.0,277.0,331.0,0,0,,1,,,,0,,-1,BMTR Short Adventure,TYPE_RIDE,0,2026/06/29,2101060245,,3600,1714370
,201,1,,3,5624102,14,14,Yardi Agresta ,1,1815308,5624102.14,0,720929800014,3600.007,3600.127,0.007,,0.0,0,2873,,TEAM BMTR ,bbbbbb,000000,aaaaaa,0,C,167,za,158,179,0,1,54.0,3,1,1,Vet,0,,20,20,0,0,0,164,0.91,59,144,2.7,2.7,146,0,2.9,3.1,4.0,4.5,5.9,6.5,7.3,154.0,167.0,214.0,242.0,320.0,349.0,392.0,0,0,,1,,,,0,,-1,BMTR Short Adventure,TYPE_RIDE,0,2026/06/29,2101060245,,3600,1815308
,201,1,,3,5624076,2,0,Yardi Agresta ,1,1815308,5624076.2,0,720925500002,3600.001,3600.001,0,,0.0,0,2873,,TEAM BMTR ,bbbbbb,000000,aaaaaa,0,N/A,167,za,0,0,0,0,54.0,3,1,1,Vet,0,,20,20,0,0,0,154,0.0,0,142,2.6,2.6,145,0,2.8,3.2,4.1,5.1,6.0,7.6,7.8,153.0,174.0,224.0,277.0,323.0,408.0,421.0,0,0,,1,,,,0,,-1,SZR Lazy Birdies,TYPE_RIDE,0,2026/06/29,604330868,,3600,1815308
,201,1,,4,5622786,7,7,Yardi Agresta ,1,1815308,5622786.7,0,720745100009,3600.022,3600.022,0.015,,0.0,0,2873,,TEAM BMTR ,bbbbbb,000000,aaaaaa,0,D,167,za,139,175,0,1,54.0,3,1,1,Vet,0,,20,20,0,0,0,134,0.73,74,101,1.9,1.9,102,0,2.0,2.8,3.4,4.9,6.5,6.7,7.2,108.0,153.0,182.0,262.0,349.0,360.0,386.0,0,0,,1,,,,0,,-1,Team Italy Burn Calories Together!,TYPE_RIDE,0,2026/06/27,4084028627,,3600,1815308
,201,1,,,5622773,53,0,Yardi Agresta ,1,1815308,5622773.53,0,720743500015,681.24,681.3,,,0.0,0,2873,,TEAM BMTR ,bbbbbb,000000,aaaaaa,0,DQ,167,za,176,186,0,1,54.0,3,0,1,Vet,0,,20,20,0,164.90,0,210,1.15,46,203,3.8,3.2,0,1,,4.0,4.4,4.9,5.1,5.5,6.0,,214.0,240.0,267.0,277.0,297.0,323.0,0,0,,1,,,,0,,-1,Tiny Race (4 of 4) by Zwift Insider,TYPE_RACE TYPE_RACE ,7,2026/06/27,2140131142,,,1815308
,201,1,,,5622768,57,0,Yardi Agresta ,1,1815308,5622768.57,0,720741200017,606.792,606.852,,,0.0,0,2873,,TEAM BMTR ,bbbbbb,000000,aaaaaa,0,DQ,167,za,173,185,0,1,54.0,3,0,1,Vet,0,,20,20,0,164.90,0,212,1.19,45,206,3.8,3.2,0,1,,4.3,4.5,4.8,4.9,5.5,5.6,,232.0,243.0,258.0,264.0,295.0,303.0,0,0,,1,,,,0,,-1,Tiny Race (3 of 4) by Zwift Insider,TYPE_RACE TYPE_RACE ,7,2026/06/27,2139708890,,,1815308
,233,0,,3,5622044,28,3,Blopa&reg;,1,1714370,5622044.28,0,720617700003,5400.002,5400.062,0.002,,0.0,1,2873,,TEAM BMTR ,bbbbbb,000000,aaaaaa,0,C,183,uy,127,163,0,1,66.7,3,1,1,Mas,0,,20,0,0,0,0,181,1.23,54,156,2.3,2.3,157,0,2.5,2.7,3.4,5.0,7.2,8.2,8.5,166.0,180.0,228.0,332.0,478.0,544.0,565.0,0,0,,1,,,,0,,-1,BMTR Short Adventure ,TYPE_RIDE,0,2026/06/26,1776635757,,3600,1714370
,233,0,,3,5621315,14,11,Blopa&reg;,1,1714370,5621315.14,0,720501100011,3004.407,2824.587,24,,0.0,1,2873,,TEAM BMTR ,bbbbbb,000000,aaaaaa,0,C,183,uy,140,157,0,1,66.7,3,1,1,Mas,0,,20,0,0,0,0,197,1.37,48,192,2.9,2.8,188,0,3.0,3.2,3.4,3.8,5.0,7.3,9.5,198.0,213.0,230.0,255.0,333.0,489.0,632.0,0,0,,1,,,,0,,-1,BMTR Chase Adventure,TYPE_RIDE,31,2026/06/25,4232620535,3,,1714370
,233,0,,4,5621297,41,15,Blopa&reg;,1,1714370,5621297.41,0,720496500015,2028.055,2028.235,265.082,,0.0,1,2873,,TEAM BMTR ,bbbbbb,000000,aaaaaa,0,D,183,uy,156,170,0,1,66.7,3,1,1,Mas,0,,20,0,0,0,0,226,1.41,47,220,3.3,3.1,212,0,3.4,3.5,3.8,4.5,5.3,5.5,7.5,224.0,235.0,255.0,299.0,351.0,370.0,503.0,0,0,,1,,,,0,,-1,WTRL Team Time Trial - Zone 11,TYPE_TEAM_TIME_TRIAL,21,2026/06/25,4012646479,1,,1714370
,201,1,,5,5602742,113,113,Yardi Agresta ,1,1815308,5602742.113,0,717775400109,2700.013,2700.013,0.013,,0.0,0,2873,,TEAM BMTR ,bbbbbb,000000,aaaaaa,0,E,167,za,150,164,0,1,54.0,3,1,1,Vet,0,,20,20,0,0,0,146,0.93,57,140,2.6,2.5,136,0,2.7,2.9,3.1,3.6,4.7,5.3,5.4,144.0,159.0,169.0,197.0,255.0,286.0,291.0,0,0,,1,,,,0,,-1,The XP Express with Shark Worx ,TYPE_RIDE,0,2026/06/24,3366225080,,2700,1815308
,201,1,,2,5594892,14,5,Yardi Agresta ,1,1815308,5594892.14,0,716313100005,1983.072,1983.132,5.721,,0.0,0,2873,,TEAM BMTR ,bbbbbb,000000,aaaaaa,0,B,167,za,169,180,0,1,54.0,3,1,1,Vet,0,,20,20,245.48,164.90,0,205,1.15,46,195,3.6,3.4,188,0,3.7,4.1,4.4,5.2,5.4,5.7,5.9,198.0,220.0,239.0,283.0,294.0,310.0,318.0,0,0,,1,,,,0,,-1,Stage 4: Level Up Racing: Issendorf Express,TYPE_RACE TYPE_RACE ,22,2026/06/24,112312944,3,,1815308
,233,0,,3,5620348,26,8,Blopa&reg;,1,1714370,5620348.26,0,720345900009,3600.005,3600.065,0.48,,0.0,1,2873,,TEAM BMTR ,bbbbbb,000000,aaaaaa,0,C,183,uy,120,141,0,1,66.7,3,1,1,Mas,0,,20,0,0,0,0,153,1.25,53,150,2.3,2.2,150,0,2.4,2.6,2.6,3.0,3.6,4.7,7.1,158.0,171.0,174.0,200.0,240.0,316.0,476.0,0,0,,1,,,,0,,-1,BMTR Short Adventure,TYPE_RIDE,0,2026/06/24,3366225080,,3600,1714370
,207,1,,3,5620348,28,10,Toody Merrill &#129528;BMTR RACING)&#129293; (CU),1,1002137,5620348.28,188,720345900007,3600.005,3600.065,0.48,,0.0,0,,,,00dd00,,,0,C,165,us,127,146,0,1,58.5,3,1,10,Jnr,0,,20,20,0,0,0,131,0.94,62,119,2.0,2.2,133,0,2.4,2.6,2.7,2.8,3.1,3.4,3.4,140.0,152.0,158.0,166.0,184.0,199.0,199.0,0,0,,1,,,,0,,-1,BMTR Short Adventure,TYPE_RIDE,0,2026/06/24,3366225080,,3600,1002137
,201,1,,3,5619572,63,10,Yardi Agresta ,1,1815308,5619572.63,18,720243800010,240.011,240.011,0.011,0,0.0,0,2873,,TEAM BMTR ,bbbbbb,000000,aaaaaa,0,C,167,za,151,177,0,1,54.0,3,1,10,Vet,0,,20,20,230.75,164.90,0,229,1.56,34,235,4.4,0.0,0,1,,,4.2,4.4,4.5,4.6,4.6,,,229.0,236.0,243.0,246.0,247.0,0,0,,1,,,,0,,-1,VO2sday Micro Race (5 of 5) by Zwift Insider,TYPE_RACE TYPE_RACE ,0,2026/06/23,3379779247,,240,1815308
,201,1,,3,5619555,56,4,Yardi Agresta ,1,1815308,5619555.56,27,720240700004,240.005,240.005,0.004,0,0.0,0,2873,,TEAM BMTR ,bbbbbb,000000,aaaaaa,0,C,167,za,142,176,0,1,54.0,3,1,10,Vet,0,,20,20,199.05,164.90,0,232,1.68,32,239,4.4,0.0,0,1,,,4.4,4.6,4.6,4.6,4.6,,,237.0,246.0,248.0,251.0,251.0,0,0,,1,,,,0,,-1,VO2sday Micro Race (4 of 5) by Zwift Insider,TYPE_RACE TYPE_RACE ,0,2026/06/23,211138252,,240,1815308
,201,1,,3,5619551,59,3,Yardi Agresta ,1,1815308,5619551.59,16,720239600003,240.001,240.001,0.001,0,0.0,0,2873,,TEAM BMTR ,bbbbbb,000000,aaaaaa,0,C,167,za,154,172,0,1,54.0,3,1,10,Vet,0,,20,20,206.52,164.90,0,233,1.56,34,241,4.5,0.0,0,1,,,4.5,4.6,4.8,4.9,4.9,,,244.0,247.0,258.0,266.0,266.0,0,0,,1,,,,0,,-1,VO2sday Micro Race (3 of 5) by Zwift Insider,TYPE_RACE TYPE_RACE ,0,2026/06/23,3367186349,,240,1815308
,201,1,,3,5619507,2,2,Yardi Agresta ,1,1815308,5619507.2,0,720229400002,3600.002,3600.002,0,,0.0,0,2873,,TEAM BMTR ,bbbbbb,000000,aaaaaa,0,C,167,za,155,172,0,1,54.0,3,1,1,Vet,0,,20,20,0,0,0,175,1.02,52,158,2.9,2.9,157,0,3.1,3.4,4.0,4.9,6.4,7.0,8.0,166.0,183.0,217.0,262.0,344.0,380.0,432.0,0,0,,1,,,,0,,-1,The Herd Gallops,TYPE_RIDE,0,2026/06/23,319138658,,3600,1815308
,207,1,,4,5612314,5,5,Toody Merrill &#129528;BMTR RACING)&#129293; (CU),1,1002137,5612314.5,186,719179800005,3600.003,3600.003,0.003,,0.0,0,,,,00dd00,,,0,D,165,us,119,148,0,1,58.5,3,1,10,Jnr,0,,20,20,0,0,0,112,0.87,66,104,1.8,1.8,106,0,1.9,2.4,2.7,2.9,3.0,3.1,3.1,112.0,138.0,159.0,170.0,174.0,181.0,181.0,0,0,,1,,,,0,,-1,HCC Wellness ride p/b Pinarello,TYPE_RIDE,0,2026/06/22,1258526800,,3600,1002137
,201,1,,3,5617568,18,18,Yardi Agresta ,1,1815308,5617568.18,0,719940600018,5400.015,5400.015,0.015,,0.0,0,2873,,TEAM BMTR ,bbbbbb,000000,aaaaaa,0,C,167,za,138,162,0,1,54.0,3,1,1,Vet,0,,20,20,0,0,0,138,0.89,60,123,2.3,2.2,123,0,2.4,2.9,3.5,4.3,5.6,6.5,7.0,130.0,156.0,190.0,231.0,302.0,353.0,376.0,0,0,,1,,,,0,,-1,BMTR Short Adventure,TYPE_RIDE,0,2026/06/21,3261167746,,5400,1815308
,233,0,,4,5609323,29,2,Blopa&reg;,1,1714370,5609323.29,0,718758800002,8049.224,8049.224,9.18,,0.0,1,2873,,TEAM BMTR ,bbbbbb,000000,aaaaaa,0,D,183,uy,144,166,0,1,66.7,3,1,1,Mas,0,,20,0,176.11,164.89,0,202,1.34,49,193,2.9,3.1,209,0,3.3,3.6,3.7,4.0,4.5,5.5,6.7,221.0,237.0,248.0,266.0,302.0,370.0,447.0,0,0,,1,,,,0,,-1,ECRO World Tour | Chasing Suisse - Stage 5,TYPE_RACE TYPE_RACE ,50,2026/06/21,3801241714,3,,1714370
,233,0,,4,5609318,37,1,Blopa&reg;,0,1714370,5609318.37,0,718756000001,7259.777,7259.777,0,,0.0,1,2873,,TEAM BMTR ,bbbbbb,000000,aaaaaa,0,D,183,uy,149,168,0,1,66.7,3,1,1,Mas,0,,20,0,166.33,168.00,3.11,217,1.42,47,211,3.2,3.1,209,0,3.3,3.7,4.0,4.1,4.7,5.5,6.0,221.0,245.0,264.0,276.0,315.0,364.0,402.0,0,0,,1,,,,0,,-1,ECRO World Tour | Chasing Suisse - Stage 4,TYPE_RACE TYPE_RACE ,46,2026/06/20,2969952077,1,,1714370
,233,0,,4,5609313,40,1,Blopa&reg;,0,1714370,5609313.40,0,718753700001,1794.884,1794.884,0,0,0.0,1,2873,,TEAM BMTR ,bbbbbb,000000,aaaaaa,0,D,183,uy,165,174,0,1,66.7,3,1,1,Mas,0,,20,0,168.76,172.82,4.82,242,1.46,45,241,3.6,3.4,228,0,3.6,3.7,4.0,4.3,4.7,5.3,5.7,240.0,249.0,269.0,286.0,312.0,355.0,378.0,0,0,,1,,,,0,,-1,ECRO World Tour | Chasing Suisse - Stage 3 (ITT),TYPE_RACE TYPE_RACE ,11,2026/06/19,3114603308,,,1714370
,201,1,,3,5616100,31,11,Yardi Agresta ,0,1815308,5616100.31,0,719716200013,5400.014,5400.074,0.014,,0.0,0,2873,,TEAM BMTR ,bbbbbb,000000,aaaaaa,0,C,167,za,154,166,0,1,54.0,3,1,1,Vet,0,,20,20,0,0,0,138,0.86,62,133,2.5,2.6,140,0,2.7,2.9,3.1,3.2,3.4,4.0,5.2,148.0,155.0,165.0,171.0,185.0,216.0,281.0,0,0,,1,,,,0,,-1,BMTR Short Adventure ,TYPE_RIDE,0,2026/06/19,319138658,,3600,1815308
,207,1,,3,5616100,22,2,Toody Merrill &#129528;BMTR RACING)&#129293; (CU),0,1002137,5616100.22,186,719716200002,5400.003,5400.063,0.003,,0.0,0,,,,00dd00,,,0,C,165,us,133,156,0,1,58.5,3,1,10,Jnr,0,,20,20,0,0,0,147,1.02,57,136,2.3,2.4,145,0,2.6,2.8,3.1,3.6,3.7,3.7,3.7,153.0,165.0,180.0,208.0,214.0,218.0,218.0,0,0,,1,,,,0,,-1,BMTR Short Adventure ,TYPE_RIDE,0,2026/06/19,319138658,,3600,1002137
,201,1,,5,5618256,50,50,Yardi Agresta ,0,1815308,5618256.50,0,720060100045,2700.012,2700.012,0.012,,0.0,0,2873,,TEAM BMTR ,bbbbbb,000000,aaaaaa,0,E,167,za,160,180,0,1,54.0,3,1,1,Vet,0,,20,20,0,0,0,163,0.94,57,151,2.8,2.7,149,0,2.9,3.4,4.0,4.4,4.6,6.7,7.0,157.0,181.0,215.0,239.0,251.0,359.0,378.0,0,0,,1,,,,0,,-1,The XP Express with Team Vegan ,TYPE_RIDE,0,2026/06/19,243949867,,2700,1815308
,207,1,,4,5615310,2,2,Toody Merrill &#129528;BMTR RACING)&#129293; (CU),0,1002137,5615310.2,18,719596700002,2434.649,2434.829,0.259,,0.0,0,,,,00dd00,,,0,D,165,us,153,184,0,1,58.5,3,1,10,Jnr,0,,20,20,0,0,0,173,1.07,54,163,2.8,2.7,157,0,2.8,3.2,4.2,5.5,6.7,7.7,7.8,166.0,185.0,247.0,319.0,394.0,450.0,457.0,0,0,,1,,,,0,,-1,WTRL Team Time Trial - Zone 12,TYPE_TEAM_TIME_TRIAL TYPE_RACE ,26,2026/06/18,3680493479,1,,1002137
,201,1,,4,5615310,6,6,Yardi Agresta ,0,1815308,5615310.6,0,719596700006,2436.058,2436.238,1.668,,0.0,0,2873,,TEAM BMTR ,bbbbbb,000000,aaaaaa,0,D,167,za,162,175,0,1,54.0,3,1,1,Vet,0,,20,20,0,0,0,148,0.86,62,139,2.6,2.5,135,0,2.6,2.9,3.3,3.9,4.5,5.2,5.6,143.0,155.0,180.0,211.0,241.0,281.0,302.0,0,0,,1,,,,0,,-1,WTRL Team Time Trial - Zone 12,TYPE_TEAM_TIME_TRIAL TYPE_RACE ,26,2026/06/18,3680493479,1,,1815308
,201,1,,3,5615295,38,13,Yardi Agresta ,0,1815308,5615295.38,0,719594000013,2809.105,2629.285,60.578,,0.0,0,2873,,TEAM BMTR ,bbbbbb,000000,aaaaaa,0,C,167,za,165,172,0,1,54.0,3,1,1,Vet,0,,20,20,0,0,0,172,0.98,54,162,3.0,3.0,162,0,3.2,3.7,4.3,4.4,4.5,5.2,5.5,171.0,198.0,232.0,236.0,244.0,278.0,296.0,0,0,,1,,,,0,,-1,BMTR Chase Adventure,TYPE_RIDE,26,2026/06/18,4084028627,1,,1815308
,233,0,,4,5609308,39,2,Blopa&reg;,0,1714370,5609308.39,0,718751200002,5497.937,5497.937,293.295,,0.0,1,2873,,TEAM BMTR ,bbbbbb,000000,aaaaaa,0,D,183,uy,151,169,0,1,66.8,3,1,1,Mas,0,,20,0,181.88,175.40,2.58,219,1.4,47,211,3.2,3.3,221,0,3.5,3.9,4.1,4.3,5.1,5.3,5.7,233.0,262.0,277.0,285.0,339.0,356.0,381.0,0,0,,1,,,,0,,-1,ECRO World Tour | Chasing Suisse - Stage 2,TYPE_RACE TYPE_RACE ,43,2026/06/18,2218409282,1,,1714370
,201,1,,4,5615277,31,31,Yardi Agresta ,0,1815308,5615277.31,0,719589400031,2282.78,2282.96,267.718,,0.0,0,2873,,TEAM BMTR ,bbbbbb,000000,aaaaaa,0,D,167,za,168,178,0,1,54.0,3,1,1,Vet,0,,20,20,0,0,0,181,1.02,52,172,3.2,3.1,171,0,3.4,3.5,3.9,4.5,4.8,5.2,6.1,181.0,187.0,212.0,244.0,259.0,279.0,328.0,0,0,,1,,,,0,,-1,WTRL Team Time Trial - Zone 11,TYPE_TEAM_TIME_TRIAL TYPE_RACE ,26,2026/06/18,3680493479,1,,1815308
,207,1,,4,5615277,36,36,Toody Merrill &#129528;BMTR RACING)&#129293; (CU),0,1002137,5615277.36,27,719589400036,2310.287,2310.467,295.225,,0.0,0,,,,00dd00,,,0,D,165,us,157,180,0,1,58.5,3,1,10,Jnr,0,,20,20,0,0,0,188,1.17,49,184,3.1,3.0,178,0,3.2,3.5,3.8,4.2,5.0,6.0,6.7,188.0,202.0,223.0,248.0,290.0,351.0,391.0,0,0,,1,,,,0,,-1,WTRL Team Time Trial - Zone 11,TYPE_TEAM_TIME_TRIAL TYPE_RACE ,26,2026/06/18,3680493479,1,,1002137
,233,0,,4,5609301,35,2,Blopa&reg;,0,1714370,5609301.35,0,718748500002,6343.612,6343.612,18.976,,0.0,1,2873,,TEAM BMTR ,bbbbbb,000000,aaaaaa,0,D,183,uy,158,173,0,1,66.8,3,1,1,Mas,0,,20,0,225.30,175.40,0,226,1.38,48,218,3.3,3.3,225,0,3.5,3.9,4.2,4.5,4.7,4.9,5.3,237.0,263.0,279.0,298.0,316.0,330.0,356.0,0,0,,1,,,,0,,-1,ECRO World Tour | Chasing Suisse - Stage 1,TYPE_RACE TYPE_RACE ,46,2026/06/17,2064290391,1,,1714370
,207,1,,4,5614363,69,13,Toody Merrill &#129528;BMTR RACING)&#129293; (CU),0,1002137,5614363.69,210,719458200013,3600.009,3600.129,0.009,,0.0,0,,,,00dd00,,,0,D,165,us,122,148,0,1,58.5,3,1,10,Jnr,0,,20,20,0,0,0,104,0.75,77,92,1.6,1.6,97,0,1.8,2.0,2.5,3.1,3.3,3.5,3.5,103.0,119.0,146.0,183.0,194.0,203.0,203.0,0,0,,1,,,,0,,-1,BMTR Short Adventure,TYPE_RIDE,0,2026/06/17,3680493479,,3600,1002137
,201,1,,3,5614363,28,6,Yardi Agresta ,0,1815308,5614363.28,0,719458100006,3600.004,3600.064,0.004,,0.0,0,2873,,TEAM BMTR ,bbbbbb,000000,aaaaaa,0,C,167,za,153,166,0,1,54.0,3,1,1,Vet,0,,20,20,0,0,0,131,0.8,67,123,2.3,2.3,124,0,2.4,2.7,3.2,4.2,4.5,5.5,5.8,131.0,148.0,173.0,229.0,241.0,297.0,315.0,0,0,,1,,,,0,,-1,BMTR Short Adventure,TYPE_RIDE,0,2026/06/17,3680493479,,3600,1815308
,201,1,,5,5608672,114,114,Yardi Agresta ,0,1815308,5608672.114,0,718641800114,2700.023,2700.023,0.023,,0.0,0,2873,,TEAM BMTR ,bbbbbb,000000,aaaaaa,0,E,167,za,171,180,0,1,54.0,3,1,1,Vet,0,,20,20,0,0,0,178,0.96,55,165,3.1,3.1,171,0,3.4,3.9,4.5,4.9,5.1,5.5,6.1,181.0,208.0,245.0,265.0,275.0,298.0,329.0,0,0,,1,,,,0,,-1,The XP Express,TYPE_RIDE,0,2026/06/17,243949867,,2700,1815308
,207,1,,4,5613364,19,0,Toody Merrill &#129528;BMTR RACING)&#129293; (CU),0,1002137,5613364.19,188,719315700019,3600.014,3600.014,0.0,,0.0,0,,,,00dd00,,,0,N/A,165,us,112,137,0,1,58.5,3,1,10,Jnr,0,,20,20,0,0,0,106,0.88,66,98,1.7,1.7,104,0,1.9,2.0,2.2,2.5,2.7,2.8,2.8,110.0,118.0,131.0,148.0,158.0,163.0,163.0,0,0,,1,,,,0,,-1,REVO Social SUB2,TYPE_RIDE,0,2026/06/16,3680493479,,3600,1002137
,207,1,,5,5591430,6,6,Toody Merrill &#129528;BMTR RACING)&#129293; (CU),0,1002137,5591430.6,27,715599600006,3600.007,3600.007,0.007,,0.0,0,,,,00dd00,,,0,E,165,us,112,133,0,1,58.5,3,1,10,Jnr,0,,20,20,0,0,0,94,0.79,74,88,1.5,1.6,97,0,1.8,2.0,2.1,2.2,2.2,2.4,2.4,103.0,116.0,121.0,128.0,131.0,139.0,139.0,0,0,,1,,,,0,,-1,Cavernous Malformation Awareness Day Ride ,TYPE_RIDE,0,2026/06/15,1064303857,,3600,1002137
,233,0,,3,5612294,2,2,Blopa&reg;,0,1714370,5612294.2,0,719176800003,3600.0,3600.12,0,,0.0,1,2873,,TEAM BMTR ,bbbbbb,000000,aaaaaa,0,C,183,uy,124,169,0,1,66.8,3,1,1,Mas,0,,20,0,0,0,0,172,1.23,54,153,2.3,2.4,160,0,2.5,2.8,3.4,4.4,6.3,9.0,10.5,169.0,187.0,225.0,292.0,421.0,604.0,703.0,0,0,,1,,,,0,,-1,BMTR Short Adventure,TYPE_RIDE,0,2026/06/15,553661379,,3600,1714370
,207,1,,5,5612293,2,2,Toody Merrill &#129528;BMTR RACING)&#129293; (CU),0,1002137,5612293.2,40,719176700002,1800.008,1800.008,0.005,,0.0,0,,,,00dd00,,,0,E,165,us,106,134,0,1,58.5,3,1,10,Jnr,0,,20,20,0,0,0,92,0.78,74,83,1.4,1.4,82,0,1.5,1.8,2.3,2.6,2.8,3.1,3.1,87.0,104.0,135.0,150.0,165.0,183.0,183.0,0,0,,1,,,,0,,-1,SROZs No Stress Express,TYPE_RIDE,0,2026/06/15,2128890027,,1800,1002137
,207,1,,5,5610049,1,1,Toody Merrill &#129528;BMTR RACING)&#129293; (CU),0,1002137,5610049.1,26,718866400001,1590.842,1590.842,0.0,,0.0,0,,,,00dd00,,,0,E,165,us,160,177,0,1,58.5,1,1,10,Jnr,0,,20,20,0,0,0,123,0.76,77,121,2.1,2.0,116,0,2.1,2.3,2.3,2.4,2.4,2.5,2.5,123.0,132.0,135.0,139.0,143.0,144.0,144.0,0,0,,1,,,,0,,-1,Epic Run Crew: Friday Five ,TYPE_RIDE TYPE_RUN ,5,2026/06/12,3603635554,,,1002137
,201,1,,3,5608997,26,5,Yardi Agresta ,0,1815308,5608997.26,0,718690300005,2830.656,2830.776,126.138,,0.0,0,2873,,TEAM BMTR ,bbbbbb,000000,aaaaaa,0,C,167,za,154,170,0,1,54.0,3,1,1,Vet,0,,20,20,0,0,0,155,0.94,57,145,2.7,2.6,144,0,2.8,3.2,3.4,4.0,4.1,5.8,6.1,152.0,173.0,186.0,218.0,224.0,313.0,331.0,0,0,,1,,,,0,,-1,WTRL Team Time Trial - Zone 12,TYPE_TEAM_TIME_TRIAL TYPE_RACE ,27,2026/06/11,872351836,1,,1815308
,201,1,,3,5608984,49,19,Yardi Agresta ,0,1815308,5608984.49,0,718687900019,2802.873,2563.113,105.189,,0.0,0,2873,,TEAM BMTR ,bbbbbb,000000,aaaaaa,0,C,167,za,158,171,0,1,54.0,3,1,1,Vet,0,,20,20,0,0,0,175,1.04,52,164,3.0,2.9,158,0,3.1,3.5,3.8,4.3,4.7,5.9,6.4,167.0,187.0,203.0,234.0,254.0,318.0,346.0,0,0,,1,,,,0,,-1,BMTR Chase Adventure,TYPE_RIDE,26,2026/06/11,1671282746,1,,1815308
,207,1,,3,5608984,21,3,Toody Merrill &#129528;BMTR RACING)&#129293; (CU),0,1002137,5608984.21,184,718687900003,2765.728,2525.968,68.044,,0.0,0,,,,00dd00,,,0,C,165,us,151,182,0,1,58.5,3,1,10,Jnr,0,,20,20,0,0,0,177,1.06,55,160,2.7,2.9,174,0,3.1,4.0,4.3,4.5,4.7,5.0,5.0,184.0,233.0,249.0,266.0,276.0,295.0,295.0,0,0,,1,,,,0,,-1,BMTR Chase Adventure,TYPE_RIDE,26,2026/06/11,1671282746,1,,1002137
,233,0,,3,5608984,45,16,Blopa&reg;,0,1714370,5608984.45,0,718687900016,2796.302,2556.542,98.618,,0.0,1,2873,,TEAM BMTR ,bbbbbb,000000,aaaaaa,0,C,183,uy,139,166,0,1,66.7,3,1,1,Mas,0,,20,0,0,0,0,203,1.34,49,186,2.8,2.7,184,0,2.9,3.6,3.7,4.2,5.2,5.9,6.3,194.0,238.0,245.0,279.0,347.0,393.0,417.0,0,0,,1,,,,0,,-1,BMTR Chase Adventure,TYPE_RIDE,26,2026/06/11,1671282746,1,,1714370
,233,0,,4,5608967,25,25,Blopa&reg;,0,1714370,5608967.25,0,718683400025,2617.984,2618.164,376.994,,0.0,1,2873,,TEAM BMTR ,bbbbbb,000000,aaaaaa,0,D,183,uy,150,164,0,1,66.7,3,1,1,Mas,0,,20,0,0,0,0,216,1.4,47,210,3.2,3.0,203,0,3.2,3.5,3.8,4.1,4.5,4.7,5.3,214.0,233.0,255.0,272.0,297.0,310.0,353.0,0,0,,1,,,,0,,-1,WTRL Team Time Trial - Zone 11,TYPE_TEAM_TIME_TRIAL TYPE_RACE ,27,2026/06/11,872351836,1,,1714370
,201,1,,4,5608967,27,27,Yardi Agresta ,0,1815308,5608967.27,0,718683400027,2622.882,2623.062,381.892,,0.0,0,2873,,TEAM BMTR ,bbbbbb,000000,aaaaaa,0,D,167,za,167,178,0,1,54.0,3,1,1,Vet,0,,20,20,0,0,0,172,0.97,55,162,3.0,2.9,159,0,3.1,3.5,3.9,4.2,4.8,5.7,6.9,168.0,189.0,208.0,226.0,260.0,306.0,373.0,0,0,,1,,,,0,,-1,WTRL Team Time Trial - Zone 11,TYPE_TEAM_TIME_TRIAL TYPE_RACE ,27,2026/06/11,872351836,1,,1815308
,207,1,,4,5608967,24,24,Toody Merrill &#129528;BMTR RACING)&#129293; (CU),0,1002137,5608967.24,20,718683400024,2611.629,2611.809,370.639,,0.0,0,,,,00dd00,,,0,D,165,us,161,182,0,1,58.5,3,1,10,Jnr,0,,20,20,0,0,0,187,1.14,51,183,3.1,3.0,176,0,3.2,3.6,4.1,4.4,5.0,5.4,5.5,186.0,210.0,242.0,256.0,290.0,315.0,322.0,0,0,,1,,,,0,,-1,WTRL Team Time Trial - Zone 11,TYPE_TEAM_TIME_TRIAL TYPE_RACE ,27,2026/06/11,872351836,1,,1002137
,201,1,,3,5607886,61,35,Yardi Agresta ,0,1815308,5607886.61,0,718537300035,3600.024,3600.084,0.023,,0.0,0,2873,,TEAM BMTR ,bbbbbb,000000,aaaaaa,0,C,167,za,0,0,0,0,54.0,3,1,1,Vet,0,,20,20,0,0,0,153,0.0,0,131,2.4,2.4,133,0,2.6,3.3,4.5,4.9,5.4,7.1,8.4,141.0,179.0,242.0,267.0,291.0,384.0,454.0,0,0,,1,,,,0,,-1,BMTR Short Adventure,TYPE_RIDE,0,2026/06/10,2128890027,,3600,1815308
,233,0,,3,5607886,30,4,Blopa&reg;,0,1714370,5607886.30,0,718537300004,3600.005,3600.065,0.004,,0.0,1,2873,,TEAM BMTR ,bbbbbb,000000,aaaaaa,0,C,183,uy,128,169,0,1,66.7,3,1,1,Mas,0,,20,0,0,0,0,170,1.18,56,151,2.3,2.2,152,0,2.4,3.0,4.2,5.4,5.9,6.2,6.7,160.0,198.0,278.0,363.0,393.0,416.0,447.0,0,0,,1,,,,0,,-1,BMTR Short Adventure,TYPE_RIDE,0,2026/06/10,2128890027,,3600,1714370
,233,0,,2,5594609,33,6,Blopa&reg;,0,1714370,5594609.33,0,716171600007,2028.689,2028.749,15.929,,0.0,1,2873,,TEAM BMTR ,bbbbbb,000000,aaaaaa,0,B,183,uy,164,175,0,1,66.7,3,1,1,Mas,0,,20,0,279.31,175.40,0,245,1.45,46,237,3.6,3.4,228,0,3.6,4.0,4.3,4.6,5.2,5.9,6.3,240.0,265.0,285.0,308.0,348.0,390.0,417.0,0,0,,1,,,,0,,-1,Stage 2: Level Up Racing: BRAEk-fast Crits and Grits,TYPE_RACE TYPE_RACE ,22,2026/06/09,377566656,1,,1714370
,207,1,,2,5594609,35,8,Toody Merrill &#129528;BMTR RACING)&#129293; (CU),0,1002137,5594609.35,16,716171600009,2038.877,2038.937,26.117,,0.0,0,,,,00dd00,,,0,B,165,us,170,182,0,1,58.5,3,1,10,Jnr,0,,20,20,297.67,567.11,60.47,208,1.21,48,205,3.5,3.3,194,0,3.5,3.8,4.2,4.4,4.8,5.4,5.7,205.0,220.0,244.0,260.0,282.0,315.0,334.0,0,0,,1,,,,0,,-1,Stage 2: Level Up Racing: BRAEk-fast Crits and Grits,TYPE_RACE TYPE_RACE ,22,2026/06/09,377566656,1,,1002137
,201,1,,3,5605644,62,62,Yardi Agresta ,0,1815308,5605644.62,0,718235100062,3600.022,3600.142,0.022,,0.0,0,2873,,TEAM BMTR ,bbbbbb,000000,aaaaaa,0,C,167,za,147,162,0,1,54.0,3,1,1,Vet,0,,20,20,0,0,0,141,0.93,58,136,2.5,2.5,134,0,2.6,2.8,3.0,3.4,3.9,4.9,5.4,142.0,149.0,162.0,183.0,212.0,266.0,289.0,0,0,,1,,,,0,,-1,BMTR Short Adventure,TYPE_RIDE,0,2026/06/08,1880443431,,3600,1815308
,207,1,,3,5605644,4,4,Toody Merrill &#129528;BMTR RACING)&#129293; (CU),0,1002137,5605644.4,190,718235100003,3600.0,3600.12,0.0,,0.0,0,,,,00dd00,,,0,C,165,us,129,154,0,1,58.5,3,1,10,Jnr,0,,20,20,0,0,0,142,1.0,58,129,2.2,2.3,139,0,2.5,2.7,2.9,3.2,3.4,3.6,3.6,147.0,158.0,170.0,190.0,197.0,213.0,213.0,0,0,,1,,,,0,,-1,BMTR Short Adventure,TYPE_RIDE,0,2026/06/08,1880443431,,3600,1002137
,233,0,,3,5605644,40,40,Blopa&reg;,0,1714370,5605644.40,0,718235100040,3600.01,3600.13,0.01,,0.0,1,2873,,TEAM BMTR ,bbbbbb,000000,aaaaaa,0,C,183,uy,131,174,0,1,66.7,3,1,1,Mas,0,,20,0,0,0,0,191,1.24,53,162,2.4,2.4,162,0,2.6,3.1,3.5,4.9,7.5,10.7,11.6,171.0,209.0,234.0,325.0,503.0,716.0,774.0,0,0,,1,,,,0,,-1,BMTR Short Adventure,TYPE_RIDE,0,2026/06/08,1880443431,,3600,1714370
,201,1,,3,5604609,21,21,Yardi Agresta ,0,1815308,5604609.21,0,718060600021,5400.014,5400.014,0.014,,0.0,0,2873,,TEAM BMTR ,bbbbbb,000000,aaaaaa,0,C,167,za,138,174,0,1,54.0,3,1,1,Vet,0,,20,20,0,0,0,145,0.96,56,133,2.5,2.4,133,0,2.6,3.2,4.2,5.5,6.2,6.6,6.9,140.0,174.0,228.0,297.0,333.0,356.0,375.0,0,0,,1,,,,0,,-1,BMTR Short Adventure,TYPE_RIDE,0,2026/06/07,136140280,,5400,1815308
,233,0,,3,5604609,7,7,Blopa&reg;,0,1714370,5604609.7,0,718060600007,5400.007,5400.007,0.007,,0.0,1,2873,,TEAM BMTR ,bbbbbb,000000,aaaaaa,0,C,183,uy,121,146,0,1,66.7,3,1,1,Mas,0,,20,0,0,0,0,159,1.25,53,151,2.3,2.4,163,0,2.6,2.8,2.9,3.2,3.5,4.0,4.8,172.0,188.0,195.0,212.0,231.0,264.0,322.0,0,0,,1,,,,0,,-1,BMTR Short Adventure,TYPE_RIDE,0,2026/06/07,136140280,,5400,1714370
,207,1,,1,5603764,15,15,Toody Merrill &#129528;BMTR RACING)&#129293; (CU),0,1002137,5603764.15,186,717929500015,18805.189,18805.189,4668.485,,0.0,0,,,,00dd00,,,0,A,165,us,138,159,0,1,58.5,3,1,10,Jnr,0,,20,20,0,0,0,123,0.86,67,119,2.0,2.1,128,0,2.3,2.5,2.8,3.3,3.6,3.6,3.6,135.0,145.0,163.0,195.0,208.0,212.0,212.0,0,0,,1,,,,0,,-1,The BMTR Fundo,TYPE_RIDE,161,2026/06/06,2836167073,,,1002137
,207,1,,5,5603755,1,1,Toody Merrill &#129528;BMTR RACING)&#129293; (CU),0,1002137,5603755.1,26,717927800001,1800.002,1800.002,0.0,,0.0,0,,,,00dd00,,,0,E,165,us,110,119,0,1,58.5,3,1,10,Jnr,0,,20,20,0,0,0,96,0.85,68,94,1.6,1.5,91,0,1.6,1.7,1.8,1.9,2.1,2.2,2.2,96.0,100.0,105.0,113.0,122.0,126.0,126.0,0,0,,1,,,,0,,-1,BMTR Banded Warmup,TYPE_RIDE,0,2026/06/06,3262665065,,1800,1002137
,201,1,,3,5603036,63,31,Yardi Agresta ,0,1815308,5603036.63,0,717819900031,5400.025,5400.085,0.025,,0.0,0,2873,,TEAM BMTR ,bbbbbb,000000,aaaaaa,0,C,167,za,134,160,0,1,54.0,3,1,1,Vet,0,,20,20,0,0,0,137,0.98,55,131,2.4,2.4,132,0,2.6,3.0,3.6,4.3,4.8,5.2,6.2,139.0,162.0,193.0,230.0,261.0,281.0,335.0,0,0,,1,,,,0,,-1,BMTR Short Adventure ,TYPE_RIDE,0,2026/06/05,1064303857,,3600,1815308
,201,1,,3,5601228,44,2,Yardi Agresta ,0,1815308,5601228.44,0,717278200002,2291.284,2291.404,0.411,,0.0,0,2873,,TEAM BMTR ,bbbbbb,000000,aaaaaa,0,C,167,za,164,174,0,1,54.0,3,1,1,Vet,0,,20,20,0,0,0,173,0.99,54,163,3.0,2.9,156,0,3.1,3.3,3.8,4.2,4.4,5.2,5.7,165.0,180.0,206.0,225.0,239.0,283.0,305.0,0,0,,1,,,,0,,-1,WTRL Team Time Trial - Zone 12,TYPE_TEAM_TIME_TRIAL TYPE_RACE ,26,2026/06/04,2474227587,2,,1815308
,207,1,,4,5601228,2,2,Toody Merrill &#129528;BMTR RACING)&#129293; (CU),0,1002137,5601228.2,18,717278300002,2308.99,2309.17,0.036,,0.0,0,,,,00dd00,,,0,D,165,us,164,186,0,1,58.5,3,1,10,Jnr,0,,20,20,0,0,0,176,1.05,55,173,3.0,2.8,166,0,3.0,3.3,3.9,4.6,5.3,6.3,7.0,175.0,194.0,226.0,270.0,308.0,368.0,410.0,0,0,,1,,,,0,,-1,WTRL Team Time Trial - Zone 12,TYPE_TEAM_TIME_TRIAL TYPE_RACE ,26,2026/06/04,2474227587,2,,1002137
,201,1,,3,5601214,65,16,Yardi Agresta ,0,1815308,5601214.65,0,717275700016,2903.958,2604.258,129.431,,0.0,0,2873,,TEAM BMTR ,bbbbbb,000000,aaaaaa,0,C,167,za,158,168,0,1,54.0,3,1,1,Vet,0,,20,20,0,0,0,171,1.05,51,166,3.1,3.0,162,0,3.2,3.4,3.7,4.0,4.2,4.8,5.7,171.0,183.0,199.0,216.0,227.0,261.0,309.0,0,0,,1,,,,0,,-1,BMTR Chase Adventure,TYPE_RIDE,29,2026/06/04,3302953739,3,,1815308
,233,0,,3,5601214,57,8,Blopa&reg;,0,1714370,5601214.57,0,717275700008,2900.746,2601.046,126.219,,0.0,1,2873,,TEAM BMTR ,bbbbbb,000000,aaaaaa,0,C,183,uy,146,164,0,1,66.7,3,1,1,Mas,0,,20,0,0,0,0,207,1.4,47,204,3.1,2.9,196,0,3.1,3.2,3.6,4.5,4.9,5.0,5.1,207.0,214.0,241.0,297.0,327.0,332.0,340.0,0,0,,1,,,,0,,-1,BMTR Chase Adventure,TYPE_RIDE,29,2026/06/04,3302953739,3,,1714370
,201,1,,4,5601197,31,31,Yardi Agresta ,0,1815308,5601197.31,0,717271200031,2350.588,2350.768,407.427,,0.0,0,2873,,TEAM BMTR ,bbbbbb,000000,aaaaaa,0,D,167,za,162,179,0,1,54.0,3,1,1,Vet,0,,20,20,0,0,0,191,1.07,50,174,3.2,3.4,188,0,3.7,3.8,4.3,4.5,4.9,5.4,5.6,198.0,206.0,232.0,241.0,264.0,290.0,303.0,0,0,,1,,,,0,,-1,WTRL Team Time Trial - Zone 11,TYPE_TEAM_TIME_TRIAL TYPE_RACE ,26,2026/06/04,2474227587,2,,1815308
,233,0,,4,5601197,29,29,Blopa&reg;,0,1714370,5601197.29,0,717271200029,2316.303,2316.483,373.142,,0.0,1,2873,,TEAM BMTR ,bbbbbb,000000,aaaaaa,0,D,183,uy,155,165,0,1,66.7,3,1,1,Mas,0,,20,0,0,0,0,221,1.39,48,215,3.2,3.1,208,0,3.3,3.4,3.7,4.0,4.2,4.5,4.8,219.0,229.0,248.0,268.0,281.0,297.0,317.0,0,0,,1,,,,0,,-1,WTRL Team Time Trial - Zone 11,TYPE_TEAM_TIME_TRIAL TYPE_RACE ,26,2026/06/04,2474227587,2,,1714370
,207,1,,4,5601197,32,32,Toody Merrill &#129528;BMTR RACING)&#129293; (CU),0,1002137,5601197.32,109,717271200032,2351.935,2352.115,408.774,,0.0,0,,,,00dd00,,,0,D,165,us,159,172,0,1,58.5,3,1,10,Jnr,0,,20,20,0,0,0,191,1.16,50,184,3.1,3.2,189,0,3.4,3.8,4.3,4.9,5.3,6.0,6.3,199.0,221.0,253.0,284.0,313.0,352.0,368.0,0,0,,1,,,,0,,-1,WTRL Team Time Trial - Zone 11,TYPE_TEAM_TIME_TRIAL TYPE_RACE ,26,2026/06/04,2474227587,2,,1002137
,201,1,,3,5600323,38,4,Yardi Agresta ,0,1815308,5600323.38,0,717144500004,3600.002,3600.062,0.002,,0.0,0,2873,,TEAM BMTR ,bbbbbb,000000,aaaaaa,0,C,167,za,131,153,0,1,54.0,3,1,1,Vet,0,,20,20,0,0,0,127,0.9,59,118,2.2,2.1,115,0,2.3,2.5,2.9,3.7,5.0,6.7,7.5,122.0,135.0,159.0,198.0,268.0,361.0,407.0,0,0,,1,,,,0,,-1,BMTR Short Adventure,TYPE_RIDE,0,2026/06/03,1064303857,,3600,1815308
,233,0,,3,5600323,54,20,Blopa&reg;,0,1714370,5600323.54,0,717144500020,3600.009,3600.069,0.009,,0.0,1,2873,,TEAM BMTR ,bbbbbb,000000,aaaaaa,0,C,183,uy,122,146,0,1,66.7,3,1,1,Mas,0,,20,0,0,0,0,155,1.23,54,150,2.3,2.2,146,0,2.3,2.6,3.1,3.5,3.9,4.2,4.5,154.0,175.0,204.0,235.0,260.0,279.0,303.0,0,0,,1,,,,0,,-1,BMTR Short Adventure,TYPE_RIDE,0,2026/06/03,1064303857,,3600,1714370
,201,1,,1,5594384,36,36,Yardi Agresta ,0,1815308,5594384.36,0,716059000037,2175.498,2175.498,61.012,,0.0,0,2873,,TEAM BMTR ,bbbbbb,000000,aaaaaa,0,A,167,za,167,176,0,1,54.0,3,1,1,Vet,0,,20,20,390.54,164.90,0,194,1.11,48,186,3.5,3.3,180,0,3.5,3.9,4.2,4.9,5.5,5.7,6.3,190.0,208.0,225.0,266.0,299.0,308.0,338.0,0,0,,1,,,,0,,-1,Stage 1: Level Up Racing: Sprinters Playground,TYPE_RACE TYPE_RACE ,25,2026/06/02,3356878261,2,,1815308
,233,0,,1,5594384,35,35,Blopa&reg;,0,1714370,5594384.35,0,716059000035,2175.021,2175.021,60.535,,0.0,1,2873,,TEAM BMTR ,bbbbbb,000000,aaaaaa,0,A,183,uy,161,175,0,1,66.7,3,1,1,Mas,0,,20,0,379.06,175.40,0,238,1.43,46,230,3.5,3.4,227,0,3.6,3.9,4.5,4.8,5.8,7.1,7.9,239.0,261.0,300.0,318.0,387.0,475.0,529.0,0,0,,1,,,,0,,-1,Stage 1: Level Up Racing: Sprinters Playground,TYPE_RACE TYPE_RACE ,25,2026/06/02,3356878261,2,,1714370
,201,1,,3,5599333,60,13,Yardi Agresta ,0,1815308,5599333.60,14,717003700013,240.017,240.017,0.608,0,0.0,0,2873,,TEAM BMTR ,bbbbbb,000000,aaaaaa,0,C,167,za,170,179,0,1,54.0,3,1,10,Vet,0,,20,20,342.95,164.90,0,230,1.41,38,239,4.4,0.0,0,1,,,4.5,4.6,5.1,5.3,5.3,,,241.0,250.0,276.0,285.0,286.0,0,0,,1,,,,0,,-1,VO2sday Micro Race (5 of 5) by Zwift Insider,TYPE_RACE TYPE_RACE ,0,2026/06/02,1178708985,,240,1815308
,201,1,,3,5599330,61,13,Yardi Agresta ,0,1815308,5599330.61,16,717002600013,240.012,240.012,0.012,0,0.0,0,2873,,TEAM BMTR ,bbbbbb,000000,aaaaaa,0,C,167,za,170,179,0,1,54.0,3,1,10,Vet,0,,20,20,369.32,164.90,0,198,1.36,39,232,4.3,0.0,0,1,,3.5,4.5,4.8,5.2,5.3,5.3,,190.0,242.0,257.0,283.0,286.0,286.0,0,0,,1,,,,0,,-1,VO2sday Micro Race (4 of 5) by Zwift Insider,TYPE_RACE TYPE_RACE ,0,2026/06/02,2422779354,,240,1815308
,201,1,,3,5599327,53,6,Yardi Agresta ,0,1815308,5599327.53,17,717002000006,240.005,240.005,0.005,0,0.0,0,2873,,TEAM BMTR ,bbbbbb,000000,aaaaaa,0,C,167,za,171,178,0,1,54.0,3,1,10,Vet,0,,20,20,298.18,164.90,0,198,1.41,38,241,4.5,0.0,0,1,,3.6,4.4,4.5,4.6,4.8,4.9,,193.0,238.0,243.0,250.0,260.0,262.0,0,0,,1,,,,0,,-1,VO2sday Micro Race (3 of 5) by Zwift Insider,TYPE_RACE TYPE_RACE ,0,2026/06/02,1942591558,,240,1815308
,201,1,,3,5599326,63,13,Yardi Agresta ,0,1815308,5599326.63,90,717001600013,240.032,240.032,0.032,0,0.0,0,2873,,TEAM BMTR ,bbbbbb,000000,aaaaaa,0,C,167,za,174,180,0,1,54.0,3,1,10,Vet,0,,20,20,390.68,164.90,0,209,1.39,38,242,4.5,0.0,0,1,,2.9,4.6,4.6,4.9,5.2,5.7,,159.0,246.0,249.0,262.0,281.0,306.0,0,0,,1,,,,0,,-1,VO2sday Micro Race (2 of 5) by Zwift Insider,TYPE_RACE TYPE_RACE ,0,2026/06/02,3051823795,,240,1815308
,201,1,,3,5599318,64,15,Yardi Agresta ,0,1815308,5599318.64,16,717000000015,240.029,240.029,0.028,0,0.0,0,2873,,TEAM BMTR ,bbbbbb,000000,aaaaaa,0,C,167,za,177,181,0,1,54.0,3,1,10,Vet,0,,20,20,466.87,164.90,0,214,1.5,35,266,4.9,0.0,0,1,,4.1,5.1,5.6,5.8,6.0,6.0,,221.0,274.0,301.0,315.0,323.0,325.0,0,0,,1,,,,0,,-1,VO2sday Micro Race (1 of 5) by Zwift Insider,TYPE_RACE TYPE_RACE ,0,2026/06/02,1552189318,,240,1815308
,233,0,,3,5598418,1,1,Blopa&reg;,0,1714370,5598418.1,0,716877600001,3600.0,3600.12,0,,0.0,1,2873,,TEAM BMTR ,bbbbbb,000000,aaaaaa,0,C,183,uy,133,179,0,1,66.7,3,1,1,Mas,0,,20,0,0,0,0,183,1.24,53,165,2.5,2.4,165,0,2.6,3.1,3.9,5.3,7.8,10.6,11.2,174.0,207.0,262.0,350.0,520.0,709.0,747.0,0,0,,1,,,,0,,-1,BMTR Short Adventure,TYPE_RIDE,0,2026/06/01,3742187716,,3600,1714370
,201,1,,3,5598418,22,22,Yardi Agresta ,0,1815308,5598418.22,0,716877600022,3600.009,3600.129,0.009,,0.0,0,2873,,TEAM BMTR ,bbbbbb,000000,aaaaaa,0,C,167,za,149,160,0,1,54.0,3,1,1,Vet,0,,20,20,0,0,0,144,0.95,57,141,2.6,2.5,139,0,2.7,2.9,3.1,3.2,3.5,3.9,4.7,147.0,157.0,165.0,173.0,187.0,212.0,253.0,0,0,,1,,,,0,,-1,BMTR Short Adventure,TYPE_RIDE,0,2026/06/01,3742187716,,3600,1815308
,201,1,,3,5597617,25,25,Yardi Agresta ,0,1815308,5597617.25,0,716770100024,5400.016,5400.016,0.016,,0.0,0,2873,,TEAM BMTR ,bbbbbb,000000,aaaaaa,0,C,167,za,141,168,0,1,54.0,3,1,1,Vet,0,,20,20,0,0,0,148,0.94,57,133,2.5,2.6,140,0,2.7,3.1,3.9,4.9,5.4,6.4,7.0,148.0,167.0,209.0,265.0,291.0,345.0,378.0,0,0,,1,,,,0,,-1,BMTR Short Adventure,TYPE_RIDE,0,2026/05/31,4258943387,,5400,1815308
,233,0,,1,5596894,14,14,Blopa&reg;,0,1714370,5596894.14,0,716659600014,15588.579,15588.579,1558.876,,0.0,1,2873,,TEAM BMTR ,bbbbbb,000000,aaaaaa,0,A,183,uy,136,171,0,1,66.7,3,1,1,Mas,0,,20,0,0,0,0,182,1.26,53,171,2.6,2.9,196,0,3.1,3.8,4.0,4.1,4.4,4.8,5.1,207.0,253.0,268.0,274.0,294.0,317.0,338.0,0,0,,1,,,,0,,-1,The BMTR Fundo,TYPE_RIDE,161,2026/05/30,3974965857,,,1714370
,201,1,,1,5596894,16,16,Yardi Agresta ,0,1815308,5596894.16,0,716659600016,15591.288,15591.288,1561.585,,0.0,0,2873,,TEAM BMTR ,bbbbbb,000000,aaaaaa,0,A,167,za,151,175,0,1,54.0,3,1,1,Vet,0,,20,20,0,0,0,158,0.94,57,142,2.6,3.0,163,0,3.2,3.9,4.0,4.6,5.5,7.3,7.5,172.0,212.0,216.0,247.0,298.0,394.0,404.0,0,0,,1,,,,0,,-1,The BMTR Fundo,TYPE_RIDE,161,2026/05/30,3974965857,,,1815308
,201,1,,3,5596096,63,35,Yardi Agresta ,0,1815308,5596096.63,0,716543500035,5400.028,5400.088,0.028,,0.0,0,2873,,TEAM BMTR ,bbbbbb,000000,aaaaaa,0,C,167,za,135,160,0,1,54.0,3,1,1,Vet,0,,20,20,0,0,0,141,0.96,56,129,2.4,2.5,136,0,2.7,2.9,3.4,4.0,5.0,6.7,7.0,144.0,157.0,183.0,215.0,270.0,363.0,379.0,0,0,,1,,,,0,,-1,BMTR Short Adventure ,TYPE_RIDE,0,2026/05/29,3407362320,,3600,1815308
,233,0,,3,5596096,49,21,Blopa&reg;,0,1714370,5596096.49,0,716543500020,5400.012,5400.072,0.012,,0.0,1,2873,,TEAM BMTR ,bbbbbb,000000,aaaaaa,0,C,183,uy,130,169,0,1,66.7,3,1,1,Mas,0,,20,0,0,0,0,180,1.22,54,158,2.4,2.4,162,0,2.6,2.9,3.8,5.0,7.2,8.8,9.8,171.0,192.0,254.0,330.0,481.0,586.0,653.0,0,0,,1,,,,0,,-1,BMTR Short Adventure ,TYPE_RIDE,0,2026/05/29,3407362320,,3600,1714370
,207,1,,3,5593943,33,1,Toody Merrill &#129528;BMTR RACING)&#129293; (CU),0,1002137,5593943.33,16,715948600001,2440.561,2440.681,0.0,,0.0,0,,,,00dd00,,,0,C,165,us,167,183,0,1,58.5,3,1,10,Jnr,0,,20,20,0,0,0,177,1.03,56,172,2.9,2.8,166,0,3.0,3.2,3.4,3.9,5.5,7.2,7.8,175.0,188.0,200.0,227.0,324.0,423.0,455.0,0,0,,1,,,,0,,-1,WTRL Team Time Trial - Zone 12,TYPE_TEAM_TIME_TRIAL TYPE_RACE ,26,2026/05/28,3282611437,2,,1002137
,201,1,,3,5593943,40,8,Yardi Agresta ,0,1815308,5593943.40,0,715948600008,2441.783,2441.903,1.222,,0.0,0,2873,,TEAM BMTR ,bbbbbb,000000,aaaaaa,0,C,167,za,157,170,0,1,54.0,3,1,1,Vet,0,,20,20,0,0,0,163,0.97,55,152,2.8,2.7,149,0,2.9,3.5,3.6,4.2,4.5,5.7,6.0,157.0,188.0,197.0,228.0,243.0,310.0,322.0,0,0,,1,,,,0,,-1,WTRL Team Time Trial - Zone 12,TYPE_TEAM_TIME_TRIAL TYPE_RACE ,26,2026/05/28,3282611437,2,,1815308
,233,0,,3,5587042,32,10,Blopa&reg;,0,1714370,5587042.32,0,715001500010,2820.455,2520.755,146.887,,0.0,1,2873,,TEAM BMTR ,bbbbbb,000000,aaaaaa,0,C,183,uy,150,174,0,1,66.7,3,1,1,Mas,0,,20,0,0,0,0,214,1.39,47,209,3.1,3.0,202,0,3.2,3.8,4.0,4.4,5.0,5.5,6.3,213.0,251.0,268.0,293.0,334.0,369.0,420.0,0,0,,1,,,,0,,-1,BMTR Chase Adventure,TYPE_RIDE,25,2026/05/28,3864857876,1,,1714370
,201,1,,3,5587042,34,12,Yardi Agresta ,0,1815308,5587042.34,0,715001500012,2821.538,2521.838,147.97,,0.0,0,2873,,TEAM BMTR ,bbbbbb,000000,aaaaaa,0,C,167,za,161,176,0,1,54.0,3,1,1,Vet,0,,20,20,0,0,0,181,1.08,49,174,3.2,3.2,172,0,3.4,3.8,4.1,4.4,4.8,5.0,5.6,182.0,206.0,221.0,240.0,258.0,271.0,301.0,0,0,,1,,,,0,,-1,BMTR Chase Adventure,TYPE_RIDE,25,2026/05/28,3864857876,1,,1815308
,233,0,,4,5593913,21,21,Blopa&reg;,0,1714370,5593913.21,0,715942000021,2326.869,2327.049,216.868,,0.0,1,2873,,TEAM BMTR ,bbbbbb,000000,aaaaaa,0,D,183,uy,159,171,0,1,66.7,3,1,1,Mas,0,,20,0,0,0,0,224,1.36,49,216,3.2,3.0,206,0,3.3,3.6,3.8,4.7,5.6,7.2,7.5,217.0,243.0,252.0,310.0,370.0,483.0,501.0,0,0,,1,,,,0,,-1,WTRL Team Time Trial - Zone 11,TYPE_TEAM_TIME_TRIAL TYPE_RACE ,26,2026/05/28,3282611437,2,,1714370
,201,1,,4,5593913,26,26,Yardi Agresta ,0,1815308,5593913.26,0,715942000026,2327.426,2327.606,217.425,,0.0,0,2873,,TEAM BMTR ,bbbbbb,000000,aaaaaa,0,D,167,za,166,175,0,1,54.0,3,1,1,Vet,0,,20,20,0,0,0,182,1.04,51,173,3.2,3.0,166,0,3.2,3.6,4.0,4.5,4.8,6.1,8.1,175.0,197.0,214.0,245.0,259.0,327.0,435.0,0,0,,1,,,,0,,-1,WTRL Team Time Trial - Zone 11,TYPE_TEAM_TIME_TRIAL TYPE_RACE ,26,2026/05/28,3282611437,2,,1815308
,207,1,,4,5593913,23,23,Toody Merrill &#129528;BMTR RACING)&#129293; (CU),0,1002137,5593913.23,16,715942000023,2327.193,2327.373,217.192,,0.0,0,,,,00dd00,,,0,D,165,us,166,175,0,1,58.5,3,1,10,Jnr,0,,20,20,0,0,0,188,1.11,52,185,3.2,3.0,179,0,3.2,3.6,3.9,4.1,4.5,5.9,7.0,189.0,213.0,228.0,238.0,262.0,347.0,409.0,0,0,,1,,,,0,,-1,WTRL Team Time Trial - Zone 11,TYPE_TEAM_TIME_TRIAL TYPE_RACE ,26,2026/05/28,3282611437,2,,1002137
,201,1,,3,5592981,51,28,Yardi Agresta ,0,1815308,5592981.51,0,715804300028,3600.018,3600.078,0.018,,0.0,0,2873,,TEAM BMTR ,bbbbbb,000000,aaaaaa,0,C,167,za,144,171,0,1,54.0,3,1,1,Vet,0,,20,20,0,0,0,156,0.91,59,131,2.4,2.5,135,0,2.6,3.0,4.0,4.8,6.0,7.2,7.9,143.0,163.0,218.0,260.0,325.0,391.0,425.0,0,0,,1,,,,0,,-1,BMTR Short Adventure,TYPE_RIDE,0,2026/05/27,2569385980,,3600,1815308
,233,0,,3,5592981,49,26,Blopa&reg;,0,1714370,5592981.49,0,715804300025,3600.016,3600.076,0.016,,0.0,1,2873,,TEAM BMTR ,bbbbbb,000000,aaaaaa,0,C,183,uy,132,162,0,1,66.7,3,1,1,Mas,0,,20,0,0,0,0,164,1.2,55,158,2.4,2.3,157,0,2.5,2.8,3.4,3.8,4.4,4.8,5.2,166.0,185.0,225.0,255.0,293.0,318.0,345.0,0,0,,1,,,,0,,-1,BMTR Short Adventure,TYPE_RIDE,0,2026/05/27,2569385980,,3600,1714370
,207,1,,4,5592981,87,18,Toody Merrill &#129528;BMTR RACING)&#129293; (CU),0,1002137,5592981.87,185,715804400018,3600.014,3600.134,0.013,,0.0,0,,,,00dd00,,,0,D,165,us,116,138,0,1,58.5,3,1,10,Jnr,0,,20,20,0,0,0,107,0.83,70,96,1.6,1.5,88,0,1.6,2.0,2.2,2.5,2.9,2.9,2.9,93.0,117.0,126.0,146.0,168.0,171.0,171.0,0,0,,1,,,,0,,-1,BMTR Short Adventure,TYPE_RIDE,0,2026/05/27,2569385980,,3600,1002137
,201,1,,3,5590764,48,48,Yardi Agresta ,0,1815308,5590764.48,0,715514400048,3600.029,3600.149,0.029,,0.0,0,2873,,TEAM BMTR ,bbbbbb,000000,aaaaaa,0,C,167,za,139,161,0,1,54.0,3,1,1,Vet,0,,20,20,0,0,0,136,0.94,57,130,2.4,2.4,133,0,2.6,2.8,3.1,3.6,3.9,4.2,4.4,140.0,152.0,169.0,194.0,211.0,225.0,239.0,0,0,,1,,,,0,,-1,BMTR Short Adventure,TYPE_RIDE,0,2026/05/25,1509089537,,3600,1815308
,201,1,,3,5589694,57,57,Yardi Agresta ,0,1815308,5589694.57,0,715385700057,5400.026,5400.026,0.026,,0.0,0,2873,,TEAM BMTR ,bbbbbb,000000,aaaaaa,0,C,167,za,140,168,0,1,54.0,3,1,1,Vet,0,,20,20,0,0,0,151,0.94,57,132,2.5,2.5,137,0,2.7,3.0,4.1,5.2,5.5,6.1,6.4,145.0,164.0,222.0,280.0,297.0,327.0,348.0,0,0,,1,,,,0,,-1,BMTR Short Adventure,TYPE_RIDE,0,2026/05/24,928793662,,5400,1815308
,233,0,,3,5589694,8,8,Blopa&reg;,0,1714370,5589694.8,0,715385700008,5400.002,5400.002,0.002,,0.0,1,2873,,TEAM BMTR ,bbbbbb,000000,aaaaaa,0,C,183,uy,134,179,0,1,66.7,3,1,1,Mas,0,,20,0,0,0,0,187,1.19,55,160,2.4,2.4,163,0,2.6,3.0,3.8,5.3,8.1,10.6,11.4,172.0,201.0,256.0,352.0,537.0,705.0,760.0,0,0,,1,,,,0,,-1,BMTR Short Adventure,TYPE_RIDE,0,2026/05/24,928793662,,5400,1714370
,207,1,,5,5567393,11,10,Toody Merrill &#129528;BMTR RACING)&#129293; (CU),0,1002137,5567393.11,26,712250900010,4897.164,4897.164,1602.14,,0.0,0,,,,00dd00,,,0,E,165,us,140,157,0,1,58.5,3,1,10,Jnr,0,,20,20,0,0,0,148,1.05,55,147,2.5,2.5,149,0,2.7,2.9,3.1,3.4,3.4,3.6,3.6,157.0,167.0,182.0,198.0,201.0,212.0,212.0,0,0,,1,,,,0,,-1,Alpe 75 & 85 min Pace & Chase 50/45/40.,TYPE_RIDE,17,2026/05/23,2663908549,1,,1002137
,201,1,,1,5588828,23,23,Yardi Agresta ,0,1815308,5588828.23,0,715262700023,15587.048,15587.048,1486.065,,0.0,0,2873,,TEAM BMTR ,bbbbbb,000000,aaaaaa,0,A,167,za,136,185,0,1,54.0,3,1,1,Vet,0,,20,20,0,0,0,164,1.08,49,147,2.7,3.0,163,0,3.2,3.7,4.4,5.3,6.4,7.1,7.3,172.0,198.0,238.0,288.0,344.0,385.0,395.0,0,0,,1,,,,0,,-1,The BMTR Fundo,TYPE_RIDE,161,2026/05/23,3636436865,,,1815308
,201,1,,5,5588818,21,21,Yardi Agresta ,0,1815308,5588818.21,0,715260900021,1800.027,1800.027,0.026,,0.0,0,2873,,TEAM BMTR ,bbbbbb,000000,aaaaaa,0,E,167,za,148,173,0,1,54.0,3,1,1,Vet,0,,20,20,0,0,0,152,0.87,61,129,2.4,2.2,0,1,,3.2,4.1,4.5,4.7,5.1,5.8,,171.0,223.0,244.0,252.0,275.0,315.0,0,0,,1,,,,0,,-1,BMTR Banded Warmup,TYPE_RIDE,0,2026/05/23,186601870,,1800,1815308
,201,1,,3,5572989,43,14,Yardi Agresta ,0,1815308,5572989.43,0,713026500014,2600.328,2600.328,299.615,,0.0,0,2873,,TEAM BMTR ,bbbbbb,000000,aaaaaa,0,C,167,za,171,178,0,1,54.0,3,1,1,Vet,0,,20,20,193.08,164.90,0,204,1.14,47,195,3.6,3.7,199,0,3.9,4.2,4.4,5.0,6.7,7.3,7.9,210.0,229.0,240.0,271.0,361.0,392.0,427.0,0,0,,1,,,,0,,-1,ECRO World Tour | Chasing Pink - Stage 9,TYPE_RACE TYPE_RACE ,26,2026/05/21,4084028627,1,,1815308
,207,1,,4,5587024,28,28,Toody Merrill &#129528;BMTR RACING)&#129293; (CU),0,1002137,5587024.28,16,714996900028,2750.033,2750.213,582.056,,0.0,0,,,,00dd00,,,0,D,165,us,154,173,0,1,58.5,3,1,10,Jnr,0,,20,20,0,0,0,187,1.19,49,183,3.1,3.0,176,0,3.2,3.4,3.7,4.0,4.3,4.8,5.2,186.0,197.0,216.0,234.0,254.0,282.0,302.0,0,0,,1,,,,0,,-1,WTRL Team Time Trial - Zone 11,TYPE_TEAM_TIME_TRIAL TYPE_RACE ,28,2026/05/21,107363867,3,,1002137
,207,1,,4,5585869,75,7,Toody Merrill &#129528;BMTR RACING)&#129293; (CU),0,1002137,5585869.75,184,714835200007,3600.003,3600.123,0.003,,0.0,0,,,,00dd00,,,0,D,165,us,120,146,0,1,58.5,3,1,10,Jnr,0,,20,20,0,0,0,120,0.93,63,111,1.9,2.0,119,0,2.2,2.3,2.4,2.9,3.2,3.3,3.3,126.0,135.0,142.0,171.0,187.0,192.0,192.0,0,0,,1,,,,0,,-1,BMTR Short Adventure,TYPE_RIDE,0,2026/05/20,1600198346,,3600,1002137
,207,1,,3,5584922,9,1,Toody Merrill &#129528;BMTR RACING)&#129293; (CU),0,1002137,5584922.9,22,714709700001,297.806,297.806,0.0,0,0.0,0,,,,00dd00,,,0,C,165,us,172,177,0,1,58.5,3,1,10,Jnr,0,,20,20,0,491.00,0,234,1.38,42,237,4.1,0.0,0,1,,,4.2,4.6,5.2,5.4,5.5,,,248.0,272.0,305.0,317.0,321.0,0,0,,1,,,,0,,-1,Mountain Massif Mini TT series - Race 3,TYPE_RACE TYPE_RACE ,3,2026/05/19,3765339356,,,1002137
,207,1,,4,5583651,78,20,Toody Merrill &#129528;BMTR RACING)&#129293; (CU),0,1002137,5583651.78,26,714536600020,3600.013,3600.193,0.013,,0.0,0,,,,00dd00,,,0,D,165,us,114,141,0,1,58.5,3,1,10,Jnr,0,,20,20,0,0,0,99,0.82,70,94,1.6,1.6,95,0,1.7,1.9,2.0,2.3,2.5,2.8,2.8,100.0,112.0,118.0,133.0,149.0,164.0,164.0,0,0,,1,,,,0,,-1,BMTR Short Adventure,TYPE_RIDE,0,2026/05/18,986252325,,3600,1002137
,201,1,,3,5583651,28,28,Yardi Agresta ,0,1815308,5583651.28,0,714536500028,3600.012,3600.132,0.758,,0.0,0,2873,,TEAM BMTR ,bbbbbb,000000,aaaaaa,0,C,167,za,144,169,0,1,54.4,3,1,1,Vet,0,,20,20,0,0,0,148,0.94,58,135,2.5,2.5,135,0,2.6,3.2,3.6,4.7,5.7,6.5,6.7,143.0,172.0,196.0,255.0,309.0,356.0,362.0,0,0,,1,,,,0,,-1,BMTR Short Adventure,TYPE_RIDE,0,2026/05/18,986252325,,3600,1815308
,201,1,,2,5495442,19,6,Yardi Agresta ,0,1815308,5495442.19,0,702005000006,4917.236,4917.236,130.988,,0.0,0,2873,,TEAM BMTR ,bbbbbb,000000,aaaaaa,0,B,167,za,146,166,0,1,54.4,3,1,1,Vet,0,,20,20,196.36,164.90,0,162,1.05,51,153,2.8,2.8,152,0,3.0,3.3,3.8,4.4,6.1,6.6,6.7,161.0,177.0,207.0,240.0,330.0,358.0,367.0,0,0,,1,,,,0,,-1,FRR Grand Tour Triquetra 2nd Edition - Stage 21,TYPE_RACE TYPE_RACE ,50,2026/05/17,3364574135,7,,1815308
,207,1,,5,5557975,7,6,Toody Merrill &#129528;BMTR RACING)&#129293; (CU),0,1002137,5557975.7,27,710523100006,4371.368,4371.368,377.813,,0.0,0,,,,00dd00,,,0,E,165,us,156,174,0,1,58.5,3,1,10,Jnr,0,,20,20,0,0,0,169,1.08,54,168,2.9,2.9,171,0,3.1,3.2,3.4,3.6,3.6,3.7,3.7,181.0,190.0,199.0,211.0,213.0,217.0,217.0,0,0,,1,,,,0,,-1,Alpe 70 & 85 min Pace & Chase 50/45/40 😈🍍,TYPE_RIDE,17,2026/05/16,2663908549,1,,1002137
,201,1,,2,5495432,16,2,Yardi Agresta ,0,1815308,5495432.16,0,702000900002,13678.708,13678.708,1542.613,,0.0,0,2873,,TEAM BMTR ,bbbbbb,000000,aaaaaa,0,B,167,za,148,172,0,1,54.4,3,1,1,Vet,0,,20,20,0,164.90,0,168,1.01,53,150,2.8,3.2,175,0,3.4,3.8,4.6,5.0,5.5,6.5,6.9,185.0,207.0,252.0,273.0,297.0,352.0,373.0,0,0,,1,,,,0,,-1,FRR Grand Tour Triquetra 2nd Edition - Stage 20,TYPE_RACE TYPE_RACE ,101,2026/05/16,2878180967,,,1815308
,201,1,,2,5495420,16,2,Yardi Agresta ,0,1815308,5495420.16,0,701996600002,5397.557,5397.557,205.918,-2123.557,5058.557,0,2873,,TEAM BMTR ,bbbbbb,000000,aaaaaa,0,B,167,za,161,172,0,1,54.4,3,1,1,Vet,0,,20,20,0,164.90,0,189,1.14,47,183,3.4,3.3,184,0,3.6,3.8,4.2,4.6,4.9,5.2,5.6,194.0,206.0,226.0,250.0,264.0,284.0,304.0,0,0,,1,,,,0,,-1,FRR Grand Tour Triquetra 2nd Edition - Stage 19,TYPE_RACE TYPE_RACE ,30,2026/05/15,1766405776,,,1815308
,233,0,,2,5495407,17,5,Blopa&reg;,0,1714370,5495407.17,0,701992200005,3718.853,3718.853,29.393,,0.0,1,2873,,TEAM BMTR ,bbbbbb,000000,aaaaaa,0,B,183,uy,150,165,0,1,66.7,3,1,1,Mas,0,,20,0,214.18,175.40,0,229,1.49,44,223,3.3,3.3,222,0,3.5,3.9,4.3,4.4,4.6,5.0,5.5,234.0,259.0,287.0,296.0,310.0,335.0,365.0,0,0,,1,,,,0,,-1,FRR Grand Tour Triquetra 2nd Edition - Stage 18,TYPE_RACE TYPE_RACE ,40,2026/05/14,2888820995,,,1714370
,201,1,,2,5495407,15,3,Yardi Agresta ,0,1815308,5495407.15,0,701992200003,3691.983,3691.983,2.523,,0.0,0,2873,,TEAM BMTR ,bbbbbb,000000,aaaaaa,0,B,167,za,164,177,0,1,54.4,3,1,1,Vet,0,,20,20,194.71,164.90,0,197,1.12,48,183,3.4,3.3,180,0,3.5,4.0,4.6,5.0,5.7,6.2,6.5,190.0,216.0,251.0,274.0,309.0,337.0,353.0,0,0,,1,,,,0,,-1,FRR Grand Tour Triquetra 2nd Edition - Stage 18,TYPE_RACE TYPE_RACE ,40,2026/05/14,2888820995,,,1815308
,207,1,,4,5580086,59,30,Toody Merrill &#129528;BMTR RACING)&#129293; (CU),0,1002137,5580086.59,18,714027400030,2685.611,2685.791,402.63,,0.0,0,,,,00dd00,,,0,D,165,us,161,177,0,1,58.5,3,1,10,Jnr,0,,20,20,0,0,0,181,1.11,52,179,3.1,2.9,172,0,3.1,3.3,3.6,4.0,4.6,5.0,5.1,182.0,194.0,210.0,235.0,271.0,292.0,297.0,0,0,,1,,,,0,,-1,WTRL Team Time Trial - Zone 11,TYPE_TEAM_TIME_TRIAL,29,2026/05/14,928793662,2,,1002137
,207,1,,5,5579181,6,6,Toody Merrill &#129528;BMTR RACING)&#129293; (CU),0,1002137,5579181.6,0,713894400005,3600.0,3720.228,1.085,120.228,-120.228,0,,,,00dd00,,,0,E,165,us,157,0,0,1,58.5,3,1,10,Jnr,0,,20,20,0,0,0,0,1.02,57,160,2.7,2.7,0,1,,,,,,,,,,,,,,,0,0,,1,,,,0,,-1,Team I Race Like A Girl Workout,TYPE_WORKOUT TYPE_WORKOUT,0,2026/05/13,941280950,,3600,1002137
,201,1,,2,5495387,11,2,Yardi Agresta ,0,1815308,5495387.11,0,701986900002,4153.307,4153.307,0.182,,0.0,0,2873,,TEAM BMTR ,bbbbbb,000000,aaaaaa,0,B,167,za,164,178,0,1,54.4,3,1,1,Vet,0,,20,20,0,164.90,0,199,1.13,47,186,3.4,3.4,187,0,3.6,3.9,4.5,5.2,6.0,6.6,6.9,197.0,214.0,243.0,283.0,328.0,357.0,377.0,0,0,,1,,,,0,,-1,FRR Grand Tour Triquetra 2nd Edition - Stage 17,TYPE_RACE TYPE_RACE ,44,2026/05/13,2644664789,2,,1815308
,233,0,,2,5495387,12,3,Blopa&reg;,0,1714370,5495387.12,0,701986900003,4156.796,4156.796,3.671,,0.0,1,2873,,TEAM BMTR ,bbbbbb,000000,aaaaaa,0,B,183,uy,157,173,0,1,66.7,3,1,1,Mas,0,,20,0,0,175.40,0,243,1.51,44,237,3.6,3.4,232,0,3.7,4.0,4.3,4.6,5.0,5.2,5.5,245.0,270.0,286.0,307.0,332.0,345.0,366.0,0,0,,1,,,,0,,-1,FRR Grand Tour Triquetra 2nd Edition - Stage 17,TYPE_RACE TYPE_RACE ,44,2026/05/13,2644664789,2,,1714370
,233,0,,1,5495367,10,10,Blopa&reg;,0,1714370,5495367.10,0,701983400010,3844.316,3844.316,495.272,0,0.0,1,2873,,TEAM BMTR ,bbbbbb,000000,aaaaaa,0,A,183,uy,156,169,0,1,66.7,3,1,1,Mas,0,,20,0,153.61,184.08,8.68,234,1.47,45,230,3.5,3.4,231,0,3.7,3.9,4.0,4.2,4.7,4.9,5.6,244.0,258.0,268.0,283.0,313.0,324.0,376.0,0,0,,1,,,,0,,-1,FRR Grand Tour Triquetra 2nd Edition - ITT Stage 16,TYPE_TIME_TRIAL TYPE_RACE ,34,2026/05/12,2843604888,,,1714370
,201,1,,1,5495367,8,8,Yardi Agresta ,0,1815308,5495367.8,0,701983400008,3805.348,3805.348,456.304,0,0.0,0,2873,,TEAM BMTR ,bbbbbb,000000,aaaaaa,0,A,167,za,170,178,0,1,54.4,3,1,1,Vet,0,,20,20,136.71,172.64,7.75,203,1.14,47,193,3.6,3.7,201,0,3.9,4.2,4.3,4.4,4.6,5.0,6.6,212.0,227.0,234.0,239.0,249.0,271.0,360.0,0,0,,1,,,,0,,-1,FRR Grand Tour Triquetra 2nd Edition - ITT Stage 16,TYPE_TIME_TRIAL TYPE_RACE ,34,2026/05/12,2843604888,,,1815308
,201,1,,3,5576395,5,5,Yardi Agresta ,0,1815308,5576395.5,0,713512200004,3600.001,3600.121,0.001,,0.0,0,2873,,TEAM BMTR ,bbbbbb,000000,aaaaaa,0,C,167,za,146,168,0,1,54.4,3,1,1,Vet,0,,20,20,0,0,0,157,0.95,57,139,2.6,2.7,149,0,2.9,3.3,3.6,4.5,5.1,6.8,7.3,157.0,177.0,195.0,243.0,279.0,372.0,395.0,0,0,,1,,,,0,,-1,BMTR Short Adventure,TYPE_RIDE,0,2026/05/11,46799750,,3600,1815308
,233,0,,3,5576395,6,6,Blopa&reg;,0,1714370,5576395.6,26,713512200003,3600.001,3600.121,0.001,,0.0,1,2873,,TEAM BMTR ,bbbbbb,000000,aaaaaa,0,C,183,uy,132,162,0,1,66.7,3,1,10,Mas,0,,20,0,0,0,0,176,1.28,52,169,2.5,2.6,176,0,2.8,3.4,3.9,4.2,4.4,4.4,4.4,186.0,227.0,261.0,282.0,292.0,296.0,296.0,0,0,,1,,,,0,,-1,BMTR Short Adventure,TYPE_RIDE,0,2026/05/11,46799750,,3600,1714370
,201,1,,2,5495357,14,3,Yardi Agresta ,0,1815308,5495357.14,0,701980600003,6852.414,6852.414,661.669,,0.0,0,2873,,TEAM BMTR ,bbbbbb,000000,aaaaaa,0,B,167,za,165,176,0,1,54.4,3,1,1,Vet,0,,20,20,185.61,172.64,0,181,1.04,52,172,3.2,3.4,190,0,3.7,4.0,4.2,4.3,5.3,6.9,7.3,200.0,219.0,227.0,236.0,288.0,378.0,399.0,0,0,,1,,,,0,,-1,FRR Grand Tour Triquetra 2nd Edition - Stage 15,TYPE_RACE TYPE_RACE ,37,2026/05/10,1433431343,,,1815308
,233,0,,2,5495357,13,2,Blopa&reg;,0,1714370,5495357.13,0,701980600002,6849.113,6849.113,658.368,,0.0,1,2873,,TEAM BMTR ,bbbbbb,000000,aaaaaa,0,B,183,uy,144,167,0,1,66.7,3,1,1,Mas,0,,20,0,173.52,190.05,5.98,217,1.44,46,208,3.1,3.4,228,0,3.6,4.0,4.1,4.3,5.5,6.3,7.2,241.0,266.0,272.0,285.0,368.0,423.0,477.0,0,0,,1,,,,0,,-1,FRR Grand Tour Triquetra 2nd Edition - Stage 15,TYPE_RACE TYPE_RACE ,37,2026/05/10,1433431343,,,1714370
,233,0,,2,5495344,14,1,Blopa&reg;,0,1714370,5495344.14,0,701976600001,8202.208,8202.208,0,,0.0,1,2873,,TEAM BMTR ,bbbbbb,000000,aaaaaa,0,B,183,uy,153,177,0,1,66.7,3,1,1,Mas,0,,20,0,162.22,199.63,9.57,226,1.37,48,210,3.2,3.5,233,0,3.7,4.0,4.6,5.0,7.3,8.5,8.8,246.0,266.0,304.0,331.0,485.0,564.0,588.0,0,0,,1,,,,0,,-1,FRR Grand Tour Triquetra 2nd Edition - Stage 14,TYPE_RACE TYPE_RACE ,72,2026/05/09,2494975884,1,,1714370
,201,1,,2,5495344,15,2,Yardi Agresta ,0,1815308,5495344.15,0,701976600002,8204.73,8204.73,2.522,,0.0,0,2873,,TEAM BMTR ,bbbbbb,000000,aaaaaa,0,B,167,za,165,180,0,1,54.4,3,1,1,Vet,0,,20,20,169.75,174.36,1.72,185,1.03,52,170,3.1,3.6,195,0,3.8,4.2,4.8,5.0,5.8,6.1,6.3,206.0,226.0,260.0,270.0,315.0,330.0,341.0,0,0,,1,,,,0,,-1,FRR Grand Tour Triquetra 2nd Edition - Stage 14,TYPE_RACE TYPE_RACE ,72,2026/05/09,2494975884,1,,1815308
,201,1,,2,5495333,12,1,Yardi Agresta ,0,1815308,5495333.12,0,701971600001,4059.069,4059.189,0,,0.0,0,2873,,TEAM BMTR ,bbbbbb,000000,aaaaaa,0,B,167,za,164,181,0,1,54.4,3,1,1,Vet,0,,20,20,173.27,175.42,1.06,195,1.1,49,180,3.3,3.3,180,0,3.5,4.2,4.6,5.6,6.6,6.8,7.0,190.0,229.0,252.0,305.0,358.0,372.0,381.0,0,0,,1,,,,0,,-1,FRR Grand Tour Triquetra 2nd Edition - Stage 13,TYPE_RACE TYPE_RACE ,42,2026/05/08,2748657713,1,,1815308
,201,1,,2,5495323,12,2,Yardi Agresta ,0,1815308,5495323.12,0,701967800002,4280.219,4280.339,1.749,,0.0,0,2873,,TEAM BMTR ,bbbbbb,000000,aaaaaa,0,B,167,za,163,181,0,1,54.4,3,1,1,Vet,0,,20,20,175.45,177.39,1.98,196,1.09,50,177,3.3,3.2,176,0,3.4,3.7,4.5,5.7,7.0,7.4,7.6,186.0,203.0,247.0,311.0,382.0,402.0,416.0,0,0,,1,,,,0,,-1,FRR Grand Tour Triquetra 2nd Edition - Stage 12,TYPE_RACE TYPE_RACE ,45,2026/05/07,319138658,,,1815308
,233,0,,2,5495323,15,5,Blopa&reg;,0,1714370,5495323.15,0,701967800005,4281.75,4281.87,3.28,,0.0,1,2873,,TEAM BMTR ,bbbbbb,000000,aaaaaa,0,B,183,uy,152,173,0,1,66.7,3,1,1,Mas,0,,20,0,210.08,199.94,0.31,221,1.39,47,212,3.2,3.1,208,0,3.3,3.6,4.3,5.1,6.1,6.5,8.0,219.0,242.0,288.0,340.0,404.0,433.0,532.0,0,0,,1,,,,0,,-1,FRR Grand Tour Triquetra 2nd Edition - Stage 12,TYPE_RACE TYPE_RACE ,45,2026/05/07,319138658,,,1714370
,207,1,,5,5572534,9,9,Toody Merrill &#129528;BMTR RACING)&#129293; (CU),0,1002137,5572534.9,21,712928000009,1800.011,1800.011,0.011,,0.0,0,,,,00dd00,,,0,E,165,us,138,143,0,1,58.5,3,1,10,Jnr,0,,20,20,0,0,0,104,0.73,79,101,1.7,1.6,0,1,,1.7,1.9,2.0,2.1,2.2,2.2,,102.0,111.0,117.0,123.0,126.0,126.0,0,0,,1,,,,0,,-1,BMTR Banded Warmup,TYPE_RIDE,0,2026/05/07,2474227587,,1800,1002137
,207,1,,4,5572525,8,8,Toody Merrill &#129528;BMTR RACING)&#129293; (CU),0,1002137,5572525.8,16,712926100008,2642.095,2642.275,267.487,,0.0,0,,,,00dd00,,,0,D,165,us,166,186,0,1,58.5,3,1,10,Jnr,0,,20,20,0,0,0,195,1.13,51,188,3.2,3.1,181,0,3.3,3.5,3.8,4.8,6.2,6.9,7.2,191.0,207.0,221.0,281.0,365.0,406.0,424.0,0,0,,1,,,,0,,-1,WTRL Team Time Trial - Zone 11,TYPE_TEAM_TIME_TRIAL TYPE_RACE ,29,2026/05/07,3312037616,4,,1002137
,201,1,,2,5495313,23,8,Yardi Agresta ,0,1815308,5495313.23,0,701964000008,3463.91,3464.03,2.491,,0.0,0,2873,,TEAM BMTR ,bbbbbb,000000,aaaaaa,0,B,167,za,157,175,0,1,54.4,3,1,1,Vet,0,,20,20,218.70,177.39,0,180,1.07,50,168,3.1,3.0,165,0,3.2,3.7,4.6,5.0,5.7,6.3,6.6,174.0,200.0,248.0,274.0,308.0,344.0,359.0,0,0,,1,,,,0,,-1,FRR Grand Tour Triquetra 2nd Edition - Stage 11,TYPE_RACE TYPE_RACE ,36,2026/05/06,3453194200,1,,1815308
,233,0,,2,5495313,20,5,Blopa&reg;,0,1714370,5495313.20,0,701964000005,3463.172,3463.292,1.753,,0.0,1,2873,,TEAM BMTR ,bbbbbb,000000,aaaaaa,0,B,183,uy,145,170,0,1,66.8,3,1,1,Mas,0,,20,0,197.02,203.87,3.94,209,1.36,49,197,3.0,2.9,196,0,3.1,3.6,4.1,4.9,6.2,6.6,8.2,207.0,243.0,272.0,330.0,416.0,440.0,550.0,0,0,,1,,,,0,,-1,FRR Grand Tour Triquetra 2nd Edition - Stage 11,TYPE_RACE TYPE_RACE ,36,2026/05/06,3453194200,1,,1714370
,201,1,,2,5495301,15,1,Yardi Agresta ,0,1815308,5495301.15,0,701959500001,4666.783,4666.903,0,,0.0,0,2873,,TEAM BMTR ,bbbbbb,000000,aaaaaa,0,B,167,za,160,179,0,1,54.4,3,1,1,Vet,0,,20,20,174.54,180.69,3.30,187,1.08,50,173,3.2,3.4,189,0,3.7,4.2,4.7,4.7,5.5,5.8,6.0,199.0,231.0,256.0,258.0,301.0,313.0,329.0,0,0,,1,,,,0,,-1,FRR Grand Tour Triquetra 2nd Edition - Stage 10,TYPE_RACE TYPE_RACE ,46,2026/05/05,4131664304,1,,1815308
,233,0,,2,5495301,16,2,Blopa&reg;,0,1714370,5495301.16,0,701959500002,4680.292,4680.412,13.509,,0.0,1,2873,,TEAM BMTR ,bbbbbb,000000,aaaaaa,0,B,183,uy,155,174,0,1,66.8,3,1,1,Mas,0,,20,0,192.86,209.75,5.88,227,1.41,47,219,3.3,3.2,217,0,3.4,3.9,4.4,4.4,5.0,5.4,6.1,229.0,258.0,291.0,294.0,332.0,362.0,404.0,0,0,,1,,,,0,,-1,FRR Grand Tour Triquetra 2nd Edition - Stage 10,TYPE_RACE TYPE_RACE ,46,2026/05/05,4131664304,1,,1714370
,201,1,,1,5495287,11,11,Yardi Agresta ,0,1815308,5495287.11,0,701957000011,2631.099,2631.099,274.213,0,0.0,0,2873,,TEAM BMTR ,bbbbbb,000000,aaaaaa,0,A,167,za,166,175,0,1,54.4,3,1,1,Vet,0,,20,20,192.54,180.69,0,201,1.19,45,197,3.6,3.4,188,0,3.6,3.9,4.2,4.4,4.6,4.7,4.9,198.0,210.0,227.0,238.0,249.0,257.0,269.0,0,0,,1,,,,0,,-1,FRR Grand Tour Triquetra 2nd Edition - ITT Stage 9,TYPE_TIME_TRIAL TYPE_RACE ,28,2026/05/04,1178708985,1,,1815308
,207,1,,4,5569280,84,3,Toody Merrill &#129528;BMTR RACING)&#129293; (CU),0,1002137,5569280.84,182,712501400003,3600.001,3600.181,0.001,,0.0,0,,,,00dd00,,,0,D,165,us,120,160,0,1,58.5,3,1,10,Jnr,0,,20,20,0,0,0,123,0.83,70,100,1.7,1.9,111,0,2.0,2.3,3.0,3.9,6.0,8.3,8.3,117.0,135.0,173.0,228.0,353.0,486.0,486.0,0,0,,1,,,,0,,-1,BMTR Short Adventure,TYPE_RIDE,0,2026/05/04,890800649,,3600,1002137
,233,0,,2,5495262,20,4,Blopa&reg;,0,1714370,5495262.20,0,701952700004,6061.478,6061.598,2.381,,0.0,1,2873,,TEAM BMTR ,bbbbbb,000000,aaaaaa,0,B,183,uy,153,169,0,1,66.8,3,1,1,Mas,0,,20,0,194.78,216.65,6.90,227,1.44,46,220,3.3,3.3,222,0,3.5,4.0,4.2,4.5,5.0,5.4,6.3,234.0,269.0,280.0,299.0,336.0,360.0,419.0,0,0,,1,,,,0,,-1,FRR Grand Tour Triquetra 2nd Edition - Stage 8,TYPE_RACE TYPE_RACE ,62,2026/05/03,2852153296,1,,1714370
,201,1,,2,5495262,17,1,Yardi Agresta ,0,1815308,5495262.17,0,701952700001,6059.097,6059.217,0,,0.0,0,2873,,TEAM BMTR ,bbbbbb,000000,aaaaaa,0,B,167,za,157,180,0,1,54.4,3,1,1,Vet,0,,20,20,170.21,185.17,4.48,184,1.09,49,171,3.1,3.2,175,0,3.4,4.1,4.3,5.3,6.2,6.5,6.8,185.0,224.0,234.0,289.0,340.0,354.0,368.0,0,0,,1,,,,0,,-1,FRR Grand Tour Triquetra 2nd Edition - Stage 8,TYPE_RACE TYPE_RACE ,62,2026/05/03,2852153296,1,,1815308
,201,1,,2,5495251,23,3,Yardi Agresta ,0,1815308,5495251.23,0,701948700003,7715.767,7715.887,1.846,,0.0,0,2873,,TEAM BMTR ,bbbbbb,000000,aaaaaa,0,B,167,za,161,178,0,1,54.4,3,1,1,Vet,0,,20,20,185.32,187.04,1.86,189,1.09,49,176,3.2,3.3,183,0,3.5,4.0,4.5,5.1,6.0,6.9,7.3,193.0,219.0,243.0,275.0,324.0,376.0,397.0,0,0,,1,,,,0,,-1,FRR Grand Tour Triquetra 2nd Edition - Stage 7,TYPE_RACE TYPE_RACE ,79,2026/05/02,2927651296,1,,1815308
,201,1,,2,5495241,16,4,Yardi Agresta ,0,1815308,5495241.16,0,701944600004,4109.37,4109.49,1.287,,0.0,0,2873,,TEAM BMTR ,bbbbbb,000000,aaaaaa,0,B,167,za,164,179,0,1,54.4,3,1,1,Vet,0,,20,20,203.98,187.04,0,195,1.1,49,181,3.3,3.3,182,0,3.5,4.1,4.6,5.2,6.2,6.3,6.8,192.0,225.0,248.0,282.0,340.0,344.0,371.0,0,0,,1,,,,0,,-1,FRR Grand Tour Triquetra 2nd Edition - Stage 6,TYPE_RACE TYPE_RACE ,43,2026/05/01,3636436865,1,,1815308
,233,0,,2,5495241,17,5,Blopa&reg;,0,1714370,5495241.17,0,701944600005,4112.35,4112.47,4.267,,0.0,1,2873,,TEAM BMTR ,bbbbbb,000000,aaaaaa,0,B,183,uy,153,169,0,1,66.8,3,1,1,Mas,0,,20,0,211.64,226.13,9.48,228,1.44,46,221,3.3,3.3,220,0,3.5,3.8,4.1,4.5,5.3,6.0,6.2,232.0,256.0,277.0,298.0,352.0,398.0,412.0,0,0,,1,,,,0,,-1,FRR Grand Tour Triquetra 2nd Edition - Stage 6,TYPE_RACE TYPE_RACE ,43,2026/05/01,3636436865,1,,1714370
,233,0,,2,5495226,16,6,Blopa&reg;,0,1714370,5495226.16,0,701940000006,4020.572,4020.692,1.743,,0.0,1,2873,,TEAM BMTR ,bbbbbb,000000,aaaaaa,0,B,183,uy,157,174,0,1,66.8,3,1,1,Mas,0,,20,0,216.70,236.06,9.92,233,1.44,46,226,3.4,3.2,218,0,3.4,4.1,4.6,4.6,5.2,6.3,6.6,230.0,272.0,305.0,310.0,347.0,418.0,439.0,0,0,,1,,,,0,,-1,FRR Grand Tour Triquetra 2nd Edition - Stage 5,TYPE_RACE TYPE_RACE ,42,2026/04/30,576953930,,,1714370
,201,1,,2,5495226,14,4,Yardi Agresta ,0,1815308,5495226.14,0,701940000004,4020.448,4020.568,1.619,,0.0,0,2873,,TEAM BMTR ,bbbbbb,000000,aaaaaa,0,B,167,za,163,181,0,1,54.4,3,1,1,Vet,0,,20,20,199.96,187.04,0,189,1.09,49,178,3.3,3.1,173,0,3.4,4.0,4.5,4.6,5.4,5.9,6.7,183.0,219.0,245.0,249.0,292.0,323.0,367.0,0,0,,1,,,,0,,-1,FRR Grand Tour Triquetra 2nd Edition - Stage 5,TYPE_RACE TYPE_RACE ,42,2026/04/30,576953930,,,1815308
,233,0,,2,5495216,19,3,Blopa&reg;,0,1714370,5495216.19,0,701935500003,3476.291,3476.411,1.223,,0.0,1,2873,,TEAM BMTR ,bbbbbb,000000,aaaaaa,0,B,183,uy,163,175,0,1,66.8,3,1,1,Mas,0,,20,0,203.39,250.38,14.33,238,1.42,47,231,3.5,3.4,228,0,3.6,3.8,4.1,4.4,5.3,6.3,6.8,240.0,256.0,272.0,292.0,353.0,418.0,456.0,0,0,,1,,,,0,,-1,FRR Grand Tour Triquetra 2nd Edition - Stage 4,TYPE_RACE TYPE_RACE ,36,2026/04/29,2140131142,2,,1714370
,201,1,,2,5495216,21,5,Yardi Agresta ,0,1815308,5495216.21,0,701935500005,3476.555,3476.675,1.487,,0.0,0,2873,,TEAM BMTR ,bbbbbb,000000,aaaaaa,0,B,167,za,166,179,0,1,54.4,3,1,1,Vet,0,,20,20,221.99,187.04,0,196,1.11,49,184,3.4,3.3,184,0,3.6,4.0,4.6,4.7,6.0,7.3,7.8,194.0,218.0,248.0,258.0,327.0,397.0,423.0,0,0,,1,,,,0,,-1,FRR Grand Tour Triquetra 2nd Edition - Stage 4,TYPE_RACE TYPE_RACE ,36,2026/04/29,2140131142,2,,1815308
,201,1,,2,5566891,44,15,Yardi Agresta ,0,1815308,5566891.44,0,712170900015,4054.627,3994.687,1360.281,,0.0,0,2873,,TEAM BMTR ,bbbbbb,000000,aaaaaa,0,B,167,za,167,183,0,1,54.4,3,1,1,Vet,0,,20,20,303.29,187.04,0,199,1.11,48,186,3.4,3.5,193,0,3.7,4.2,5.1,5.3,5.4,5.8,6.1,204.0,227.0,278.0,289.0,293.0,313.0,332.0,0,0,,1,,,,0,,-1,Zwift Racing League: Legends Route - Open Topaz League Division 1,TYPE_RACE TYPE_RACE ,27,2026/04/28,1099226581,3,,1815308
,233,0,,2,5566882,5,5,Blopa&reg;,0,1714370,5566882.5,0,712170000005,4140.356,4140.416,72.787,,0.0,1,2873,,TEAM BMTR ,bbbbbb,000000,aaaaaa,0,B,183,uy,157,176,0,1,67.4,3,1,1,Mas,0,,20,0,302.16,250.38,0,230,1.39,48,218,3.2,3.2,219,0,3.4,3.7,4.3,4.8,5.6,5.8,6.5,231.0,250.0,291.0,324.0,377.0,390.0,439.0,0,0,,1,,,,0,,-1,Zwift Racing League: Legends Route - Open Saffron Dev League Division 1,TYPE_RACE TYPE_RACE ,27,2026/04/28,1099226581,3,,1714370
,201,1,,5,5495202,23,2,Yardi Agresta ,0,1815308,5495202.23,0,701931200002,3463.532,3464.012,9.151,,0.0,0,2873,,TEAM BMTR ,bbbbbb,000000,aaaaaa,0,E,167,za,159,177,0,1,54.4,3,1,1,Vet,0,,20,20,0,187.04,0,190,1.13,48,179,3.3,3.3,179,0,3.5,4.2,5.0,5.1,6.2,6.6,7.0,189.0,231.0,270.0,280.0,338.0,358.0,383.0,0,0,,1,,,,0,,-1,FRR Grand Tour Triquetra 2nd Edition - Stage 3,TYPE_RACE TYPE_RACE ,36,2026/04/27,54700404,,,1815308
,233,0,,3,5560186,17,17,Blopa&reg;,0,1714370,5560186.17,0,710803300017,3600.007,3600.127,0.101,,0.0,1,2873,,TEAM BMTR ,bbbbbb,000000,aaaaaa,0,C,183,uy,124,143,0,1,67.4,3,1,1,Mas,0,,20,0,0,0,0,170,1.35,50,167,2.5,2.4,167,0,2.6,2.9,3.2,3.4,3.6,3.9,4.1,176.0,195.0,214.0,230.0,244.0,264.0,278.0,0,0,,1,,,,0,,-1,BMTR Short Adventure,TYPE_RIDE,0,2026/04/27,1776635757,,3600,1714370
,207,1,,4,5559212,7,7,Toody Merrill &#129528;BMTR RACING)&#129293; (CU),0,1002137,5559212.7,205,710697700008,3600.002,3600.002,0.002,,0.0,0,,,,00dd00,,,0,D,165,us,133,153,0,1,58.5,3,1,10,Jnr,0,,20,20,0,0,0,112,0.74,78,99,1.7,1.9,111,0,2.0,2.5,2.7,3.0,3.2,3.3,3.3,117.0,147.0,159.0,174.0,187.0,195.0,195.0,0,0,,1,,,,0,,-1,Sunday Funday p/b TBR,TYPE_RIDE,0,2026/04/26,1917017591,,3600,1002137
,233,0,,4,5511859,40,11,Blopa&reg;,0,1714370,5511859.40,0,704107400011,6704.811,6704.811,501.051,,0.0,1,2873,,TEAM BMTR ,bbbbbb,000000,aaaaaa,0,D,183,uy,147,166,0,1,67.4,3,1,1,Mas,0,,20,0,259.05,255.14,4.76,215,1.39,48,205,3.0,3.1,211,0,3.3,3.7,4.0,4.2,4.9,5.6,6.2,223.0,247.0,269.0,281.0,332.0,375.0,416.0,0,0,,1,,,,0,,-1,ECRO World Tour | Chasing Liege,TYPE_RACE TYPE_RACE ,62,2026/04/26,3079921742,2,,1714370
,201,1,,5,5495188,29,3,Yardi Agresta ,0,1815308,5495188.29,0,701927000003,4789.428,4789.908,1.106,,0.0,0,2873,,TEAM BMTR ,bbbbbb,000000,aaaaaa,0,E,167,za,165,182,0,1,54.4,3,1,1,Vet,0,,20,20,192.62,189.21,2.18,197,1.11,49,183,3.4,3.4,190,0,3.7,4.3,4.7,4.9,5.8,6.5,6.9,200.0,233.0,255.0,265.0,317.0,354.0,378.0,0,0,,1,,,,0,,-1,FRR Grand Tour Triquetra 2nd Edition - Stage 2,TYPE_RACE TYPE_RACE ,48,2026/04/26,3079921742,,,1815308
,207,1,,5,5547921,10,7,Toody Merrill &#129528;BMTR RACING)&#129293; (CU),0,1002137,5547921.10,26,709186300007,4716.596,4716.596,1258.371,,0.0,0,,,,00dd00,,,0,E,165,us,156,183,0,1,58.5,3,1,10,Jnr,0,,20,20,0,0,0,164,1.01,57,158,2.7,2.9,171,0,3.1,3.5,4.2,4.3,4.3,4.4,4.4,180.0,204.0,244.0,250.0,252.0,259.0,259.0,0,0,,1,,,,0,,-1,Alpe 75 & 85 min Pace & Chase 50/45/40.,TYPE_RIDE,17,2026/04/25,2663908549,1,,1002137
,201,1,,5,5495180,49,5,Yardi Agresta ,0,1815308,5495180.49,0,701923200005,4542.225,4542.705,7,,0.0,0,2873,,TEAM BMTR ,bbbbbb,000000,aaaaaa,0,E,167,za,170,186,0,1,54.4,3,1,1,Vet,0,,20,20,255.77,189.21,0,198,1.09,50,185,3.4,3.6,196,0,3.8,4.4,4.9,5.3,5.7,6.3,6.7,207.0,240.0,265.0,288.0,308.0,341.0,365.0,0,0,,1,,,,0,,-1,FRR Grand Tour Triquetra 2nd Edition - Stage 1,TYPE_RACE TYPE_RACE ,47,2026/04/25,730052368,,,1815308
,233,0,,3,5556947,30,11,Blopa&reg;,0,1714370,5556947.30,0,710381600008,5400.007,5400.067,0.006,,0.0,1,2873,,TEAM BMTR ,bbbbbb,000000,aaaaaa,0,C,183,uy,130,145,0,1,67.4,3,1,1,Mas,0,,20,0,0,0,0,170,1.29,52,168,2.5,2.4,165,0,2.6,2.8,2.9,3.1,3.7,4.9,8.7,174.0,186.0,195.0,210.0,248.0,329.0,585.0,0,0,,1,,,,0,,-1,BMTR Short Adventure ,TYPE_RIDE,0,2026/04/24,46799750,,3600,1714370
,201,1,,3,5556947,47,28,Yardi Agresta ,0,1815308,5556947.47,0,710381600028,5400.016,5400.076,0.015,,0.0,0,2873,,TEAM BMTR ,bbbbbb,000000,aaaaaa,0,C,167,za,138,155,0,1,54.4,3,1,1,Vet,0,,20,20,0,0,0,140,0.96,56,132,2.4,2.5,135,0,2.6,2.8,3.1,3.8,4.9,6.1,6.6,143.0,151.0,171.0,205.0,264.0,331.0,358.0,0,0,,1,,,,0,,-1,BMTR Short Adventure ,TYPE_RIDE,0,2026/04/24,46799750,,3600,1815308
,201,1,,3,5555954,45,6,Yardi Agresta ,0,1815308,5555954.45,0,710241900006,2200.294,2200.414,0.746,,0.0,0,2873,,TEAM BMTR ,bbbbbb,000000,aaaaaa,0,C,167,za,158,169,0,1,54.4,3,1,1,Vet,0,,20,20,0,0,0,167,1.02,53,161,3.0,2.8,152,0,3.0,3.3,3.6,3.9,4.7,5.8,6.0,161.0,182.0,198.0,214.0,256.0,313.0,324.0,0,0,,1,,,,0,,-1,WTRL Team Time Trial - Zone 12,TYPE_TEAM_TIME_TRIAL,25,2026/04/23,3994934674,2,,1815308
,233,0,,3,5555940,41,13,Blopa&reg;,0,1714370,5555940.41,0,710239400013,2660.386,2360.686,123.174,,0.0,1,2873,,TEAM BMTR ,bbbbbb,000000,aaaaaa,0,C,183,uy,142,159,0,1,67.4,3,1,1,Mas,0,,20,0,0,0,0,212,1.39,48,197,2.9,2.9,195,0,3.1,3.4,3.7,4.3,5.1,5.3,5.3,206.0,231.0,251.0,288.0,342.0,354.0,357.0,0,0,,1,,,,0,,-1,BMTR Chase Adventure,TYPE_RIDE,25,2026/04/23,243949867,2,,1714370
,201,1,,3,5555940,43,15,Yardi Agresta ,0,1815308,5555940.43,0,710239400015,2662.025,2362.325,124.813,,0.0,0,2873,,TEAM BMTR ,bbbbbb,000000,aaaaaa,0,C,167,za,160,171,0,1,54.4,3,1,1,Vet,0,,20,20,0,0,0,178,1.07,50,171,3.1,3.0,165,0,3.2,3.5,3.9,4.4,4.8,5.7,6.4,174.0,188.0,211.0,238.0,259.0,309.0,351.0,0,0,,1,,,,0,,-1,BMTR Chase Adventure,TYPE_RIDE,25,2026/04/23,243949867,2,,1815308
,201,1,,4,5555923,68,23,Yardi Agresta ,0,1815308,5555923.68,0,710234900023,2120.982,2121.162,248.981,,0.0,0,2873,,TEAM BMTR ,bbbbbb,000000,aaaaaa,0,D,167,za,165,176,0,1,54.4,3,1,1,Vet,0,,20,20,0,0,0,183,1.06,51,175,3.2,3.0,165,0,3.2,3.5,4.0,4.3,5.0,6.0,6.4,174.0,193.0,218.0,236.0,273.0,325.0,346.0,0,0,,1,,,,0,,-1,WTRL Team Time Trial - Zone 11,TYPE_TEAM_TIME_TRIAL,25,2026/04/23,3994934674,2,,1815308
,233,0,,4,5511851,55,9,Blopa&reg;,0,1714370,5511851.55,0,704104400009,2754.418,2754.418,112.641,,0.0,1,2873,,TEAM BMTR ,bbbbbb,000000,aaaaaa,0,D,183,uy,159,172,0,1,67.5,3,1,1,Mas,0,,20,0,283.64,255.14,0,238,1.43,47,228,3.4,3.3,222,0,3.5,4.0,4.4,4.5,5.0,6.2,7.0,234.0,272.0,295.0,302.0,334.0,416.0,475.0,0,0,,1,,,,0,,-1,ECRO World Tour | Chasing Wallonne,TYPE_RACE TYPE_RACE ,28,2026/04/22,2007026433,2,,1714370
,201,1,,4,5511851,50,4,Yardi Agresta ,0,1815308,5511851.50,0,704104400004,2660.327,2660.327,18.55,,0.0,0,2873,,TEAM BMTR ,bbbbbb,000000,aaaaaa,0,D,167,za,172,183,0,1,54.4,3,1,1,Vet,0,,20,20,221.22,189.21,0,210,1.15,47,197,3.6,3.6,195,0,3.8,4.2,4.6,5.1,5.3,5.8,6.2,206.0,226.0,252.0,276.0,291.0,315.0,335.0,0,0,,1,,,,0,,-1,ECRO World Tour | Chasing Wallonne,TYPE_RACE TYPE_RACE ,28,2026/04/22,2007026433,2,,1815308
,207,1,,4,5553362,10,0,Toody Merrill &#129528;BMTR RACING)&#129293; (CU),0,1002137,5553362.10,183,709886600010,3600.004,3600.004,0.0,,0.0,0,,,,00dd00,,,0,N/A,165,us,134,165,0,1,58.5,3,1,10,Jnr,0,,20,20,0,0,0,119,0.77,76,103,1.8,1.7,101,0,1.8,2.5,2.9,3.4,3.9,3.9,3.9,107.0,147.0,168.0,200.0,227.0,230.0,230.0,0,0,,1,,,,0,,-1,REVO Social SUB2,TYPE_RIDE,0,2026/04/21,1064303857,,3600,1002137
,201,1,,2,5530576,36,11,Yardi Agresta ,0,1815308,5530576.36,0,706636700011,1959.883,1959.943,100.969,,0.0,0,2873,,TEAM BMTR ,bbbbbb,000000,aaaaaa,0,B,167,za,171,182,0,1,54.4,3,1,1,Vet,0,,20,20,360.20,189.21,0,203,1.13,47,194,3.6,3.4,188,0,3.6,4.4,4.7,4.9,5.1,5.2,5.3,198.0,237.0,255.0,268.0,279.0,281.0,290.0,0,0,,1,,,,0,,-1,Stage 3: Pas Racing: Yumezi Grit,TYPE_RACE TYPE_RACE ,19,2026/04/21,2521625692,2,,1815308
,233,0,,3,5551961,20,20,Blopa&reg;,0,1714370,5551961.20,0,709703200020,3600.008,3600.128,0.606,,0.0,1,2873,,TEAM BMTR ,bbbbbb,000000,aaaaaa,0,C,182,uy,133,169,0,1,67.5,3,1,1,Mas,0,,20,0,0,0,0,192,1.28,52,170,2.5,2.5,171,0,2.7,3.1,3.9,5.0,7.0,8.3,9.9,181.0,212.0,262.0,336.0,470.0,557.0,668.0,0,0,,1,,,,0,,-1,BMTR Short Adventure,TYPE_RIDE,0,2026/04/20,1600198346,,3600,1714370
,201,1,,3,5551961,32,32,Yardi Agresta ,0,1815308,5551961.32,0,709703200032,3600.011,3600.131,0.609,,0.0,0,2873,,TEAM BMTR ,bbbbbb,000000,aaaaaa,0,C,167,za,153,174,0,1,54.0,3,1,1,Vet,0,,20,20,0,0,0,153,0.91,59,139,2.6,2.6,141,0,2.8,3.1,3.9,3.9,5.8,6.0,6.2,149.0,167.0,208.0,212.0,313.0,322.0,332.0,0,0,,1,,,,0,,-1,BMTR Short Adventure,TYPE_RIDE,0,2026/04/20,1600198346,,3600,1815308
,201,1,,3,5550726,41,41,Yardi Agresta ,0,1815308,5550726.41,0,709553400041,10428.271,10428.271,1550.487,,0.0,0,2873,,TEAM BMTR ,bbbbbb,000000,aaaaaa,0,C,167,za,138,166,0,1,54.0,3,1,1,Vet,0,,20,20,0,0,0,137,0.91,59,126,2.3,2.5,135,0,2.6,3.0,3.6,4.0,5.2,6.6,6.9,143.0,160.0,195.0,214.0,278.0,356.0,374.0,0,0,,1,,,,0,,-1,BMTR Longish Adventure,TYPE_RIDE,100,2026/04/19,1656629976,,,1815308
,207,1,,5,5517238,17,15,Toody Merrill &#129528;BMTR RACING)&#129293; (CU),0,1002137,5517238.17,40,704827900015,4675.143,4675.143,1301.32,,0.0,0,,,,00dd00,,,0,E,165,us,155,187,0,1,59.4,3,1,10,Jnr,0,,20,20,0,0,0,171,1.07,55,166,2.8,2.7,165,0,2.9,3.7,3.9,4.0,4.1,4.3,4.3,174.0,217.0,234.0,235.0,245.0,257.0,257.0,0,0,,1,,,,0,,-1,Alpe 70 & 85 min Pace & Chase 50/45/40 😈🍍,TYPE_RIDE,17,2026/04/18,2663908549,1,,1002137
,201,1,,2,5536719,7,2,Yardi Agresta ,0,1815308,5536719.7,0,707605600002,7116.484,7116.484,274.02,,0.0,0,2873,,TEAM BMTR ,bbbbbb,000000,aaaaaa,0,B,167,za,166,185,0,1,54.0,3,1,1,Vet,0,,20,20,0,189.21,0,182,1.04,52,172,3.2,3.4,187,0,3.6,4.1,4.4,4.6,4.7,5.1,6.3,197.0,219.0,235.0,246.0,254.0,273.0,338.0,0,0,,1,,,,0,,-1,Zwift Epic Race - Coastal Crown Loop,TYPE_RACE TYPE_RACE ,69,2026/04/17,2768300955,4,,1815308
,201,1,,3,5547114,39,4,Yardi Agresta ,0,1815308,5547114.39,0,709076700004,2128.244,2128.364,3.713,,0.0,0,2873,,TEAM BMTR ,bbbbbb,000000,aaaaaa,0,C,167,za,161,169,0,1,54.0,3,1,1,Vet,0,,20,20,0,0,0,173,0.98,55,158,2.9,2.8,154,0,3.0,3.2,3.6,4.1,5.3,5.9,6.9,163.0,172.0,195.0,221.0,284.0,317.0,370.0,0,0,,1,,,,0,,-1,WTRL Team Time Trial - Zone 12,TYPE_TEAM_TIME_TRIAL,23,2026/04/16,1509089537,2,,1815308
,201,1,,3,5547099,77,24,Yardi Agresta ,0,1815308,5547099.77,0,709074100024,2540.788,2241.088,67.753,,0.0,0,2873,,TEAM BMTR ,bbbbbb,000000,aaaaaa,0,C,167,za,168,178,0,1,54.0,3,1,1,Vet,0,,20,20,0,0,0,196,1.13,47,190,3.5,3.5,190,0,3.7,4.0,4.3,4.4,4.6,5.8,6.1,200.0,214.0,231.0,237.0,250.0,311.0,328.0,0,0,,1,,,,0,,-1,BMTR Chase Adventure,TYPE_RIDE,25,2026/04/16,3994934674,2,,1815308
,233,0,,3,5547099,68,15,Blopa&reg;,0,1714370,5547099.68,0,709074100015,2539.194,2239.494,66.159,,0.0,1,2873,,TEAM BMTR ,bbbbbb,000000,aaaaaa,0,C,182,uy,144,168,0,1,67.5,3,1,1,Mas,0,,20,0,0,0,0,206,1.47,46,211,3.1,2.9,200,0,3.1,3.5,3.8,4.2,5.7,7.2,9.4,211.0,238.0,253.0,286.0,386.0,483.0,637.0,0,0,,1,,,,0,,-1,BMTR Chase Adventure,TYPE_RIDE,25,2026/04/16,3994934674,2,,1714370
,201,1,,4,5547083,72,22,Yardi Agresta ,0,1815308,5547083.72,0,709069700022,2122.203,2122.383,318.688,,0.0,0,2873,,TEAM BMTR ,bbbbbb,000000,aaaaaa,0,D,167,za,164,179,0,1,54.0,3,1,1,Vet,0,,20,20,0,0,0,192,1.07,50,175,3.2,3.1,170,0,3.3,3.9,4.4,5.3,5.5,6.0,6.4,179.0,213.0,235.0,284.0,297.0,323.0,343.0,0,0,,1,,,,0,,-1,WTRL Team Time Trial - Zone 11,TYPE_TEAM_TIME_TRIAL,23,2026/04/16,1509089537,2,,1815308
,233,0,,4,5547083,71,21,Blopa&reg;,0,1714370,5547083.71,0,709069700021,2121.805,2121.985,318.29,,0.0,1,2873,,TEAM BMTR ,bbbbbb,000000,aaaaaa,0,D,182,uy,158,174,0,1,67.5,3,1,1,Mas,0,,20,0,0,0,0,232,1.39,48,219,3.3,3.2,216,0,3.4,3.7,3.9,4.4,5.0,5.9,6.8,228.0,248.0,260.0,294.0,335.0,395.0,457.0,0,0,,1,,,,0,,-1,WTRL Team Time Trial - Zone 11,TYPE_TEAM_TIME_TRIAL,23,2026/04/16,1509089537,2,,1714370
,233,0,,3,5545770,30,13,Blopa&reg;,0,1714370,5545770.30,0,708866000013,3600.004,3600.064,0.863,,0.0,1,2873,,TEAM BMTR ,bbbbbb,000000,aaaaaa,0,C,182,uy,124,157,0,1,67.5,3,1,1,Mas,0,,20,0,0,0,0,162,1.29,52,160,2.4,2.4,166,0,2.6,3.0,3.6,3.8,3.9,4.0,4.3,175.0,205.0,243.0,253.0,261.0,270.0,291.0,0,0,,1,,,,0,,-1,BMTR Short Adventure,TYPE_RIDE,0,2026/04/15,2128890027,,3600,1714370
,201,1,,3,5545770,41,24,Yardi Agresta ,0,1815308,5545770.41,0,708866000024,3600.01,3600.07,0.869,,0.0,0,2873,,TEAM BMTR ,bbbbbb,000000,aaaaaa,0,C,167,za,141,164,0,1,54.0,3,1,1,Vet,0,,20,20,0,0,0,139,0.91,59,128,2.4,2.5,138,0,2.7,3.0,3.5,3.9,5.1,5.6,6.3,146.0,160.0,190.0,213.0,277.0,301.0,340.0,0,0,,1,,,,0,,-1,BMTR Short Adventure,TYPE_RIDE,0,2026/04/15,2128890027,,3600,1815308
,201,1,,1,5530527,19,19,Yardi Agresta ,0,1815308,5530527.19,0,706612900019,1631.073,1631.073,140.625,,0.0,0,2873,,TEAM BMTR ,bbbbbb,000000,aaaaaa,0,A,167,za,169,178,0,1,54.0,3,1,1,Vet,0,,20,20,390.74,189.21,0,196,1.11,48,188,3.5,3.4,184,0,3.6,3.9,4.4,4.5,5.0,5.4,5.7,194.0,213.0,235.0,244.0,269.0,293.0,306.0,0,0,,1,,,,0,,-1,Stage 2: Pas Racing: Handful of Gravel,TYPE_RACE TYPE_RACE ,17,2026/04/15,1993374659,2,,1815308
,233,0,,2,5546697,55,23,Blopa&reg;,0,1714370,5546697.55,0,709005700023,3338.517,3278.577,1029.544,,0.0,1,2873,,TEAM BMTR ,bbbbbb,000000,aaaaaa,0,B,182,uy,159,181,0,1,67.5,3,1,1,Mas,0,,20,0,465.68,255.14,0,235,1.39,48,221,3.3,3.2,221,0,3.5,4.0,4.4,4.7,6.7,7.5,8.2,233.0,270.0,295.0,320.0,452.0,508.0,552.0,0,0,,1,,,,0,,-1,Zwift Racing League: Legends Route - Open Topaz League Division 1,TYPE_RACE TYPE_RACE ,24,2026/04/14,2698009951,4,,1714370
,201,1,,2,5546697,48,16,Yardi Agresta ,0,1815308,5546697.48,0,709005700016,3145.305,3085.365,836.332,,0.0,0,2873,,TEAM BMTR ,bbbbbb,000000,aaaaaa,0,B,167,za,171,183,0,1,54.0,3,1,1,Vet,0,,20,20,366.91,189.21,0,208,1.15,47,196,3.6,3.6,198,0,3.9,4.5,5.0,5.2,5.9,6.3,6.6,209.0,245.0,268.0,279.0,318.0,338.0,358.0,0,0,,1,,,,0,,-1,Zwift Racing League: Legends Route - Open Topaz League Division 1,TYPE_RACE TYPE_RACE ,24,2026/04/14,2698009951,4,,1815308
,201,1,,3,5542797,26,26,Yardi Agresta ,0,1815308,5542797.26,0,708436400026,3600.012,3600.132,0.012,,0.0,0,2873,,TEAM BMTR ,bbbbbb,000000,aaaaaa,0,C,167,za,144,166,0,1,54.0,3,1,1,Vet,0,,20,20,0,0,0,159,0.97,55,139,2.6,2.7,148,0,2.9,3.3,3.6,4.4,6.2,6.9,7.3,156.0,178.0,196.0,238.0,337.0,371.0,393.0,0,0,,1,,,,0,,-1,BMTR Short Adventure,TYPE_RIDE,0,2026/04/13,3051823795,,3600,1815308
,201,1,,3,5541447,50,50,Yardi Agresta ,0,1815308,5541447.50,0,708278200050,9740.402,9740.402,611.284,,0.0,0,2873,,TEAM BMTR ,bbbbbb,000000,aaaaaa,0,C,167,za,146,175,0,1,54.0,3,1,1,Vet,0,,20,20,0,0,0,158,0.97,55,141,2.6,2.7,146,0,2.9,3.5,4.3,4.6,6.1,6.7,7.2,154.0,189.0,232.0,251.0,331.0,360.0,386.0,0,0,,1,,,,0,,-1,BMTR Longish Adventure,TYPE_RIDE,100,2026/04/12,2836167073,,,1815308
,233,0,,4,5511839,56,15,Blopa&reg;,0,1714370,5511839.56,0,704099200015,4949.784,4949.784,435.534,,0.0,1,2873,,TEAM BMTR ,bbbbbb,000000,aaaaaa,0,D,182,uy,143,166,0,1,67.5,3,1,1,Mas,0,,20,0,282.85,256.40,1.26,209,1.41,47,201,3.0,3.0,207,0,3.2,3.8,4.2,4.6,5.1,5.8,7.0,218.0,259.0,280.0,311.0,347.0,392.0,472.0,0,0,,1,,,,0,,-1,ECRO World Tour | Chasing Roubaix,TYPE_RACE TYPE_RACE ,50,2026/04/12,1236439870,7,,1714370
,207,1,,5,5505840,10,7,Toody Merrill &#129528;BMTR RACING)&#129293; (CU),0,1002137,5505840.10,42,703357900007,4616.809,4616.809,794.821,,0.0,0,,,,00dd00,,,0,E,165,us,160,173,0,1,59.4,3,1,10,Jnr,0,,20,20,0,0,0,166,1.03,57,164,2.8,2.8,169,0,3.0,3.1,3.2,3.2,3.7,4.3,4.3,178.0,184.0,191.0,192.0,222.0,254.0,254.0,0,0,,1,,,,0,,-1,Alpe 65 & 85 min Pace & Chase,TYPE_RIDE,17,2026/04/11,2663908549,1,,1002137
,201,1,,3,5450210,9,1,Yardi Agresta ,0,1815308,5450210.9,0,696262600001,1996.294,1996.534,0,0,0.0,0,2873,,TEAM BMTR ,bbbbbb,000000,aaaaaa,0,C,167,za,169,180,0,1,54.0,3,1,1,Vet,0,,20,20,251.11,186.40,0,206,1.2,44,203,3.8,3.5,192,0,3.8,4.0,4.3,4.5,4.7,4.8,5.1,203.0,218.0,234.0,241.0,256.0,257.0,277.0,0,0,,1,,,,0,,-1,FRR CLASSICA SERIES - FRANCAIS - ITT,TYPE_TIME_TRIAL TYPE_RACE ,20,2026/04/10,1793712753,1,,1815308
,201,1,,2,5530298,27,8,Yardi Agresta ,0,1815308,5530298.27,0,706500100008,1197.619,1197.679,3.099,,0.0,0,2873,,TEAM BMTR ,bbbbbb,000000,aaaaaa,0,B,167,za,169,179,0,1,54.0,3,1,1,Vet,0,,20,20,291.03,186.40,0,214,1.23,43,208,3.9,3.6,0,1,,4.4,4.4,5.0,5.4,5.8,5.9,,235.0,240.0,269.0,291.0,312.0,320.0,0,0,,1,,,,0,,-1,Stage 1: Pas Racing: Jungle Circuit,TYPE_RACE TYPE_RACE ,13,2026/04/10,743730361,1,,1815308
,201,1,,3,5537776,38,5,Yardi Agresta ,0,1815308,5537776.38,0,707776200005,2226.1,2226.22,1.427,,0.0,0,2873,,TEAM BMTR ,bbbbbb,000000,aaaaaa,0,C,167,za,163,177,0,1,54.0,3,1,1,Vet,0,,20,20,0,0,0,173,1.0,53,163,3.0,2.8,155,0,3.0,3.3,4.0,4.3,4.6,5.2,6.2,164.0,177.0,216.0,232.0,251.0,282.0,335.0,0,0,,1,,,,0,,-1,WTRL Team Time Trial 7TH BIRTHDAY - Zone 12,TYPE_TEAM_TIME_TRIAL TYPE_RACE ,25,2026/04/09,1397026382,2,,1815308
,201,1,,2,5534652,20,15,Yardi Agresta ,0,1815308,5534652.20,0,707230000015,2427.744,2068.104,19.64,,0.0,0,2873,,TEAM BMTR ,bbbbbb,000000,aaaaaa,0,B,167,za,175,182,0,1,54.0,3,1,1,Vet,0,,20,20,0,0,0,212,1.18,45,206,3.8,3.7,200,0,3.9,4.1,4.4,4.6,5.2,5.7,6.2,211.0,223.0,237.0,249.0,278.0,310.0,337.0,0,0,,1,,,,0,,-1,BMTR Chase Adventure,TYPE_RIDE,26,2026/04/09,3866241330,5,,1815308
,233,0,,3,5534652,52,27,Blopa&reg;,0,1714370,5534652.52,0,707230100027,2536.375,2296.615,128.271,,0.0,1,2873,,TEAM BMTR ,bbbbbb,000000,aaaaaa,0,C,182,uy,141,164,0,1,67.5,3,1,1,Mas,0,,20,0,0,0,0,201,1.5,45,211,3.1,2.9,195,0,3.1,3.4,3.6,3.9,4.2,4.6,4.8,206.0,227.0,245.0,262.0,283.0,307.0,326.0,0,0,,1,,,,0,,-1,BMTR Chase Adventure,TYPE_RIDE,26,2026/04/09,3866241330,5,,1714370
,207,1,,5,5537749,37,5,Toody Merrill &#129528;BMTR RACING)&#129293; (CU),0,1002137,5537749.37,21,707770500005,2527.511,2527.751,224.372,,0.0,0,,,,00dd00,,,0,E,165,us,142,177,0,1,59.4,3,1,10,Jnr,0,,20,20,0,0,0,153,1.03,57,146,2.5,2.3,139,0,2.5,2.9,3.5,4.4,6.0,7.8,8.8,147.0,170.0,208.0,261.0,355.0,463.0,523.0,0,0,,1,,,,0,,-1,WTRL Team Time Trial 7TH BIRTHDAY - Zone 11,TYPE_TEAM_TIME_TRIAL TYPE_RACE ,25,2026/04/09,1397026382,2,,1002137
,201,1,,4,5537749,26,26,Yardi Agresta ,0,1815308,5537749.26,0,707770400026,2126.587,2126.767,252.309,,0.0,0,2873,,TEAM BMTR ,bbbbbb,000000,aaaaaa,0,D,167,za,168,181,0,1,54.0,3,1,1,Vet,0,,20,20,0,0,0,190,1.08,49,182,3.4,3.2,174,0,3.4,3.7,4.3,4.6,5.3,5.6,5.9,184.0,199.0,234.0,246.0,284.0,300.0,317.0,0,0,,1,,,,0,,-1,WTRL Team Time Trial 7TH BIRTHDAY - Zone 11,TYPE_TEAM_TIME_TRIAL TYPE_RACE ,25,2026/04/09,1397026382,2,,1815308
,207,1,,4,5536333,5,5,Toody Merrill &#129528;BMTR RACING)&#129293; (CU),0,1002137,5536333.5,188,707537800005,3600.003,3600.003,0.002,,0.0,0,,,,00dd00,,,0,D,165,us,125,149,0,1,59.4,3,1,10,Jnr,0,,20,20,0,0,0,113,0.82,72,103,1.7,1.8,110,0,2.0,2.1,2.4,2.6,2.8,2.9,2.9,116.0,126.0,141.0,157.0,166.0,170.0,170.0,0,0,,1,,,,0,,-1,Ascenders Midweek Ride,TYPE_RIDE,0,2026/04/08,3680493479,,3600,1002137
,201,1,,3,5536312,63,47,Yardi Agresta ,0,1815308,5536312.63,0,707534500047,3600.027,3600.087,0.027,,0.0,0,2873,,TEAM BMTR ,bbbbbb,000000,aaaaaa,0,C,167,za,147,157,0,1,54.0,3,1,1,Vet,0,,20,20,0,0,0,132,0.88,61,129,2.4,2.3,125,0,2.4,2.6,2.9,3.1,3.4,3.8,5.1,132.0,143.0,156.0,170.0,184.0,206.0,277.0,0,0,,1,,,,0,,-1,BMTR Short Adventure,TYPE_RIDE,0,2026/04/08,1258526800,,3600,1815308
,233,0,,3,5536312,19,3,Blopa&reg;,0,1714370,5536312.19,0,707534500004,3600.001,3600.061,0.001,,0.0,1,2873,,TEAM BMTR ,bbbbbb,000000,aaaaaa,0,C,182,uy,120,153,0,1,67.4,3,1,1,Mas,0,,20,0,0,0,0,166,1.25,53,150,2.2,2.2,153,0,2.4,2.6,3.0,3.9,5.6,8.8,10.7,162.0,178.0,200.0,260.0,379.0,594.0,723.0,0,0,,1,,,,0,,-1,BMTR Short Adventure,TYPE_RIDE,0,2026/04/08,1258526800,,3600,1714370
,201,1,,2,5540003,6,6,Yardi Agresta ,0,1815308,5540003.6,0,708070600006,1829.919,1829.919,31.065,,0.0,0,2873,,TEAM BMTR ,bbbbbb,000000,aaaaaa,0,B,167,za,171,183,0,1,54.4,3,1,1,Vet,0,,20,20,0,0,0,203,1.15,47,197,3.6,3.4,186,0,3.6,4.1,4.3,4.7,4.8,4.9,5.7,196.0,222.0,235.0,256.0,260.0,264.0,309.0,0,0,,1,,,,0,,-1,Zwift Racing League: Legends Route - Open Topaz League GROUP 1,TYPE_TEAM_TIME_TRIAL TYPE_RACE ,20,2026/04/07,1793712753,1,,1815308
,207,1,,4,5534646,4,0,Toody Merrill &#129528;BMTR RACING)&#129293; (CU),0,1002137,5534646.4,195,707228500004,3600.006,3600.006,0.0,,0.0,0,,,,00dd00,,,0,N/A,165,us,121,148,0,1,59.4,3,1,10,Jnr,0,,20,20,0,0,0,99,0.72,82,87,1.5,1.5,91,0,1.6,1.8,2.2,2.6,3.1,3.2,3.2,96.0,109.0,129.0,153.0,184.0,190.0,190.0,0,0,,1,,,,0,,-1,REVO Social SUB2,TYPE_RIDE,0,2026/04/07,1258526800,,3600,1002137
,233,0,,2,5540003,8,8,Blopa&reg;,0,1714370,5540003.8,0,708070600008,1831.459,1831.459,32.605,,0.0,1,2873,,TEAM BMTR ,bbbbbb,000000,aaaaaa,0,B,182,uy,163,174,0,1,67.4,3,1,1,Mas,0,,20,0,0,0,0,242,1.45,46,237,3.5,3.3,224,0,3.5,4.0,4.1,4.3,4.8,5.8,6.5,236.0,267.0,276.0,289.0,322.0,392.0,436.0,0,0,,1,,,,0,,-1,Zwift Racing League: Legends Route - Open Topaz League GROUP 1,TYPE_TEAM_TIME_TRIAL TYPE_RACE ,20,2026/04/07,1793712753,1,,1714370
,233,0,,3,5532903,44,44,Blopa&reg;,0,1714370,5532903.44,0,706943000044,3600.01,3600.13,0.01,,0.0,1,2873,,TEAM BMTR ,bbbbbb,000000,aaaaaa,0,C,182,uy,130,154,0,1,67.4,3,1,1,Mas,0,,20,0,0,0,0,174,1.28,52,167,2.5,2.4,166,0,2.6,2.9,3.4,3.6,4.2,5.7,9.8,175.0,194.0,232.0,240.0,283.0,387.0,662.0,0,0,,1,,,,0,,-1,BMTR Short Adventure,TYPE_RIDE,0,2026/04/06,1776635757,,3600,1714370
,201,1,,3,5532903,81,81,Yardi Agresta ,0,1815308,5532903.81,0,706943000082,3600.031,3600.151,0.031,,0.0,0,2873,,TEAM BMTR ,bbbbbb,000000,aaaaaa,0,C,167,za,148,171,0,1,54.4,3,1,1,Vet,0,,20,20,0,0,0,147,0.91,59,135,2.5,2.5,136,0,2.6,3.0,3.7,4.8,5.4,5.7,7.2,144.0,165.0,203.0,263.0,295.0,308.0,394.0,0,0,,1,,,,0,,-1,BMTR Short Adventure,TYPE_RIDE,0,2026/04/06,1776635757,,3600,1815308
,201,1,,3,5532881,10,0,Yardi Agresta ,0,1815308,5532881.10,0,706939500010,3600.014,3600.014,0,,0.0,0,2873,,TEAM BMTR ,bbbbbb,000000,aaaaaa,0,N/A,167,za,154,193,0,1,54.4,3,1,1,Vet,0,,20,20,0,0,0,168,0.94,58,144,2.7,2.9,157,0,3.0,3.8,4.4,5.2,5.8,6.4,7.4,166.0,205.0,241.0,284.0,318.0,347.0,403.0,0,0,,1,,,,0,,-1,SZR Lazy Birdies,TYPE_RIDE,0,2026/04/06,3974965857,,3600,1815308
,201,1,,3,5529403,55,55,Yardi Agresta ,0,1815308,5529403.55,0,706344400055,10480.831,10480.831,1273.953,,0.0,0,2873,,TEAM BMTR ,bbbbbb,000000,aaaaaa,0,C,167,za,156,178,0,1,54.4,3,1,1,Vet,0,,20,20,0,0,0,151,0.87,62,135,2.5,2.7,148,0,2.9,3.5,3.9,4.5,5.3,6.3,6.6,156.0,190.0,214.0,243.0,291.0,342.0,357.0,0,0,,1,,,,0,,-1,BMTR Longish Adventure,TYPE_RIDE,100,2026/04/05,576953930,,,1815308
,201,1,,5,5474628,25,25,Yardi Agresta ,0,1815308,5474628.25,0,699122700025,2374.917,2374.917,249.236,,0.0,0,2873,,TEAM BMTR ,bbbbbb,000000,aaaaaa,0,E,167,za,166,177,0,1,54.4,3,1,1,Vet,0,,20,20,0,0,0,180,1.05,51,174,3.2,3.0,167,0,3.2,3.6,3.8,4.0,4.9,5.7,6.3,176.0,198.0,209.0,218.0,265.0,312.0,343.0,0,0,,1,,,,0,,-1,Stage 3 - The Zwift Big Spin,TYPE_RIDE,26,2026/04/05,3680493479,1,,1815308
,201,1,,,5528016,101,0,Yardi Agresta ,0,1815308,5528016.101,0,706179700047,412.425,412.485,,,0.0,0,2873,,TEAM BMTR ,bbbbbb,000000,aaaaaa,0,DQ,167,za,171,179,0,1,54.4,3,0,1,Vet,0,,20,20,0,186.40,0,203,1.18,46,201,3.7,0.0,0,1,,3.7,4.0,4.2,4.4,4.9,5.3,,203.0,220.0,227.0,237.0,265.0,291.0,0,0,,1,,,,0,,-1,Tiny Race (4 of 4) by Zwift Insider,TYPE_RACE TYPE_RACE ,5,2026/04/04,3364574135,,,1815308
,201,1,,,5528013,83,0,Yardi Agresta ,0,1815308,5528013.83,0,706178300032,447.801,447.861,,,0.0,0,2873,,TEAM BMTR ,bbbbbb,000000,aaaaaa,0,DQ,167,za,175,179,0,1,54.4,3,0,1,Vet,0,,20,20,0,186.40,0,212,1.19,45,208,3.8,0.0,0,1,,3.8,4.1,4.4,4.6,4.9,5.1,,209.0,221.0,240.0,248.0,264.0,277.0,0,0,,1,,,,0,,-1,Tiny Race (3 of 4) by Zwift Insider,TYPE_RACE TYPE_RACE ,3,2026/04/04,2573468147,,,1815308
,201,1,,,5528008,100,0,Yardi Agresta ,0,1815308,5528008.100,0,706176700042,585.381,585.561,,,0.0,0,2873,,TEAM BMTR ,bbbbbb,000000,aaaaaa,0,DQ,167,za,176,183,0,1,54.4,3,0,1,Vet,0,,20,20,0,186.40,0,218,1.2,45,212,3.9,0.0,0,1,,4.1,4.6,5.0,5.2,5.4,5.6,,225.0,248.0,270.0,283.0,294.0,305.0,0,0,,1,,,,0,,-1,Tiny Race (2 of 4) by Zwift Insider,TYPE_RACE TYPE_RACE ,7,2026/04/04,1538375239,,,1815308
,201,1,,5,5474633,21,21,Yardi Agresta ,0,1815308,5474633.21,0,699123200021,2370.997,2370.997,206.657,,0.0,0,2873,,TEAM BMTR ,bbbbbb,000000,aaaaaa,0,E,167,za,173,182,0,1,54.4,3,1,1,Vet,0,,20,20,0,0,0,192,1.06,51,183,3.4,3.2,177,0,3.4,3.8,4.2,4.9,5.5,5.7,6.0,187.0,206.0,231.0,269.0,300.0,309.0,328.0,0,0,,1,,,,0,,-1,Stage 3 - The Zwift Big Spin,TYPE_RIDE,26,2026/04/04,3680493479,1,,1815308
,207,1,,4,5525045,15,15,Toody Merrill &#129528;BMTR RACING)&#129293; (CU),0,1002137,5525045.15,170,705787000015,3600.004,3600.004,0.004,,0.0,0,,,,00dd00,,,0,D,165,us,139,156,0,1,59.4,3,1,10,Jnr,0,,20,20,0,0,0,104,0.71,84,98,1.7,1.7,102,0,1.8,2.0,2.1,2.4,2.6,2.6,2.6,108.0,119.0,126.0,142.0,153.0,157.0,157.0,0,0,,1,,,,0,,-1,(Rubber-Banded) Ride with James Friends!,TYPE_RIDE,0,2026/04/02,3680493479,,3600,1002137
,233,0,,4,5511821,48,9,Blopa&reg;,0,1714370,5511821.48,0,704093700009,3108.773,3108.773,202.967,,0.0,1,2873,,TEAM BMTR ,bbbbbb,000000,aaaaaa,0,D,182,uy,158,171,0,1,67.4,3,1,1,Mas,0,,20,0,275.02,260.58,4.18,226,1.38,48,218,3.2,3.2,221,0,3.5,3.9,4.2,4.5,4.8,5.2,5.5,233.0,264.0,280.0,301.0,323.0,348.0,369.0,0,0,,1,,,,0,,-1,ECRO World Tour | Chasing Dwars,TYPE_RACE TYPE_RACE ,31,2026/04/02,941280950,1,,1714370
,207,1,,1,5525006,19,3,Toody Merrill &#129528;BMTR RACING)&#129293; (CU),0,1002137,5525006.19,22,705778500003,2307.676,2307.676,0.219,,0.0,0,,,,00dd00,,,0,A,165,us,171,185,0,1,59.4,3,1,10,Jnr,0,,20,20,0,0,0,186,1.05,56,180,3.0,2.9,176,0,3.1,3.5,3.7,4.1,5.2,6.0,6.3,186.0,208.0,219.0,245.0,307.0,358.0,377.0,0,0,,1,,,,0,,-1,WTRL Team Time Trial - Zone 11,TYPE_TEAM_TIME_TRIAL TYPE_RACE ,22,2026/04/02,2839057126,2,,1002137
,233,0,,3,5521912,24,15,Blopa&reg;,0,1714370,5521912.24,0,705389100015,2396.524,2216.704,12.07,,0.0,1,2873,,TEAM BMTR ,bbbbbb,000000,aaaaaa,0,C,182,uy,139,170,0,1,67.4,3,1,1,Mas,0,,20,0,0,0,0,209,1.45,46,202,3.0,2.9,198,0,3.1,3.8,4.4,5.0,5.5,6.3,6.9,209.0,254.0,299.0,338.0,370.0,428.0,466.0,0,0,,1,,,,0,,-1,BMTR Chase Adventure,TYPE_RIDE,24,2026/03/31,1638640398,4,,1714370
,233,0,,4,5511812,47,9,Blopa&reg;,0,1714370,5511812.47,0,704090700009,4992.013,4992.013,43.909,,0.0,1,2873,,TEAM BMTR ,bbbbbb,000000,aaaaaa,0,D,182,uy,153,171,0,1,67.5,3,1,1,Mas,0,,20,0,266.32,268.73,8.15,217,1.35,49,207,3.1,3.1,209,0,3.3,3.6,4.2,4.6,5.8,6.6,7.6,221.0,240.0,283.0,312.0,392.0,445.0,514.0,0,0,,1,,,,0,,-1,ECRO World Tour | Chasing Wevelgem,TYPE_RACE TYPE_RACE ,54,2026/03/29,2746475460,1,,1714370
,207,1,,4,5517226,100,11,Toody Merrill &#129528;BMTR RACING)&#129293; (CU),0,1002137,5517226.100,359,704825700011,19239.565,19239.685,2620.94,,0.0,0,,,,00dd00,,,0,D,165,us,138,164,0,1,59.4,3,1,10,Jnr,0,,20,20,0,0,0,120,0.72,81,100,1.7,1.9,113,0,2.0,2.3,3.3,5.1,7.2,9.4,9.4,119.0,139.0,197.0,304.0,427.0,557.0,557.0,0,0,,1,,,,0,,-1,BMTR Flat 100 (Miles),TYPE_RIDE,161,2026/03/28,3914529041,,,1002137
,207,1,,5,5517216,8,8,Toody Merrill &#129528;BMTR RACING)&#129293; (CU),0,1002137,5517216.8,27,704823600008,1800.004,1800.004,0.004,,0.0,0,,,,00dd00,,,0,E,165,us,121,142,0,1,59.4,3,1,10,Jnr,0,,20,20,0,0,0,114,0.9,65,109,1.8,1.8,108,0,1.9,2.1,2.2,2.4,2.4,2.5,2.5,114.0,126.0,133.0,140.0,144.0,149.0,149.0,0,0,,1,,,,0,,-1,BMTR Banded Warmup,TYPE_RIDE,0,2026/03/28,2653858696,,1800,1002137
,233,0,,3,5515941,42,15,Blopa&reg;,0,1714370,5515941.42,0,704660200015,5400.008,5400.068,0.008,,0.0,1,2873,,TEAM BMTR ,bbbbbb,000000,aaaaaa,0,C,182,uy,125,149,0,1,67.5,3,1,1,Mas,0,,20,0,0,0,0,171,1.3,51,163,2.4,2.4,162,0,2.5,2.7,2.9,3.6,5.2,7.3,10.0,171.0,185.0,197.0,243.0,348.0,494.0,676.0,0,0,,1,,,,0,,-1,BMTR Short Adventure ,TYPE_RIDE,0,2026/03/27,1230300449,,3600,1714370
,207,1,,5,5474407,113,113,Toody Merrill &#129528;BMTR RACING)&#129293; (CU),0,1002137,5474407.113,27,699100600113,2346.898,2346.898,516.295,,0.0,0,,,,00dd00,,,0,E,165,us,131,163,0,1,59.4,3,1,10,Jnr,0,,20,20,0,0,0,149,1.11,53,146,2.5,2.5,152,0,2.7,2.9,3.2,3.2,3.4,3.8,3.8,161.0,175.0,189.0,192.0,203.0,224.0,224.0,0,0,,1,,,,0,,-1,Stage 2 - The Zwift Big Spin,TYPE_RIDE,21,2026/03/27,226950646,1,,1002137
,233,0,,5,5474407,114,114,Blopa&reg;,0,1714370,5474407.114,0,699100600114,2346.976,2346.976,516.373,,0.0,1,2873,,TEAM BMTR ,bbbbbb,000000,aaaaaa,0,E,182,uy,131,146,0,1,67.5,3,1,1,Mas,0,,20,0,0,0,0,183,1.36,49,178,2.6,2.7,182,0,2.8,3.0,3.2,3.2,3.5,4.2,6.5,192.0,203.0,213.0,218.0,235.0,282.0,436.0,0,0,,1,,,,0,,-1,Stage 2 - The Zwift Big Spin,TYPE_RIDE,21,2026/03/27,226950646,1,,1714370
,207,1,,3,5514615,48,1,Toody Merrill &#129528;BMTR RACING)&#129293; (CU),0,1002137,5514615.48,19,704476500001,2901.256,2901.376,0.0,,0.0,0,,,,00dd00,,,0,C,165,us,128,190,0,1,59.4,3,1,10,Jnr,0,,20,20,0,0,0,188,1.45,40,186,3.1,2.9,177,0,3.1,3.3,3.6,4.3,5.1,6.7,7.7,187.0,198.0,216.0,254.0,304.0,396.0,460.0,0,0,,1,,,,0,,-1,WTRL Team Time Trial WORLD CUP 2026 - Zone 12,TYPE_TEAM_TIME_TRIAL TYPE_RACE ,32,2026/03/26,2836167073,1,,1002137
,233,0,,2,5430198,16,3,Blopa&reg;,0,1714370,5430198.16,0,693802200003,1242.834,1242.894,62.298,,0.0,1,2873,,TEAM BMTR ,bbbbbb,000000,aaaaaa,0,B,182,uy,165,170,0,1,67.5,3,1,1,Mas,0,,20,0,295.93,271.74,3.01,242,1.45,46,240,3.6,3.3,227,0,3.5,3.8,4.0,4.1,4.4,4.5,6.4,239.0,254.0,268.0,278.0,298.0,306.0,432.0,0,0,,1,,,,0,,-1,Stage 6b: Zwift Games: Crit Cade,TYPE_RACE TYPE_RACE ,16,2026/03/26,2875658892,8,,1714370
,233,0,,2,5511364,63,25,Blopa&reg;,0,1714370,5511364.63,0,704015600025,2531.076,2231.376,170.636,,0.0,1,2873,,TEAM BMTR ,bbbbbb,000000,aaaaaa,0,B,182,uy,148,162,0,1,67.1,3,1,1,Mas,0,,20,0,0,0,0,222,1.45,46,215,3.2,3.3,222,0,3.5,3.6,3.7,4.0,4.3,4.7,5.0,234.0,242.0,250.0,266.0,289.0,313.0,334.0,0,0,,1,,,,0,,-1,BMTR Chase Adventure,TYPE_RIDE,25,2026/03/24,3356878261,2,,1714370
,233,0,,3,5509536,13,13,Blopa&reg;,0,1714370,5509536.13,0,703802500013,3600.006,3600.126,0.006,,0.0,1,2873,,TEAM BMTR ,bbbbbb,000000,aaaaaa,0,C,182,uy,121,163,0,1,67.1,3,1,1,Mas,0,,20,0,0,0,0,172,1.27,52,154,2.3,2.2,152,0,2.4,2.5,3.3,4.5,6.7,8.4,10.0,160.0,169.0,220.0,303.0,449.0,563.0,674.0,0,0,,1,,,,0,,-1,BMTR Short Adventure,TYPE_RIDE,0,2026/03/23,3356878261,,3600,1714370
,207,1,,5,5474293,124,124,Toody Merrill &#129528;BMTR RACING)&#129293; (CU),0,1002137,5474293.124,26,699089200124,2280.618,2280.618,495.591,,0.0,0,,,,00dd00,,,0,E,165,us,140,159,0,1,59.4,3,1,10,Jnr,0,,20,20,0,0,0,128,0.9,66,126,2.1,2.0,121,0,2.2,2.4,2.6,2.9,3.3,3.3,3.3,128.0,145.0,156.0,174.0,194.0,198.0,198.0,0,0,,1,,,,0,,-1,Stage 1 - The Zwift Big Spin,TYPE_RIDE,22,2026/03/21,1258526800,1,,1002137
,233,0,,4,5511780,72,19,Blopa&reg;,0,1714370,5511780.72,0,704083300019,6569.028,6569.028,504.907,,0.0,1,2873,,TEAM BMTR ,bbbbbb,000000,aaaaaa,0,D,182,uy,145,168,0,1,67.1,3,1,1,Mas,0,,20,0,311.00,271.74,0,205,1.34,49,195,2.9,2.9,198,0,3.1,3.7,4.1,4.7,5.4,7.0,7.8,209.0,248.0,272.0,318.0,365.0,467.0,526.0,0,0,,1,,,,0,,-1,ECRO World Tour | Chasing Sanremo,TYPE_RACE TYPE_RACE ,66,2026/03/21,806114032,1,,1714370
,233,0,,5,5474221,119,119,Blopa&reg;,0,1714370,5474221.119,0,699082000119,2051.863,2051.863,229.658,,0.0,1,2873,,TEAM BMTR ,bbbbbb,000000,aaaaaa,0,E,182,uy,139,158,0,1,67.1,3,1,1,Mas,0,,20,0,0,0,0,210,1.45,46,202,3.0,2.8,191,0,3.0,3.3,3.8,4.7,6.1,7.5,8.9,202.0,224.0,257.0,316.0,406.0,502.0,600.0,0,0,,1,,,,0,,-1,Stage 1 - The Zwift Big Spin,TYPE_RIDE,22,2026/03/20,1258526800,1,,1714370
,201,1,,3,5504172,35,11,Yardi Agresta ,0,1815308,5504172.35,0,703150100013,5400.008,5400.068,0.008,,0.0,0,2873,,TEAM BMTR ,bbbbbb,000000,aaaaaa,0,C,167,za,142,161,0,1,54.4,3,1,1,Vet,0,,20,20,0,0,0,133,0.89,61,126,2.3,2.3,126,0,2.4,2.6,3.1,3.7,5.0,5.2,5.5,133.0,144.0,168.0,202.0,274.0,285.0,298.0,0,0,,1,,,,0,,-1,BMTR Short Adventure ,TYPE_RIDE,0,2026/03/20,3261167746,,3600,1815308
,201,1,,2,5429941,16,2,Yardi Agresta ,0,1815308,5429941.16,0,693680100002,4070.408,4070.468,34.294,,0.0,0,2873,,TEAM BMTR ,bbbbbb,000000,aaaaaa,0,B,167,za,167,180,0,1,54.4,3,1,1,Vet,0,,20,20,234.33,186.40,0,200,1.14,47,190,3.5,3.4,189,0,3.7,4.2,4.8,5.2,5.6,6.0,6.2,199.0,230.0,260.0,281.0,304.0,325.0,339.0,0,0,,1,,,,0,,-1,Stage 5: Zwift Games: Three Step Sisters,TYPE_RACE TYPE_RACE ,38,2026/03/20,3536020075,1,,1815308
,201,1,,3,5502299,36,5,Yardi Agresta ,0,1815308,5502299.36,0,702820900005,3724.059,3724.179,0.865,,0.0,0,2873,,TEAM BMTR ,bbbbbb,000000,aaaaaa,0,C,167,za,155,171,0,1,54.4,3,1,1,Vet,0,,20,20,0,0,0,173,1.05,52,162,3.0,3.0,164,0,3.2,3.6,4.0,4.7,5.2,5.2,5.5,173.0,196.0,215.0,255.0,281.0,285.0,301.0,0,0,,1,,,,0,,-1,WTRL Team Time Trial - Zone 12,TYPE_TEAM_TIME_TRIAL,43,2026/03/19,604330868,2,,1815308
,233,0,,1,5502271,5,5,Blopa&reg;,0,1714370,5502271.5,0,702814200005,3978.711,3978.711,62.537,,0.0,1,2873,,TEAM BMTR ,bbbbbb,000000,aaaaaa,0,A,182,uy,139,156,0,1,67.1,3,1,1,Mas,0,,20,0,0,0,0,197,1.37,49,190,2.8,2.8,188,0,3.0,3.2,3.6,4.1,4.9,5.7,6.1,198.0,216.0,240.0,273.0,327.0,381.0,409.0,0,0,,1,,,,0,,-1,WTRL Team Time Trial - Zone 11,TYPE_TEAM_TIME_TRIAL,43,2026/03/19,604330868,2,,1714370
,201,1,,4,5502271,36,15,Yardi Agresta ,0,1815308,5502271.36,0,702814500015,3591.296,3591.476,133.296,,0.0,0,2873,,TEAM BMTR ,bbbbbb,000000,aaaaaa,0,D,167,za,166,177,0,1,54.4,3,1,1,Vet,0,,20,20,0,0,0,195,1.12,48,186,3.4,3.4,187,0,3.6,4.2,4.4,4.6,4.7,5.1,6.0,197.0,228.0,240.0,249.0,256.0,280.0,327.0,0,0,,1,,,,0,,-1,WTRL Team Time Trial - Zone 11,TYPE_TEAM_TIME_TRIAL,43,2026/03/19,604330868,2,,1815308
,233,0,,3,5429880,41,2,Blopa&reg;,0,1714370,5429880.41,0,693649700002,4127.708,4127.828,0.827,,0.0,1,2873,,TEAM BMTR ,bbbbbb,000000,aaaaaa,0,C,182,uy,155,177,0,1,67.1,3,1,1,Mas,0,,20,0,310.95,276.27,4.53,227,1.41,47,219,3.3,3.3,224,0,3.5,3.9,4.2,4.6,5.3,5.8,6.2,236.0,263.0,282.0,308.0,355.0,391.0,414.0,0,0,,1,,,,0,,-1,Stage 5: Zwift Games: Three Step Sisters,TYPE_RACE TYPE_RACE ,38,2026/03/18,3536020075,1,,1714370
,233,0,,2,5498576,82,27,Blopa&reg;,0,1714370,5498576.82,0,702358500027,2437.52,2137.82,87.853,,0.0,1,2873,,TEAM BMTR ,bbbbbb,000000,aaaaaa,0,B,182,uy,161,175,0,1,67.1,3,1,1,Mas,0,,20,0,0,0,0,228,1.39,48,224,3.3,3.3,221,0,3.5,3.6,3.9,4.4,4.5,5.0,5.5,233.0,243.0,264.0,293.0,305.0,333.0,366.0,0,0,,1,,,,0,,-1,BMTR Chase Adventure,TYPE_RIDE,25,2026/03/17,1776635757,1,,1714370
,201,1,,2,5498576,56,21,Yardi Agresta ,0,1815308,5498576.56,0,702358500021,2361.825,2062.125,12.158,,0.0,0,2873,,TEAM BMTR ,bbbbbb,000000,aaaaaa,0,B,167,za,172,181,0,1,54.4,3,1,1,Vet,0,,20,20,0,0,0,213,1.2,45,207,3.8,3.6,198,0,3.8,4.2,4.5,5.0,5.1,5.3,5.5,209.0,229.0,244.0,271.0,279.0,287.0,299.0,0,0,,1,,,,0,,-1,BMTR Chase Adventure,TYPE_RIDE,25,2026/03/17,1776635757,1,,1815308
,201,1,,5,5474135,82,82,Yardi Agresta ,0,1815308,5474135.82,0,699073400082,2048.212,2048.212,260.818,,0.0,0,2873,,TEAM BMTR ,bbbbbb,000000,aaaaaa,0,E,167,za,153,167,0,1,54.4,3,1,1,Vet,0,,20,20,0,0,0,168,1.06,51,162,3.0,2.8,152,0,3.0,3.2,3.9,4.5,4.7,4.9,5.5,161.0,176.0,211.0,244.0,258.0,269.0,301.0,0,0,,1,,,,0,,-1,Stage 1 - The Zwift Big Spin,TYPE_RIDE,22,2026/03/17,1258526800,1,,1815308
,233,0,,3,5496760,28,28,Blopa&reg;,0,1714370,5496760.28,0,702148000027,3600.006,3600.126,0.006,,0.0,1,2873,,TEAM BMTR ,bbbbbb,000000,aaaaaa,0,C,182,uy,129,148,0,1,67.1,3,1,1,Mas,0,,20,0,0,0,0,162,1.22,55,157,2.3,2.3,156,0,2.5,2.7,2.8,3.2,3.7,5.1,7.2,165.0,180.0,190.0,217.0,250.0,344.0,480.0,0,0,,1,,,,0,,-1,BMTR Short Adventure,TYPE_RIDE,0,2026/03/16,2898229208,,3600,1714370
,201,1,,3,5496760,91,91,Yardi Agresta ,0,1815308,5496760.91,0,702148000091,3600.032,3600.152,0.032,,0.0,0,2873,,TEAM BMTR ,bbbbbb,000000,aaaaaa,0,C,167,za,137,160,0,1,54.4,3,1,1,Vet,0,,20,20,0,0,0,157,0.96,56,132,2.4,2.5,135,0,2.6,3.1,3.6,4.3,5.6,7.1,7.8,143.0,167.0,195.0,235.0,303.0,387.0,423.0,0,0,,1,,,,0,,-1,BMTR Short Adventure,TYPE_RIDE,0,2026/03/16,2898229208,,3600,1815308
,201,1,,3,5494861,52,52,Yardi Agresta ,0,1815308,5494861.52,0,701871700052,10133.311,10133.311,1165.434,,0.0,0,2873,,TEAM BMTR ,bbbbbb,000000,aaaaaa,0,C,167,za,144,168,0,1,53.5,3,1,1,Vet,0,,20,20,0,0,0,146,0.95,56,137,2.6,2.5,138,0,2.7,3.4,4.4,5.2,6.1,6.2,7.1,146.0,184.0,233.0,280.0,326.0,330.0,378.0,0,0,,1,,,,0,,-1,BMTR Longish Adventure,TYPE_RIDE,100,2026/03/15,890800649,,,1815308
,201,1,,3,5491530,77,46,Yardi Agresta ,0,1815308,5491530.77,0,701469100046,5400.024,5400.084,0.024,,0.0,0,2873,,TEAM BMTR ,bbbbbb,000000,aaaaaa,0,C,167,za,142,159,0,1,53.5,3,1,1,Vet,0,,20,20,0,0,0,143,0.94,57,133,2.5,2.5,137,0,2.7,2.9,3.3,3.9,5.5,5.8,6.1,145.0,155.0,175.0,207.0,292.0,309.0,327.0,0,0,,1,,,,0,,-1,BMTR Short Adventure ,TYPE_RIDE,0,2026/03/13,1457923570,,3600,1815308
,233,0,,3,5491530,42,11,Blopa&reg;,0,1714370,5491530.42,0,701469100011,5400.006,5400.066,0.006,,0.0,1,2873,,TEAM BMTR ,bbbbbb,000000,aaaaaa,0,C,182,uy,124,146,0,1,67.1,3,1,1,Mas,0,,20,0,0,0,0,164,1.25,53,155,2.3,2.4,164,0,2.6,2.8,3.0,3.1,3.4,3.4,3.7,173.0,190.0,203.0,210.0,230.0,231.0,248.0,0,0,,1,,,,0,,-1,BMTR Short Adventure ,TYPE_RIDE,0,2026/03/13,1457923570,,3600,1714370
,201,1,,3,5477101,10,1,Yardi Agresta ,0,1815308,5477101.10,0,699695100001,6707.469,6707.469,0,,0.0,0,2873,,TEAM BMTR ,bbbbbb,000000,aaaaaa,0,C,167,za,158,171,0,1,53.5,3,1,1,Vet,0,,20,20,301.08,186.40,0,189,1.14,46,180,3.4,3.3,179,0,3.5,4.0,4.5,5.1,5.3,5.4,5.6,189.0,213.0,243.0,271.0,283.0,289.0,301.0,0,0,,1,,,,0,,-1,Zwift Epic Race - Park Perimeter Loop,TYPE_RACE TYPE_RACE ,67,2026/03/13,1919980508,7,,1815308
,201,1,,3,5490194,38,6,Yardi Agresta ,0,1815308,5490194.38,0,701317400006,3231.792,3231.912,11.893,,0.0,0,2873,,TEAM BMTR ,bbbbbb,000000,aaaaaa,0,C,167,za,150,167,0,1,53.5,3,1,1,Vet,0,,20,20,0,0,0,172,1.0,53,150,2.8,2.8,154,0,3.0,3.4,3.9,4.8,5.3,5.6,6.8,163.0,181.0,211.0,259.0,284.0,298.0,364.0,0,0,,1,,,,0,,-1,WTRL Team Time Trial - Zone 12,TYPE_TEAM_TIME_TRIAL TYPE_RACE ,34,2026/03/12,1509089537,3,,1815308
,233,0,,3,5429799,52,3,Blopa&reg;,0,1714370,5429799.52,0,693613600003,3060.977,3061.097,36.961,,0.0,1,2873,,TEAM BMTR ,bbbbbb,000000,aaaaaa,0,C,182,uy,153,170,0,1,67.1,3,1,1,Mas,0,,20,0,289.15,286.81,10.54,223,1.41,47,215,3.2,3.1,210,0,3.3,4.0,4.3,4.4,4.7,5.0,5.2,222.0,269.0,286.0,297.0,317.0,337.0,351.0,0,0,,1,,,,0,,-1,Stage 4: Zwift Games: Peaky Pave,TYPE_RACE TYPE_RACE ,31,2026/03/12,941280950,1,,1714370
,201,1,,4,5489911,19,19,Yardi Agresta ,0,1815308,5489911.19,0,701256600019,2983.995,2984.175,123.704,,0.0,0,2873,,TEAM BMTR ,bbbbbb,000000,aaaaaa,0,D,167,za,165,175,0,1,53.5,3,1,1,Vet,0,,20,20,0,0,0,196,1.1,48,181,3.4,3.2,175,0,3.5,3.9,4.3,5.1,5.5,5.6,6.0,185.0,208.0,230.0,272.0,292.0,299.0,319.0,0,0,,1,,,,0,,-1,WTRL Team Time Trial - Zone 11,TYPE_TEAM_TIME_TRIAL TYPE_RACE ,34,2026/03/12,1509089537,3,,1815308
,201,1,,2,5429794,26,6,Yardi Agresta ,0,1815308,5429794.26,0,693611000006,2937.793,2937.853,5.306,,0.0,0,2873,,TEAM BMTR ,bbbbbb,000000,aaaaaa,0,B,167,za,166,179,0,1,53.5,3,1,1,Vet,0,,20,20,301.31,186.40,0,203,1.17,45,194,3.6,3.6,197,0,3.9,4.4,4.6,5.2,5.5,5.6,5.9,208.0,236.0,244.0,277.0,292.0,301.0,316.0,0,0,,1,,,,0,,-1,Stage 4: Zwift Games: Peaky Pave,TYPE_RACE TYPE_RACE ,31,2026/03/11,941280950,1,,1815308
,207,1,,2,5429794,49,29,Toody Merrill &#129528;BMTR RACING)&#129293; (CU),0,1002137,5429794.49,18,693611000029,3059.248,3059.308,126.761,,0.0,0,,,,00dd00,,,0,B,165,us,163,180,0,1,59.4,3,1,10,Jnr,0,,20,20,435.55,271.39,0,196,1.18,50,193,3.3,3.2,193,0,3.4,3.8,3.9,4.2,4.6,5.0,5.4,204.0,225.0,234.0,251.0,273.0,295.0,319.0,0,0,,1,,,,0,,-1,Stage 4: Zwift Games: Peaky Pave,TYPE_RACE TYPE_RACE ,31,2026/03/11,941280950,1,,1002137
,233,0,,3,5488090,43,12,Blopa&reg;,0,1714370,5488090.43,0,701015600012,3600.004,3600.064,0.003,,0.0,1,2873,,TEAM BMTR ,bbbbbb,000000,aaaaaa,0,C,182,uy,121,141,0,1,67.1,3,1,1,Mas,0,,20,0,0,0,0,157,1.27,52,154,2.3,2.2,152,0,2.4,2.5,2.6,2.9,3.4,3.6,3.7,160.0,166.0,173.0,193.0,227.0,244.0,250.0,0,0,,1,,,,0,,-1,BMTR Short Adventure,TYPE_RIDE,0,2026/03/11,3261167746,,3600,1714370
,201,1,,2,5489025,55,19,Yardi Agresta ,0,1815308,5489025.55,0,701141500019,2413.47,2053.83,57.383,,0.0,0,2873,,TEAM BMTR ,bbbbbb,000000,aaaaaa,0,B,167,za,170,177,0,1,53.5,3,1,1,Vet,0,,20,20,0,0,0,204,1.19,45,202,3.8,3.6,192,0,3.8,4.1,4.3,4.4,4.9,5.1,5.3,203.0,217.0,231.0,238.0,263.0,273.0,286.0,0,0,,1,,,,0,,-1,BMTR Chase Adventure,TYPE_RIDE,25,2026/03/10,1776635757,1,,1815308
,233,0,,2,5489025,57,21,Blopa&reg;,0,1714370,5489025.57,0,701141500021,2413.526,2053.886,57.439,,0.0,1,2873,,TEAM BMTR ,bbbbbb,000000,aaaaaa,0,B,182,uy,161,171,0,1,67.1,3,1,1,Mas,0,,20,0,0,0,0,237,1.46,45,235,3.5,3.3,227,0,3.6,3.8,4.1,4.3,4.6,5.1,5.4,239.0,258.0,276.0,287.0,308.0,341.0,365.0,0,0,,1,,,,0,,-1,BMTR Chase Adventure,TYPE_RIDE,25,2026/03/10,1776635757,1,,1714370
,207,1,,4,5486148,5,5,Toody Merrill &#129528;BMTR RACING)&#129293; (CU),0,1002137,5486148.5,167,700780900005,4200.003,4200.003,0.003,,0.0,0,,,,00dd00,,,0,D,165,us,0,0,0,0,59.4,3,1,10,Jnr,0,,20,20,0,0,0,140,0.0,0,108,1.8,2.5,149,0,2.6,3.8,3.9,4.5,4.7,4.9,4.9,157.0,224.0,234.0,265.0,281.0,294.0,294.0,0,0,,1,,,,0,,-1,SROZs Two-Tired for Tuesday,TYPE_RIDE,0,2026/03/10,3864857876,,4200,1002137
,207,1,,4,5484140,87,6,Toody Merrill &#129528;BMTR RACING)&#129293; (CU),0,1002137,5484140.87,184,700555600006,3600.002,3600.182,0.002,,0.0,0,,,,00dd00,,,0,D,165,us,0,0,0,0,59.4,3,1,10,Jnr,0,,20,20,0,0,0,120,0.0,0,95,1.6,1.6,98,0,1.8,2.8,3.8,4.4,5.1,5.4,5.4,104.0,167.0,227.0,261.0,305.0,321.0,321.0,0,0,,1,,,,0,,-1,BMTR Short Adventure,TYPE_RIDE,0,2026/03/09,172610229,,3600,1002137
,201,1,,3,5484140,60,60,Yardi Agresta ,0,1815308,5484140.60,0,700555500064,3600.022,3600.142,0.022,,0.0,0,2873,,TEAM BMTR ,bbbbbb,000000,aaaaaa,0,C,167,za,151,173,0,1,53.5,3,1,1,Vet,0,,20,20,0,0,0,171,1.01,52,153,2.9,2.9,159,0,3.1,3.6,4.1,4.9,5.5,6.7,7.1,168.0,193.0,220.0,260.0,292.0,360.0,382.0,0,0,,1,,,,0,,-1,BMTR Short Adventure,TYPE_RIDE,0,2026/03/09,172610229,,3600,1815308
,233,0,,3,5484140,10,10,Blopa&reg;,0,1714370,5484140.10,0,700555500010,3600.002,3600.122,0.002,,0.0,1,2873,,TEAM BMTR ,bbbbbb,000000,aaaaaa,0,C,182,uy,137,164,0,1,67.1,3,1,1,Mas,0,,20,0,0,0,0,190,1.3,51,178,2.7,2.6,177,0,2.8,3.5,4.0,4.2,5.1,7.1,11.1,187.0,235.0,270.0,281.0,344.0,479.0,746.0,0,0,,1,,,,0,,-1,BMTR Short Adventure,TYPE_RIDE,0,2026/03/09,172610229,,3600,1714370
,201,1,,3,5482112,62,62,Yardi Agresta ,0,1815308,5482112.62,27,700294100062,10027.061,10027.061,1256.714,,0.0,0,2873,,TEAM BMTR ,bbbbbb,000000,aaaaaa,0,C,167,za,129,160,0,1,53.5,3,1,10,Vet,0,,20,20,0,0,0,128,0.92,58,119,2.2,2.4,131,0,2.6,2.7,3.0,3.6,4.7,6.4,6.4,138.0,145.0,160.0,193.0,254.0,345.0,345.0,0,0,,1,,,,0,,-1,BMTR Longish Adventure,TYPE_RIDE,100,2026/03/08,3680493479,,,1815308
,201,1,,3,5416318,55,13,Yardi Agresta ,0,1815308,5416318.55,0,691791300013,3363.926,3364.046,4.186,,0.0,0,2873,,TEAM BMTR ,bbbbbb,000000,aaaaaa,0,C,167,za,168,181,0,1,53.5,3,1,1,Vet,0,,20,20,210.88,186.40,0,207,1.15,46,193,3.6,3.5,189,0,3.7,4.5,5.0,5.2,5.7,5.9,6.1,199.0,239.0,266.0,277.0,304.0,316.0,325.0,0,0,,1,,,,0,,-1,FRR Super 6IX - Playoff,TYPE_RACE TYPE_RACE ,36,2026/03/07,979250573,,,1815308
,207,1,,5,5428622,18,18,Toody Merrill &#129528;BMTR RACING)&#129293; (CU),0,1002137,5428622.18,181,693238600018,4176.389,4176.389,1240.697,,0.0,0,,,,00dd00,,,0,E,165,us,141,173,0,1,59.4,3,1,10,Jnr,0,,20,20,0,0,0,180,1.22,48,172,2.9,3.2,191,0,3.4,3.5,3.6,3.7,4.0,4.2,4.2,202.0,210.0,216.0,220.0,237.0,248.0,248.0,0,0,,1,,,,0,,-1,Alpe 60 min Pace 😈🍍,TYPE_RIDE,17,2026/03/07,2663908549,1,,1002137
,201,1,,4,5482394,53,1,Yardi Agresta ,0,1815308,5482394.53,0,700340100001,4898.99,4898.99,0,,0.0,0,2873,,TEAM BMTR ,bbbbbb,000000,aaaaaa,0,D,167,za,170,180,0,1,53.5,3,1,1,Vet,0,,20,20,191.02,187.12,0.72,205,1.15,46,195,3.6,3.7,201,0,4.0,4.6,4.9,5.2,5.3,5.5,5.7,212.0,244.0,264.0,277.0,286.0,297.0,303.0,0,0,,1,,,,0,,-1,ECRO World Tour | Chasing Bianche,TYPE_RACE TYPE_RACE ,53,2026/03/07,3330165223,1,,1815308
,233,0,,,5482394,65,0,Blopa&reg;,0,1714370,5482394.65,0,700340100004,5198.968,5198.968,,,0.0,1,2873,,TEAM BMTR ,bbbbbb,000000,aaaaaa,0,DQ,182,uy,155,179,0,1,67.1,3,0,1,Mas,0,,20,0,0,319.55,0,221,1.36,49,211,3.1,3.2,217,0,3.4,3.8,4.4,4.5,4.7,5.9,7.4,229.0,257.0,298.0,303.0,313.0,397.0,499.0,0,0,,1,,,,0,,-1,ECRO World Tour | Chasing Bianche,TYPE_RACE TYPE_RACE ,53,2026/03/07,3330165223,1,,1714370
,233,0,,3,5478209,38,6,Blopa&reg;,0,1714370,5478209.38,0,699825500006,5400.002,5400.062,0.002,,0.0,1,2873,,TEAM BMTR ,bbbbbb,000000,aaaaaa,0,C,182,uy,140,173,0,1,67.1,3,1,1,Mas,0,,20,0,0,0,0,188,1.27,52,178,2.7,2.8,193,0,3.0,3.4,3.9,4.4,5.2,5.9,7.9,204.0,228.0,260.0,298.0,352.0,393.0,532.0,0,0,,1,,,,0,,-1,BMTR Short Adventure ,TYPE_RIDE,0,2026/03/06,3680493479,,3600,1714370
,201,1,,3,5478209,61,29,Yardi Agresta ,0,1815308,5478209.61,27,699825500029,5400.014,5400.074,0.014,,0.0,0,2873,,TEAM BMTR ,bbbbbb,000000,aaaaaa,0,C,167,za,147,169,0,1,53.5,3,1,10,Vet,0,,20,20,0,0,0,170,1.05,51,154,2.9,3.1,166,0,3.3,3.5,3.9,5.0,5.3,6.6,6.6,175.0,189.0,208.0,265.0,285.0,351.0,351.0,0,0,,1,,,,0,,-1,BMTR Short Adventure ,TYPE_RIDE,0,2026/03/06,3680493479,,3600,1815308
,201,1,,3,5475774,37,4,Yardi Agresta ,0,1815308,5475774.37,24,699255200004,2639.715,2639.835,0.693,,0.0,0,2873,,TEAM BMTR ,bbbbbb,000000,aaaaaa,0,C,167,za,159,172,0,1,53.5,3,1,10,Vet,0,,20,20,0,0,0,180,1.08,49,172,3.2,3.1,170,0,3.3,3.7,4.2,4.4,4.6,5.0,5.1,179.0,200.0,224.0,235.0,247.0,267.0,273.0,0,0,,1,,,,0,,-1,WTRL Team Time Trial - Zone 12,TYPE_TEAM_TIME_TRIAL,31,2026/03/05,3378411990,1,,1815308
,233,0,,3,5429614,53,9,Blopa&reg;,0,1714370,5429614.53,0,693525100009,2375.528,2375.648,56.445,,0.0,1,2873,,TEAM BMTR ,bbbbbb,000000,aaaaaa,0,C,182,uy,159,180,0,1,67.1,3,1,1,Mas,0,,20,0,392.95,320.74,1.20,227,1.31,51,208,3.1,3.0,207,0,3.2,3.8,4.3,4.9,5.7,6.4,7.3,218.0,256.0,291.0,327.0,383.0,428.0,489.0,0,0,,1,,,,0,,-1,Stage 3: Zwift Games: Cobbled Crown,TYPE_RACE TYPE_RACE ,24,2026/03/05,2244765560,1,,1714370
,201,1,,4,5475748,46,12,Yardi Agresta ,0,1815308,5475748.46,18,699250600012,2710.725,2710.905,286.732,,0.0,0,2873,,TEAM BMTR ,bbbbbb,000000,aaaaaa,0,D,167,za,164,176,0,1,53.5,3,1,10,Vet,0,,20,20,0,0,0,176,1.02,52,167,3.1,3.0,160,0,3.2,3.6,3.9,4.3,4.9,5.3,5.4,169.0,191.0,208.0,229.0,264.0,281.0,291.0,0,0,,1,,,,0,,-1,WTRL Team Time Trial - Zone 11,TYPE_TEAM_TIME_TRIAL,31,2026/03/05,3378411990,1,,1815308
,201,1,,3,5473061,36,16,Yardi Agresta ,0,1815308,5473061.36,28,698935000014,3600.009,3600.069,0.008,,0.0,0,2873,,TEAM BMTR ,bbbbbb,000000,aaaaaa,0,C,167,za,163,175,0,1,53.5,3,1,10,Vet,0,,20,20,0,0,0,183,1.09,49,178,3.3,3.2,175,0,3.5,3.8,4.4,4.7,5.2,5.3,5.3,185.0,202.0,238.0,254.0,276.0,285.0,285.0,0,0,,1,,,,0,,-1,BMTR Short Adventure,TYPE_RIDE,0,2026/03/04,2474227587,,3600,1815308
,233,0,,3,5473061,31,11,Blopa&reg;,0,1714370,5473061.31,0,698935000011,3600.007,3600.067,0.006,,0.0,1,2873,,TEAM BMTR ,bbbbbb,000000,aaaaaa,0,C,182,uy,128,146,0,1,67.1,3,1,1,Mas,0,,20,0,0,0,0,161,1.22,55,156,2.3,2.3,157,0,2.5,2.6,2.8,3.1,3.3,3.4,3.8,166.0,176.0,191.0,210.0,220.0,228.0,254.0,0,0,,1,,,,0,,-1,BMTR Short Adventure,TYPE_RIDE,0,2026/03/04,2474227587,,3600,1714370
,201,1,,2,5429568,29,3,Yardi Agresta ,0,1815308,5429568.29,17,693502000003,2279.586,2279.646,7.332,,0.0,0,2873,,TEAM BMTR ,bbbbbb,000000,aaaaaa,0,B,167,za,164,181,0,1,53.5,3,1,10,Vet,0,,20,20,282.21,187.12,0,202,1.16,46,190,3.6,3.4,184,0,3.6,4.2,5.0,5.4,6.0,6.1,6.1,194.0,227.0,266.0,291.0,321.0,326.0,326.0,0,0,,1,,,,0,,-1,Stage 3: Zwift Games: Cobbled Crown,TYPE_RACE TYPE_RACE ,24,2026/03/03,2244765560,1,,1815308
,233,0,,2,5429568,55,29,Blopa&reg;,0,1714370,5429568.55,0,693502000029,2478.914,2478.974,206.66,,0.0,1,2873,,TEAM BMTR ,bbbbbb,000000,aaaaaa,0,B,182,uy,152,176,0,1,67.1,3,1,1,Mas,0,,20,0,491.93,320.74,0,227,1.36,49,206,3.1,2.9,197,0,3.1,3.8,4.3,5.1,7.3,8.8,9.4,208.0,258.0,291.0,341.0,492.0,592.0,634.0,0,0,,1,,,,0,,-1,Stage 3: Zwift Games: Cobbled Crown,TYPE_RACE TYPE_RACE ,24,2026/03/03,2244765560,1,,1714370
,207,1,,4,5471016,11,11,Toody Merrill &#129528;BMTR RACING)&#129293; (CU),0,1002137,5471016.11,165,698678100011,4200.011,4200.011,0.011,,0.0,0,,,,00dd00,,,0,D,165,us,120,140,0,1,59.4,3,1,10,Jnr,0,,20,20,0,0,0,102,0.79,75,95,1.6,1.6,95,0,1.7,1.9,2.2,2.6,2.9,3.2,3.2,101.0,111.0,130.0,153.0,175.0,193.0,193.0,0,0,,1,,,,0,,-1,SROZs Two-Tired for Tuesday,TYPE_RIDE,0,2026/03/03,2474227587,,4200,1002137
,201,1,,4,5469006,6,6,Yardi Agresta ,0,1815308,5469006.6,26,698466900006,3600.002,3600.002,0.002,,0.0,0,2873,,TEAM BMTR ,bbbbbb,000000,aaaaaa,0,D,167,za,119,159,0,1,53.5,3,1,10,Vet,0,,20,20,0,0,0,120,0.82,64,98,1.8,1.9,102,0,2.0,2.6,3.3,4.5,5.1,5.7,5.7,108.0,137.0,175.0,241.0,273.0,305.0,305.0,0,0,,1,,,,0,,-1,BMTR Misfits Social,TYPE_RIDE,0,2026/03/02,3407362320,,3600,1815308
,233,0,,3,5468796,16,16,Blopa&reg;,0,1714370,5468796.16,0,698429600016,3600.006,3600.126,0.006,,0.0,1,2873,,TEAM BMTR ,bbbbbb,000000,aaaaaa,0,C,182,uy,127,146,0,1,67.1,3,1,1,Mas,0,,20,0,0,0,0,165,1.26,53,160,2.4,2.3,156,0,2.5,2.7,2.9,3.3,4.4,6.4,11.7,165.0,182.0,196.0,224.0,293.0,430.0,786.0,0,0,,1,,,,0,,-1,BMTR Short Adventure,TYPE_RIDE,0,2026/03/02,3636436865,,3600,1714370
,201,1,,3,5449887,51,51,Yardi Agresta ,0,1815308,5449887.51,40,696189500051,9773.463,9773.463,1105.117,,0.0,0,2873,,TEAM BMTR ,bbbbbb,000000,aaaaaa,0,C,167,za,140,173,0,1,53.5,3,1,10,Vet,0,,20,20,0,0,0,148,0.95,56,133,2.5,2.8,153,0,3.0,3.6,4.4,4.7,5.0,5.4,5.4,162.0,193.0,237.0,254.0,266.0,290.0,290.0,0,0,,1,,,,0,,-1,BMTR Longish Adventure,TYPE_RIDE,100,2026/03/01,2101060245,,,1815308
,201,1,,3,5459797,50,8,Yardi Agresta ,0,1815308,5459797.50,17,697381800008,2766.421,2766.541,47.572,,0.0,0,2873,,TEAM BMTR ,bbbbbb,000000,aaaaaa,0,C,167,za,152,164,0,1,53.5,3,1,10,Vet,0,,20,20,0,0,0,176,1.05,51,159,3.0,3.0,160,0,3.2,3.5,3.8,4.4,5.5,5.7,5.7,169.0,187.0,204.0,234.0,293.0,303.0,307.0,0,0,,1,,,,0,,-1,WTRL Team Time Trial - Zone 12,TYPE_TEAM_TIME_TRIAL TYPE_RACE ,28,2026/02/26,2007026433,2,,1815308
,207,1,,4,5459792,60,60,Toody Merrill &#129528;BMTR RACING)&#129293; (CU),0,1002137,5459792.60,189,697381100060,3600.017,3600.017,0.017,,0.0,0,,,,00dd00,,,0,D,165,us,125,152,0,1,59.4,3,1,10,Jnr,0,,20,20,0,0,0,110,0.8,74,100,1.7,1.7,105,0,1.9,2.2,2.6,3.1,3.2,3.2,3.2,111.0,133.0,153.0,182.0,190.0,192.0,192.0,0,0,,1,,,,0,,-1,(Rubber-Banded) Ride with James Friends!,TYPE_RIDE,0,2026/02/26,2244765560,,3600,1002137
,201,1,,4,5459769,6,6,Yardi Agresta ,0,1815308,5459769.6,20,697377000006,2633.364,2633.544,87.445,,0.0,0,2873,,TEAM BMTR ,bbbbbb,000000,aaaaaa,0,D,167,za,158,174,0,1,53.5,3,1,10,Vet,0,,20,20,0,0,0,191,1.13,47,178,3.3,3.1,170,0,3.3,3.8,4.3,5.4,5.5,5.6,6.0,179.0,201.0,228.0,287.0,294.0,299.0,320.0,0,0,,1,,,,0,,-1,WTRL Team Time Trial - Zone 11,TYPE_TEAM_TIME_TRIAL TYPE_RACE ,28,2026/02/26,2007026433,2,,1815308
,201,1,,3,5457241,5,3,Yardi Agresta ,0,1815308,5457241.5,25,697097100003,476.553,476.553,8.269,71.447,420.553,0,2873,,TEAM BMTR ,bbbbbb,000000,aaaaaa,0,C,167,za,168,174,0,1,53.5,3,1,10,Vet,0,,20,20,0,187.12,0,216,1.27,42,214,4.0,0.0,0,1,,4.0,4.3,4.4,4.6,4.8,5.0,,213.0,229.0,238.0,248.0,259.0,265.0,0,0,,1,,,,0,,-1,Micro Mountain Massif Race 3 - Powered by Muc-Off,TYPE_RACE TYPE_RACE ,5,2026/02/25,1233527301,1,,1815308
,201,1,,3,5457223,3,2,Yardi Agresta ,0,1815308,5457223.3,39,697092800002,599.667,599.667,21.043,46.333,532.667,0,2873,,TEAM BMTR ,bbbbbb,000000,aaaaaa,0,C,167,za,166,174,0,1,53.5,3,1,10,Vet,0,,20,20,0,187.12,0,208,1.25,42,208,3.9,0.0,0,1,,4.0,4.2,4.5,4.8,5.1,5.3,,215.0,223.0,240.0,256.0,271.0,283.0,0,0,,1,,,,0,,-1,Micro Mountain Massif Race 2 - s/b Elite,TYPE_RACE TYPE_RACE ,6,2026/02/25,3101693166,,,1815308
,201,1,,3,5457196,5,4,Yardi Agresta ,0,1815308,5457196.5,27,697087200004,501.321,501.321,21.742,36.679,446.321,0,2873,,TEAM BMTR ,bbbbbb,000000,aaaaaa,0,C,167,za,170,175,0,1,53.5,3,1,10,Vet,0,,20,20,364.24,187.12,0,206,1.28,41,217,4.1,0.0,0,1,,4.2,4.7,4.8,4.9,4.9,5.0,,224.0,250.0,256.0,261.0,263.0,269.0,0,0,,1,,,,0,,-1,Micro Mountain Massif Race 1 - s/b Rowe & King,TYPE_RACE TYPE_RACE ,5,2026/02/25,2737483381,,,1815308
,201,1,,2,5429461,123,50,Yardi Agresta ,0,1815308,5429461.123,22,693452100050,1692.229,1692.289,6.827,,0.0,0,2873,,TEAM BMTR ,bbbbbb,000000,aaaaaa,0,B,167,za,170,180,0,1,53.5,3,1,10,Vet,0,,20,20,344.12,187.12,0,214,1.2,44,204,3.8,3.6,192,0,3.8,4.3,4.7,5.0,5.5,5.7,6.1,203.0,229.0,251.0,269.0,295.0,307.0,329.0,0,0,,1,,,,0,,-1,Stage 2: Zwift Games: Hudson Hustle,TYPE_RACE TYPE_RACE ,20,2026/02/25,750613981,1,,1815308
,207,1,,3,5429433,87,39,Toody Merrill &#129528;BMTR RACING)&#129293; (CU),0,1002137,5429433.87,19,693438600039,1916.005,1916.125,121.029,,0.0,0,,,,00dd00,,,0,C,165,us,104,148,0,1,59.4,3,1,10,Jnr,0,,20,20,546.22,271.39,0,203,1.91,31,199,3.4,3.2,190,0,3.4,3.7,4.0,4.3,4.9,5.1,5.2,200.0,222.0,237.0,254.0,293.0,302.0,310.0,0,0,,1,,,,0,,-1,Stage 2: Zwift Games: Hudson Hustle,TYPE_RACE TYPE_RACE ,20,2026/02/25,750613981,1,,1002137
,233,0,,2,5429439,74,41,Blopa&reg;,0,1714370,5429439.74,0,693441100041,1863.883,1863.943,113.269,,0.0,1,2873,,TEAM BMTR ,bbbbbb,000000,aaaaaa,0,B,182,uy,159,179,0,1,67.1,3,1,1,Mas,0,,20,0,469.81,320.74,0,240,1.45,46,231,3.4,3.2,216,0,3.4,3.8,4.4,4.6,6.3,7.0,7.8,228.0,258.0,295.0,312.0,424.0,467.0,523.0,0,0,,1,,,,0,,-1,Stage 2: Zwift Games: Hudson Hustle,TYPE_RACE TYPE_RACE ,20,2026/02/24,750613981,1,,1714370
,207,1,,4,5452341,83,15,Toody Merrill &#129528;BMTR RACING)&#129293; (CU),0,1002137,5452341.83,182,696505900017,3600.006,3600.186,0.006,,0.0,0,,,,00dd00,,,0,D,165,us,116,137,0,1,59.4,3,1,10,Jnr,0,,20,20,0,0,0,118,0.87,68,101,1.7,1.7,105,0,1.9,2.3,3.0,4.2,5.2,5.3,5.3,111.0,138.0,180.0,250.0,307.0,313.0,313.0,0,0,,1,,,,0,,-1,BMTR Short Adventure,TYPE_RIDE,0,2026/02/23,2836167073,,3600,1002137
,201,1,,3,5452341,64,64,Yardi Agresta ,0,1815308,5452341.64,27,696505800064,3600.032,3600.152,0.032,,0.0,0,2873,,TEAM BMTR ,bbbbbb,000000,aaaaaa,0,C,167,za,143,165,0,1,53.5,3,1,10,Vet,0,,20,20,0,0,0,147,0.94,56,135,2.5,2.6,139,0,2.7,3.1,3.5,4.6,5.7,6.0,6.0,147.0,166.0,185.0,246.0,304.0,322.0,322.0,0,0,,1,,,,0,,-1,BMTR Short Adventure,TYPE_RIDE,0,2026/02/23,2836167073,,3600,1815308
,233,0,,3,5400957,143,143,Blopa&reg;,0,1714370,5400957.143,0,689841400143,8196.651,8196.651,2698.463,,0.0,1,2873,,TEAM BMTR ,bbbbbb,000000,aaaaaa,0,C,182,uy,128,151,0,1,67.1,3,1,1,Mas,0,,20,0,0,0,0,154,1.13,59,145,2.2,2.4,162,0,2.5,2.6,2.8,3.0,3.1,3.1,3.4,171.0,176.0,188.0,201.0,205.0,207.0,226.0,0,0,,1,,,,0,,-1,BMTR Cares Michael Lander Memorial Ride,TYPE_RIDE,44,2026/02/22,1115260805,1,,1714370
,201,1,,3,5400957,132,132,Yardi Agresta ,0,1815308,5400957.132,301,689841400132,8171.716,8171.716,2673.528,,0.0,0,2873,,TEAM BMTR ,bbbbbb,000000,aaaaaa,0,C,167,za,139,158,0,1,53.5,3,1,10,Vet,0,,20,20,0,0,0,128,0.86,62,119,2.2,2.5,135,0,2.7,2.9,3.2,3.5,3.7,4.1,4.1,143.0,155.0,172.0,185.0,197.0,219.0,219.0,0,0,,1,,,,0,,-1,BMTR Cares Michael Lander Memorial Ride,TYPE_RIDE,44,2026/02/22,1115260805,1,,1815308
,201,1,,5,5381716,54,2,Yardi Agresta ,0,1815308,5381716.54,49,687587600002,7166.364,7167.084,74.658,,0.0,0,2873,,TEAM BMTR ,bbbbbb,000000,aaaaaa,0,E,167,za,165,176,0,1,53.5,3,1,10,Vet,0,,20,20,178.34,191.43,4.30,191,1.13,47,187,3.5,3.6,194,0,3.8,4.1,4.9,5.2,5.3,5.3,5.3,205.0,221.0,264.0,277.0,282.0,282.0,282.0,0,0,,1,,,,0,,-1,FRR World Tour 14 Peaks - Stage 8,TYPE_RACE TYPE_RACE ,47,2026/02/22,2969952077,,,1815308
,233,0,,1,5381704,4,4,Blopa&reg;,0,1714370,5381704.4,0,687584200004,5978.708,5978.708,171.467,,0.0,1,2873,,TEAM BMTR ,bbbbbb,000000,aaaaaa,0,A,182,uy,153,167,0,1,67.1,3,1,1,Mas,0,,20,0,222.25,361.82,41.07,216,1.35,49,206,3.1,3.3,223,0,3.5,3.7,3.8,4.0,4.7,5.2,6.8,235.0,249.0,254.0,267.0,315.0,350.0,453.0,0,0,,1,,,,0,,-1,FRR World Tour 14 Peaks - Stage 7,TYPE_RACE TYPE_RACE ,48,2026/02/21,4009235104,,,1714370
,201,1,,5,5381700,61,5,Yardi Agresta ,0,1815308,5381700.61,70,687582300005,5645.252,5645.972,174.601,,0.0,0,2873,,TEAM BMTR ,bbbbbb,000000,aaaaaa,0,E,167,za,164,173,0,1,53.5,3,1,10,Vet,0,,20,20,203.49,191.43,0,198,1.16,45,191,3.6,3.8,208,0,4.1,4.3,4.4,4.8,5.1,5.4,5.5,219.0,230.0,234.0,256.0,274.0,289.0,294.0,0,0,,1,,,,0,,-1,FRR World Tour 14 Peaks - Stage 7,TYPE_RACE TYPE_RACE ,48,2026/02/21,4009235104,,,1815308
,201,1,,5,5381693,76,3,Yardi Agresta ,0,1815308,5381693.76,24,687580500003,3047.332,3047.332,82.921,226.668,2708.332,0,2873,,TEAM BMTR ,bbbbbb,000000,aaaaaa,0,E,167,za,170,177,0,1,53.5,3,1,10,Vet,0,,20,20,234.86,191.43,0,201,1.18,45,200,3.7,3.7,200,0,3.9,4.4,4.7,4.8,4.9,5.0,5.4,211.0,234.0,251.0,258.0,264.0,267.0,290.0,0,0,,1,,,,0,,-1,FRR World Tour 14 Peaks - ITT Stage 6,TYPE_RACE TYPE_RACE ,30,2026/02/20,2627606248,,,1815308
,207,1,,1,5381676,11,11,Toody Merrill &#129528;BMTR RACING)&#129293; (CU),0,1002137,5381676.11,24,687576400011,3791.555,3791.555,204.253,,0.0,0,,,,00dd00,,,0,A,165,us,132,175,0,1,59.4,3,1,10,Jnr,0,,20,20,273.21,275.45,4.06,196,1.44,41,190,3.2,3.1,188,0,3.3,3.7,4.1,4.3,4.5,4.8,4.8,198.0,221.0,246.0,253.0,270.0,285.0,288.0,0,0,,1,,,,0,,-1,FRR World Tour 14 Peaks - Stage 5,TYPE_RACE TYPE_RACE ,32,2026/02/19,4107749591,5,,1002137
,201,1,,5,5381674,38,3,Yardi Agresta ,0,1815308,5381674.38,24,687575500003,3433.719,3434.439,8.819,,0.0,0,2873,,TEAM BMTR ,bbbbbb,000000,aaaaaa,0,E,167,za,167,180,0,1,53.5,3,1,10,Vet,0,,20,20,178.56,196.69,5.26,205,1.17,45,195,3.6,3.6,194,0,3.8,4.4,4.9,5.1,5.5,5.8,5.8,205.0,235.0,262.0,271.0,294.0,308.0,313.0,0,0,,1,,,,0,,-1,FRR World Tour 14 Peaks - Stage 5,TYPE_RACE TYPE_RACE ,32,2026/02/19,4107749591,5,,1815308
,201,1,,3,5440593,29,9,Yardi Agresta ,0,1815308,5440593.29,26,695066000009,3600.007,3600.067,0.005,,0.0,0,2873,,TEAM BMTR ,bbbbbb,000000,aaaaaa,0,C,167,za,140,160,0,1,53.5,3,1,10,Vet,0,,20,20,0,0,0,137,0.91,58,127,2.4,2.4,132,0,2.6,3.2,3.7,4.2,4.6,4.9,4.9,139.0,170.0,198.0,225.0,246.0,263.0,263.0,0,0,,1,,,,0,,-1,BMTR Short Adventure,TYPE_RIDE,0,2026/02/18,1386460176,,3600,1815308
,201,1,,2,5429228,55,17,Yardi Agresta ,0,1815308,5429228.55,37,693339200017,1552.352,1552.412,7.744,,0.0,0,2873,,TEAM BMTR ,bbbbbb,000000,aaaaaa,0,B,167,za,169,177,0,1,53.5,3,1,10,Vet,0,,20,20,404.29,196.69,0,212,1.22,43,206,3.9,3.6,193,0,3.8,4.4,4.6,4.8,4.9,5.2,5.2,204.0,236.0,247.0,256.0,261.0,277.0,277.0,0,0,,1,,,,0,,-1,Stage 1: Zwift Games: Kaze Kicker,TYPE_RACE TYPE_RACE ,17,2026/02/18,2833089100,1,,1815308
,233,0,,1,5361151,16,16,Blopa&reg;,0,1714370,5361151.16,0,685112100016,4906.211,4906.211,1229.08,,0.0,1,2873,,TEAM BMTR ,bbbbbb,000000,aaaaaa,0,A,182,uy,135,157,0,1,67.1,3,1,1,Mas,0,,20,0,0,0,0,190,1.35,49,182,2.7,2.7,187,0,2.9,3.2,3.6,4.2,4.3,4.4,5.0,197.0,215.0,240.0,279.0,289.0,297.0,336.0,0,0,,1,,,,0,,-1,Stage 3 - Tour de Zwift,TYPE_RIDE,37,2026/02/18,3649347250,1,,1714370
,207,1,,3,5381658,50,15,Toody Merrill &#129528;BMTR RACING)&#129293; (CU),0,1002137,5381658.50,23,687572700015,3478.476,3478.716,49.812,,0.0,0,,,,00dd00,,,0,C,165,us,167,182,0,1,59.4,3,1,10,Jnr,0,,20,20,293.50,276.35,0.90,202,1.19,50,198,3.3,3.3,198,0,3.5,3.9,4.2,4.6,5.2,5.9,6.1,209.0,229.0,249.0,272.0,310.0,352.0,364.0,0,0,,1,,,,0,,-1,FRR World Tour 14 Peaks - Stage 4,TYPE_RACE TYPE_RACE ,37,2026/02/17,1453570384,,,1002137
,233,0,,2,5429321,65,26,Blopa&reg;,0,1714370,5429321.65,0,693385300028,1639.487,1639.547,110.042,,0.0,1,2873,,TEAM BMTR ,bbbbbb,000000,aaaaaa,0,B,182,uy,154,177,0,1,67.1,3,1,1,Mas,0,,20,0,443.95,361.82,0,232,1.4,47,216,3.2,3.0,202,0,3.2,3.8,4.2,5.1,6.3,6.6,7.3,213.0,254.0,282.0,342.0,422.0,443.0,493.0,0,0,,1,,,,0,,-1,Stage 1: Zwift Games: Kaze Kicker,TYPE_RACE TYPE_RACE ,17,2026/02/17,2833089100,1,,1714370
,201,1,,5,5381646,32,8,Yardi Agresta ,0,1815308,5381646.32,20,687569000008,3417.019,3417.379,8.261,,0.0,0,2873,,TEAM BMTR ,bbbbbb,000000,aaaaaa,0,E,167,za,165,180,0,1,53.5,3,1,10,Vet,0,,20,20,238.29,196.69,0,202,1.14,46,188,3.5,3.5,189,0,3.7,4.3,4.8,5.2,5.9,6.5,6.7,199.0,230.0,257.0,280.0,317.0,347.0,358.0,0,0,,1,,,,0,,-1,FRR World Tour 14 Peaks - Stage 4,TYPE_RACE TYPE_RACE ,37,2026/02/17,1453570384,,,1815308
,207,1,,4,5438042,8,8,Toody Merrill &#129528;BMTR RACING)&#129293; (CU),0,1002137,5438042.8,168,694760500008,4200.006,4200.006,0.004,,0.0,0,,,,00dd00,,,0,D,165,us,0,0,0,0,59.4,3,1,10,Jnr,0,,20,20,0,0,0,106,0.0,0,96,1.6,1.7,104,0,1.9,2.1,2.2,2.3,2.6,2.7,2.7,110.0,123.0,130.0,139.0,156.0,159.0,159.0,0,0,,1,,,,0,,-1,SROZs Two-Tired for Tuesday,TYPE_RIDE,0,2026/02/17,243949867,,4200,1002137
,207,1,,5,5381627,125,14,Toody Merrill &#129528;BMTR RACING)&#129293; (CU),0,1002137,5381627.125,51,687564400014,3475.566,3475.566,589.93,0,0.0,0,,,,00dd00,,,0,E,165,us,161,177,0,1,59.4,3,1,10,Jnr,0,,20,20,343.50,276.35,0,184,1.11,53,179,3.0,3.1,188,0,3.3,3.8,4.1,4.2,4.5,4.6,4.6,198.0,223.0,245.0,249.0,266.0,275.0,275.0,0,0,,1,,,,0,,-1,FRR World Tour 14 Peaks - ITT Stage 3,TYPE_RACE TYPE_RACE ,25,2026/02/16,2843604888,,,1002137
,201,1,,5,5381625,63,1,Yardi Agresta ,0,1815308,5381625.63,19,687564000001,3050.624,3050.624,0,-363.624,2773.624,0,2873,,TEAM BMTR ,bbbbbb,000000,aaaaaa,0,E,167,za,169,176,0,1,53.5,3,1,10,Vet,0,,20,20,219.93,196.69,0,201,1.2,44,202,3.8,3.7,200,0,3.9,4.2,4.2,4.4,4.5,4.6,4.6,211.0,223.0,227.0,233.0,240.0,244.0,246.0,0,0,,1,,,,0,,-1,FRR World Tour 14 Peaks - ITT Stage 3,TYPE_RACE TYPE_RACE ,25,2026/02/16,2843604888,,,1815308
,201,1,,5,5381610,41,5,Yardi Agresta ,0,1815308,5381610.41,50,687560000005,4896.697,4897.057,106.847,,0.0,0,2873,,TEAM BMTR ,bbbbbb,000000,aaaaaa,0,E,167,za,164,176,0,1,53.5,3,1,10,Vet,0,,20,20,205.86,196.69,0,197,1.15,46,189,3.5,3.6,192,0,3.8,4.1,5.0,5.3,5.6,6.0,6.0,203.0,219.0,265.0,284.0,301.0,319.0,319.0,0,0,,1,,,,0,,-1,FRR World Tour 14 Peaks - Stage 2,TYPE_RACE TYPE_RACE ,47,2026/02/15,3558689342,,,1815308
,201,1,,5,5378908,56,10,Yardi Agresta ,0,1815308,5378908.56,41,687224600010,4051.124,4051.484,40.845,,0.0,0,2873,,TEAM BMTR ,bbbbbb,000000,aaaaaa,0,E,167,za,163,175,0,1,53.5,3,1,10,Vet,0,,20,20,219.76,196.69,0,197,1.15,46,188,3.5,3.6,192,0,3.8,4.2,4.5,5.1,5.8,6.2,6.2,203.0,227.0,241.0,274.0,311.0,331.0,334.0,0,0,,1,,,,0,,-1,FRR World Tour 14 Peaks - Stage 1,TYPE_RACE TYPE_RACE ,41,2026/02/14,4012646479,2,,1815308
,207,1,,4,5428595,13,13,Toody Merrill &#129528;BMTR RACING)&#129293; (CU),0,1002137,5428595.13,185,693231500013,4200.008,4200.008,0.008,,0.0,0,,,,00dd00,,,0,D,165,us,107,134,0,1,59.4,3,1,10,Jnr,0,,20,20,0,0,0,100,0.83,71,89,1.5,1.5,94,0,1.7,1.8,2.2,3.1,3.8,3.9,3.9,99.0,107.0,132.0,183.0,227.0,229.0,229.0,0,0,,1,,,,0,,-1,SROZs Ride n Shine ,TYPE_RIDE,0,2026/02/14,1917017591,,4200,1002137
,207,1,,3,5197925,111,28,Toody Merrill &#129528;BMTR RACING)&#129293; (CU),0,1002137,5197925.111,29,664190000028,2852.721,2852.841,126.547,,0.0,0,,,,00dd00,,,0,C,165,us,172,179,0,1,59.4,3,1,10,Jnr,0,,20,20,241.19,303.84,27.50,217,1.24,47,213,3.6,3.5,210,0,3.7,4.1,4.4,4.6,5.4,6.1,6.5,222.0,244.0,260.0,276.0,318.0,363.0,385.0,0,0,,1,,,,0,,-1,FRR Super 6IX - Round 3 Race 5,TYPE_RACE TYPE_RACE ,30,2026/02/13,3662705581,,,1002137
,201,1,,3,5197925,97,14,Yardi Agresta ,0,1815308,5197925.97,29,664190000014,2745.679,2745.799,19.505,,0.0,0,2873,,TEAM BMTR ,bbbbbb,000000,aaaaaa,0,C,167,za,169,181,0,1,53.5,3,1,10,Vet,0,,20,20,194.64,199.35,2.66,206,1.17,45,198,3.7,3.5,191,0,3.8,4.3,4.8,4.9,5.6,6.1,6.3,202.0,230.0,255.0,262.0,300.0,327.0,337.0,0,0,,1,,,,0,,-1,FRR Super 6IX - Round 3 Race 5,TYPE_RACE TYPE_RACE ,30,2026/02/13,3662705581,,,1815308
,201,1,,3,5426030,41,16,Yardi Agresta ,0,1815308,5426030.41,32,692914600016,5400.006,5400.066,0.006,,0.0,0,2873,,TEAM BMTR ,bbbbbb,000000,aaaaaa,0,C,167,za,141,163,0,1,53.5,3,1,10,Vet,0,,20,20,0,0,0,139,0.97,55,137,2.6,2.5,137,0,2.7,2.8,3.0,3.2,3.4,3.6,3.6,145.0,151.0,162.0,171.0,180.0,194.0,194.0,0,0,,1,,,,0,,-1,BMTR Short Adventure ,TYPE_RIDE,0,2026/02/13,46799750,,3600,1815308
,201,1,,3,5423672,51,3,Yardi Agresta ,0,1815308,5423672.51,25,692632100003,2916.846,2916.966,2.242,,0.0,0,2873,,TEAM BMTR ,bbbbbb,000000,aaaaaa,0,C,167,za,156,171,0,1,53.5,3,1,10,Vet,0,,20,20,0,0,0,167,0.97,54,152,2.8,2.8,152,0,3.0,3.3,3.7,4.8,5.4,5.5,5.5,160.0,176.0,199.0,255.0,291.0,297.0,297.0,0,0,,1,,,,0,,-1,WTRL Team Time Trial - Zone 12,TYPE_TEAM_TIME_TRIAL TYPE_RACE ,32,2026/02/12,46799750,3,,1815308
,233,0,,2,5292731,34,21,Blopa&reg;,0,1714370,5292731.34,0,676907400021,1707.274,1707.334,186.929,,0.0,1,2873,,TEAM BMTR ,bbbbbb,000000,aaaaaa,0,B,182,uy,151,172,0,1,67.1,3,1,1,Mas,0,,20,0,473.18,354.18,0,228,1.44,46,218,3.3,3.1,213,0,3.4,3.8,4.5,4.9,5.2,5.5,5.9,225.0,258.0,300.0,326.0,348.0,366.0,395.0,0,0,,1,,,,0,,-1, Stage 6 - Race - Tour de Zwift,TYPE_RACE TYPE_RACE ,17,2026/02/12,948831673,1,,1714370
,201,1,,4,5423643,12,12,Yardi Agresta ,0,1815308,5423643.12,27,692627200012,2716.683,2716.863,53.391,,0.0,0,2873,,TEAM BMTR ,bbbbbb,000000,aaaaaa,0,D,167,za,168,179,0,1,53.5,3,1,10,Vet,0,,20,20,0,0,0,184,1.06,50,178,3.3,3.2,171,0,3.4,3.6,4.1,4.8,4.9,4.9,5.0,180.0,192.0,221.0,255.0,260.0,262.0,270.0,0,0,,1,,,,0,,-1,WTRL Team Time Trial - Zone 11,TYPE_TEAM_TIME_TRIAL TYPE_RACE ,32,2026/02/12,46799750,3,,1815308
,201,1,,,5422987,2,0,Yardi Agresta ,0,1815308,5422987.2,0,692545600002,2162.084,2162.084,0,,0.0,0,2873,,TEAM BMTR ,bbbbbb,000000,aaaaaa,0,SEE LADDER SITE,167,za,170,181,0,1,53.5,3,1,1,Vet,0,,20,20,0,199.35,0,203,1.14,47,193,3.6,3.5,187,0,3.7,4.3,4.7,4.8,5.1,5.6,5.8,197.0,231.0,249.0,258.0,271.0,299.0,311.0,0,0,,1,,,,0,,-1,Club Ladder // Bear Force One v WCC The Sprocket Rockets,TYPE_RACE TYPE_RACE ,21,2026/02/11,3078665969,1,,1815308
,207,1,,2,5421161,5,5,Toody Merrill &#129528;BMTR RACING)&#129293; (CU),0,1002137,5421161.5,165,692326500005,3600.005,3600.005,0.005,,0.0,0,,,,00dd00,,,0,B,165,us,132,175,0,1,59.4,3,1,10,Jnr,0,,20,20,0,0,0,166,1.17,50,155,2.6,2.6,154,0,2.7,3.5,4.3,4.3,4.5,4.6,4.6,163.0,209.0,253.0,258.0,267.0,272.0,272.0,0,0,,1,,,,0,,-1,BMTR Short Adventure,TYPE_RIDE,0,2026/02/11,1917017591,,3600,1002137
,207,1,,5,5421153,5,5,Toody Merrill &#129528;BMTR RACING)&#129293; (CU),0,1002137,5421153.5,26,692325100005,1800.003,1800.003,0.003,,0.0,0,,,,00dd00,,,0,E,165,us,105,121,0,1,59.4,3,1,10,Jnr,0,,20,20,0,0,0,99,0.93,63,98,1.7,1.5,94,0,1.7,1.7,1.8,1.9,1.9,1.9,1.9,99.0,103.0,107.0,110.0,112.0,113.0,113.0,0,0,,1,,,,0,,-1,BMTR Banded Warmup,TYPE_RIDE,0,2026/02/11,1638640398,,1800,1002137
,233,0,,2,5295243,155,39,Blopa&reg;,0,1714370,5295243.155,0,677348900039,3222.93,3222.99,433.988,,0.0,1,2873,,TEAM BMTR ,bbbbbb,000000,aaaaaa,0,B,182,uy,133,170,0,1,67.1,3,1,1,Mas,0,,20,0,0,0,0,184,1.28,52,170,2.5,2.5,170,0,2.7,3.5,4.4,4.9,5.6,6.2,8.0,179.0,234.0,293.0,327.0,374.0,413.0,535.0,0,0,,1,,,,0,,-1,Stage 6 - Tour de Zwift,TYPE_RIDE,37,2026/02/11,3051823795,1,,1714370
,207,1,,3,5427670,1,1,Toody Merrill &#129528;BMTR RACING)&#129293; (CU),0,1002137,5427670.1,26,693104000001,2838.959,2719.079,0.0,,0.0,0,,,,00dd00,,,0,C,165,us,73,123,0,1,57.6,3,1,10,Jnr,0,,20,20,275.42,332.23,28.38,212,0.0,0,209,3.6,3.5,206,0,3.8,4.2,4.3,4.4,5.4,5.9,6.5,217.0,241.0,246.0,253.0,312.0,341.0,376.0,0,0,,1,,,,0,,-1,Zwift Racing League: Redline Rally - Open Topaz League Division1,TYPE_RACE TYPE_RACE ,26,2026/02/10,3853654821,1,,1002137
,233,0,,3,5427670,3,3,Blopa&reg;,0,1714370,5427670.3,0,693104000003,2888.531,2768.651,49.572,,0.0,1,2873,,TEAM BMTR ,bbbbbb,000000,aaaaaa,0,C,182,uy,160,178,0,1,67.5,3,1,1,Mas,0,,20,0,307.04,378.30,24.11,231,1.37,49,219,3.2,3.3,226,0,3.5,3.8,4.2,4.7,5.4,6.9,8.8,238.0,258.0,281.0,315.0,363.0,466.0,596.0,0,0,,1,,,,0,,-1,Zwift Racing League: Redline Rally - Open Topaz League Division1,TYPE_RACE TYPE_RACE ,26,2026/02/10,3853654821,1,,1714370
,201,1,,3,5427678,8,2,Yardi Agresta ,0,1815308,5427678.8,29,693103500002,2816.996,2637.176,54.831,,0.0,0,2873,,TEAM BMTR ,bbbbbb,000000,aaaaaa,0,C,167,za,166,175,0,1,53.5,3,1,10,Vet,0,,20,20,239.59,199.35,0,197,1.15,46,191,3.6,3.6,195,0,3.8,4.2,4.2,4.5,4.6,4.8,5.2,206.0,223.0,226.0,241.0,245.0,255.0,276.0,0,0,,1,,,,0,,-1,Zwift Racing League: Redline Rally - Open Saffron League Division1,TYPE_RACE TYPE_RACE ,26,2026/02/10,3853654821,1,,1815308
,201,1,,3,5415724,65,65,Yardi Agresta ,0,1815308,5415724.65,26,691710200065,3600.049,3600.169,0.049,,0.0,0,2873,,TEAM BMTR ,bbbbbb,000000,aaaaaa,0,C,167,za,140,150,0,1,53.5,3,1,10,Vet,0,,20,20,0,0,0,138,0.98,54,137,2.6,2.5,135,0,2.7,2.9,3.0,3.2,3.2,3.5,3.5,143.0,156.0,163.0,169.0,173.0,186.0,186.0,0,0,,1,,,,0,,-1,BMTR Short Adventure,TYPE_RIDE,0,2026/02/09,4258943387,,3600,1815308
,201,1,,3,5413102,106,106,Yardi Agresta ,0,1815308,5413102.106,185,691417100106,10148.161,10148.161,1441.038,,0.0,0,2873,,TEAM BMTR ,bbbbbb,000000,aaaaaa,0,C,167,za,129,154,0,1,53.5,3,1,10,Vet,0,,20,20,0,0,0,130,0.95,56,122,2.3,2.4,130,0,2.6,3.0,3.3,3.8,4.2,4.4,4.4,137.0,161.0,178.0,202.0,227.0,234.0,234.0,0,0,,1,,,,0,,-1,BMTR Longish Adventure,TYPE_RIDE,100,2026/02/08,3974965857,,,1815308
,201,1,,3,5402516,69,10,Yardi Agresta ,0,1815308,5402516.69,41,690157100011,6218.032,6218.032,539.377,,0.0,0,2873,,TEAM BMTR ,bbbbbb,000000,aaaaaa,0,C,167,za,153,169,0,1,53.5,3,1,10,Vet,0,,20,20,480.06,199.35,0,174,1.11,48,170,3.2,3.1,167,0,3.3,3.7,3.9,4.0,4.2,4.4,4.4,176.0,198.0,209.0,215.0,224.0,233.0,233.0,0,0,,1,,,,0,,-1,Zwift Epic Race - Petit Boucle,TYPE_RACE TYPE_RACE ,62,2026/02/07,2852153296,1,,1815308
,207,1,,4,5410169,15,15,Toody Merrill &#129528;BMTR RACING)&#129293; (CU),0,1002137,5410169.15,181,691083700015,4200.009,4200.009,0.009,,0.0,0,,,,00dd00,,,0,D,165,us,114,140,0,1,57.6,3,1,10,Jnr,0,,20,20,0,0,0,109,0.84,68,96,1.7,1.9,112,0,2.0,2.6,2.7,2.8,2.9,2.9,2.9,118.0,150.0,157.0,162.0,167.0,167.0,167.0,0,0,,1,,,,0,,-1,SROZs Ride n Shine ,TYPE_RIDE,0,2026/02/07,3366225080,,4200,1002137
,207,1,,3,5197912,131,38,Toody Merrill &#129528;BMTR RACING)&#129293; (CU),0,1002137,5197912.131,39,664184100038,2739.603,2739.723,3.344,,0.0,0,,,,00dd00,,,0,C,165,us,168,181,0,1,57.6,3,1,10,Jnr,0,,20,20,275.13,369.74,37.52,205,1.22,47,205,3.6,3.4,196,0,3.6,4.1,4.3,4.5,5.1,5.9,6.3,207.0,238.0,249.0,259.0,291.0,342.0,361.0,0,0,,1,,,,0,,-1,FRR Super 6IX - Round 3 Race 4 - Scratch,TYPE_RACE TYPE_RACE ,31,2026/02/06,319138658,,,1002137
,201,1,,3,5197912,128,35,Yardi Agresta ,0,1815308,5197912.128,37,664184100035,2739.483,2739.603,3.224,,0.0,0,2873,,TEAM BMTR ,bbbbbb,000000,aaaaaa,0,C,167,za,166,177,0,1,53.5,3,1,10,Vet,0,,20,20,266.60,199.35,0,194,1.14,46,190,3.6,3.4,186,0,3.7,4.2,4.3,4.7,4.8,5.0,5.0,196.0,225.0,231.0,251.0,259.0,267.0,267.0,0,0,,1,,,,0,,-1,FRR Super 6IX - Round 3 Race 4 - Scratch,TYPE_RACE TYPE_RACE ,31,2026/02/06,319138658,,,1815308
,201,1,,3,5407525,56,24,Yardi Agresta ,0,1815308,5407525.56,41,690777700025,5400.013,5400.073,0.695,,0.0,0,2873,,TEAM BMTR ,bbbbbb,000000,aaaaaa,0,C,167,za,140,168,0,1,53.5,3,1,10,Vet,0,,20,20,0,0,0,150,0.98,54,137,2.6,2.6,142,0,2.8,3.2,3.8,4.3,5.3,5.7,5.7,150.0,171.0,204.0,228.0,286.0,303.0,303.0,0,0,,1,,,,0,,-1,BMTR Short Adventure ,TYPE_RIDE,0,2026/02/06,104170948,,3600,1815308
,233,0,,3,5407525,34,2,Blopa&reg;,0,1714370,5407525.34,0,690777700002,5400.0,5400.06,0.682,,0.0,1,2873,,TEAM BMTR ,bbbbbb,000000,aaaaaa,0,C,182,uy,124,165,0,1,67.5,3,1,1,Mas,0,,20,0,0,0,0,169,1.23,55,152,2.3,2.4,162,0,2.5,3.1,3.9,4.4,4.7,5.3,5.9,171.0,212.0,264.0,299.0,317.0,358.0,397.0,0,0,,1,,,,0,,-1,BMTR Short Adventure ,TYPE_RIDE,0,2026/02/06,104170948,,3600,1714370
,201,1,,4,5404615,6,6,Yardi Agresta ,0,1815308,5404615.6,24,690422800006,2293.586,2293.766,0.256,,0.0,0,2873,,TEAM BMTR ,bbbbbb,000000,aaaaaa,0,D,167,za,158,168,0,1,53.5,3,1,10,Vet,0,,20,20,0,0,0,170,1.02,52,161,3.0,2.8,152,0,3.0,3.4,3.6,4.1,4.8,5.8,5.9,161.0,182.0,194.0,218.0,256.0,308.0,314.0,0,0,,1,,,,0,,-1,WTRL Team Time Trial - Zone 12,TYPE_TEAM_TIME_TRIAL TYPE_RACE ,25,2026/02/05,5745690,1,,1815308
,201,1,,4,5404588,10,10,Yardi Agresta ,0,1815308,5404588.10,25,690418000010,2194.485,2194.665,158.093,,0.0,0,2873,,TEAM BMTR ,bbbbbb,000000,aaaaaa,0,D,167,za,164,174,0,1,53.5,3,1,10,Vet,0,,20,20,0,0,0,190,1.1,48,181,3.4,3.2,174,0,3.4,3.9,4.3,4.4,4.6,4.7,4.9,184.0,207.0,232.0,238.0,244.0,253.0,263.0,0,0,,1,,,,0,,-1,WTRL Team Time Trial - Zone 11,TYPE_TEAM_TIME_TRIAL TYPE_RACE ,25,2026/02/05,5745690,1,,1815308
,233,0,,1,5295032,47,47,Blopa&reg;,0,1714370,5295032.47,0,677285900047,5858.366,5858.366,1831.867,,0.0,1,2873,,TEAM BMTR ,bbbbbb,000000,aaaaaa,0,A,182,uy,138,156,0,1,67.5,3,1,1,Mas,0,,20,0,0,0,0,185,1.31,51,181,2.7,2.8,190,0,3.0,3.1,3.2,3.5,4.1,5.2,5.9,201.0,209.0,216.0,235.0,275.0,350.0,398.0,0,0,,1,,,,0,,-1,Stage 5 - Tour de Zwift,TYPE_RIDE,28,2026/02/05,1766405776,1,,1714370
,201,1,,,5406626,1,0,Yardi Agresta ,0,1815308,5406626.1,0,690654900001,2267.755,2267.755,0,,0.0,0,2873,,TEAM BMTR ,bbbbbb,000000,aaaaaa,0,SEE LADDER SITE,167,za,173,180,0,1,53.5,3,1,1,Vet,0,,20,20,0,199.35,0,210,1.17,45,202,3.8,3.6,195,0,3.8,4.1,4.7,5.2,5.4,5.5,5.8,206.0,222.0,251.0,276.0,288.0,292.0,310.0,0,0,,1,,,,0,,-1,Club Ladder // Bear Force One v DIRTy Pyrites,TYPE_RACE TYPE_RACE ,21,2026/02/04,1086718516,2,,1815308
,207,1,,3,5407152,3,3,Toody Merrill &#129528;BMTR RACING)&#129293; (CU),0,1002137,5407152.3,22,690709900003,2991.985,2872.105,33.342,,0.0,0,,,,00dd00,,,0,C,165,us,170,187,0,1,57.6,3,1,10,Jnr,0,,20,20,292.01,406.59,36.85,209,1.19,48,202,3.5,3.4,200,0,3.7,4.1,4.5,4.9,5.4,5.7,5.9,211.0,234.0,260.0,280.0,313.0,328.0,341.0,0,0,,1,,,,0,,-1,Zwift Racing League: Redline Rally - Open Topaz League Division1,TYPE_RACE TYPE_RACE ,27,2026/02/03,1545087483,3,,1002137
,233,0,,3,5407152,6,6,Blopa&reg;,0,1714370,5407152.6,0,690709900006,3078.568,2958.688,119.925,,0.0,1,2873,,TEAM BMTR ,bbbbbb,000000,aaaaaa,0,C,182,uy,162,182,0,1,67.5,3,1,1,Mas,0,,20,0,341.86,396.77,18.47,235,1.27,53,205,3.0,3.2,219,0,3.4,4.2,4.9,5.4,7.5,8.9,9.6,231.0,281.0,334.0,365.0,508.0,603.0,645.0,0,0,,1,,,,0,,-1,Zwift Racing League: Redline Rally - Open Topaz League Division1,TYPE_RACE TYPE_RACE ,27,2026/02/03,1545087483,3,,1714370
,201,1,,3,5407146,3,3,Yardi Agresta ,0,1815308,5407146.3,35,690709400003,2912.029,2732.209,12.875,,0.0,0,2873,,TEAM BMTR ,bbbbbb,000000,aaaaaa,0,C,167,za,171,182,0,1,53.5,3,1,10,Vet,0,,20,20,251.85,199.35,0,208,1.15,46,197,3.7,3.5,190,0,3.7,4.6,4.9,5.2,6.1,6.3,6.5,200.0,247.0,264.0,279.0,329.0,335.0,347.0,0,0,,1,,,,0,,-1,Zwift Racing League: Redline Rally - Open Saffron League Division1,TYPE_RACE TYPE_RACE ,27,2026/02/03,1545087483,3,,1815308
,207,1,,4,5395906,73,6,Toody Merrill &#129528;BMTR RACING)&#129293; (CU),0,1002137,5395906.73,189,689278200006,3600.003,3600.183,0.003,,0.0,0,,,,00dd00,,,0,D,165,us,127,185,0,1,57.6,3,1,10,Jnr,0,,20,20,0,0,0,164,1.17,49,148,2.6,2.8,163,0,3.0,3.6,4.2,4.8,5.2,5.6,5.6,172.0,206.0,240.0,274.0,300.0,322.0,322.0,0,0,,1,,,,0,,-1,BMTR Short Adventure,TYPE_RIDE,0,2026/02/02,1064303857,,3600,1002137
,233,0,,3,5395906,8,8,Blopa&reg;,0,1714370,5395906.8,0,689278100008,3600.004,3600.124,0.004,,0.0,1,2873,,TEAM BMTR ,bbbbbb,000000,aaaaaa,0,C,182,uy,133,147,0,1,67.5,3,1,1,Mas,0,,20,0,0,0,0,167,1.23,54,164,2.4,2.3,160,0,2.5,2.7,2.9,3.0,3.4,3.6,4.1,169.0,181.0,197.0,204.0,230.0,246.0,274.0,0,0,,1,,,,0,,-1,BMTR Short Adventure,TYPE_RIDE,0,2026/02/02,1064303857,,3600,1714370
,201,1,,3,5392929,94,94,Yardi Agresta ,0,1815308,5392929.94,37,688877600094,10129.752,10129.752,1169.716,,0.0,0,2873,,TEAM BMTR ,bbbbbb,000000,aaaaaa,0,C,167,za,137,171,0,1,53.5,3,1,10,Vet,0,,20,20,0,0,0,151,1.01,53,138,2.6,2.8,152,0,3.0,3.6,4.4,5.1,5.8,6.0,6.0,161.0,192.0,233.0,272.0,310.0,321.0,321.0,0,0,,1,,,,0,,-1,BMTR Longish Adventure,TYPE_RIDE,100,2026/02/01,2927651296,,,1815308
,207,1,,3,5294987,109,10,Toody Merrill &#129528;BMTR RACING)&#129293; (CU),0,1002137,5294987.109,25,677272600010,2147.045,2147.165,236.139,,0.0,0,,,,00dd00,,,0,C,165,us,134,178,0,1,57.6,3,1,10,Jnr,0,,20,20,0,0,0,202,1.45,39,194,3.4,3.4,198,0,3.6,4.3,4.3,4.4,4.4,4.5,4.5,209.0,245.0,249.0,252.0,256.0,260.0,260.0,0,0,,1,,,,0,,-1,Stage 4 - Tour de Zwift,TYPE_RIDE,41,2026/01/31,4210048937,1,,1002137
,207,1,,3,5386702,22,13,Toody Merrill &#129528;BMTR RACING)&#129293; (CU),0,1002137,5386702.22,26,688173800013,1568.368,1568.488,2.278,,0.0,0,,,,00dd00,,,0,C,165,us,147,184,0,1,57.6,3,1,10,Jnr,0,,20,20,462.70,409.94,3.35,208,1.38,41,203,3.5,3.4,196,0,3.6,4.0,4.7,4.9,5.7,6.1,6.1,207.0,231.0,271.0,283.0,331.0,352.0,352.0,0,0,,1,,,,0,,-1,Rhino Racing Short Crits,TYPE_RACE TYPE_RACE ,18,2026/01/30,2875658892,9,,1002137
,201,1,,3,5197897,85,6,Yardi Agresta ,0,1815308,5197897.85,47,664177800006,2966.003,2966.123,99.69,0,0.0,0,2873,,TEAM BMTR ,bbbbbb,000000,aaaaaa,0,C,167,za,168,175,0,1,53.5,3,1,10,Vet,0,,20,20,204.87,201.34,2.00,206,1.23,43,207,3.9,3.7,198,0,3.9,4.1,4.3,4.5,4.7,4.8,4.8,209.0,222.0,231.0,240.0,249.0,257.0,257.0,0,0,,1,,,,0,,-1,FRR Super 6IX - Round 3 Race 3 - CITT,TYPE_TIME_TRIAL TYPE_RACE ,32,2026/01/30,104170948,1,,1815308
,233,0,,3,5386543,37,9,Blopa&reg;,0,1714370,5386543.37,0,688140900009,5400.004,5400.064,0.004,,0.0,1,2873,,TEAM BMTR ,bbbbbb,000000,aaaaaa,0,C,182,uy,133,164,0,1,67.5,3,1,1,Mas,0,,20,0,0,0,0,185,1.3,51,173,2.6,2.7,184,0,2.9,3.1,4.0,4.3,4.4,4.5,5.2,194.0,212.0,271.0,289.0,299.0,303.0,352.0,0,0,,1,,,,0,,-1,BMTR Short Adventure ,TYPE_RIDE,0,2026/01/30,1880443431,,3600,1714370
,201,1,,3,5386543,44,16,Yardi Agresta ,0,1815308,5386543.44,42,688140900016,5400.011,5400.071,0.011,,0.0,0,2873,,TEAM BMTR ,bbbbbb,000000,aaaaaa,0,C,167,za,143,161,0,1,53.5,3,1,10,Vet,0,,20,20,0,0,0,142,0.97,55,138,2.6,2.6,140,0,2.8,3.1,3.4,3.7,3.8,3.9,3.9,148.0,164.0,180.0,196.0,202.0,210.0,210.0,0,0,,1,,,,0,,-1,BMTR Short Adventure ,TYPE_RIDE,0,2026/01/30,1880443431,,3600,1815308
,207,1,,3,5383934,45,2,Toody Merrill &#129528;BMTR RACING)&#129293; (CU),0,1002137,5383934.45,20,687834900002,3094.637,3094.757,258.292,,0.0,0,,,,00dd00,,,0,C,165,us,155,184,0,1,57.6,3,1,10,Jnr,0,,20,20,0,0,0,183,1.11,51,172,3.0,2.9,168,0,3.1,3.6,4.6,5.0,6.0,7.6,8.2,177.0,209.0,263.0,287.0,348.0,438.0,470.0,0,0,,1,,,,0,,-1,WTRL Team Time Trial - Zone 12,TYPE_TEAM_TIME_TRIAL,32,2026/01/29,2196019512,2,,1002137
,201,1,,3,5383934,48,5,Yardi Agresta ,0,1815308,5383934.48,24,687834900005,3102.195,3102.315,265.85,,0.0,0,2873,,TEAM BMTR ,bbbbbb,000000,aaaaaa,0,C,167,za,158,175,0,1,53.5,3,1,10,Vet,0,,20,20,0,0,0,171,1.0,53,158,3.0,2.8,154,0,3.0,3.4,4.1,4.4,5.1,5.6,5.6,163.0,182.0,219.0,238.0,273.0,299.0,301.0,0,0,,1,,,,0,,-1,WTRL Team Time Trial - Zone 12,TYPE_TEAM_TIME_TRIAL,32,2026/01/29,2196019512,2,,1815308
,207,1,,1,5383906,2,2,Toody Merrill &#129528;BMTR RACING)&#129293; (CU),0,1002137,5383906.2,30,687829800002,3210.005,3210.005,0.669,,0.0,0,,,,00dd00,,,0,A,165,us,150,173,0,1,57.6,3,1,10,Jnr,0,,20,20,0,0,0,173,1.11,52,166,2.9,2.7,160,0,2.9,3.3,3.7,3.9,4.5,4.9,4.9,169.0,191.0,215.0,223.0,262.0,280.0,281.0,0,0,,1,,,,0,,-1,WTRL Team Time Trial - Zone 11,TYPE_TEAM_TIME_TRIAL,32,2026/01/29,2196019512,2,,1002137
,201,1,,4,5383906,53,13,Yardi Agresta ,0,1815308,5383906.53,32,687830100013,2998.227,2998.407,188.281,,0.0,0,2873,,TEAM BMTR ,bbbbbb,000000,aaaaaa,0,D,167,za,164,180,0,1,53.5,3,1,10,Vet,0,,20,20,0,0,0,183,1.04,51,171,3.2,3.0,164,0,3.2,3.9,4.4,4.7,5.3,5.5,5.5,173.0,210.0,236.0,250.0,286.0,296.0,297.0,0,0,,1,,,,0,,-1,WTRL Team Time Trial - Zone 11,TYPE_TEAM_TIME_TRIAL,32,2026/01/29,2196019512,2,,1815308
,201,1,,,5383116,4,0,Yardi Agresta ,0,1815308,5383116.4,0,687733400004,1852.127,1852.127,0,,0.0,0,2873,,TEAM BMTR ,bbbbbb,000000,aaaaaa,0,SEE LADDER SITE,167,za,171,184,0,1,53.5,3,1,1,Vet,0,,20,20,0,201.34,0,209,1.14,46,195,3.6,3.5,190,0,3.8,4.4,4.7,5.3,5.7,6.4,6.7,201.0,234.0,252.0,281.0,304.0,343.0,358.0,0,0,,1,,,,0,,-1,Club Ladder // Bear Force One v GTR Minotaurs,TYPE_RACE TYPE_RACE ,19,2026/01/28,3314406972,1,,1815308
,207,1,,4,5381122,93,8,Toody Merrill &#129528;BMTR RACING)&#129293; (CU),0,1002137,5381122.93,189,687483700008,3600.003,3600.123,0.003,,0.0,0,,,,00dd00,,,0,D,165,us,119,147,0,1,57.6,3,1,10,Jnr,0,,20,20,0,0,0,111,0.87,65,104,1.8,1.9,111,0,2.0,2.2,2.3,2.6,3.1,3.2,3.2,117.0,124.0,135.0,151.0,176.0,186.0,186.0,0,0,,1,,,,0,,-1,BMTR Short Adventure,TYPE_RIDE,0,2026/01/28,3051823795,,3600,1002137
,233,0,,3,5381122,34,21,Blopa&reg;,0,1714370,5381122.34,0,687483600021,3600.008,3600.068,0.008,,0.0,1,2873,,TEAM BMTR ,bbbbbb,000000,aaaaaa,0,C,182,uy,125,139,0,1,67.5,3,1,1,Mas,0,,20,0,0,0,0,164,1.28,52,160,2.4,2.3,159,0,2.5,2.7,2.8,3.0,3.3,4.2,5.2,168.0,180.0,192.0,205.0,222.0,284.0,350.0,0,0,,1,,,,0,,-1,BMTR Short Adventure,TYPE_RIDE,0,2026/01/28,3051823795,,3600,1714370
,201,1,,3,5387011,27,2,Yardi Agresta ,0,1815308,5387011.27,37,688210300002,2586.293,2586.353,5.606,,0.0,0,2873,,TEAM BMTR ,bbbbbb,000000,aaaaaa,0,C,167,za,161,178,0,1,53.5,3,1,10,Vet,0,,20,20,0,0,0,185,1.11,48,179,3.3,3.2,172,0,3.4,4.1,4.4,4.5,5.1,5.4,5.4,182.0,218.0,233.0,239.0,271.0,287.0,289.0,0,0,,1,,,,0,,-1,Zwift Racing League: Redline Rally - Open Topaz League Division1,TYPE_TEAM_TIME_TRIAL TYPE_RACE ,27,2026/01/27,872351836,1,,1815308
,233,0,,3,5387011,29,4,Blopa&reg;,0,1714370,5387011.29,0,688210300004,2588.687,2588.747,8,,0.0,1,2873,,TEAM BMTR ,bbbbbb,000000,aaaaaa,0,C,182,uy,161,174,0,1,67.5,3,1,1,Mas,0,,20,0,0,0,0,229,1.37,49,220,3.3,3.1,214,0,3.3,3.8,4.1,4.3,4.5,4.8,5.0,226.0,258.0,276.0,292.0,306.0,324.0,337.0,0,0,,1,,,,0,,-1,Zwift Racing League: Redline Rally - Open Topaz League Division1,TYPE_TEAM_TIME_TRIAL TYPE_RACE ,27,2026/01/27,872351836,1,,1714370
,207,1,,3,5387011,26,1,Toody Merrill &#129528;BMTR RACING)&#129293; (CU),0,1002137,5387011.26,29,688210300001,2580.687,2580.747,0.0,,0.0,0,,,,00dd00,,,0,C,165,us,150,184,0,1,57.6,3,1,10,Jnr,0,,20,20,0,0,0,193,1.24,46,186,3.2,3.1,182,0,3.3,4.1,4.8,4.9,6.2,7.0,7.1,192.0,239.0,274.0,285.0,360.0,404.0,410.0,0,0,,1,,,,0,,-1,Zwift Racing League: Redline Rally - Open Topaz League Division1,TYPE_TEAM_TIME_TRIAL TYPE_RACE ,27,2026/01/27,872351836,1,,1002137
,201,1,,3,5387018,63,6,Yardi Agresta ,0,1815308,5387018.63,30,688210000006,2563.367,2563.487,21.117,,0.0,0,2873,,TEAM BMTR ,bbbbbb,000000,aaaaaa,0,C,167,za,164,174,0,1,53.5,3,1,10,Vet,0,,20,20,0,0,0,191,1.13,47,185,3.5,3.3,180,0,3.6,3.9,4.1,4.3,5.0,5.2,5.3,190.0,208.0,219.0,232.0,265.0,278.0,285.0,0,0,,1,,,,0,,-1,Zwift Racing League: Redline Rally - Open Saffron League Division1,TYPE_TEAM_TIME_TRIAL TYPE_RACE ,27,2026/01/27,872351836,1,,1815308
,207,1,,4,5375535,74,2,Toody Merrill &#129528;BMTR RACING)&#129293; (CU),0,1002137,5375535.74,162,686832300002,3600.002,3600.182,0.002,,0.0,0,,,,00dd00,,,0,D,165,us,105,126,0,1,57.6,3,1,10,Jnr,0,,20,20,0,0,0,98,0.86,67,90,1.6,1.7,97,0,1.8,1.9,2.1,2.2,2.4,2.6,2.6,103.0,109.0,122.0,127.0,140.0,150.0,150.0,0,0,,1,,,,0,,-1,BMTR Short Adventure,TYPE_RIDE,0,2026/01/26,872351836,,3600,1002137
,233,0,,3,5375535,15,15,Blopa&reg;,0,1714370,5375535.15,0,686832200015,3600.004,3600.124,0.004,,0.0,1,2873,,TEAM BMTR ,bbbbbb,000000,aaaaaa,0,C,182,uy,135,150,0,1,67.5,3,1,1,Mas,0,,20,0,0,0,0,174,1.24,54,168,2.5,2.5,171,0,2.7,3.0,3.1,3.3,3.5,3.7,4.5,181.0,204.0,212.0,226.0,237.0,247.0,303.0,0,0,,1,,,,0,,-1,BMTR Short Adventure,TYPE_RIDE,0,2026/01/26,872351836,,3600,1714370
,201,1,,3,5375535,60,60,Yardi Agresta ,0,1815308,5375535.60,41,686832200060,3600.029,3600.149,0.029,,0.0,0,2873,,TEAM BMTR ,bbbbbb,000000,aaaaaa,0,C,167,za,142,174,0,1,53.5,3,1,10,Vet,0,,20,20,0,0,0,161,0.98,54,139,2.6,3.0,160,0,3.2,4.2,4.3,4.7,4.9,5.0,5.0,169.0,227.0,230.0,249.0,260.0,268.0,268.0,0,0,,1,,,,0,,-1,BMTR Short Adventure,TYPE_RIDE,0,2026/01/26,872351836,,3600,1815308
,201,1,,3,5372855,103,103,Yardi Agresta ,0,1815308,5372855.103,43,686523200103,10433.07,10433.07,1609.067,,0.0,0,2873,,TEAM BMTR ,bbbbbb,000000,aaaaaa,0,C,167,za,129,146,0,1,53.5,3,1,10,Vet,0,,20,20,0,0,0,129,0.98,54,127,2.4,2.4,130,0,2.6,2.7,2.9,3.0,3.2,3.3,3.3,137.0,147.0,156.0,163.0,171.0,177.0,177.0,0,0,,1,,,,0,,-1,BMTR Longish Adventure,TYPE_RIDE,100,2026/01/25,1656629976,,,1815308
,207,1,,3,5369952,96,34,Toody Merrill &#129528;BMTR RACING)&#129293; (CU),0,1002137,5369952.96,367,686189400034,21209.173,21209.233,2497.313,,0.0,0,,,,00dd00,,,0,C,165,us,138,166,0,1,57.6,3,1,10,Jnr,0,,20,20,0,0,0,131,0.91,63,125,2.2,2.4,143,0,2.6,2.7,2.7,2.9,3.2,3.3,3.3,151.0,153.0,158.0,167.0,186.0,192.0,192.0,0,0,,1,,,,0,,-1,BMTR Cares Flat 125 (Miles) - Pedaling for a Purpose!,TYPE_RIDE,201,2026/01/24,136140280,,,1002137
,201,1,,3,5369952,103,41,Yardi Agresta ,0,1815308,5369952.103,538,686189400041,21438.271,21438.331,2726.411,,0.0,0,2873,,TEAM BMTR ,bbbbbb,000000,aaaaaa,0,C,167,za,125,149,0,1,53.5,3,1,10,Vet,0,,20,20,0,0,0,116,0.85,63,106,2.0,2.1,115,0,2.3,2.5,2.7,3.3,4.2,4.8,4.8,122.0,132.0,147.0,175.0,223.0,256.0,256.0,0,0,,1,,,,0,,-1,BMTR Cares Flat 125 (Miles) - Pedaling for a Purpose!,TYPE_RIDE,201,2026/01/24,136140280,,,1815308
,207,1,,5,5369938,14,14,Toody Merrill &#129528;BMTR RACING)&#129293; (CU),0,1002137,5369938.14,34,686187200014,1800.006,1800.006,0.006,,0.0,0,,,,00dd00,,,0,E,165,us,115,125,0,1,57.6,3,1,10,Jnr,0,,20,20,0,0,0,102,0.88,65,101,1.8,1.6,96,0,1.8,1.9,2.0,2.0,2.0,2.1,2.1,102.0,107.0,114.0,116.0,117.0,119.0,119.0,0,0,,1,,,,0,,-1,BMTR Banded Warmup,TYPE_RIDE,0,2026/01/24,1600198346,,1800,1002137
,233,0,,3,5356916,2,2,Blopa&reg;,0,1714370,5356916.2,0,684585100002,7200.0,7200.0,0,,0.0,1,2873,,TEAM BMTR ,bbbbbb,000000,aaaaaa,0,C,182,uy,128,162,0,1,67.5,3,1,1,Mas,0,,20,0,0,0,0,169,1.23,54,158,2.3,2.4,163,0,2.5,3.1,3.7,4.1,4.4,4.6,5.5,172.0,207.0,250.0,275.0,299.0,308.0,374.0,0,0,,1,,,,0,,-1,BMTR Cares Rides 225 Miles - Pedaling for a Purpose!,TYPE_RIDE,0,2026/01/24,136140280,,7200,1714370
,201,1,,3,5356916,3,3,Yardi Agresta ,0,1815308,5356916.3,58,684585100003,7200.0,7200.0,0,,0.0,0,2873,,TEAM BMTR ,bbbbbb,000000,aaaaaa,0,C,167,za,136,144,0,1,53.5,3,1,10,Vet,0,,20,20,0,0,0,127,0.92,58,125,2.3,2.2,122,0,2.4,2.6,2.7,3.0,3.1,3.3,3.3,129.0,137.0,147.0,159.0,167.0,179.0,179.0,0,0,,1,,,,0,,-1,BMTR Cares Rides 225 Miles - Pedaling for a Purpose!,TYPE_RIDE,0,2026/01/24,136140280,,7200,1815308
,201,1,,3,5356913,10,10,Yardi Agresta ,0,1815308,5356913.10,56,684584900010,7200.01,7200.01,0.01,,0.0,0,2873,,TEAM BMTR ,bbbbbb,000000,aaaaaa,0,C,167,za,126,146,0,1,53.5,3,1,10,Vet,0,,20,20,0,0,0,122,0.94,56,119,2.2,2.2,117,0,2.3,2.5,2.8,3.1,3.5,3.6,3.6,124.0,136.0,151.0,167.0,185.0,193.0,193.0,0,0,,1,,,,0,,-1,BMTR Cares Rides 225 Miles - Pedaling for a Purpose!,TYPE_RIDE,0,2026/01/24,136140280,,7200,1815308
,201,1,,3,5197864,115,24,Yardi Agresta ,0,1815308,5197864.115,30,664169700024,3216.391,3216.511,4.353,,0.0,0,2873,,TEAM BMTR ,bbbbbb,000000,aaaaaa,0,C,167,za,165,180,0,1,53.5,3,1,10,Vet,0,,20,20,256.33,201.34,0,202,1.15,46,189,3.5,3.5,187,0,3.7,4.4,4.8,5.1,5.3,5.5,5.5,197.0,235.0,256.0,272.0,285.0,294.0,294.0,0,0,,1,,,,0,,-1,FRR Super 6IX - Round 3 Race 2,TYPE_RACE TYPE_RACE ,35,2026/01/23,2644664789,,,1815308
,233,0,,3,5367284,20,3,Blopa&reg;,0,1714370,5367284.20,0,685880200003,5400.002,5400.062,0.002,,0.0,1,2873,,TEAM BMTR ,bbbbbb,000000,aaaaaa,0,C,182,uy,132,165,0,1,67.5,3,1,1,Mas,0,,20,0,0,0,0,181,1.23,55,162,2.4,2.7,185,0,2.9,3.6,3.9,4.3,4.6,4.7,4.8,195.0,244.0,262.0,292.0,313.0,319.0,326.0,0,0,,1,,,,0,,-1,BMTR Short Adventure ,TYPE_RIDE,0,2026/01/23,910684583,,3600,1714370
,201,1,,3,5367284,38,21,Yardi Agresta ,0,1815308,5367284.38,59,685880200021,5400.015,5400.075,0.015,,0.0,0,2873,,TEAM BMTR ,bbbbbb,000000,aaaaaa,0,C,167,za,140,171,0,1,53.5,3,1,10,Vet,0,,20,20,0,0,0,146,0.94,57,131,2.5,2.8,152,0,3.0,3.7,3.9,4.8,5.1,5.6,5.6,160.0,199.0,208.0,256.0,271.0,301.0,301.0,0,0,,1,,,,0,,-1,BMTR Short Adventure ,TYPE_RIDE,0,2026/01/23,910684583,,3600,1815308
,201,1,,4,5364681,55,8,Yardi Agresta ,0,1815308,5364681.55,32,685553800008,2580.748,2580.928,11.553,,0.0,0,2873,,TEAM BMTR ,bbbbbb,000000,aaaaaa,0,D,167,za,160,170,0,1,53.5,3,1,10,Vet,0,,20,20,0,0,0,174,1.03,52,164,3.1,2.9,158,0,3.1,3.6,3.8,4.1,4.5,5.6,5.7,167.0,191.0,205.0,222.0,239.0,298.0,304.0,0,0,,1,,,,0,,-1,WTRL Team Time Trial - Zone 12,TYPE_TEAM_TIME_TRIAL,27,2026/01/22,2737483381,3,,1815308
,207,1,,1,5364654,2,2,Toody Merrill &#129528;BMTR RACING)&#129293; (CU),0,1002137,5364654.2,36,685548700002,2662.754,2662.754,0.138,,0.0,0,,,,00dd00,,,0,A,165,us,149,178,0,1,57.6,3,1,10,Jnr,0,,20,20,0,0,0,181,1.15,50,171,3.0,2.8,165,0,3.0,3.4,4.1,5.2,6.6,6.7,6.7,174.0,198.0,234.0,299.0,383.0,387.0,387.0,0,0,,1,,,,0,,-1,WTRL Team Time Trial - Zone 11,TYPE_TEAM_TIME_TRIAL,27,2026/01/22,2737483381,3,,1002137
,201,1,,4,5364654,55,8,Yardi Agresta ,0,1815308,5364654.55,36,685549000008,2451.892,2452.072,88.791,,0.0,0,2873,,TEAM BMTR ,bbbbbb,000000,aaaaaa,0,D,167,za,165,177,0,1,53.5,3,1,10,Vet,0,,20,20,0,0,0,191,1.08,49,178,3.3,3.1,170,0,3.3,3.9,4.3,4.6,5.1,6.0,6.5,179.0,210.0,232.0,247.0,273.0,320.0,348.0,0,0,,1,,,,0,,-1,WTRL Team Time Trial - Zone 11,TYPE_TEAM_TIME_TRIAL,27,2026/01/22,2737483381,3,,1815308
,233,0,,3,5361861,30,11,Blopa&reg;,0,1714370,5361861.30,0,685209700011,3600.004,3600.064,0.004,,0.0,1,2873,,TEAM BMTR ,bbbbbb,000000,aaaaaa,0,C,182,uy,126,145,0,1,67.5,3,1,1,Mas,0,,20,0,0,0,0,156,1.17,57,148,2.2,2.2,149,0,2.3,2.5,2.6,2.9,3.7,5.0,6.1,157.0,169.0,175.0,195.0,251.0,338.0,413.0,0,0,,1,,,,0,,-1,BMTR Short Adventure,TYPE_RIDE,0,2026/01/21,1880443431,,3600,1714370
,201,1,,3,5361861,21,2,Yardi Agresta ,0,1815308,5361861.21,29,685209700003,3600.0,3600.06,0,,0.0,0,2873,,TEAM BMTR ,bbbbbb,000000,aaaaaa,0,C,167,za,129,152,0,1,53.5,3,1,10,Vet,0,,20,20,0,0,0,125,0.91,58,118,2.2,2.1,115,0,2.3,2.5,2.9,3.5,4.2,5.1,5.1,122.0,134.0,154.0,189.0,226.0,275.0,275.0,0,0,,1,,,,0,,-1,BMTR Short Adventure,TYPE_RIDE,0,2026/01/21,1880443431,,3600,1815308
,207,1,,4,5358475,7,0,Toody Merrill &#129528;BMTR RACING)&#129293; (CU),0,1002137,5358475.7,166,684748800007,3600.005,3600.005,0.0,,0.0,0,,,,00dd00,,,0,N/A,165,us,120,139,0,1,57.6,3,1,10,Jnr,0,,20,20,0,0,0,116,0.91,63,109,1.9,1.9,111,0,2.0,2.2,2.4,2.9,3.4,3.6,3.6,117.0,126.0,140.0,166.0,194.0,205.0,205.0,0,0,,1,,,,0,,-1,REVO Social SUB2,TYPE_RIDE,0,2026/01/20,1917017591,,3600,1002137
,233,0,,3,5366826,4,4,Blopa&reg;,0,1714370,5366826.4,0,685803200004,3527.386,3407.506,4.358,,0.0,1,2873,,TEAM BMTR ,bbbbbb,000000,aaaaaa,0,C,182,uy,160,177,0,1,67.5,3,1,1,Mas,0,,20,0,333.62,421.69,24.92,223,1.32,51,211,3.1,3.1,213,0,3.3,3.7,4.2,5.3,5.6,6.0,6.7,225.0,247.0,282.0,358.0,375.0,404.0,452.0,0,0,,1,,,,0,,-1,Zwift Racing League: Redline Rally - Open Topaz League Division1,TYPE_RACE TYPE_RACE ,32,2026/01/20,525689100,2,,1714370
,201,1,,3,5366831,5,5,Yardi Agresta ,0,1815308,5366831.5,34,685802800005,3504.038,3324.218,1.675,,0.0,0,2873,,TEAM BMTR ,bbbbbb,000000,aaaaaa,0,C,167,za,168,184,0,1,53.5,3,1,10,Vet,0,,20,20,292.74,201.34,0,197,1.09,49,183,3.4,3.5,187,0,3.7,4.5,4.7,5.2,5.5,6.1,6.3,197.0,241.0,254.0,280.0,292.0,327.0,336.0,0,0,,1,,,,0,,-1,Zwift Racing League: Redline Rally - Open Saffron League Division1,TYPE_RACE TYPE_RACE ,32,2026/01/20,525689100,2,,1815308
,233,0,,3,5355447,29,29,Blopa&reg;,0,1714370,5355447.29,0,684408000029,3600.007,3600.127,0.007,,0.0,1,2873,,TEAM BMTR ,bbbbbb,000000,aaaaaa,0,C,182,uy,137,167,0,1,67.5,3,1,1,Mas,0,,20,0,0,0,0,192,1.29,52,177,2.6,2.7,188,0,2.9,3.4,4.4,5.1,5.5,5.7,6.7,198.0,227.0,300.0,343.0,373.0,388.0,449.0,0,0,,1,,,,0,,-1,BMTR Short Adventure,TYPE_RIDE,0,2026/01/19,377566656,,3600,1714370
,207,1,,3,5355447,8,8,Toody Merrill &#129528;BMTR RACING)&#129293; (CU),0,1002137,5355447.8,163,684408000005,3600.001,3600.121,0.001,,0.0,0,,,,00dd00,,,0,C,165,us,0,0,0,0,57.6,3,1,10,Jnr,0,,20,20,0,0,0,149,0.0,0,139,2.4,2.4,142,0,2.6,3.0,3.4,3.9,4.7,5.3,5.3,150.0,170.0,195.0,224.0,270.0,308.0,308.0,0,0,,1,,,,0,,-1,BMTR Short Adventure,TYPE_RIDE,0,2026/01/19,377566656,,3600,1002137
,201,1,,3,5355447,73,73,Yardi Agresta ,0,1815308,5355447.73,26,684408000073,3600.031,3600.151,0.031,,0.0,0,2873,,TEAM BMTR ,bbbbbb,000000,aaaaaa,0,C,167,za,138,150,0,1,53.5,3,1,10,Vet,0,,20,20,0,0,0,139,0.98,54,135,2.5,2.4,131,0,2.6,2.8,3.0,3.2,3.5,4.0,4.0,138.0,148.0,158.0,170.0,185.0,216.0,216.0,0,0,,1,,,,0,,-1,BMTR Short Adventure,TYPE_RIDE,0,2026/01/19,377566656,,3600,1815308
,233,0,,3,5294536,130,35,Blopa&reg;,0,1714370,5294536.130,0,677138500035,2249.713,2249.833,408.773,,0.0,1,2873,,TEAM BMTR ,bbbbbb,000000,aaaaaa,0,C,182,uy,135,165,0,1,67.5,3,1,1,Mas,0,,20,0,0,0,0,184,1.3,52,175,2.6,2.5,174,0,2.7,3.4,3.4,3.8,4.0,4.2,4.5,184.0,232.0,232.0,259.0,273.0,284.0,306.0,0,0,,1,,,,0,,-1,Stage 2 - Tour de Zwift,TYPE_RIDE,54,2026/01/19,3974965857,1,,1714370
,201,1,,3,5352667,72,72,Yardi Agresta ,0,1815308,5352667.72,75,684097400072,9922.567,9922.567,1083.294,,0.0,0,2873,,TEAM BMTR ,bbbbbb,000000,aaaaaa,0,C,167,za,132,162,0,1,53.5,3,1,10,Vet,0,,20,20,0,0,0,145,1.02,52,134,2.5,2.6,139,0,2.7,3.1,3.6,4.2,4.8,5.4,5.4,147.0,167.0,191.0,226.0,255.0,291.0,291.0,0,0,,1,,,,0,,-1,BMTR Longish Adventure,TYPE_RIDE,100,2026/01/18,2746475460,,,1815308
,201,1,,3,5197845,110,16,Yardi Agresta ,0,1815308,5197845.110,51,664162800016,3204.8,3204.92,19.434,,0.0,0,2873,,TEAM BMTR ,bbbbbb,000000,aaaaaa,0,C,167,za,158,178,0,1,53.5,3,1,10,Vet,0,,20,20,214.85,202.36,1.01,189,1.11,48,176,3.3,3.3,176,0,3.5,4.4,4.8,5.1,5.9,6.7,6.7,186.0,236.0,258.0,272.0,316.0,357.0,357.0,0,0,,1,,,,0,,-1,FRR Super 6IX - Round 3 Race 1,TYPE_RACE TYPE_RACE ,35,2026/01/16,54700404,,,1815308
,201,1,,3,5346196,53,29,Yardi Agresta ,0,1815308,5346196.53,27,683345800029,5400.015,5400.075,0.015,,0.0,0,2873,,TEAM BMTR ,bbbbbb,000000,aaaaaa,0,C,167,za,145,167,0,1,53.5,3,1,10,Vet,0,,20,20,0,0,0,144,0.94,57,136,2.5,2.5,136,0,2.7,3.0,3.7,4.5,4.7,5.6,5.6,144.0,160.0,199.0,240.0,250.0,302.0,302.0,0,0,,1,,,,0,,-1,BMTR Short Adventure ,TYPE_RIDE,0,2026/01/16,1776635757,,3600,1815308
,201,1,,4,5343375,11,11,Yardi Agresta ,0,1815308,5343375.11,27,683015200011,3415.195,3415.375,115.454,,0.0,0,2873,,TEAM BMTR ,bbbbbb,000000,aaaaaa,0,D,167,za,156,168,0,1,53.5,3,1,10,Vet,0,,20,20,0,0,0,167,1.02,52,159,3.0,3.0,161,0,3.2,3.5,3.8,4.0,4.1,5.1,5.5,170.0,188.0,203.0,216.0,221.0,271.0,296.0,0,0,,1,,,,0,,-1,WTRL Team Time Trial - Zone 12,TYPE_TEAM_TIME_TRIAL TYPE_RACE ,37,2026/01/15,3367186349,2,,1815308
,207,1,,4,5343375,5,5,Toody Merrill &#129528;BMTR RACING)&#129293; (CU),0,1002137,5343375.5,29,683015200005,3406.249,3406.429,106.508,,0.0,0,,,,00dd00,,,0,D,165,us,160,183,0,1,57.6,3,1,10,Jnr,0,,20,20,0,0,0,180,1.09,52,174,3.0,2.9,169,0,3.1,3.4,3.7,4.4,5.5,6.4,7.3,178.0,198.0,215.0,256.0,318.0,371.0,419.0,0,0,,1,,,,0,,-1,WTRL Team Time Trial - Zone 12,TYPE_TEAM_TIME_TRIAL TYPE_RACE ,37,2026/01/15,3367186349,2,,1002137
,201,1,,4,5343347,9,9,Yardi Agresta ,0,1815308,5343347.9,28,683010300009,3301.021,3301.201,204.397,,0.0,0,2873,,TEAM BMTR ,bbbbbb,000000,aaaaaa,0,D,167,za,159,178,0,1,53.5,3,1,10,Vet,0,,20,20,0,0,0,179,1.08,49,171,3.2,3.1,169,0,3.3,4.1,4.5,4.6,4.7,4.8,5.3,178.0,222.0,240.0,246.0,250.0,255.0,283.0,0,0,,1,,,,0,,-1,WTRL Team Time Trial - Zone 11,TYPE_TEAM_TIME_TRIAL TYPE_RACE ,37,2026/01/15,3367186349,2,,1815308
,207,1,,1,5343347,17,2,Toody Merrill &#129528;BMTR RACING)&#129293; (CU),0,1002137,5343347.17,26,683010000002,3417.42,3417.42,0.086,,0.0,0,,,,00dd00,,,0,A,165,us,151,173,0,1,57.6,3,1,10,Jnr,0,,20,20,0,0,0,175,1.13,51,170,3.0,2.8,166,0,3.0,3.4,3.8,4.3,5.0,6.6,6.6,175.0,196.0,217.0,246.0,288.0,380.0,380.0,0,0,,1,,,,0,,-1,WTRL Team Time Trial - Zone 11,TYPE_TEAM_TIME_TRIAL TYPE_RACE ,37,2026/01/15,3367186349,2,,1002137
,201,1,,,5350983,3,0,Yardi Agresta ,0,1815308,5350983.3,0,683908900003,2275.643,2275.643,0,,0.0,0,2873,,TEAM BMTR ,bbbbbb,000000,aaaaaa,0,SEE LADDER SITE,167,za,168,182,0,1,53.5,3,1,1,Vet,0,,20,20,0,202.36,0,207,1.17,45,197,3.7,3.4,185,0,3.6,4.1,4.5,5.2,5.5,6.4,6.6,195.0,219.0,242.0,278.0,296.0,343.0,355.0,0,0,,1,,,,0,,-1,Club Ladder // Bear Force One v KLUB Crackers,TYPE_RACE TYPE_RACE ,24,2026/01/14,3662705581,1,,1815308
,201,1,,3,5340542,43,33,Yardi Agresta ,0,1815308,5340542.43,27,682677900033,3600.016,3600.076,0.016,,0.0,0,2873,,TEAM BMTR ,bbbbbb,000000,aaaaaa,0,C,167,za,134,162,0,1,53.5,3,1,10,Vet,0,,20,20,0,0,0,133,0.92,58,123,2.3,2.4,129,0,2.5,3.2,3.7,4.0,4.7,4.7,4.7,136.0,173.0,198.0,214.0,249.0,253.0,253.0,0,0,,1,,,,0,,-1,BMTR Short Adventure,TYPE_RIDE,0,2026/01/14,1386460176,,3600,1815308
,233,0,,3,5348701,9,9,Blopa&reg;,0,1714370,5348701.9,0,683622000009,3061.217,2941.337,154.774,,0.0,1,2873,,TEAM BMTR ,bbbbbb,000000,aaaaaa,0,C,182,uy,161,177,0,1,67.5,3,1,1,Mas,0,,20,0,398.93,438.94,17.26,224,1.34,50,215,3.2,3.1,212,0,3.3,3.7,3.9,4.2,4.5,4.9,5.3,224.0,248.0,263.0,286.0,302.0,330.0,357.0,0,0,,1,,,,0,,-1,Zwift Racing League: Redline Rally - Open Topaz League Division1,TYPE_RACE TYPE_RACE ,28,2026/01/13,2007026433,2,,1714370
,207,1,,3,5348701,10,10,Toody Merrill &#129528;BMTR RACING)&#129293; (CU),0,1002137,5348701.10,36,683622000010,3075.703,2955.823,169.26,,0.0,0,,,,00dd00,,,0,C,165,us,139,181,0,1,57.6,3,1,10,Jnr,0,,20,20,417.33,446.47,36.53,193,1.35,42,187,3.3,3.1,180,0,3.3,3.7,4.2,5.1,5.1,5.3,5.5,190.0,212.0,241.0,291.0,296.0,307.0,318.0,0,0,,1,,,,0,,-1,Zwift Racing League: Redline Rally - Open Topaz League Division1,TYPE_RACE TYPE_RACE ,28,2026/01/13,2007026433,2,,1002137
,201,1,,3,5348704,2,2,Yardi Agresta ,0,1815308,5348704.2,30,683621400002,2859.069,2679.249,6.133,,0.0,0,2873,,TEAM BMTR ,bbbbbb,000000,aaaaaa,0,C,167,za,175,187,0,1,53.5,3,1,10,Vet,0,,20,20,267.88,202.36,0,214,1.17,45,204,3.8,3.6,197,0,3.9,4.3,4.9,5.3,5.6,6.3,6.7,208.0,231.0,263.0,282.0,301.0,335.0,356.0,0,0,,1,,,,0,,-1,Zwift Racing League: Redline Rally - Open Saffron League Division1,TYPE_RACE TYPE_RACE ,28,2026/01/13,2007026433,2,,1815308
,207,1,,4,5334574,67,4,Toody Merrill &#129528;BMTR RACING)&#129293; (CU),0,1002137,5334574.67,143,681989200005,3600.001,3600.181,0.001,,0.0,0,,,,00dd00,,,0,D,165,us,122,148,0,1,57.6,3,1,10,Jnr,0,,20,20,0,0,0,116,0.89,64,109,1.9,2.0,118,0,2.2,2.2,2.5,2.6,2.7,3.0,3.0,125.0,129.0,142.0,150.0,154.0,174.0,174.0,0,0,,1,,,,0,,-1,BMTR Short Adventure,TYPE_RIDE,0,2026/01/12,3330165223,,3600,1002137
,233,0,,3,5334574,20,20,Blopa&reg;,0,1714370,5334574.20,0,681989100020,3600.009,3600.129,0.009,,0.0,1,2873,,TEAM BMTR ,bbbbbb,000000,aaaaaa,0,C,182,uy,141,156,0,1,67.5,3,1,1,Mas,0,,20,0,0,0,0,186,1.23,54,174,2.6,2.6,180,0,2.8,3.2,3.3,3.6,4.1,4.5,4.9,190.0,213.0,221.0,246.0,274.0,306.0,334.0,0,0,,1,,,,0,,-1,BMTR Short Adventure,TYPE_RIDE,0,2026/01/12,3330165223,,3600,1714370
,201,1,,3,5334574,18,18,Yardi Agresta ,0,1815308,5334574.18,26,681989100018,3600.008,3600.128,0.008,,0.0,0,2873,,TEAM BMTR ,bbbbbb,000000,aaaaaa,0,C,167,za,147,169,0,1,53.5,3,1,10,Vet,0,,20,20,0,0,0,164,0.99,54,145,2.7,2.6,143,0,2.8,3.4,4.2,5.3,5.9,6.2,6.2,151.0,180.0,225.0,286.0,318.0,331.0,331.0,0,0,,1,,,,0,,-1,BMTR Short Adventure,TYPE_RIDE,0,2026/01/12,3330165223,,3600,1815308
,233,0,,3,5294460,140,35,Blopa&reg;,0,1714370,5294460.140,0,677115700035,2490.405,2490.525,238.694,,0.0,1,2873,,TEAM BMTR ,bbbbbb,000000,aaaaaa,0,C,182,uy,152,174,0,1,67.5,3,1,1,Mas,0,,20,0,0,0,0,212,1.36,49,206,3.1,3.1,209,0,3.3,3.6,3.8,4.4,5.7,7.3,10.5,220.0,241.0,259.0,296.0,385.0,494.0,709.0,0,0,,1,,,,0,,-1,Stage 1 - Tour de Zwift,TYPE_RIDE,53,2026/01/12,3330165223,1,,1714370
,201,1,,5,5318446,11,11,Yardi Agresta ,0,1815308,5318446.11,26,680100300011,3102.541,3102.541,307.018,,0.0,0,2873,,TEAM BMTR ,bbbbbb,000000,aaaaaa,0,E,167,za,146,168,0,1,53.5,3,1,10,Vet,0,,20,20,0,0,0,165,1.03,51,151,2.8,2.7,148,0,2.9,3.5,4.1,4.4,4.6,4.8,4.8,156.0,185.0,222.0,237.0,247.0,257.0,257.0,0,0,,1,,,,0,,-1,Zwift Racing League Recon Ride (DIRTy Rascals),TYPE_RIDE,28,2026/01/12,2007026433,2,,1815308
,201,1,,3,5233724,75,8,Yardi Agresta ,0,1815308,5233724.75,51,668900800008,5260.455,5260.695,156.028,,0.0,0,2873,,TEAM BMTR ,bbbbbb,000000,aaaaaa,0,C,167,za,165,176,0,1,53.5,3,1,10,Vet,0,,20,20,193.21,208.08,5.73,193,1.13,47,186,3.5,3.7,199,0,3.9,4.1,4.6,4.9,5.1,5.1,5.1,210.0,219.0,246.0,260.0,275.0,275.0,275.0,0,0,,1,,,,0,,-1,FRR Tour Watopia - Stage 8,TYPE_RACE TYPE_RACE ,50,2026/01/11,2328501978,1,,1815308
,201,1,,3,5233712,89,6,Yardi Agresta ,0,1815308,5233712.89,53,668897300006,3775.424,3775.664,3.298,,0.0,0,2873,,TEAM BMTR ,bbbbbb,000000,aaaaaa,0,C,167,za,168,180,0,1,53.5,3,1,10,Vet,0,,20,20,190.86,214.41,6.32,195,1.11,48,186,3.5,3.6,193,0,3.8,4.1,4.5,4.7,4.9,4.9,4.9,204.0,220.0,239.0,251.0,263.0,263.0,263.0,0,0,,1,,,,0,,-1,FRR Tour Watopia - Stage 7,TYPE_RACE TYPE_RACE ,39,2026/01/10,2768300955,2,,1815308
,201,1,,5,5233686,71,2,Yardi Agresta ,0,1815308,5233686.71,29,668893000002,2397.818,2397.818,13.286,0,0.0,0,2873,,TEAM BMTR ,bbbbbb,000000,aaaaaa,0,E,167,za,173,178,0,1,53.5,3,1,10,Vet,0,,20,20,228.78,214.41,0,202,1.15,46,199,3.7,3.5,190,0,3.8,4.1,4.2,4.5,4.7,4.9,4.9,201.0,221.0,225.0,240.0,253.0,261.0,263.0,0,0,,1,,,,0,,-1,FRR Tour Watopia - Stage 6 - ITT,TYPE_RACE TYPE_RACE ,25,2026/01/09,243949867,2,,1815308
,201,1,,3,5294390,405,31,Yardi Agresta ,0,1815308,5294390.405,29,677094700031,2341.951,2342.071,243.965,,0.0,0,2873,,TEAM BMTR ,bbbbbb,000000,aaaaaa,0,C,167,za,153,174,0,1,53.5,3,1,10,Vet,0,,20,20,0,0,0,167,1.04,51,159,3.0,3.0,163,0,3.2,3.7,3.8,3.9,4.1,4.3,4.3,172.0,196.0,203.0,211.0,221.0,230.0,230.0,0,0,,1,,,,0,,-1,Stage 1 - Tour de Zwift,TYPE_RIDE,53,2026/01/08,3330165223,1,,1815308
,207,1,,4,5322915,1,1,Toody Merrill &#129528;BMTR RACING)&#129293; (CU),0,1002137,5322915.1,33,680640000001,3297.863,3298.043,0.0,,0.0,0,,,,00dd00,,,0,D,165,us,161,186,0,1,57.6,3,1,10,Jnr,0,,20,20,0,0,0,178,1.09,53,175,3.0,2.9,170,0,3.1,3.6,4.1,4.7,5.6,6.1,6.2,179.0,205.0,238.0,270.0,323.0,354.0,355.0,0,0,,1,,,,0,,-1,WTRL Team Time Trial - Zone 12,TYPE_TEAM_TIME_TRIAL TYPE_RACE ,36,2026/01/08,3453194200,1,,1002137
,201,1,,3,5233652,41,6,Yardi Agresta ,0,1815308,5233652.41,37,668886800006,3184.18,3184.42,25.681,,0.0,0,2873,,TEAM BMTR ,bbbbbb,000000,aaaaaa,0,C,167,za,167,180,0,1,53.5,3,1,10,Vet,0,,20,20,222.48,213.07,0,199,1.14,47,190,3.6,3.5,188,0,3.7,4.1,4.3,5.0,6.1,7.4,7.4,198.0,222.0,232.0,266.0,328.0,394.0,394.0,0,0,,1,,,,0,,-1,FRR Tour Watopia - Stage 5,TYPE_RACE TYPE_RACE ,33,2026/01/08,1092181131,2,,1815308
,207,1,,5,5322892,14,1,Toody Merrill &#129528;BMTR RACING)&#129293; (CU),0,1002137,5322892.14,37,680635700001,3428.772,3429.012,0.0,,0.0,0,,,,00dd00,,,0,E,165,us,149,181,0,1,57.6,3,1,10,Jnr,0,,20,20,0,0,0,160,1.04,55,155,2.7,2.6,152,0,2.8,3.1,3.6,4.5,4.9,5.3,5.9,160.0,178.0,210.0,259.0,284.0,308.0,339.0,0,0,,1,,,,0,,-1,WTRL Team Time Trial - Zone 11,TYPE_TEAM_TIME_TRIAL TYPE_RACE ,36,2026/01/08,3453194200,1,,1002137
,207,1,,4,5320614,92,13,Toody Merrill &#129528;BMTR RACING)&#129293; (CU),0,1002137,5320614.92,38,680363900013,3600.011,3600.131,0.01,,0.0,0,,,,00dd00,,,0,D,165,us,107,141,0,1,57.6,3,1,10,Jnr,0,,20,20,0,0,0,106,0.94,61,101,1.8,1.7,100,0,1.8,2.1,2.4,2.8,3.6,4.0,4.0,106.0,119.0,141.0,163.0,206.0,228.0,228.0,0,0,,1,,,,0,,-1,BMTR Short Adventure,TYPE_RIDE,0,2026/01/07,3395698268,,3600,1002137
,201,1,,3,5233638,54,11,Yardi Agresta ,0,1815308,5233638.54,38,668882100011,3968.248,3968.488,2.819,,0.0,0,2873,,TEAM BMTR ,bbbbbb,000000,aaaaaa,0,C,167,za,162,179,0,1,53.5,3,1,10,Vet,0,,20,20,292.87,213.07,0,189,1.11,48,180,3.4,3.4,186,0,3.7,4.2,4.8,4.9,5.0,5.4,6.1,196.0,224.0,257.0,264.0,269.0,291.0,329.0,0,0,,1,,,,0,,-1,FRR Tour Watopia - Stage 4,TYPE_RACE TYPE_RACE ,42,2026/01/07,979250573,1,,1815308
,201,1,,3,5331538,35,7,Yardi Agresta ,0,1815308,5331538.35,34,681618300007,3220.935,3220.995,51.163,,0.0,0,2873,,TEAM BMTR ,bbbbbb,000000,aaaaaa,0,C,167,za,160,174,0,1,53.5,3,1,10,Vet,0,,20,20,0,0,0,177,1.06,50,170,3.2,3.1,168,0,3.3,3.5,4.0,4.4,4.8,5.2,5.3,177.0,186.0,216.0,238.0,258.0,278.0,281.0,0,0,,1,,,,0,,-1,Zwift Racing League: Redline Rally - Open Topaz League Group 1,TYPE_TEAM_TIME_TRIAL,34,2026/01/06,3600776267,1,,1815308
,207,1,,3,5331538,34,6,Toody Merrill &#129528;BMTR RACING)&#129293; (CU),0,1002137,5331538.34,33,681618300006,3219.872,3219.932,50.1,,0.0,0,,,,00dd00,,,0,C,165,us,93,137,0,1,57.6,3,1,10,Jnr,0,,20,20,0,0,0,177,1.85,0,172,3.0,2.9,167,0,3.1,3.4,4.0,4.5,5.7,7.2,7.9,176.0,194.0,229.0,258.0,326.0,417.0,453.0,0,0,,1,,,,0,,-1,Zwift Racing League: Redline Rally - Open Topaz League Group 1,TYPE_TEAM_TIME_TRIAL,34,2026/01/06,3600776267,1,,1002137
,201,1,,3,5331542,73,10,Yardi Agresta ,0,1815308,5331542.73,49,681618000010,3154.592,3154.712,31.459,,0.0,0,2873,,TEAM BMTR ,bbbbbb,000000,aaaaaa,0,C,167,za,158,173,0,1,53.5,3,1,10,Vet,0,,20,20,0,0,0,176,1.08,49,170,3.2,3.0,165,0,3.3,3.7,4.1,4.5,5.0,5.2,5.2,174.0,199.0,219.0,240.0,269.0,280.0,280.0,0,0,,1,,,,0,,-1,Zwift Racing League: Redline Rally - Open Saffron League Group 1,TYPE_TEAM_TIME_TRIAL,34,2026/01/06,3600776267,1,,1815308
,201,1,,5,5233628,78,2,Yardi Agresta ,0,1815308,5233628.78,19,668879000002,2837.201,2837.201,48.51,0,0.0,0,2873,,TEAM BMTR ,bbbbbb,000000,aaaaaa,0,E,167,za,166,175,0,1,53.5,3,1,10,Vet,0,,20,20,250.56,213.07,0,193,1.14,47,189,3.5,3.4,182,0,3.6,3.8,4.1,4.4,4.6,4.7,4.8,192.0,206.0,221.0,234.0,244.0,251.0,259.0,0,0,,1,,,,0,,-1,FRR Tour Watopia - Stage 3 - iTT,TYPE_RACE TYPE_RACE ,31,2026/01/05,2898229208,1,,1815308
,201,1,,5,5318392,24,24,Yardi Agresta ,0,1815308,5318392.24,26,680094900024,3484.926,3484.926,365.66,,0.0,0,2873,,TEAM BMTR ,bbbbbb,000000,aaaaaa,0,E,167,za,143,164,0,1,53.5,3,1,10,Vet,0,,20,20,0,0,0,149,0.99,53,142,2.7,2.6,139,0,2.7,3.1,3.6,4.1,4.4,4.5,4.6,147.0,166.0,190.0,221.0,238.0,242.0,244.0,0,0,,1,,,,0,,-1,Zwift Racing League Recon Ride (DIRTy Rascals),TYPE_RIDE,34,2026/01/05,3600776267,1,,1815308
,201,1,,4,5314171,82,82,Yardi Agresta ,0,1815308,5314171.82,45,679628200083,3600.032,3600.032,0.032,,0.0,0,2873,,TEAM BMTR ,bbbbbb,000000,aaaaaa,0,D,167,za,133,151,0,1,53.5,3,1,10,Vet,0,,20,20,0,0,0,118,0.85,62,113,2.1,2.1,113,0,2.2,2.4,2.7,2.9,3.3,3.6,3.6,119.0,127.0,142.0,156.0,177.0,191.0,191.0,0,0,,1,,,,0,,-1, BMTR Short Adventure,TYPE_RIDE,0,2026/01/04,1917017591,,3600,1815308
,201,1,,3,5233616,108,26,Yardi Agresta ,0,1815308,5233616.108,40,668875800026,3896.931,3897.171,181.064,,0.0,0,2873,,TEAM BMTR ,bbbbbb,000000,aaaaaa,0,C,167,za,164,181,0,1,53.5,3,1,10,Vet,0,,20,20,313.40,213.07,0,188,1.07,49,176,3.3,3.2,171,0,3.4,3.9,4.6,5.4,6.0,7.1,7.5,180.0,211.0,244.0,288.0,321.0,382.0,403.0,0,0,,1,,,,0,,-1,FRR Tour Watopia - Stage 2,TYPE_RACE TYPE_RACE ,42,2026/01/04,2101060245,1,,1815308
,201,1,,3,5233602,121,25,Yardi Agresta ,0,1815308,5233602.121,54,668871800025,7734.073,7734.313,208.739,,0.0,0,2873,,TEAM BMTR ,bbbbbb,000000,aaaaaa,0,C,167,za,159,176,0,1,53.5,3,1,10,Vet,0,,20,20,286.54,213.07,0,174,1.03,51,164,3.1,3.2,171,0,3.4,4.1,4.2,4.8,5.4,5.5,5.5,181.0,219.0,227.0,259.0,288.0,297.0,297.0,0,0,,1,,,,0,,-1,FRR Tour Watopia - Stage 1,TYPE_RACE TYPE_RACE ,79,2026/01/03,3678866163,1,,1815308
,233,0,,3,5310244,72,12,Blopa&reg;,0,1714370,5310244.72,0,679153300013,5400.003,5400.063,0.003,,0.0,1,2873,,TEAM BMTR ,bbbbbb,000000,aaaaaa,0,C,182,uy,133,157,0,1,67.5,3,1,1,Mas,0,,20,0,0,0,0,182,1.29,52,171,2.5,2.6,176,0,2.8,3.0,3.4,3.8,4.1,4.2,5.0,186.0,204.0,229.0,259.0,280.0,281.0,336.0,0,0,,1,,,,0,,-1,BMTR Short Adventure ,TYPE_RIDE,0,2026/01/02,2898229208,,3600,1714370
,201,1,,3,5310244,88,28,Yardi Agresta ,0,1815308,5310244.88,28,679153300028,5400.01,5400.07,0.01,,0.0,0,2873,,TEAM BMTR ,bbbbbb,000000,aaaaaa,0,C,167,za,147,169,0,1,53.5,3,1,10,Vet,0,,20,20,0,0,0,142,0.95,56,139,2.6,2.6,139,0,2.7,2.9,3.1,3.4,3.5,3.6,3.6,147.0,154.0,165.0,180.0,188.0,192.0,192.0,0,0,,1,,,,0,,-1,BMTR Short Adventure ,TYPE_RIDE,0,2026/01/02,2898229208,,3600,1815308
,233,0,,3,5306760,75,30,Blopa&reg;,0,1714370,5306760.75,0,678714900030,3600.011,3600.071,0.011,,0.0,1,2873,,TEAM BMTR ,bbbbbb,000000,aaaaaa,0,C,182,uy,129,142,0,1,67.5,3,1,1,Mas,0,,20,0,0,0,0,154,1.17,57,151,2.2,2.2,151,0,2.4,2.5,2.5,2.7,3.2,3.5,3.5,159.0,170.0,172.0,183.0,218.0,233.0,238.0,0,0,,1,,,,0,,-1,BMTR Short Adventure,TYPE_RIDE,0,2025/12/31,3680493479,,3600,1714370
,233,0,,2,5230822,62,33,Blopa&reg;,0,1714370,5230822.62,0,668535400033,2470.115,2470.175,159.454,,0.0,1,2873,,TEAM BMTR ,bbbbbb,000000,aaaaaa,0,B,182,uy,158,178,0,1,67.5,3,1,1,Mas,0,,20,0,507.16,438.94,0,229,1.37,49,217,3.2,3.1,209,0,3.3,3.7,4.1,5.1,7.2,8.7,9.7,220.0,251.0,274.0,343.0,484.0,588.0,656.0,0,0,,1,,,,0,,-1,Stage 5: Fresh Outta 25: Gentil 8,TYPE_RACE TYPE_RACE ,26,2025/12/30,1538375239,1,,1714370
,207,1,,2,5230822,57,28,Toody Merrill &#129528;BMTR RACING)&#129293; (CU),0,1002137,5230822.57,27,668535400028,2406.24,2406.3,95.579,,0.0,0,,,,00dd00,,,0,B,165,us,53,140,0,1,56.7,3,1,10,Jnr,0,,20,20,476.25,471.22,24.75,196,0.0,0,193,3.4,3.3,189,0,3.5,4.0,4.2,4.3,5.1,6.0,6.5,199.0,228.0,237.0,243.0,288.0,339.0,369.0,0,0,,1,,,,0,,-1,Stage 5: Fresh Outta 25: Gentil 8,TYPE_RACE TYPE_RACE ,26,2025/12/30,1538375239,1,,1002137
,201,1,,1,5230822,27,27,Yardi Agresta ,0,1815308,5230822.27,27,668535300027,2567.202,2567.202,328.846,,0.0,0,2873,,TEAM BMTR ,bbbbbb,000000,aaaaaa,0,A,167,za,157,178,0,1,53.5,3,1,10,Vet,0,,20,20,418.35,213.07,0,175,1.06,50,166,3.1,3.0,164,0,3.2,3.8,4.4,4.5,4.7,5.0,5.1,173.0,201.0,233.0,243.0,251.0,265.0,273.0,0,0,,1,,,,0,,-1,Stage 5: Fresh Outta 25: Gentil 8,TYPE_RACE TYPE_RACE ,26,2025/12/30,1538375239,1,,1815308
,201,1,,2,5230816,44,20,Yardi Agresta ,0,1815308,5230816.44,32,668532400020,2423.236,2423.296,129.851,,0.0,0,2873,,TEAM BMTR ,bbbbbb,000000,aaaaaa,0,B,167,za,166,180,0,1,53.5,3,1,10,Vet,0,,20,20,452.55,213.07,0,190,1.09,49,181,3.4,3.4,185,0,3.6,4.4,4.4,4.9,5.4,5.5,5.5,195.0,233.0,236.0,260.0,288.0,293.0,294.0,0,0,,1,,,,0,,-1,Stage 5: Fresh Outta 25: Gentil 8,TYPE_RACE TYPE_RACE ,26,2025/12/30,1538375239,1,,1815308
,201,1,,3,5303067,43,43,Yardi Agresta ,0,1815308,5303067.43,35,678278600046,3600.015,3600.135,0.015,,0.0,0,2873,,TEAM BMTR ,bbbbbb,000000,aaaaaa,0,C,167,za,136,166,0,1,53.5,3,1,10,Vet,0,,20,20,0,0,0,131,0.9,59,123,2.3,2.4,133,0,2.6,3.0,3.4,3.8,4.4,4.7,4.7,140.0,160.0,183.0,203.0,238.0,252.0,252.0,0,0,,1,,,,0,,-1,BMTR Short Adventure,TYPE_RIDE,0,2025/12/29,1538375239,,3600,1815308
,201,1,,3,5301028,80,80,Yardi Agresta ,0,1815308,5301028.80,37,678045400080,9911.775,9911.775,911.498,,0.0,0,2873,,TEAM BMTR ,bbbbbb,000000,aaaaaa,0,C,167,za,149,175,0,1,53.5,3,1,10,Vet,0,,20,20,0,0,0,151,0.93,57,139,2.6,2.7,146,0,2.9,3.5,3.9,4.8,5.7,6.3,6.3,154.0,185.0,211.0,258.0,306.0,336.0,336.0,0,0,,1,,,,0,,-1,BMTR Longish Adventure,TYPE_RIDE,100,2025/12/28,3742187716,,,1815308
,201,1,,3,5298895,90,60,Yardi Agresta ,0,1815308,5298895.90,429,677789900060,16557.439,16557.499,1410.882,,0.0,0,2873,,TEAM BMTR ,bbbbbb,000000,aaaaaa,0,C,167,za,141,178,0,1,53.5,3,1,10,Vet,0,,20,20,0,0,0,145,0.86,62,121,2.3,2.5,134,0,2.7,3.0,3.9,5.2,6.5,7.3,7.3,142.0,162.0,209.0,278.0,347.0,391.0,391.0,0,0,,1,,,,0,,-1,BMTR Flat 100 (Miles),TYPE_RIDE,161,2025/12/27,319138658,,,1815308
,201,1,,3,5296804,61,29,Yardi Agresta ,0,1815308,5296804.61,43,677541900029,5400.014,5400.074,0.014,,0.0,0,2873,,TEAM BMTR ,bbbbbb,000000,aaaaaa,0,C,167,za,139,174,0,1,53.5,3,1,10,Vet,0,,20,20,0,0,0,151,0.94,57,130,2.4,2.6,142,0,2.8,4.2,4.3,4.9,6.2,6.2,6.2,150.0,227.0,232.0,261.0,330.0,334.0,334.0,0,0,,1,,,,0,,-1,BMTR Short Adventure ,TYPE_RIDE,0,2025/12/26,1917017591,,3600,1815308
,233,0,,3,5244653,95,25,Blopa&reg;,0,1714370,5244653.95,0,670443600023,5400.01,5400.07,0.01,,0.0,1,2873,,TEAM BMTR ,bbbbbb,000000,aaaaaa,0,C,182,uy,128,149,0,1,67.5,3,1,1,Mas,0,,20,0,0,0,0,149,1.12,60,143,2.1,2.2,148,0,2.3,2.4,2.6,3.1,3.6,3.7,3.9,156.0,165.0,173.0,207.0,242.0,252.0,266.0,0,0,,1,,,,0,,-1,BMTR Christmas Day Ride ,TYPE_RIDE,0,2025/12/25,2128890027,,5400,1714370
,201,1,,3,5244653,131,61,Yardi Agresta ,0,1815308,5244653.131,191,670443600061,5400.026,5400.086,0.026,,0.0,0,2873,,TEAM BMTR ,bbbbbb,000000,aaaaaa,0,C,167,za,133,163,0,1,53.5,3,1,10,Vet,0,,20,20,0,0,0,131,0.88,60,117,2.2,2.3,124,0,2.4,2.7,3.2,4.0,5.2,5.7,5.7,131.0,142.0,170.0,213.0,279.0,304.0,304.0,0,0,,1,,,,0,,-1,BMTR Christmas Day Ride ,TYPE_RIDE,0,2025/12/25,2128890027,,5400,1815308
,201,1,,3,5291349,25,4,Yardi Agresta ,0,1815308,5291349.25,36,676352000004,3111.36,3111.48,0.463,,0.0,0,2873,,TEAM BMTR ,bbbbbb,000000,aaaaaa,0,C,167,za,163,176,0,1,53.5,3,1,10,Vet,0,,20,20,0,0,0,180,1.06,50,172,3.2,3.1,170,0,3.3,3.6,4.2,4.4,4.8,5.1,5.2,179.0,194.0,223.0,235.0,259.0,271.0,279.0,0,0,,1,,,,0,,-1,WTRL Team Time Trial Christmas Special - Zone 11,TYPE_TEAM_TIME_TRIAL,31,2025/12/25,3079921742,1,,1815308
,207,1,,4,5288726,361,9,Toody Merrill &#129528;BMTR RACING)&#129293; (CU),0,1002137,5288726.361,192,676006200009,5032.005,5032.005,157.382,,0.0,0,,,,00dd00,,,0,D,165,us,137,169,0,1,56.7,3,1,10,Jnr,0,,20,20,0,0,0,145,1.0,56,137,2.4,2.7,156,0,2.9,3.1,3.4,3.7,4.1,4.6,4.6,165.0,178.0,191.0,210.0,235.0,261.0,261.0,0,0,,1,,,,0,,-1,Rapha Festive 500,TYPE_RIDE,50,2025/12/24,3453194200,,,1002137
,201,1,,2,5258774,143,109,Yardi Agresta ,0,1815308,5258774.143,155,672169300109,4655.191,4655.191,571.715,,0.0,0,2873,,TEAM BMTR ,bbbbbb,000000,aaaaaa,0,B,167,za,146,172,0,1,53.5,3,1,10,Vet,0,,20,20,0,0,0,153,0.97,55,142,2.7,2.7,144,0,2.8,3.1,4.1,5.4,5.6,5.6,5.6,152.0,166.0,222.0,289.0,301.0,302.0,302.0,0,0,,1,,,,0,,-1,Rapha Festive 500,TYPE_RIDE,50,2025/12/24,3453194200,,,1815308
,201,1,,1,5230675,25,25,Yardi Agresta ,0,1815308,5230675.25,21,668462600025,2230.666,2230.666,168.952,,0.0,0,2873,,TEAM BMTR ,bbbbbb,000000,aaaaaa,0,A,167,za,168,179,0,1,53.5,3,1,10,Vet,0,,20,20,339.97,213.07,0,190,1.14,47,191,3.6,3.4,184,0,3.6,4.2,4.4,4.6,4.8,4.9,5.0,194.0,224.0,237.0,244.0,255.0,264.0,268.0,0,0,,1,,,,0,,-1,Stage 4: Fresh Outta 25: London Uprising,TYPE_RACE TYPE_RACE ,21,2025/12/23,3250904331,1,,1815308
,233,0,,2,5230675,92,54,Blopa&reg;,0,1714370,5230675.92,0,668462700054,2537.295,2537.355,369.096,,0.0,1,2873,,TEAM BMTR ,bbbbbb,000000,aaaaaa,0,B,182,uy,149,169,0,1,67.5,3,1,1,Mas,0,,20,0,529.19,438.94,0,207,1.31,51,195,2.9,2.9,198,0,3.1,3.8,4.0,4.2,4.3,4.7,5.1,209.0,256.0,273.0,286.0,291.0,317.0,341.0,0,0,,1,,,,0,,-1,Stage 4: Fresh Outta 25: London Uprising,TYPE_RACE TYPE_RACE ,21,2025/12/23,3250904331,1,,1714370
,207,1,,4,5286116,10,0,Toody Merrill &#129528;BMTR RACING)&#129293; (CU),0,1002137,5286116.10,32,675493100010,3600.005,3600.005,0.0,,0.0,0,,,,00dd00,,,0,N/A,165,us,52,0,0,1,56.7,3,1,10,Jnr,0,,20,20,0,0,0,100,0.0,0,96,1.7,1.6,95,0,1.8,1.9,2.0,2.2,2.6,2.9,3.3,100.0,110.0,115.0,123.0,148.0,165.0,187.0,0,0,,1,,,,0,,-1,REVO Social SUB2,TYPE_RIDE,0,2025/12/23,3366225080,,3600,1002137
,207,1,,2,5230661,77,29,Toody Merrill &#129528;BMTR RACING)&#129293; (CU),0,1002137,5230661.77,46,668456100029,2479.769,2479.829,374.732,,0.0,0,,,,00dd00,,,0,B,165,us,61,114,0,1,56.7,3,1,10,Jnr,0,,20,20,479.44,495.33,24.11,191,0.0,0,186,3.3,3.1,178,0,3.3,3.9,4.2,5.0,5.4,6.3,6.8,188.0,223.0,239.0,283.0,308.0,356.0,385.0,0,0,,1,,,,0,,-1,Stage 4: Fresh Outta 25: London Uprising,TYPE_RACE TYPE_RACE ,21,2025/12/23,3250904331,1,,1002137
,201,1,,2,5230661,68,20,Yardi Agresta ,0,1815308,5230661.68,30,668456100020,2292.663,2292.723,187.626,,0.0,0,2873,,TEAM BMTR ,bbbbbb,000000,aaaaaa,0,B,167,za,166,177,0,1,53.5,3,1,10,Vet,0,,20,20,407.25,213.07,0,191,1.13,47,188,3.5,3.4,182,0,3.6,4.4,4.6,4.7,4.8,5.4,5.4,192.0,233.0,245.0,253.0,259.0,291.0,291.0,0,0,,1,,,,0,,-1,Stage 4: Fresh Outta 25: London Uprising,TYPE_RACE TYPE_RACE ,21,2025/12/23,3250904331,1,,1815308
,207,1,,4,5283752,6,6,Toody Merrill &#129528;BMTR RACING)&#129293; (CU),0,1002137,5283752.6,184,675239300006,3600.002,3600.002,0.002,,0.0,0,,,,00dd00,,,0,D,165,us,12,0,0,1,56.7,3,1,10,Jnr,0,,20,20,0,0,0,118,0.0,0,100,1.8,1.8,104,0,1.9,2.4,3.1,3.6,5.6,7.5,7.5,110.0,137.0,176.0,203.0,318.0,424.0,424.0,0,0,,1,,,,0,,-1,BMTR Misfits Social,TYPE_RIDE,0,2025/12/22,240388043,,3600,1002137
,233,0,,3,5283550,31,31,Blopa&reg;,0,1714370,5283550.31,0,675202300031,3600.007,3600.127,0.007,,0.0,1,2873,,TEAM BMTR ,bbbbbb,000000,aaaaaa,0,C,182,uy,135,157,0,1,67.5,3,1,1,Mas,0,,20,0,0,0,0,181,1.27,52,172,2.6,2.6,178,0,2.8,2.9,3.1,3.3,3.4,3.8,4.2,188.0,196.0,209.0,222.0,230.0,257.0,284.0,0,0,,1,,,,0,,-1,BMTR Short Adventure,TYPE_RIDE,0,2025/12/22,172610229,,3600,1714370
,207,1,,3,5283550,45,45,Toody Merrill &#129528;BMTR RACING)&#129293; (CU),0,1002137,5283550.45,68,675202300045,3600.01,3600.13,0.01,,0.0,0,,,,00dd00,,,0,C,165,us,126,158,0,1,56.7,3,1,10,Jnr,0,,20,20,0,0,0,153,1.17,48,147,2.6,2.6,148,0,2.8,3.0,3.1,3.3,3.6,3.8,3.8,156.0,168.0,178.0,187.0,205.0,218.0,218.0,0,0,,1,,,,0,,-1,BMTR Short Adventure,TYPE_RIDE,0,2025/12/22,172610229,,3600,1002137
,201,1,,3,5283550,59,59,Yardi Agresta ,0,1815308,5283550.59,71,675202300059,3600.014,3600.134,0.014,,0.0,0,2873,,TEAM BMTR ,bbbbbb,000000,aaaaaa,0,C,167,za,146,156,0,1,53.5,3,1,10,Vet,0,,20,20,0,0,0,148,0.99,54,144,2.7,2.6,141,0,2.8,2.9,3.1,3.4,3.7,4.0,4.0,149.0,157.0,168.0,182.0,197.0,213.0,213.0,0,0,,1,,,,0,,-1,BMTR Short Adventure,TYPE_RIDE,0,2025/12/22,172610229,,3600,1815308
,207,1,,5,5207852,94,94,Toody Merrill &#129528;BMTR RACING)&#129293; (CU),0,1002137,5207852.94,125,665407200095,4266.67,4266.67,943.86,,0.0,0,,,,00dd00,,,0,E,165,us,137,175,0,1,56.7,3,1,10,Jnr,0,,20,20,0,0,0,158,1.07,52,147,2.6,2.9,167,0,3.1,3.7,3.9,4.2,5.3,6.0,6.0,176.0,212.0,223.0,237.0,303.0,339.0,339.0,0,0,,1,,,,0,,-1,Off The MAAP 2025: Stage 1,TYPE_RIDE,36,2025/12/21,3569674525,1,,1002137
,201,1,,3,5280959,75,75,Yardi Agresta ,0,1815308,5280959.75,61,674894800075,10363.237,10363.237,1249.174,,0.0,0,2873,,TEAM BMTR ,bbbbbb,000000,aaaaaa,0,C,167,za,145,171,0,1,53.5,3,1,10,Vet,0,,20,20,0,0,0,141,0.9,59,131,2.5,2.5,136,0,2.7,3.2,3.6,4.2,5.0,5.5,5.5,144.0,170.0,194.0,224.0,269.0,297.0,297.0,0,0,,1,,,,0,,-1,BMTR Longish Adventure,TYPE_RIDE,100,2025/12/21,576953930,,,1815308
,207,1,,5,5207913,86,86,Toody Merrill &#129528;BMTR RACING)&#129293; (CU),0,1002137,5207913.86,33,665413300086,3197.81,3197.81,1285.193,,0.0,0,,,,00dd00,,,0,E,165,us,122,144,0,1,56.7,3,1,10,Jnr,0,,20,20,0,0,0,122,0.98,58,119,2.1,2.2,125,0,2.3,2.5,2.7,3.1,3.4,3.5,3.5,132.0,144.0,151.0,176.0,192.0,199.0,199.0,0,0,,1,,,,0,,-1,Off The MAAP 2025: Stage 3,TYPE_RIDE,19,2025/12/21,3030004732,1,,1002137
,201,1,,3,5077024,94,13,Yardi Agresta ,0,1815308,5077024.94,31,646799000013,3375.895,3376.015,24.909,,0.0,0,2873,,TEAM BMTR ,bbbbbb,000000,aaaaaa,0,C,167,za,173,185,0,1,53.5,3,1,10,Vet,0,,20,20,199.86,218.16,5.09,197,1.09,48,189,3.5,3.5,188,0,3.7,4.7,4.8,5.1,5.5,5.7,5.7,198.0,252.0,255.0,272.0,294.0,304.0,304.0,0,0,,1,,,,0,,-1,FRR Super 6IX - Round 2 Race 5,TYPE_RACE TYPE_RACE ,34,2025/12/19,1327665278,1,,1815308
,201,1,,3,5276397,78,44,Yardi Agresta ,0,1815308,5276397.78,33,674350000044,5400.077,5400.137,0.077,,0.0,0,2873,,TEAM BMTR ,bbbbbb,000000,aaaaaa,0,C,167,za,145,163,0,1,53.5,3,1,10,Vet,0,,20,20,0,0,0,132,0.88,60,128,2.4,2.3,126,0,2.5,2.7,3.0,3.2,3.6,4.2,4.2,133.0,142.0,160.0,172.0,195.0,223.0,223.0,0,0,,1,,,,0,,-1,BMTR Short Adventure ,TYPE_RIDE,0,2025/12/19,3261167746,,3600,1815308
,201,1,,5,5276390,7,7,Yardi Agresta ,0,1815308,5276390.7,26,674348800007,1800.007,1800.007,0.007,,0.0,0,2873,,TEAM BMTR ,bbbbbb,000000,aaaaaa,0,E,167,za,126,143,0,1,53.5,3,1,10,Vet,0,,20,20,0,0,0,105,0.82,65,103,1.9,1.8,0,1,,2.0,2.2,2.5,2.8,2.9,2.9,,109.0,119.0,133.0,148.0,154.0,154.0,0,0,,1,,,,0,,-1,BMTR Banded Warmup,TYPE_RIDE,0,2025/12/19,2330634655,,1800,1815308
,207,1,,3,5274393,70,1,Toody Merrill &#129528;BMTR RACING)&#129293; (CU),0,1002137,5274393.70,22,674091200001,2217.381,2217.501,0.0,,0.0,0,,,,00dd00,,,0,C,165,us,86,138,0,1,56.7,3,1,10,Jnr,0,,20,20,0,0,0,201,0.0,0,191,3.4,3.1,178,0,3.3,3.7,4.3,4.7,6.1,7.1,7.4,188.0,207.0,243.0,265.0,344.0,405.0,418.0,0,0,,1,,,,0,,-1,WTRL Team Time Trial - Zone 12,TYPE_TEAM_TIME_TRIAL,21,2025/12/18,1086718516,2,,1002137
,201,1,,4,5274366,14,14,Yardi Agresta ,0,1815308,5274366.14,205,674086500014,2357.902,2358.082,248.586,,0.0,0,2873,,TEAM BMTR ,bbbbbb,000000,aaaaaa,0,D,167,za,159,176,0,1,53.5,3,1,10,Vet,0,,20,20,0,0,0,169,0.95,56,151,2.8,2.8,150,0,3.0,3.4,3.8,4.3,4.7,5.3,5.9,158.0,181.0,205.0,232.0,250.0,284.0,318.0,0,0,,1,,,,0,,-1,WTRL Team Time Trial - Zone 11,TYPE_TEAM_TIME_TRIAL,21,2025/12/18,1086718516,2,,1815308
,233,0,,4,5274366,9,9,Blopa&reg;,0,1714370,5274366.9,0,674086500009,2340.076,2340.256,230.76,,0.0,1,2873,,TEAM BMTR ,bbbbbb,000000,aaaaaa,0,D,182,uy,156,174,0,1,67.5,3,1,1,Mas,0,,20,0,0,0,0,232,1.4,48,219,3.2,3.1,212,0,3.3,3.7,4.0,5.0,6.2,6.8,7.2,224.0,250.0,271.0,340.0,419.0,458.0,484.0,0,0,,1,,,,0,,-1,WTRL Team Time Trial - Zone 11,TYPE_TEAM_TIME_TRIAL,21,2025/12/18,1086718516,2,,1714370
,207,1,,4,5274366,8,8,Toody Merrill &#129528;BMTR RACING)&#129293; (CU),0,1002137,5274366.8,26,674086500008,2339.541,2339.721,230.225,,0.0,0,,,,00dd00,,,0,D,165,us,160,177,0,1,56.7,3,1,10,Jnr,0,,20,20,0,0,0,189,1.11,51,177,3.1,2.9,169,0,3.1,3.4,4.0,5.0,6.1,7.6,8.9,178.0,193.0,228.0,286.0,345.0,432.0,504.0,0,0,,1,,,,0,,-1,WTRL Team Time Trial - Zone 11,TYPE_TEAM_TIME_TRIAL,21,2025/12/18,1086718516,2,,1002137
,201,1,,5,5207934,47,47,Yardi Agresta ,0,1815308,5207934.47,28,665415400047,4069.771,4069.771,621.606,,0.0,0,2873,,TEAM BMTR ,bbbbbb,000000,aaaaaa,0,E,167,za,159,179,0,1,53.5,3,1,10,Vet,0,,20,20,0,0,0,154,0.92,57,147,2.8,3.0,163,0,3.2,3.5,3.8,3.9,4.2,4.4,4.4,172.0,187.0,204.0,207.0,227.0,236.0,236.0,0,0,,1,,,,0,,-1,Off The MAAP 2025: Stage 1,TYPE_RIDE,36,2025/12/17,3569674525,1,,1815308
,201,1,,2,5230519,28,13,Yardi Agresta ,0,1815308,5230519.28,21,668385900013,1871.478,1871.538,55.457,,0.0,0,2873,,TEAM BMTR ,bbbbbb,000000,aaaaaa,0,B,167,za,175,183,0,1,53.5,3,1,10,Vet,0,,20,20,359.63,218.16,0,190,1.09,49,190,3.6,3.3,178,0,3.5,3.9,4.2,4.4,4.8,5.1,5.3,188.0,210.0,223.0,233.0,258.0,272.0,281.0,0,0,,1,,,,0,,-1,Stage 3: Fresh Outta 25: Hell of the North,TYPE_RACE TYPE_RACE ,20,2025/12/17,1793712753,1,,1815308
,233,0,,3,5230453,59,5,Blopa&reg;,0,1714370,5230453.59,0,668353400005,1969.644,1969.764,9.803,,0.0,1,2873,,TEAM BMTR ,bbbbbb,000000,aaaaaa,0,C,182,uy,154,172,0,1,67.5,3,1,1,Mas,0,,20,0,427.61,467.61,28.67,218,1.38,49,212,3.1,3.0,204,0,3.2,3.8,3.9,4.0,4.3,4.7,5.2,215.0,256.0,266.0,273.0,288.0,317.0,348.0,0,0,,1,,,,0,,-1,Stage 3: Fresh Outta 25: Hell of the North,TYPE_RACE TYPE_RACE ,20,2025/12/16,1793712753,1,,1714370
,207,1,,2,5230453,37,10,Toody Merrill &#129528;BMTR RACING)&#129293; (CU),0,1002137,5230453.37,18,668353300010,1903.687,1903.747,24.017,,0.0,0,,,,00dd00,,,0,B,165,us,137,184,0,1,56.7,3,1,10,Jnr,0,,20,20,378.66,484.60,44.27,198,1.42,40,194,3.4,3.2,183,0,3.4,4.0,4.2,4.4,4.7,5.4,5.7,193.0,226.0,239.0,249.0,269.0,307.0,321.0,0,0,,1,,,,0,,-1,Stage 3: Fresh Outta 25: Hell of the North,TYPE_RACE TYPE_RACE ,20,2025/12/16,1793712753,1,,1002137
,207,1,,3,5267130,22,22,Toody Merrill &#129528;BMTR RACING)&#129293; (CU),0,1002137,5267130.22,186,673225200022,3600.007,3600.127,0.007,,0.0,0,,,,00dd00,,,0,C,165,us,119,161,0,1,56.7,3,1,10,Jnr,0,,20,20,0,0,0,157,1.2,47,143,2.5,2.9,164,0,3.1,3.3,3.5,4.0,4.9,5.5,5.5,173.0,188.0,196.0,229.0,277.0,311.0,311.0,0,0,,1,,,,0,,-1,BMTR Short Adventure,TYPE_RIDE,0,2025/12/15,3636436865,,3600,1002137
,201,1,,3,5267130,56,56,Yardi Agresta ,0,1815308,5267130.56,26,673225200054,3600.022,3600.142,0.022,,0.0,0,2873,,TEAM BMTR ,bbbbbb,000000,aaaaaa,0,C,167,za,142,164,0,1,53.5,3,1,10,Vet,0,,20,20,0,0,0,155,1.0,53,142,2.7,2.7,147,0,2.9,3.2,3.7,4.1,5.0,5.7,5.7,155.0,170.0,199.0,220.0,269.0,303.0,303.0,0,0,,1,,,,0,,-1,BMTR Short Adventure,TYPE_RIDE,0,2025/12/15,3636436865,,3600,1815308
,201,1,,3,5264624,92,92,Yardi Agresta ,0,1815308,5264624.92,46,672942000092,9910.264,9910.264,1131.822,,0.0,0,2873,,TEAM BMTR ,bbbbbb,000000,aaaaaa,0,C,167,za,145,170,0,1,53.5,3,1,10,Vet,0,,20,20,0,0,0,152,0.97,55,141,2.6,2.8,150,0,3.0,3.3,4.1,4.5,4.7,5.2,5.2,158.0,174.0,220.0,242.0,250.0,279.0,279.0,0,0,,1,,,,0,,-1,BMTR Longish Adventure,TYPE_RIDE,100,2025/12/14,3974965857,,,1815308
,207,1,,5,5262108,11,11,Toody Merrill &#129528;BMTR RACING)&#129293; (CU),0,1002137,5262108.11,28,672648600014,1800.012,1800.012,0.012,,0.0,0,,,,00dd00,,,0,E,165,us,110,123,0,1,56.7,3,1,10,Jnr,0,,20,20,0,0,0,100,0.87,64,96,1.7,1.6,93,0,1.7,2.0,2.2,2.5,2.6,2.8,2.8,98.0,116.0,125.0,139.0,145.0,156.0,156.0,0,0,,1,,,,0,,-1,BMTR Banded Warmup,TYPE_RIDE,0,2025/12/13,1127056801,,1800,1002137
,201,1,,3,5077006,91,21,Yardi Agresta ,0,1815308,5077006.91,31,646790500021,3083.508,3083.628,145.544,,0.0,0,2873,,TEAM BMTR ,bbbbbb,000000,aaaaaa,0,C,167,za,173,185,0,1,53.5,3,1,10,Vet,0,,20,20,219.91,231.01,12.86,192,1.06,50,184,3.4,3.3,179,0,3.5,4.2,4.8,5.3,5.3,5.4,5.4,189.0,225.0,259.0,281.0,286.0,288.0,288.0,0,0,,1,,,,0,,-1,FRR Super 6IX - Round 2 Race 4,TYPE_RACE TYPE_RACE ,30,2025/12/12,1788218813,1,,1815308
,207,1,,3,5257434,69,1,Toody Merrill &#129528;BMTR RACING)&#129293; (CU),0,1002137,5257434.69,0,671954200001,2383.642,2383.762,0.0,,0.0,0,,,,00dd00,,,0,C,165,us,92,149,0,1,56.7,3,1,1,Jnr,0,,20,20,0,0,0,193,1.93,0,178,3.1,3.1,175,0,3.3,3.8,4.7,6.0,8.5,10.7,11.1,185.0,216.0,267.0,340.0,482.0,608.0,627.0,0,0,,1,,,,0,,-1,WTRL Team Time Trial - Zone 12,TYPE_TEAM_TIME_TRIAL TYPE_RACE ,27,2025/12/11,4199497144,1,,1002137
,201,1,,3,5257434,75,7,Yardi Agresta ,0,1815308,5257434.75,30,671954200007,2386.236,2386.356,2.594,,0.0,0,2873,,TEAM BMTR ,bbbbbb,000000,aaaaaa,0,C,167,za,162,175,0,1,53.5,3,1,10,Vet,0,,20,20,0,0,0,164,0.98,54,158,3.0,2.8,152,0,3.0,3.3,3.7,3.9,4.7,4.9,5.1,160.0,176.0,197.0,210.0,251.0,262.0,273.0,0,0,,1,,,,0,,-1,WTRL Team Time Trial - Zone 12,TYPE_TEAM_TIME_TRIAL TYPE_RACE ,27,2025/12/11,4199497144,1,,1815308
,201,1,,4,5257408,10,10,Yardi Agresta ,0,1815308,5257408.10,44,671949600010,2376.559,2376.739,215.62,,0.0,0,2873,,TEAM BMTR ,bbbbbb,000000,aaaaaa,0,D,167,za,170,181,0,1,53.5,3,1,10,Vet,0,,20,20,0,0,0,180,1.01,52,172,3.2,3.1,167,0,3.3,3.5,3.9,4.5,4.8,4.9,5.0,176.0,189.0,207.0,239.0,256.0,264.0,270.0,0,0,,1,,,,0,,-1,WTRL Team Time Trial - Zone 11,TYPE_TEAM_TIME_TRIAL TYPE_RACE ,27,2025/12/11,4199497144,1,,1815308
,201,1,,5,5207739,31,31,Yardi Agresta ,0,1815308,5207739.31,34,665395900031,2361.812,2361.812,380.003,,0.0,0,2873,,TEAM BMTR ,bbbbbb,000000,aaaaaa,0,E,167,za,159,172,0,1,53.5,3,1,10,Vet,0,,20,20,0,0,0,178,1.1,48,175,3.3,3.3,176,0,3.5,3.8,4.2,4.4,4.7,4.9,4.9,186.0,205.0,224.0,234.0,253.0,263.0,263.0,0,0,,1,,,,0,,-1,Off The MAAP 2025: Stage 3,TYPE_RIDE,19,2025/12/10,3030004732,1,,1815308
,207,1,,3,5255074,22,12,Toody Merrill &#129528;BMTR RACING)&#129293; (CU),0,1002137,5255074.22,50,671668400012,3600.007,3600.067,0.007,,0.0,0,,,,00dd00,,,0,C,165,us,88,149,0,1,56.7,3,1,10,Jnr,0,,20,20,0,0,0,132,0.0,0,127,2.2,2.1,122,0,2.3,2.4,2.9,3.2,3.8,4.0,4.0,129.0,137.0,162.0,184.0,215.0,228.0,228.0,0,0,,1,,,,0,,-1,BMTR Short Adventure,TYPE_RIDE,0,2025/12/10,3378411990,,3600,1002137
,233,0,,5,5207655,118,118,Blopa&reg;,0,1714370,5207655.118,0,665387500118,2798.879,2798.879,877.936,,0.0,1,2873,,TEAM BMTR ,bbbbbb,000000,aaaaaa,0,E,182,uy,136,155,0,1,67.5,3,1,1,Mas,0,,20,0,0,0,0,186,1.27,53,173,2.6,2.9,195,0,3.1,3.3,3.5,3.6,3.7,3.8,3.9,206.0,225.0,233.0,240.0,250.0,257.0,262.0,0,0,,1,,,,0,,-1,Off The MAAP 2025: Stage 3,TYPE_RIDE,19,2025/12/10,3030004732,1,,1714370
,207,1,,5,5252361,36,4,Toody Merrill &#129528;BMTR RACING)&#129293; (CU),0,1002137,5252361.36,184,671324600004,3600.004,3600.124,0.003,,0.0,0,,,,00dd00,,,0,E,165,us,0,0,0,0,56.7,3,1,10,Jnr,0,,20,20,0,0,0,123,0.0,0,97,1.7,1.7,101,0,1.9,2.4,3.5,4.9,6.8,8.3,8.3,107.0,137.0,197.0,277.0,383.0,473.0,473.0,0,0,,1,,,,0,,-1,Ascenders Spin & Sprint,TYPE_RIDE,0,2025/12/09,1638640398,,3600,1002137
,233,0,,3,5254791,39,15,Blopa&reg;,0,1714370,5254791.39,0,671605500015,2687.096,2567.216,332.71,,0.0,1,2873,,TEAM BMTR ,bbbbbb,000000,aaaaaa,0,C,182,uy,162,170,0,1,67.5,3,1,1,Mas,0,,20,0,458.21,495.97,28.36,225,1.34,50,217,3.2,3.1,210,0,3.3,3.6,3.8,4.4,4.8,5.9,8.2,222.0,240.0,256.0,294.0,321.0,397.0,552.0,0,0,,1,,,,0,,-1,Zwift Racing League: City Showdown - Open Topaz League Division 1,TYPE_RACE TYPE_RACE ,26,2025/12/09,1671282746,1,,1714370
,207,1,,3,5254791,24,1,Toody Merrill &#129528;BMTR RACING)&#129293; (CU),0,1002137,5254791.24,21,671605500001,2615.121,2495.241,260.735,,0.0,0,,,,00dd00,,,0,C,165,us,0,0,0,0,56.7,3,1,10,Jnr,0,,20,20,297.99,545.00,60.40,200,0.0,0,187,3.3,3.2,184,0,3.4,4.7,5.4,5.7,6.9,7.6,8.2,194.0,264.0,308.0,325.0,393.0,431.0,464.0,0,0,,1,,,,0,,-1,Zwift Racing League: City Showdown - Open Topaz League Division 1,TYPE_RACE TYPE_RACE ,26,2025/12/09,1671282746,1,,1002137
,201,1,,3,5254791,25,2,Yardi Agresta ,0,1815308,5254791.25,22,671605500002,2622.239,2502.359,267.853,,0.0,0,2873,,TEAM BMTR ,bbbbbb,000000,aaaaaa,0,C,167,za,169,184,0,1,53.5,3,1,10,Vet,0,,20,20,309.43,231.01,0,196,1.12,47,190,3.6,3.3,181,0,3.6,4.5,4.7,5.1,5.1,5.4,5.8,191.0,242.0,253.0,272.0,275.0,287.0,309.0,0,0,,1,,,,0,,-1,Zwift Racing League: City Showdown - Open Topaz League Division 1,TYPE_RACE TYPE_RACE ,26,2025/12/09,1671282746,1,,1815308
,207,1,,3,5249584,33,33,Toody Merrill &#129528;BMTR RACING)&#129293; (CU),0,1002137,5249584.33,166,671018000033,3600.013,3600.133,0.012,,0.0,0,,,,00dd00,,,0,C,165,us,0,0,0,0,56.7,3,1,10,Jnr,0,,20,20,0,0,0,161,0.0,0,151,2.7,2.7,157,0,2.9,3.3,3.8,4.4,4.7,5.0,5.0,166.0,188.0,215.0,252.0,265.0,281.0,281.0,0,0,,1,,,,0,,-1,BMTR Short Adventure,TYPE_RIDE,0,2025/12/08,4232620535,,3600,1002137
,201,1,,5,5183236,9,9,Yardi Agresta ,0,1815308,5183236.9,26,662160600009,2572.194,2572.194,61.837,,0.0,0,2873,,TEAM BMTR ,bbbbbb,000000,aaaaaa,0,E,167,za,157,174,0,1,53.5,3,1,10,Vet,0,,20,20,0,0,0,178,1.08,49,169,3.2,3.0,163,0,3.2,4.1,4.2,4.5,5.3,5.6,5.6,172.0,218.0,223.0,242.0,281.0,302.0,302.0,0,0,,1,,,,0,,-1,Zwift Racing League Recon Ride (DIRTy Rascals),TYPE_RIDE,26,2025/12/08,1671282746,1,,1815308
,201,1,,3,5247135,78,78,Yardi Agresta ,0,1815308,5247135.78,40,670731900078,10127.375,10127.375,1269.427,,0.0,0,2873,,TEAM BMTR ,bbbbbb,000000,aaaaaa,0,C,167,za,0,0,0,0,53.5,3,1,10,Vet,0,,20,20,0,0,0,145,0.0,0,134,2.5,2.6,143,0,2.8,3.1,3.5,4.3,4.9,6.0,6.0,151.0,164.0,186.0,232.0,261.0,323.0,323.0,0,0,,1,,,,0,,-1,BMTR Longish Adventure,TYPE_RIDE,100,2025/12/07,2927651296,,,1815308
,207,1,,4,5242693,39,39,Toody Merrill &#129528;BMTR RACING)&#129293; (CU),0,1002137,5242693.39,191,670203500040,3600.015,3600.015,0.015,,0.0,0,,,,00dd00,,,0,D,165,us,83,124,0,1,56.7,3,1,10,Jnr,0,,20,20,0,0,0,108,0.0,0,102,1.8,1.8,102,0,1.9,2.0,2.2,2.4,3.2,3.5,3.5,108.0,116.0,123.0,137.0,184.0,199.0,199.0,0,0,,1,,,,0,,-1,Ascenders Rise & Shine Event - Team Pursuit,TYPE_RIDE,0,2025/12/05,2474227587,,3600,1002137
,201,1,,3,5236633,39,0,Yardi Agresta ,0,1815308,5236633.39,28,669395600008,4613.495,4613.495,0,,0.0,0,2873,,TEAM BMTR ,bbbbbb,000000,aaaaaa,0,HR,167,za,0,0,0,0,53.5,3,1,10,Vet,0,,20,20,0,231.01,0,188,0.0,0,180,3.4,3.5,187,0,3.7,3.9,4.3,4.4,4.9,5.1,5.5,197.0,210.0,231.0,237.0,261.0,274.0,292.0,0,0,,1,,,,0,,-1,Zwift Epic Race - Snowman,TYPE_RACE TYPE_RACE ,44,2025/12/05,3324272424,1,,1815308
,207,1,,4,5242674,12,12,Toody Merrill &#129528;BMTR RACING)&#129293; (CU),0,1002137,5242674.12,50,670201500012,4200.009,4200.009,0.832,,0.0,0,,,,00dd00,,,0,D,165,us,108,128,0,1,56.7,3,1,10,Jnr,0,,20,20,0,0,0,104,0.85,66,92,1.6,1.7,97,0,1.8,2.2,2.6,3.0,3.9,4.2,4.2,103.0,125.0,146.0,171.0,222.0,237.0,237.0,0,0,,1,,,,0,,-1,SROZs Pert Neer Saturday!,TYPE_RIDE,0,2025/12/05,1776635757,,4200,1002137
,201,1,,3,5240811,68,7,Yardi Agresta ,0,1815308,5240811.68,24,669973200007,2405.083,2405.203,117.85,,0.0,0,2873,,TEAM BMTR ,bbbbbb,000000,aaaaaa,0,C,167,za,0,0,0,0,53.5,3,1,10,Vet,0,,20,20,0,0,0,178,0.0,0,167,3.1,3.1,168,0,3.3,3.6,4.2,4.4,4.6,4.6,5.1,177.0,195.0,224.0,238.0,244.0,248.0,272.0,0,0,,1,,,,0,,-1,WTRL Team Time Trial - Zone 12,TYPE_TEAM_TIME_TRIAL TYPE_RACE ,27,2025/12/04,2592027600,3,,1815308
,207,1,,3,5240811,63,2,Toody Merrill &#129528;BMTR RACING)&#129293; (CU),0,1002137,5240811.63,21,669973200002,2401.456,2401.576,114.223,,0.0,0,,,,00dd00,,,0,C,165,us,71,112,0,1,56.7,3,1,10,Jnr,0,,20,20,0,0,0,189,0.0,0,180,3.2,3.1,178,0,3.3,3.7,4.5,5.3,7.4,9.6,10.2,188.0,209.0,253.0,302.0,417.0,545.0,578.0,0,0,,1,,,,0,,-1,WTRL Team Time Trial - Zone 12,TYPE_TEAM_TIME_TRIAL TYPE_RACE ,27,2025/12/04,2592027600,3,,1002137
,201,1,,4,5240785,17,17,Yardi Agresta ,0,1815308,5240785.17,20,669968600017,2425.629,2425.809,258.819,,0.0,0,2873,,TEAM BMTR ,bbbbbb,000000,aaaaaa,0,D,167,za,0,0,0,0,53.5,3,1,10,Vet,0,,20,20,0,0,0,183,0.0,0,175,3.3,3.1,170,0,3.3,3.6,4.0,4.3,4.9,5.4,7.0,179.0,193.0,213.0,232.0,263.0,289.0,376.0,0,0,,1,,,,0,,-1,WTRL Team Time Trial - Zone 11,TYPE_TEAM_TIME_TRIAL TYPE_RACE ,27,2025/12/04,2592027600,3,,1815308
,201,1,,3,5238754,27,9,Yardi Agresta ,0,1815308,5238754.27,25,669684800012,3600.004,3600.064,0.003,,0.0,0,2873,,TEAM BMTR ,bbbbbb,000000,aaaaaa,0,C,167,za,0,0,0,0,53.5,3,1,10,Vet,0,,20,20,0,0,0,126,0.0,0,121,2.3,2.2,117,0,2.3,2.5,2.7,3.1,3.4,3.7,3.7,124.0,133.0,145.0,165.0,184.0,200.0,200.0,0,0,,1,,,,0,,-1,BMTR Short Adventure,TYPE_RIDE,0,2025/12/03,3382019812,,3600,1815308
,233,0,,3,5238754,33,15,Blopa&reg;,0,1714370,5238754.33,0,669684800015,3600.005,3600.065,0.004,,0.0,1,2873,,TEAM BMTR ,bbbbbb,000000,aaaaaa,0,C,182,uy,130,152,0,1,67.5,3,1,1,Mas,0,,20,0,0,0,0,165,1.22,55,159,2.4,2.2,152,0,2.4,2.7,3.3,4.1,5.1,6.6,8.9,161.0,181.0,226.0,274.0,342.0,444.0,598.0,0,0,,1,,,,0,,-1,BMTR Short Adventure,TYPE_RIDE,0,2025/12/03,3382019812,,3600,1714370
,201,1,,5,5207560,85,85,Yardi Agresta ,0,1815308,5207560.85,38,665378000085,3917.16,3917.16,816.002,,0.0,0,2873,,TEAM BMTR ,bbbbbb,000000,aaaaaa,0,E,167,za,0,0,0,0,53.5,3,1,10,Vet,0,,20,20,0,0,0,156,0.0,0,148,2.8,2.7,146,0,2.9,3.4,3.8,4.0,4.8,5.4,5.4,154.0,184.0,201.0,212.0,256.0,291.0,291.0,0,0,,1,,,,0,,-1,Off The MAAP 2025: Stage 2 with Joshua Fung,TYPE_RIDE,37,2025/12/03,2372883204,1,,1815308
,233,0,,5,5207560,90,90,Blopa&reg;,0,1714370,5207560.90,0,665378000090,3965.97,3965.97,864.812,,0.0,1,2873,,TEAM BMTR ,bbbbbb,000000,aaaaaa,0,E,182,uy,147,162,0,1,67.5,3,1,1,Mas,0,,20,0,0,0,0,199,1.33,50,195,2.9,2.8,191,0,3.0,3.3,3.4,3.9,4.7,5.2,5.5,202.0,221.0,227.0,264.0,318.0,349.0,373.0,0,0,,1,,,,0,,-1,Off The MAAP 2025: Stage 2 with Joshua Fung,TYPE_RIDE,37,2025/12/03,2372883204,1,,1714370
,201,1,,2,5230185,72,43,Yardi Agresta ,0,1815308,5230185.72,49,668220100043,1906.932,1906.992,32.25,,0.0,0,2873,,TEAM BMTR ,bbbbbb,000000,aaaaaa,0,B,167,za,173,180,0,1,53.5,3,1,10,Vet,0,,20,20,448.05,231.01,0,194,1.09,48,189,3.5,3.4,183,0,3.6,3.9,4.2,4.7,5.3,5.4,5.4,193.0,210.0,224.0,250.0,281.0,288.0,288.0,0,0,,1,,,,0,,-1,Stage 1: Fresh Outta 25: Prospect Park Loop,TYPE_RACE TYPE_RACE ,22,2025/12/02,22757204,4,,1815308
,201,1,,3,5240055,7,7,Yardi Agresta ,0,1815308,5240055.7,21,669859000007,2034.361,1914.481,1.217,,0.0,0,2873,,TEAM BMTR ,bbbbbb,000000,aaaaaa,0,C,167,za,172,180,0,1,53.5,3,1,10,Vet,0,,20,20,362.13,231.01,0,206,1.12,47,192,3.6,3.4,184,0,3.6,4.0,4.1,5.0,6.3,6.7,6.8,194.0,214.0,219.0,269.0,338.0,357.0,363.0,0,0,,1,,,,0,,-1,Zwift Racing League: City Showdown - Open Topaz League Division 1,TYPE_RACE TYPE_RACE ,30,2025/12/02,3765339356,10,,1815308
,233,0,,3,5240055,11,11,Blopa&reg;,0,1714370,5240055.11,0,669859000011,2095.801,1975.921,62.657,,0.0,1,2873,,TEAM BMTR ,bbbbbb,000000,aaaaaa,0,C,182,uy,165,179,0,1,67.5,3,1,1,Mas,0,,20,0,434.22,529.12,33.16,241,1.38,49,227,3.4,3.2,220,0,3.4,4.0,4.3,4.8,6.1,7.6,9.6,232.0,267.0,291.0,326.0,409.0,516.0,645.0,0,0,,1,,,,0,,-1,Zwift Racing League: City Showdown - Open Topaz League Division 1,TYPE_RACE TYPE_RACE ,30,2025/12/02,3765339356,10,,1714370
,201,1,,3,5233217,48,48,Yardi Agresta ,0,1815308,5233217.48,26,668815800048,3600.021,3600.141,0.021,,0.0,0,2873,,TEAM BMTR ,bbbbbb,000000,aaaaaa,0,C,167,za,144,166,0,1,53.5,3,1,10,Vet,0,,20,20,0,0,0,159,0.98,54,141,2.6,2.7,147,0,2.9,3.2,3.8,4.7,4.9,5.5,5.5,155.0,173.0,205.0,254.0,263.0,292.0,292.0,0,0,,1,,,,0,,-1,BMTR Short Adventure,TYPE_RIDE,0,2025/12/01,1178708985,,3600,1815308
,207,1,,3,5233217,25,25,Toody Merrill &#129528;BMTR RACING)&#129293; (CU),0,1002137,5233217.25,185,668815800025,3600.01,3600.13,0.01,,0.0,0,,,,00dd00,,,0,C,165,us,134,159,0,1,56.7,3,1,10,Jnr,0,,20,20,0,0,0,159,1.04,54,139,2.5,2.5,141,0,2.6,3.1,3.8,5.4,7.8,9.2,9.2,149.0,178.0,216.0,307.0,440.0,521.0,521.0,0,0,,1,,,,0,,-1,BMTR Short Adventure,TYPE_RIDE,0,2025/12/01,1178708985,,3600,1002137
,201,1,,2,5222242,48,37,Yardi Agresta ,0,1815308,5222242.48,0,667194500037,10601.203,10601.203,1488.747,,0.0,0,2873,,TEAM BMTR ,bbbbbb,000000,aaaaaa,0,B,167,za,151,0,0,1,53.5,3,1,10,Vet,0,,20,20,0,0,0,0,1.01,52,153,2.9,3.2,0,1,,,,,,,,,,,,,,,0,0,,1,,,,0,,-1,zFondo Series ,TYPE_RIDE,98,2025/11/29,242381847,1,,1815308
,201,1,,3,5076958,103,16,Yardi Agresta ,0,1815308,5076958.103,32,646773300016,2985.769,2985.889,71.636,,0.0,0,2873,,TEAM BMTR ,bbbbbb,000000,aaaaaa,0,C,167,za,169,179,0,1,53.5,3,1,10,Vet,0,,20,20,207.94,250.48,19.47,190,1.1,48,186,3.5,3.4,184,0,3.6,4.4,4.7,4.8,4.8,4.9,5.0,194.0,236.0,249.0,255.0,257.0,264.0,268.0,0,0,,1,,,,0,,-1,FRR Super 6IX - Round 2 Race 2,TYPE_RACE TYPE_RACE ,25,2025/11/28,2843604888,,,1815308
,207,1,,5,5221365,55,55,Toody Merrill &#129528;BMTR RACING)&#129293; (CU),0,1002137,5221365.55,39,667096600046,3600.003,3600.003,0.003,,0.0,0,,,,00dd00,,,0,E,165,us,132,156,0,1,56.7,3,1,10,Jnr,0,,20,20,0,0,0,138,1.0,56,132,2.3,2.4,137,0,2.6,2.7,3.2,3.4,3.8,3.8,3.8,145.0,155.0,180.0,194.0,215.0,218.0,218.0,0,0,,1,,,,0,,-1,Lucy Charles-Barclay Celebration Ride 🥳,TYPE_RIDE,0,2025/11/28,1880443431,,3600,1002137
,207,1,,4,5199242,197,24,Toody Merrill &#129528;BMTR RACING)&#129293; (CU),0,1002137,5199242.197,186,664328200025,11424.646,11424.766,810.824,,0.0,0,,,,00dd00,,,0,D,165,us,0,0,0,0,56.7,3,1,10,Jnr,0,,20,20,0,0,0,129,0.0,0,114,2.0,2.5,141,0,2.6,2.8,3.1,3.4,3.7,4.2,4.2,149.0,158.0,173.0,194.0,207.0,236.0,236.0,0,0,,1,,,,0,,-1,BMTR Thanksgiving 100 (KM),TYPE_RIDE,100,2025/11/27,1064303857,,,1002137
,201,1,,3,5199242,160,88,Yardi Agresta ,0,1815308,5199242.160,27,664327800088,10065.621,10065.681,722.159,,0.0,0,2873,,TEAM BMTR ,bbbbbb,000000,aaaaaa,0,C,167,za,144,211,0,1,53.5,3,1,10,Vet,0,,20,20,0,0,0,134,0.84,63,121,2.3,2.3,124,0,2.4,3.0,3.3,3.8,5.2,6.9,6.9,131.0,158.0,176.0,201.0,280.0,371.0,371.0,0,0,,1,,,,0,,-1,BMTR Thanksgiving 100 (KM),TYPE_RIDE,100,2025/11/27,1064303857,,,1815308
,201,1,,4,5222809,3,3,Yardi Agresta ,0,1815308,5222809.3,23,667272500003,2007.196,2007.376,0.086,,0.0,0,2873,,TEAM BMTR ,bbbbbb,000000,aaaaaa,0,D,167,za,160,173,0,1,53.5,3,1,10,Vet,0,,20,20,0,0,0,185,1.1,48,176,3.3,3.2,171,0,3.4,3.6,4.1,4.5,5.2,6.0,6.4,181.0,193.0,221.0,240.0,277.0,323.0,344.0,0,0,,1,,,,0,,-1,WTRL CRANKSGIVING Team Time Trial - Zone 11,TYPE_TEAM_TIME_TRIAL TYPE_RACE ,21,2025/11/27,226950646,1,,1815308
,201,1,,5,5207334,69,69,Yardi Agresta ,0,1815308,5207334.69,32,665355500069,3824.254,3824.254,622.149,,0.0,0,2873,,TEAM BMTR ,bbbbbb,000000,aaaaaa,0,E,167,za,71,0,0,1,53.5,3,1,10,Vet,0,,20,20,0,0,0,171,0.0,0,163,3.1,3.2,175,0,3.5,3.9,4.1,4.4,4.7,5.2,5.2,185.0,210.0,222.0,237.0,250.0,277.0,277.0,0,0,,1,,,,0,,-1,Off The MAAP 2025: Stage 1,TYPE_RIDE,36,2025/11/26,3569674525,1,,1815308
,233,0,,5,5207377,109,109,Blopa&reg;,0,1714370,5207377.109,0,665359800109,4396.537,4396.537,1130.607,,0.0,1,2873,,TEAM BMTR ,bbbbbb,000000,aaaaaa,0,E,182,uy,137,160,0,1,67.5,3,1,1,Mas,0,,20,0,0,0,0,184,1.29,52,177,2.6,2.6,180,0,2.8,3.1,3.5,4.4,5.9,7.7,9.0,190.0,209.0,239.0,298.0,397.0,520.0,609.0,0,0,,1,,,,0,,-1,Off The MAAP 2025: Stage 1 with Joshua Fung,TYPE_RIDE,36,2025/11/26,3569674525,1,,1714370
,233,0,,3,5224294,41,12,Blopa&reg;,0,1714370,5224294.41,0,667459600012,2719.315,2719.375,81.841,,0.0,1,2873,,TEAM BMTR ,bbbbbb,000000,aaaaaa,0,C,182,uy,158,169,0,1,66.8,3,1,1,Mas,0,,20,0,0,0,0,218,1.31,50,207,3.1,3.0,202,0,3.2,3.4,3.8,4.6,5.8,7.0,8.8,213.0,226.0,255.0,307.0,390.0,465.0,587.0,0,0,,1,,,,0,,-1,Zwift Racing League: City Showdown - Open Topaz League Division 1,TYPE_TEAM_TIME_TRIAL TYPE_RACE ,31,2025/11/25,2898229208,1,,1714370
,201,1,,3,5224294,30,1,Yardi Agresta ,0,1815308,5224294.30,26,667459600001,2637.474,2637.534,0,,0.0,0,2873,,TEAM BMTR ,bbbbbb,000000,aaaaaa,0,C,167,za,148,169,0,1,53.5,3,1,10,Vet,0,,20,20,0,0,0,186,1.2,44,177,3.3,3.2,171,0,3.4,3.9,4.3,4.7,5.1,5.4,5.5,180.0,210.0,229.0,250.0,272.0,290.0,294.0,0,0,,1,,,,0,,-1,Zwift Racing League: City Showdown - Open Topaz League Division 1,TYPE_TEAM_TIME_TRIAL TYPE_RACE ,31,2025/11/25,2898229208,1,,1815308
,201,1,,3,5224300,58,5,Yardi Agresta ,0,1815308,5224300.58,29,667459500005,2679.265,2679.385,14.634,,0.0,0,2873,,TEAM BMTR ,bbbbbb,000000,aaaaaa,0,C,167,za,159,172,0,1,53.5,3,1,10,Vet,0,,20,20,0,0,0,182,1.08,49,172,3.2,3.0,165,0,3.3,3.6,4.1,4.7,5.3,5.4,5.8,174.0,191.0,218.0,250.0,283.0,291.0,313.0,0,0,,1,,,,0,,-1,Zwift Racing League: City Showdown - Open Saffron League Division 1,TYPE_TEAM_TIME_TRIAL TYPE_RACE ,31,2025/11/25,2898229208,1,,1815308
,201,1,,3,5215599,54,54,Yardi Agresta ,0,1815308,5215599.54,26,666425700054,3600.021,3600.141,0.021,,0.0,0,2873,,TEAM BMTR ,bbbbbb,000000,aaaaaa,0,C,167,za,0,0,0,0,53.5,3,1,10,Vet,0,,20,20,0,0,0,161,0.0,0,150,2.8,2.8,152,0,3.0,3.2,3.6,4.1,4.4,5.0,5.0,160.0,172.0,195.0,220.0,235.0,270.0,270.0,0,0,,1,,,,0,,-1,BMTR Short Adventure,TYPE_RIDE,0,2025/11/24,2898229208,,3600,1815308
,207,1,,3,5215599,15,15,Toody Merrill &#129528;BMTR RACING)&#129293; (CU),0,1002137,5215599.15,0,666425700015,3600.004,3600.124,0.004,,0.0,0,,,,00dd00,,,0,C,165,us,141,182,0,1,56.7,3,1,1,Jnr,0,,20,20,0,0,0,171,1.04,54,146,2.6,3.1,176,0,3.3,4.3,4.8,5.0,6.2,6.4,7.7,186.0,242.0,271.0,285.0,350.0,364.0,435.0,0,0,,1,,,,0,,-1,BMTR Short Adventure,TYPE_RIDE,0,2025/11/24,2898229208,,3600,1002137
,233,0,,3,5213044,68,68,Blopa&reg;,0,1714370,5213044.68,0,666055100068,9622.24,9622.24,1040.097,,0.0,1,2873,,TEAM BMTR ,bbbbbb,000000,aaaaaa,0,C,182,uy,132,151,0,1,66.8,3,1,1,Mas,0,,20,0,0,0,0,168,1.23,54,162,2.4,2.4,166,0,2.6,2.8,3.0,3.2,3.5,3.8,4.1,175.0,187.0,201.0,215.0,235.0,253.0,276.0,0,0,,1,,,,0,,-1,BMTR Longish Adventure,TYPE_RIDE,100,2025/11/23,1776635757,,,1714370
,201,1,,3,5213044,74,74,Yardi Agresta ,0,1815308,5213044.74,50,666055100074,9622.695,9622.695,1040.552,,0.0,0,2873,,TEAM BMTR ,bbbbbb,000000,aaaaaa,0,C,167,za,148,164,0,1,53.5,3,1,10,Vet,0,,20,20,0,0,0,138,0.91,59,134,2.5,2.5,134,0,2.7,2.8,3.3,3.4,3.6,4.3,4.3,142.0,150.0,176.0,181.0,193.0,229.0,229.0,0,0,,1,,,,0,,-1,BMTR Longish Adventure,TYPE_RIDE,100,2025/11/23,1776635757,,,1815308
,207,1,,3,5210803,80,28,Toody Merrill &#129528;BMTR RACING)&#129293; (CU),0,1002137,5210803.80,297,665791600028,17260.895,17260.955,2334.556,,0.0,0,,,,00dd00,,,0,C,165,us,139,167,0,1,56.7,3,1,10,Jnr,0,,20,20,0,0,0,127,0.85,66,118,2.1,2.3,130,0,2.4,2.8,3.3,3.6,4.2,4.6,4.6,137.0,157.0,188.0,204.0,238.0,258.0,258.0,0,0,,1,,,,0,,-1,BMTR Flat 100 (Miles),TYPE_RIDE,161,2025/11/22,3914529041,,,1002137
,201,1,,3,5075598,105,18,Yardi Agresta ,0,1815308,5075598.105,36,646565500018,3896.945,3897.065,83.629,,0.0,0,2873,,TEAM BMTR ,bbbbbb,000000,aaaaaa,0,C,167,za,167,179,0,1,53.5,3,1,10,Vet,0,,20,20,221.85,268.19,17.71,190,1.1,48,184,3.4,3.4,182,0,3.6,4.1,4.5,4.7,4.9,5.1,5.3,192.0,220.0,242.0,252.0,260.0,272.0,281.0,0,0,,1,,,,0,,-1,FRR Super 6IX - Round 2 Race 1,TYPE_RACE TYPE_RACE ,38,2025/11/21,3330165223,,,1815308
,201,1,,3,5208832,64,21,Yardi Agresta ,0,1815308,5208832.64,26,665533600021,5400.012,5400.072,0.012,,0.0,0,2873,,TEAM BMTR ,bbbbbb,000000,aaaaaa,0,C,167,za,148,174,0,1,53.5,3,1,10,Vet,0,,20,20,0,0,0,151,0.93,57,137,2.6,2.8,151,0,3.0,3.5,4.2,5.1,5.4,5.4,5.4,159.0,187.0,224.0,275.0,287.0,291.0,291.0,0,0,,1,,,,0,,-1,BMTR Short Adventure ,TYPE_RIDE,0,2025/11/21,1917017591,,3600,1815308
,207,1,,4,5208831,8,8,Toody Merrill &#129528;BMTR RACING)&#129293; (CU),0,1002137,5208831.8,182,665533400008,4200.007,4200.007,0.007,,0.0,0,,,,00dd00,,,0,D,165,us,119,169,0,1,56.7,3,1,10,Jnr,0,,20,20,0,0,0,133,0.84,67,100,1.8,2.0,118,0,2.2,3.5,4.4,4.7,5.4,5.7,5.7,125.0,198.0,247.0,268.0,305.0,324.0,324.0,0,0,,1,,,,0,,-1,SROZs Pert Neer Saturday!,TYPE_RIDE,0,2025/11/21,1776635757,,4200,1002137
,201,1,,5,5208826,19,19,Yardi Agresta ,0,1815308,5208826.19,25,665532900019,1800.019,1800.019,0.019,,0.0,0,2873,,TEAM BMTR ,bbbbbb,000000,aaaaaa,0,E,167,za,133,150,0,1,53.5,3,1,10,Vet,0,,20,20,0,0,0,124,0.89,60,118,2.2,2.2,117,0,2.3,2.5,2.7,3.1,3.4,3.7,3.7,124.0,132.0,147.0,164.0,183.0,198.0,198.0,0,0,,1,,,,0,,-1,BMTR Banded Warmup,TYPE_RIDE,0,2025/11/21,2330634655,,1800,1815308
,201,1,,3,5206132,73,5,Yardi Agresta ,0,1815308,5206132.73,24,665148400005,2560.834,2560.954,2.471,,0.0,0,2873,,TEAM BMTR ,bbbbbb,000000,aaaaaa,0,C,167,za,71,0,0,1,53.5,3,1,10,Vet,0,,20,20,0,0,0,181,0.0,0,168,3.1,3.1,169,0,3.3,3.6,4.2,4.4,5.9,6.8,7.2,178.0,195.0,226.0,233.0,316.0,364.0,385.0,0,0,,1,,,,0,,-1,WTRL Team Time Trial - Zone 12,TYPE_TEAM_TIME_TRIAL TYPE_RACE ,28,2025/11/20,1178708985,1,,1815308
,207,1,,3,5206132,69,1,Toody Merrill &#129528;BMTR RACING)&#129293; (CU),0,1002137,5206132.69,23,665148400001,2558.363,2558.483,0.0,,0.0,0,,,,00dd00,,,0,C,165,us,136,187,0,1,56.7,3,1,10,Jnr,0,,20,20,0,0,0,187,1.3,43,177,3.1,3.0,173,0,3.2,3.7,4.4,5.9,8.2,10.3,10.9,183.0,210.0,248.0,332.0,467.0,586.0,617.0,0,0,,1,,,,0,,-1,WTRL Team Time Trial - Zone 12,TYPE_TEAM_TIME_TRIAL TYPE_RACE ,28,2025/11/20,1178708985,1,,1002137
,201,1,,4,5206106,6,6,Yardi Agresta ,0,1815308,5206106.6,22,665143900006,2532.387,2532.567,11.931,,0.0,0,2873,,TEAM BMTR ,bbbbbb,000000,aaaaaa,0,D,167,za,71,0,0,1,53.5,3,1,10,Vet,0,,20,20,0,0,0,179,0.0,0,166,3.1,3.1,166,0,3.3,3.7,4.2,4.7,5.1,5.6,5.9,175.0,197.0,226.0,252.0,274.0,300.0,318.0,0,0,,1,,,,0,,-1,WTRL Team Time Trial - Zone 11,TYPE_TEAM_TIME_TRIAL TYPE_RACE ,28,2025/11/20,1178708985,1,,1815308
,233,0,,3,5204189,39,16,Blopa&reg;,0,1714370,5204189.39,0,664908200016,3600.006,3600.066,0.006,,0.0,1,2873,,TEAM BMTR ,bbbbbb,000000,aaaaaa,0,C,182,uy,65,137,0,1,66.8,3,1,1,Mas,0,,20,0,0,0,0,155,0.0,0,145,2.2,2.2,150,0,2.4,2.8,3.1,3.2,3.3,3.6,5.1,158.0,185.0,208.0,217.0,221.0,239.0,343.0,0,0,,1,,,,0,,-1,BMTR Short Adventure,TYPE_RIDE,0,2025/11/19,1178708985,,3600,1714370
,201,1,,3,5204189,69,46,Yardi Agresta ,0,1815308,5204189.69,42,664908200046,3600.016,3600.076,0.016,,0.0,0,2873,,TEAM BMTR ,bbbbbb,000000,aaaaaa,0,C,167,za,107,162,0,1,53.5,3,1,10,Vet,0,,20,20,0,0,0,145,1.2,44,128,2.4,2.4,132,0,2.6,2.8,3.6,4.6,5.3,5.8,5.8,139.0,149.0,193.0,246.0,281.0,308.0,308.0,0,0,,1,,,,0,,-1,BMTR Short Adventure,TYPE_RIDE,0,2025/11/19,1178708985,,3600,1815308
,207,1,,5,5204180,2,2,Toody Merrill &#129528;BMTR RACING)&#129293; (CU),0,1002137,5204180.2,24,664906600002,1800.001,1800.001,0.001,,0.0,0,,,,00dd00,,,0,E,165,us,94,131,0,1,56.7,1,1,10,Jnr,0,,20,20,0,0,0,106,1.09,0,102,1.8,1.7,98,0,1.8,2.1,2.4,2.6,2.8,2.8,2.8,104.0,119.0,136.0,150.0,157.0,161.0,161.0,0,0,,1,,,,0,,-1,BMTR Banded Warmup,TYPE_RIDE,0,2025/11/19,1942591558,,1800,1002137
,233,0,,4,5192649,103,25,Blopa&reg;,0,1714370,5192649.103,0,663483500025,1787.134,1787.314,105.911,,0.0,1,2873,,TEAM BMTR ,bbbbbb,000000,aaaaaa,0,D,182,uy,138,173,0,1,66.8,3,1,1,Mas,0,,20,0,570.95,534.93,5.81,198,1.32,50,182,2.7,2.5,171,0,2.7,3.4,4.1,5.0,6.6,9.0,9.9,181.0,230.0,272.0,334.0,444.0,599.0,660.0,0,0,,1,,,,0,,-1,Brompton World Champs || Range 2,TYPE_RACE TYPE_RACE ,17,2025/11/19,928793662,1,,1714370
,201,1,,5,5208217,16,16,Yardi Agresta ,0,1815308,5208217.16,61,665444600016,2513.228,2513.228,259.767,,0.0,0,2873,,TEAM BMTR ,bbbbbb,000000,aaaaaa,0,E,167,za,0,0,0,0,53.5,3,1,10,Vet,0,,20,20,0,0,0,170,0.0,0,164,3.1,2.9,157,0,3.1,3.7,3.9,4.3,4.6,4.6,4.6,166.0,197.0,207.0,230.0,245.0,245.0,245.0,0,0,,1,,,,0,,-1,Off The MAAP Training Rides,TYPE_RIDE,26,2025/11/18,1538375239,1,,1815308
,233,0,,3,5208318,7,7,Blopa&reg;,0,1714370,5208318.7,0,665461100007,3196.286,3076.406,42.291,,0.0,1,2873,,TEAM BMTR ,bbbbbb,000000,aaaaaa,0,C,182,uy,165,176,0,1,66.8,3,1,1,Mas,0,,20,0,389.46,577.04,42.11,232,1.36,48,225,3.4,3.2,215,0,3.4,3.8,4.1,4.4,5.3,6.4,7.1,227.0,251.0,277.0,295.0,356.0,425.0,472.0,0,0,,1,,,,0,,-1,Zwift Racing League: City Showdown - Open Topaz League Division 1,TYPE_RACE TYPE_RACE ,30,2025/11/18,1788889233,2,,1714370
,201,1,,3,5208313,1,1,Yardi Agresta ,0,1815308,5208313.1,23,665460700001,3191.226,3011.406,0,,0.0,0,2873,,TEAM BMTR ,bbbbbb,000000,aaaaaa,0,C,167,za,164,184,0,1,53.5,3,1,10,Vet,0,,20,20,305.27,271.82,3.63,200,1.18,45,194,3.6,3.5,190,0,3.8,4.2,4.5,4.9,5.2,5.5,6.1,201.0,226.0,242.0,263.0,276.0,292.0,324.0,0,0,,1,,,,0,,-1,Zwift Racing League: City Showdown - Open Saffron League Division 1,TYPE_RACE TYPE_RACE ,30,2025/11/18,1788889233,2,,1815308
,201,1,,3,5199800,59,59,Yardi Agresta ,0,1815308,5199800.59,34,664391900059,3600.025,3600.145,0.025,,0.0,0,2873,,TEAM BMTR ,bbbbbb,000000,aaaaaa,0,C,167,za,144,164,0,1,53.5,3,1,10,Vet,0,,20,20,0,0,0,142,0.92,58,132,2.5,2.5,138,0,2.7,3.0,3.4,3.7,4.7,5.0,5.0,146.0,159.0,180.0,196.0,253.0,270.0,270.0,0,0,,1,,,,0,,-1,BMTR Short Adventure,TYPE_RIDE,0,2025/11/17,3314406972,,3600,1815308
,201,1,,5,5183233,14,14,Yardi Agresta ,0,1815308,5183233.14,26,662160300014,3231.657,3231.657,288.604,,0.0,0,2873,,TEAM BMTR ,bbbbbb,000000,aaaaaa,0,E,167,za,153,171,0,1,53.5,3,1,10,Vet,0,,20,20,0,0,0,167,1.03,52,157,2.9,2.9,155,0,3.1,3.7,3.9,4.1,4.2,4.8,4.8,164.0,199.0,211.0,219.0,225.0,259.0,259.0,0,0,,1,,,,0,,-1,Zwift Racing League Recon Ride (DIRTy Rascals),TYPE_RIDE,30,2025/11/17,1788889233,2,,1815308
,201,1,,3,5197559,65,65,Yardi Agresta ,0,1815308,5197559.65,34,664112100065,9569.025,9569.025,788.259,,0.0,0,2873,,TEAM BMTR ,bbbbbb,000000,aaaaaa,0,C,167,za,149,171,0,1,53.5,3,1,10,Vet,0,,20,20,0,0,0,150,0.93,57,139,2.6,2.7,147,0,2.9,3.5,4.1,4.5,5.1,5.3,5.3,155.0,186.0,217.0,239.0,273.0,285.0,285.0,0,0,,1,,,,0,,-1,BMTR Longish Adventure,TYPE_RIDE,100,2025/11/16,136140280,,,1815308
,201,1,,2,5145289,37,18,Yardi Agresta ,0,1815308,5145289.37,40,657146300022,1730.793,1730.853,212.285,,0.0,0,2873,,TEAM BMTR ,bbbbbb,000000,aaaaaa,0,B,167,za,165,179,0,1,53.5,3,1,10,Vet,0,,20,20,0,0,0,155,0.89,60,147,2.8,2.7,149,0,2.9,3.3,3.7,3.9,4.2,4.3,4.3,157.0,179.0,199.0,208.0,223.0,231.0,231.0,0,0,,1,,,,0,,-1,Stage 5 - Zwift Unlocked ,TYPE_RIDE,31,2025/11/14,3079921742,1,,1815308
,207,1,,4,5193759,1,1,Toody Merrill &#129528;BMTR RACING)&#129293; (CU),0,1002137,5193759.1,26,663615800001,4200.0,4200.0,0.0,,0.0,0,,,,00dd00,,,0,D,165,us,112,166,0,1,56.7,3,1,10,Jnr,0,,20,20,0,0,0,123,0.89,63,100,1.8,1.9,110,0,2.0,2.6,3.3,4.6,5.2,5.4,5.4,116.0,148.0,185.0,258.0,294.0,307.0,307.0,0,0,,1,,,,0,,-1,SROZs Pert Neer Saturday!,TYPE_RIDE,0,2025/11/14,1776635757,,4200,1002137
,207,1,,3,5192017,41,1,Toody Merrill &#129528;BMTR RACING)&#129293; (CU),0,1002137,5192017.41,23,663332900001,2651.718,2651.838,0.0,,0.0,0,,,,00dd00,,,0,C,165,us,123,187,0,1,56.7,3,1,10,Jnr,0,,20,20,0,0,0,192,1.53,37,188,3.3,3.1,180,0,3.4,3.7,4.1,5.1,6.7,7.2,8.0,190.0,208.0,231.0,291.0,378.0,411.0,452.0,0,0,,1,,,,0,,-1,WTRL Team Time Trial - Zone 12,TYPE_TEAM_TIME_TRIAL TYPE_RACE ,29,2025/11/13,3312037616,4,,1002137
,207,1,,4,5190137,89,19,Toody Merrill &#129528;BMTR RACING)&#129293; (CU),0,1002137,5190137.89,188,663097300019,3600.01,3600.13,0.01,,0.0,0,,,,00dd00,,,0,D,165,us,100,144,0,1,56.7,3,1,10,Jnr,0,,20,20,0,0,0,114,1.03,55,103,1.8,1.8,107,0,2.0,2.3,3.0,4.0,4.5,5.0,5.0,113.0,129.0,171.0,226.0,254.0,281.0,281.0,0,0,,1,,,,0,,-1,BMTR Short Adventure,TYPE_RIDE,0,2025/11/12,1656629976,,3600,1002137
,201,1,,4,5132008,65,12,Yardi Agresta ,0,1815308,5132008.65,29,654983300012,2880.256,2880.616,82.531,,0.0,0,2873,,TEAM BMTR ,bbbbbb,000000,aaaaaa,0,D,167,za,170,182,0,1,53.5,3,1,10,Vet,0,,20,20,284.19,290.67,18.85,181,1.04,51,176,3.3,3.2,171,0,3.4,3.9,4.1,4.7,5.5,6.3,7.0,180.0,207.0,219.0,252.0,297.0,339.0,373.0,0,0,,1,,,,0,,-1,FRR Tour Britannia - Stage 4,TYPE_RACE TYPE_RACE ,30,2025/11/12,3765339356,10,,1815308
,201,1,,5,5190129,13,13,Yardi Agresta ,0,1815308,5190129.13,27,663095700012,1800.006,1800.006,0.006,,0.0,0,2873,,TEAM BMTR ,bbbbbb,000000,aaaaaa,0,E,167,za,151,157,0,1,53.5,3,1,10,Vet,0,,20,20,0,0,0,132,0.86,62,130,2.4,2.3,0,1,,2.6,2.7,2.8,3.2,3.4,3.4,,138.0,143.0,152.0,169.0,184.0,184.0,0,0,,1,,,,0,,-1,BMTR Banded Warmup,TYPE_RIDE,0,2025/11/12,2892858917,,1800,1815308
,201,1,,2,5145568,76,6,Yardi Agresta ,0,1815308,5145568.76,77,657202100007,1493.629,1493.689,129.295,,0.0,0,2873,,TEAM BMTR ,bbbbbb,000000,aaaaaa,0,B,167,za,172,181,0,1,53.5,3,1,10,Vet,0,,20,20,0,0,0,186,1.05,51,180,3.4,3.1,168,0,3.3,3.7,4.1,4.2,4.7,5.3,5.3,177.0,199.0,220.0,225.0,254.0,286.0,286.0,0,0,,1,,,,0,,-1,Stage 3 - Zwift Unlocked ,TYPE_RIDE,32,2025/11/11,2836167073,1,,1815308
,233,0,,3,5194051,15,15,Blopa&reg;,0,1714370,5194051.15,0,663667900015,3780.538,3660.658,192.54,,0.0,1,2873,,TEAM BMTR ,bbbbbb,000000,aaaaaa,0,C,182,uy,158,173,0,1,66.8,3,1,1,Mas,0,,20,0,485.21,553.32,22.96,226,1.38,48,218,3.3,3.2,219,0,3.5,3.9,4.0,5.1,6.0,7.6,9.7,231.0,259.0,268.0,342.0,402.0,511.0,646.0,0,0,,1,,,,0,,-1,Zwift Racing League: City Showdown - Open Topaz League Division 1,TYPE_RACE TYPE_RACE ,34,2025/11/11,1327665278,1,,1714370
,207,1,,4,5186112,98,30,Toody Merrill &#129528;BMTR RACING)&#129293; (CU),0,1002137,5186112.98,186,662616500032,3600.016,3600.196,0.016,,0.0,0,,,,00dd00,,,0,D,165,us,112,142,0,1,56.7,3,1,10,Jnr,0,,20,20,0,0,0,107,0.87,65,97,1.7,1.8,104,0,1.9,2.3,2.7,2.8,3.5,3.7,3.7,110.0,130.0,152.0,160.0,200.0,211.0,211.0,0,0,,1,,,,0,,-1,BMTR Short Adventure,TYPE_RIDE,0,2025/11/10,319138658,,3600,1002137
,207,1,,4,5179395,43,43,Toody Merrill &#129528;BMTR RACING)&#129293; (CU),0,1002137,5179395.43,40,661668000043,4106.849,4106.849,321.64,,0.0,0,,,,00dd00,,,0,D,165,us,130,153,0,1,56.7,3,1,10,Jnr,0,,20,20,0,0,0,117,0.83,68,108,1.9,1.9,108,0,2.0,2.2,2.6,3.5,4.4,5.0,5.0,114.0,122.0,145.0,200.0,249.0,283.0,283.0,0,0,,1,,,,0,,-1,Ascenders Rise & Shine Event - Team Pursuit,TYPE_RIDE,35,2025/11/07,730052368,1,,1002137
,207,1,,4,5179374,3,3,Toody Merrill &#129528;BMTR RACING)&#129293; (CU),0,1002137,5179374.3,41,661664600003,4200.001,4200.001,0.001,,0.0,0,,,,00dd00,,,0,D,165,us,121,143,0,1,56.7,3,1,10,Jnr,0,,20,20,0,0,0,124,0.88,64,106,1.9,1.9,113,0,2.1,2.4,2.7,3.8,5.1,5.7,5.7,119.0,134.0,153.0,215.0,291.0,323.0,323.0,0,0,,1,,,,0,,-1,SROZs Pert Neer Saturday!,TYPE_RIDE,0,2025/11/07,1776635757,,4200,1002137
,207,1,,4,5177292,18,18,Toody Merrill &#129528;BMTR RACING)&#129293; (CU),0,1002137,5177292.18,28,661195500018,4200.012,4200.012,0.012,,0.0,0,,,,00dd00,,,0,D,165,us,0,0,0,0,56.7,3,1,10,Jnr,0,,20,20,0,0,0,141,0.0,0,117,2.1,2.3,134,0,2.5,2.9,3.7,4.6,5.5,5.9,5.9,142.0,164.0,212.0,259.0,311.0,335.0,335.0,0,0,,1,,,,0,,-1,"SROZs Contenders, Pretenders, & Rear-Enders ",TYPE_RIDE,0,2025/11/06,22757204,,4200,1002137
,201,1,,3,5182837,30,6,Yardi Agresta ,0,1815308,5182837.30,27,662076200006,2772.987,2773.047,6.888,,0.0,0,2873,,TEAM BMTR ,bbbbbb,000000,aaaaaa,0,C,167,za,162,175,0,1,53.5,3,1,10,Vet,0,,20,20,0,0,0,184,1.09,49,176,3.3,3.1,170,0,3.3,3.6,3.8,4.4,5.0,5.5,5.5,179.0,193.0,205.0,234.0,265.0,292.0,293.0,0,0,,1,,,,0,,-1,Zwift Racing League: City Showdown - Open Topaz League Division 1,TYPE_TEAM_TIME_TRIAL TYPE_RACE ,31,2025/11/04,1880443431,1,,1815308
,201,1,,3,5182846,58,6,Yardi Agresta ,0,1815308,5182846.58,94,662075800006,2771.781,2771.901,105.464,,0.0,0,2873,,TEAM BMTR ,bbbbbb,000000,aaaaaa,0,C,167,za,163,172,0,1,53.5,3,1,10,Vet,0,,20,20,0,0,0,184,1.09,49,177,3.3,3.2,171,0,3.4,3.6,3.9,4.3,4.8,5.0,5.5,180.0,192.0,210.0,230.0,256.0,268.0,292.0,0,0,,1,,,,0,,-1,Zwift Racing League: City Showdown - Open Saffron League Division 1,TYPE_TEAM_TIME_TRIAL TYPE_RACE ,31,2025/11/04,1880443431,1,,1815308
,207,1,,4,5171746,80,9,Toody Merrill &#129528;BMTR RACING)&#129293; (CU),0,1002137,5171746.80,232,660522800009,3600.014,3600.074,0.011,,0.0,0,,,,00dd00,,,0,D,165,us,98,137,0,1,56.7,3,1,10,Jnr,0,,20,20,0,0,0,159,0.97,0,95,1.7,2.1,122,0,2.3,3.2,4.1,5.9,7.6,8.9,8.9,129.0,184.0,234.0,332.0,431.0,504.0,504.0,0,0,,1,,,,0,,-1,Ascenders Recovery & Slo Roll Monday,TYPE_RIDE,0,2025/11/03,2898229208,,3600,1002137
,201,1,,3,5171730,29,29,Yardi Agresta ,0,1815308,5171730.29,184,660520200029,3600.012,3600.132,0.011,,0.0,0,2873,,TEAM BMTR ,bbbbbb,000000,aaaaaa,0,C,167,za,0,0,0,0,53.5,3,1,10,Vet,0,,20,20,0,0,0,149,0.0,0,140,2.6,2.7,144,0,2.8,3.3,3.6,3.8,5.0,5.4,5.4,152.0,179.0,190.0,205.0,268.0,288.0,288.0,0,0,,1,,,,0,,-1,BMTR Short Adventure,TYPE_RIDE,0,2025/11/03,1880443431,,3600,1815308
,207,1,,4,5171730,92,10,Toody Merrill &#129528;BMTR RACING)&#129293; (CU),0,1002137,5171730.92,191,660520300010,3600.004,3600.184,0.004,,0.0,0,,,,00dd00,,,0,D,165,us,107,137,0,1,56.7,3,1,10,Jnr,0,,20,20,0,0,0,109,0.83,68,89,1.6,1.5,90,0,1.7,2.2,2.9,4.1,5.6,6.1,6.1,95.0,125.0,165.0,234.0,320.0,347.0,347.0,0,0,,1,,,,0,,-1,BMTR Short Adventure,TYPE_RIDE,0,2025/11/03,1880443431,,3600,1002137
,207,1,,4,5168134,21,21,Toody Merrill &#129528;BMTR RACING)&#129293; (CU),0,1002137,5168134.21,197,660087300021,4200.011,4200.011,0.011,,0.0,0,,,,00dd00,,,0,D,165,us,112,130,0,1,56.7,3,1,10,Jnr,0,,20,20,0,0,0,101,0.82,69,92,1.6,1.8,102,0,1.9,2.1,2.5,2.5,2.8,3.0,3.0,108.0,120.0,139.0,143.0,160.0,168.0,168.0,0,0,,1,,,,0,,-1,SROZs Ride n Shine ,TYPE_RIDE,0,2025/11/01,979250573,,4200,1002137
,201,1,,3,5073936,167,51,Yardi Agresta ,0,1815308,5073936.167,76,646315500051,2478.865,2478.985,46.274,,0.0,0,2873,,TEAM BMTR ,bbbbbb,000000,aaaaaa,0,C,167,za,166,182,0,1,53.5,3,1,10,Vet,0,,20,20,310.41,291.06,13.60,196,1.09,49,181,3.4,3.3,177,0,3.5,4.0,4.9,6.1,6.4,6.5,6.5,187.0,213.0,263.0,324.0,344.0,348.0,349.0,0,0,,1,,,,0,,-1,FRR Super 6IX - Round1 Race 4,TYPE_RACE TYPE_RACE ,27,2025/10/31,2592027600,3,,1815308
,207,1,,4,5166703,2,2,Toody Merrill &#129528;BMTR RACING)&#129293; (CU),0,1002137,5166703.2,184,659898900002,3600.0,3600.0,0.0,,0.0,0,,,,00dd00,,,0,D,165,us,135,151,0,1,56.7,3,1,10,Jnr,0,,20,20,0,0,0,111,0.77,73,104,1.8,1.9,110,0,2.0,2.2,2.2,2.6,2.8,3.0,3.0,116.0,122.0,124.0,145.0,159.0,171.0,171.0,0,0,,1,,,,0,,-1,Ascenders Rise & Shine Event - Team Pursuit,TYPE_RIDE,0,2025/10/31,3314406972,,3600,1002137
,207,1,,4,5166679,4,4,Toody Merrill &#129528;BMTR RACING)&#129293; (CU),0,1002137,5166679.4,42,659895200004,4200.011,4200.011,0.008,,0.0,0,,,,00dd00,,,0,D,165,us,118,175,0,1,56.7,3,1,10,Jnr,0,,20,20,0,0,0,137,0.85,66,100,1.8,2.3,131,0,2.4,3.2,4.3,4.8,5.4,6.1,6.1,138.0,179.0,242.0,272.0,309.0,347.0,347.0,0,0,,1,,,,0,,-1,SROZs Pert Neer Saturday!,TYPE_RIDE,0,2025/10/31,928793662,,4200,1002137
,207,1,,4,5165221,7,7,Toody Merrill &#129528;BMTR RACING)&#129293; (CU),0,1002137,5165221.7,182,659708500007,4200.004,4200.004,0.004,,0.0,0,,,,00dd00,,,0,D,165,us,108,145,0,1,56.7,3,1,10,Jnr,0,,20,20,0,0,0,104,0.89,63,96,1.7,1.7,101,0,1.9,2.1,2.3,2.4,2.8,3.2,3.2,107.0,117.0,132.0,137.0,160.0,183.0,183.0,0,0,,1,,,,0,,-1,"SROZs Contenders, Pretenders, & Rear-Enders ",TYPE_RIDE,0,2025/10/30,2898229208,,4200,1002137
,201,1,,1,5165200,49,14,Yardi Agresta ,0,1815308,5165200.49,31,659703400014,2470.927,2470.927,47.106,,0.0,0,2873,,TEAM BMTR ,bbbbbb,000000,aaaaaa,0,A,167,za,167,176,0,1,53.5,3,1,10,Vet,0,,20,20,0,0,0,179,1.05,51,175,3.3,3.1,170,0,3.3,3.5,4.0,4.4,4.4,4.6,5.0,179.0,187.0,216.0,233.0,237.0,247.0,268.0,0,0,,1,,,,0,,-1,WTRL Team Time Trial - Zone 11,TYPE_TEAM_TIME_TRIAL TYPE_RACE ,28,2025/10/30,1064303857,1,,1815308
,207,1,,4,5163665,21,21,Toody Merrill &#129528;BMTR RACING)&#129293; (CU),0,1002137,5163665.21,184,659516200021,4361.614,4361.614,576.739,,0.0,0,,,,00dd00,,,0,D,165,us,0,0,0,0,56.7,3,1,10,Jnr,0,,20,20,0,0,0,127,0.0,0,104,1.8,2.2,128,0,2.4,2.8,3.9,5.0,6.0,6.4,6.4,135.0,160.0,223.0,284.0,341.0,364.0,364.0,0,0,,1,,,,0,,-1,Ascenders Midweek Ride,TYPE_RIDE,37,2025/10/29,3051823795,1,,1002137
,207,1,,4,5163640,91,3,Toody Merrill &#129528;BMTR RACING)&#129293; (CU),0,1002137,5163640.91,48,659512700003,3600.001,3600.121,0.85,,0.0,0,,,,00dd00,,,0,D,165,us,0,0,0,0,56.7,3,1,10,Jnr,0,,20,20,0,0,0,112,0.0,0,105,1.9,2.0,115,0,2.2,2.4,2.7,2.7,3.4,3.7,3.7,122.0,138.0,152.0,154.0,190.0,209.0,209.0,0,0,,1,,,,0,,-1,BMTR Short Adventure,TYPE_RIDE,0,2025/10/29,2898229208,,3600,1002137
,233,0,,3,5163640,29,3,Blopa&reg;,0,1714370,5163640.29,0,659512600002,3600.0,3600.06,0,,0.0,1,2873,,TEAM BMTR ,bbbbbb,000000,aaaaaa,0,C,182,uy,118,143,0,1,66.8,3,1,1,Mas,0,,20,0,0,0,0,150,1.19,56,140,2.1,2.1,140,0,2.2,2.5,2.9,3.6,3.8,4.1,5.3,148.0,168.0,194.0,241.0,251.0,272.0,351.0,0,0,,1,,,,0,,-1,BMTR Short Adventure,TYPE_RIDE,0,2025/10/29,2898229208,,3600,1714370
,201,1,,3,5163640,56,30,Yardi Agresta ,0,1815308,5163640.56,30,659512600030,3600.014,3600.074,0.014,,0.0,0,2873,,TEAM BMTR ,bbbbbb,000000,aaaaaa,0,C,167,za,130,146,0,1,53.5,3,1,10,Vet,0,,20,20,0,0,0,129,0.95,56,124,2.3,2.3,123,0,2.4,2.6,2.8,3.2,3.7,4.3,4.3,130.0,137.0,150.0,169.0,198.0,229.0,229.0,0,0,,1,,,,0,,-1,BMTR Short Adventure,TYPE_RIDE,0,2025/10/29,2898229208,,3600,1815308
,201,1,,2,5144914,553,65,Yardi Agresta ,0,1815308,5144914.553,34,657072600071,1848.014,1848.074,209.784,,0.0,0,2873,,TEAM BMTR ,bbbbbb,000000,aaaaaa,0,B,167,za,159,172,0,1,53.5,3,1,10,Vet,0,,20,20,0,0,0,176,1.08,49,171,3.2,3.1,166,0,3.3,3.6,3.9,4.1,4.2,4.4,4.4,175.0,195.0,210.0,218.0,226.0,234.0,234.0,0,0,,1,,,,0,,-1,Stage 4 - Zwift Unlocked ,TYPE_RIDE,37,2025/10/28,3051823795,1,,1815308
,233,0,,1,5144931,204,204,Blopa&reg;,0,1714370,5144931.204,0,657075900228,3806.425,3806.425,914.488,,0.0,1,2873,,TEAM BMTR ,bbbbbb,000000,aaaaaa,0,A,182,uy,139,155,0,1,66.8,3,1,1,Mas,0,,20,0,0,0,0,192,1.32,50,183,2.7,2.8,190,0,3.0,3.4,3.4,3.9,5.1,7.1,9.0,200.0,225.0,228.0,260.0,342.0,477.0,600.0,0,0,,1,,,,0,,-1,Stage 4 - Zwift Unlocked ,TYPE_RIDE,37,2025/10/28,3051823795,1,,1714370
,233,0,,3,5160139,30,30,Blopa&reg;,0,1714370,5160139.30,0,659074900030,3600.015,3600.135,0.014,,0.0,1,2873,,TEAM BMTR ,bbbbbb,000000,aaaaaa,0,C,182,uy,136,166,0,1,66.8,3,1,1,Mas,0,,20,0,0,0,0,178,1.21,55,165,2.5,2.5,172,0,2.7,3.4,3.9,4.1,4.5,4.7,5.0,182.0,225.0,260.0,277.0,299.0,315.0,334.0,0,0,,1,,,,0,,-1,BMTR Short Adventure,TYPE_RIDE,0,2025/10/27,3636436865,,3600,1714370
,207,1,,4,5160139,67,13,Toody Merrill &#129528;BMTR RACING)&#129293; (CU),0,1002137,5160139.67,189,659075000013,3600.004,3600.184,0.002,,0.0,0,,,,00dd00,,,0,D,165,us,114,150,0,1,56.7,3,1,10,Jnr,0,,20,20,0,0,0,131,0.92,61,105,1.9,2.0,117,0,2.2,2.8,3.3,4.6,6.9,8.7,8.7,124.0,156.0,188.0,263.0,392.0,495.0,495.0,0,0,,1,,,,0,,-1,BMTR Short Adventure,TYPE_RIDE,0,2025/10/27,3636436865,,3600,1002137
,201,1,,3,5160139,40,40,Yardi Agresta ,0,1815308,5160139.40,40,659074900040,3600.027,3600.147,0.026,,0.0,0,2873,,TEAM BMTR ,bbbbbb,000000,aaaaaa,0,C,167,za,132,150,0,1,53.5,3,1,10,Vet,0,,20,20,0,0,0,145,1.07,50,141,2.6,2.6,141,0,2.8,3.0,3.3,3.3,3.7,3.9,3.9,149.0,158.0,174.0,179.0,200.0,207.0,207.0,0,0,,1,,,,0,,-1,BMTR Short Adventure,TYPE_RIDE,0,2025/10/27,3636436865,,3600,1815308
,201,1,,2,5130769,195,22,Yardi Agresta ,0,1815308,5130769.195,26,654809400023,1535.681,1535.741,242.085,,0.0,0,2873,,TEAM BMTR ,bbbbbb,000000,aaaaaa,0,B,167,za,135,153,0,1,53.5,3,1,10,Vet,0,,20,20,0,0,0,157,1.1,48,149,2.8,2.6,143,0,2.8,3.2,3.6,3.7,4.2,5.2,5.2,151.0,170.0,193.0,198.0,224.0,277.0,277.0,0,0,,1,,,,0,,-1,Stage 3 - Zwift Unlocked ,TYPE_RIDE,32,2025/10/26,2836167073,1,,1815308
,201,1,,3,5158526,45,45,Yardi Agresta ,0,1815308,5158526.45,29,658885800045,5400.027,5400.027,0.027,,0.0,0,2873,,TEAM BMTR ,bbbbbb,000000,aaaaaa,0,C,167,za,131,159,0,1,53.5,3,1,10,Vet,0,,20,20,0,0,0,140,0.98,54,128,2.4,2.5,134,0,2.7,3.4,3.6,4.2,5.0,5.5,5.5,142.0,181.0,191.0,226.0,268.0,296.0,296.0,0,0,,1,,,,0,,-1,BMTR Short Adventure,TYPE_RIDE,0,2025/10/26,2836167073,,5400,1815308
,201,1,,1,5157080,42,42,Yardi Agresta ,0,1815308,5157080.42,184,658703900042,16276.472,16276.472,2870.8,,0.0,0,2873,,TEAM BMTR ,bbbbbb,000000,aaaaaa,0,A,167,za,131,150,0,1,53.5,3,1,10,Vet,0,,20,20,0,0,0,123,0.89,60,116,2.2,2.4,131,0,2.6,2.8,2.9,3.1,3.7,4.4,4.4,138.0,150.0,156.0,164.0,197.0,236.0,236.0,0,0,,1,,,,0,,-1,The BMTR Cares Fundo - Pedaling for a Purpose!,TYPE_RIDE,161,2025/10/25,3453194200,,,1815308
,201,1,,5,5146487,1,1,Yardi Agresta ,0,1815308,5146487.1,141,657298200001,6600.001,6600.001,0,,0.0,0,2873,,TEAM BMTR ,bbbbbb,000000,aaaaaa,0,E,167,za,135,148,0,1,53.5,3,1,10,Vet,0,,20,20,0,0,0,128,0.93,57,126,2.4,2.3,127,0,2.5,2.6,2.7,3.0,3.5,4.1,4.1,134.0,141.0,147.0,159.0,187.0,217.0,217.0,0,0,,1,,,,0,,-1,BMTR Cares Rides 500 KM - Pedaling for a Purpose!,TYPE_RIDE,0,2025/10/25,3453194200,,6600,1815308
,201,1,,5,5146486,12,12,Yardi Agresta ,0,1815308,5146486.12,161,657298100012,6600.013,6600.013,0.013,,0.0,0,2873,,TEAM BMTR ,bbbbbb,000000,aaaaaa,0,E,167,za,127,144,0,1,53.5,3,1,10,Vet,0,,20,20,0,0,0,130,0.97,55,123,2.3,2.3,124,0,2.4,2.6,2.8,3.4,4.0,4.9,4.9,131.0,138.0,152.0,180.0,213.0,260.0,260.0,0,0,,1,,,,0,,-1,BMTR Cares Rides 500 KM - Pedaling for a Purpose!,TYPE_RIDE,0,2025/10/25,3453194200,,6600,1815308
,201,1,,5,5146484,10,10,Yardi Agresta ,0,1815308,5146484.10,149,657297900010,6600.026,6600.026,0.024,,0.0,0,2873,,TEAM BMTR ,bbbbbb,000000,aaaaaa,0,E,167,za,126,151,0,1,53.5,3,1,10,Vet,0,,20,20,0,0,0,129,0.97,55,122,2.3,2.4,128,0,2.5,2.8,3.0,3.6,4.5,5.3,5.3,135.0,150.0,159.0,191.0,242.0,281.0,281.0,0,0,,1,,,,0,,-1,BMTR Cares Rides 500 KM - Pedaling for a Purpose!,TYPE_RIDE,0,2025/10/25,3453194200,,6600,1815308
,201,1,,2,5129404,44,23,Yardi Agresta ,0,1815308,5129404.44,29,654622900025,1398.539,1398.599,92.904,,0.0,0,2873,,TEAM BMTR ,bbbbbb,000000,aaaaaa,0,B,167,za,171,179,0,1,53.5,3,1,10,Vet,0,,20,20,537.53,291.06,0,202,1.14,46,195,3.6,3.4,184,0,3.6,4.0,4.3,4.7,5.0,5.5,5.6,194.0,214.0,229.0,249.0,267.0,292.0,300.0,0,0,,1,,,,0,,-1,Stage 3 - Zwift Unlocked - Race,TYPE_RACE TYPE_RACE ,15,2025/10/24,4227232797,1,,1815308
,207,1,,4,5156011,11,11,Toody Merrill &#129528;BMTR RACING)&#129293; (CU),0,1002137,5156011.11,26,658555900011,4200.01,4200.01,0.009,,0.0,0,,,,00dd00,,,0,D,165,us,113,139,0,1,56.7,3,1,10,Jnr,0,,20,20,0,0,0,105,0.83,68,94,1.7,1.7,96,0,1.8,2.0,2.7,3.3,3.6,4.1,4.1,102.0,116.0,153.0,186.0,203.0,232.0,232.0,0,0,,1,,,,0,,-1,SROZs Pert Neer Saturday!,TYPE_RIDE,0,2025/10/24,3366225080,,4200,1002137
,201,1,,3,5154859,36,4,Yardi Agresta ,0,1815308,5154859.36,29,658398700004,2293.095,2293.215,1.589,,0.0,0,2873,,TEAM BMTR ,bbbbbb,000000,aaaaaa,0,C,167,za,159,171,0,1,53.5,3,1,10,Vet,0,,20,20,0,0,0,179,1.07,50,170,3.2,3.1,169,0,3.3,3.7,3.9,4.2,4.9,5.3,5.4,178.0,200.0,209.0,226.0,262.0,286.0,287.0,0,0,,1,,,,0,,-1,WTRL Team Time Trial - Zone 12,TYPE_TEAM_TIME_TRIAL,24,2025/10/23,87055383,1,,1815308
,201,1,,1,5154824,12,12,Yardi Agresta ,0,1815308,5154824.12,23,658391200012,2349.794,2349.794,23.054,,0.0,0,2873,,TEAM BMTR ,bbbbbb,000000,aaaaaa,0,A,167,za,162,174,0,1,53.5,3,1,10,Vet,0,,20,20,0,0,0,183,1.06,50,172,3.2,3.2,171,0,3.4,3.8,4.0,4.3,4.9,5.5,5.6,180.0,203.0,214.0,231.0,262.0,296.0,302.0,0,0,,1,,,,0,,-1,WTRL Team Time Trial - Zone 11,TYPE_TEAM_TIME_TRIAL,24,2025/10/23,87055383,1,,1815308
,233,0,,3,5153502,22,3,Blopa&reg;,0,1714370,5153502.22,0,658222400003,3600.0,3600.06,0,,0.0,1,2873,,TEAM BMTR ,bbbbbb,000000,aaaaaa,0,C,182,uy,131,157,0,1,66.8,3,1,1,Mas,0,,20,0,0,0,0,180,1.27,52,166,2.5,2.6,174,0,2.8,3.1,3.4,3.7,5.0,5.9,6.9,184.0,206.0,224.0,249.0,331.0,395.0,458.0,0,0,,1,,,,0,,-1,BMTR Short Adventure,TYPE_RIDE,0,2025/10/22,3366225080,,3600,1714370
,201,1,,3,5153502,54,35,Yardi Agresta ,0,1815308,5153502.54,27,658222400034,3600.027,3600.087,0.027,,0.0,0,2873,,TEAM BMTR ,bbbbbb,000000,aaaaaa,0,C,167,za,149,161,0,1,53.5,3,1,10,Vet,0,,20,20,0,0,0,144,0.94,56,140,2.6,2.5,138,0,2.7,2.9,3.0,3.3,3.8,4.2,4.2,146.0,155.0,162.0,177.0,202.0,224.0,224.0,0,0,,1,,,,0,,-1,BMTR Short Adventure,TYPE_RIDE,0,2025/10/22,3366225080,,3600,1815308
,207,1,,4,5153502,86,25,Toody Merrill &#129528;BMTR RACING)&#129293; (CU),0,1002137,5153502.86,183,658222500025,3600.014,3600.134,0.014,,0.0,0,,,,00dd00,,,0,D,165,us,112,142,0,1,56.7,3,1,10,Jnr,0,,20,20,0,0,0,115,0.86,66,96,1.7,1.8,105,0,2.0,2.5,3.4,4.3,5.2,5.7,5.7,111.0,143.0,192.0,245.0,294.0,323.0,323.0,0,0,,1,,,,0,,-1,BMTR Short Adventure,TYPE_RIDE,0,2025/10/22,3366225080,,3600,1002137
,233,0,,1,5130806,211,211,Blopa&reg;,0,1714370,5130806.211,0,654816700235,3144.691,3144.691,687.932,,0.0,1,2873,,TEAM BMTR ,bbbbbb,000000,aaaaaa,0,A,182,uy,135,156,0,1,66.8,3,1,1,Mas,0,,20,0,0,0,0,188,1.34,49,181,2.7,2.7,182,0,2.9,3.1,3.7,4.0,4.2,4.3,4.7,192.0,208.0,249.0,267.0,278.0,288.0,316.0,0,0,,1,,,,0,,-1,Stage 3 - Zwift Unlocked ,TYPE_RIDE,32,2025/10/21,2836167073,1,,1714370
,201,1,,3,5150609,31,31,Yardi Agresta ,0,1815308,5150609.31,27,657863300031,3600.013,3600.133,0.013,,0.0,0,2873,,TEAM BMTR ,bbbbbb,000000,aaaaaa,0,C,167,za,138,166,0,1,53.5,3,1,10,Vet,0,,20,20,0,0,0,147,0.99,53,137,2.6,2.7,144,0,2.8,3.4,4.0,4.3,4.8,5.3,5.3,152.0,184.0,212.0,229.0,259.0,284.0,284.0,0,0,,1,,,,0,,-1,BMTR Short Adventure,TYPE_RIDE,0,2025/10/20,1776635757,,3600,1815308
,207,1,,4,5150609,76,21,Toody Merrill &#129528;BMTR RACING)&#129293; (CU),0,1002137,5150609.76,165,657863400022,3600.009,3600.189,0.009,,0.0,0,,,,00dd00,,,0,D,165,us,112,134,0,1,56.7,3,1,10,Jnr,0,,20,20,0,0,0,111,0.9,62,101,1.8,1.9,110,0,2.0,2.2,2.4,2.8,3.3,3.7,3.7,116.0,126.0,135.0,157.0,188.0,209.0,209.0,0,0,,1,,,,0,,-1,BMTR Short Adventure,TYPE_RIDE,0,2025/10/20,1776635757,,3600,1002137
,207,1,,5,5149250,34,34,Toody Merrill &#129528;BMTR RACING)&#129293; (CU),0,1002137,5149250.34,29,657698700034,5345.452,5345.452,2.346,,0.0,0,,,,00dd00,,,0,E,165,us,123,167,0,1,56.7,3,1,10,Jnr,0,,20,20,0,0,0,130,1.0,56,123,2.2,2.3,133,0,2.5,3.2,3.3,3.6,3.8,3.9,3.9,141.0,183.0,188.0,205.0,216.0,222.0,222.0,0,0,,1,,,,0,,-1,Bikealicious Climbalicious,TYPE_RIDE,42,2025/10/19,979250573,1,,1002137
,201,1,,2,5130669,209,20,Yardi Agresta ,0,1815308,5130669.209,32,654789500022,1968.719,1968.779,211.74,,0.0,0,2873,,TEAM BMTR ,bbbbbb,000000,aaaaaa,0,B,167,za,146,165,0,1,53.5,3,1,10,Vet,0,,20,20,0,0,0,161,1.06,50,155,2.9,2.8,152,0,3.0,3.4,3.8,4.0,4.1,4.5,4.5,161.0,180.0,204.0,212.0,218.0,239.0,239.0,0,0,,1,,,,0,,-1,Stage 2 - Zwift Unlocked ,TYPE_RIDE,42,2025/10/19,979250573,1,,1815308
,201,1,,3,5149145,27,27,Yardi Agresta ,0,1815308,5149145.27,76,657674300027,5400.012,5400.012,0.011,,0.0,0,2873,,TEAM BMTR ,bbbbbb,000000,aaaaaa,0,C,167,za,144,170,0,1,53.5,3,1,10,Vet,0,,20,20,0,0,0,158,1.01,52,146,2.7,2.8,154,0,3.0,3.5,3.9,4.4,5.7,6.9,6.9,163.0,187.0,208.0,234.0,305.0,367.0,367.0,0,0,,1,,,,0,,-1,BMTR Short Adventure,TYPE_RIDE,0,2025/10/19,872351836,,5400,1815308
,201,1,,5,5098904,2,2,Yardi Agresta ,0,1815308,5098904.2,29,650330700002,5400.0,5400.0,0,,0.0,0,2873,,TEAM BMTR ,bbbbbb,000000,aaaaaa,0,E,167,za,113,135,0,1,53.5,3,1,10,Vet,0,,20,20,0,0,0,87,0.73,73,82,1.5,1.6,90,0,1.8,2.0,2.4,2.7,3.3,3.6,3.6,95.0,108.0,127.0,144.0,174.0,193.0,193.0,0,0,,1,,,,0,,-1,Cycle Nation/CMC Distance 4 Difference 24 Hour Ride,TYPE_RIDE,0,2025/10/18,2128890027,,5400,1815308
,201,1,,5,5098903,43,43,Yardi Agresta ,0,1815308,5098903.43,29,650330600043,5400.011,5400.011,0.011,,0.0,0,2873,,TEAM BMTR ,bbbbbb,000000,aaaaaa,0,E,167,za,121,130,0,1,53.5,3,1,10,Vet,0,,20,20,0,0,0,93,0.75,71,91,1.7,1.6,90,0,1.8,1.8,1.9,2.0,2.1,2.2,2.2,95.0,98.0,102.0,107.0,112.0,116.0,116.0,0,0,,1,,,,0,,-1,Cycle Nation/CMC Distance 4 Difference 24 Hour Ride,TYPE_RIDE,0,2025/10/18,2128890027,,5400,1815308
,201,1,,5,5098902,55,55,Yardi Agresta ,0,1815308,5098902.55,186,650330500056,5400.023,5400.023,0.023,,0.0,0,2873,,TEAM BMTR ,bbbbbb,000000,aaaaaa,0,E,167,za,130,148,0,1,53.5,3,1,10,Vet,0,,20,20,0,0,0,123,0.9,59,117,2.2,2.3,124,0,2.4,2.7,3.0,3.2,3.4,3.6,3.6,131.0,143.0,163.0,169.0,183.0,192.0,192.0,0,0,,1,,,,0,,-1,Cycle Nation/CMC Distance 4 Difference 24 Hour Ride,TYPE_RIDE,0,2025/10/18,2128890027,,5400,1815308
,207,1,,5,5118977,3,3,Toody Merrill &#129528;BMTR RACING)&#129293; (CU),0,1002137,5118977.3,27,653019800003,4102.741,4102.741,709.445,,0.0,0,,,,00dd00,,,0,E,165,us,142,176,0,1,56.7,3,1,10,Jnr,0,,20,20,0,0,0,180,1.24,45,176,3.1,3.3,190,0,3.5,3.9,4.4,4.6,4.6,4.7,4.7,201.0,221.0,249.0,260.0,263.0,265.0,265.0,0,0,,1,,,,0,,-1,Alpe 65 min Pace 😈🍍,TYPE_RIDE,17,2025/10/18,2663908549,1,,1002137
,201,1,,5,5098901,8,8,Yardi Agresta ,0,1815308,5098901.8,152,650330400008,5400.001,5400.001,0.001,,0.0,0,2873,,TEAM BMTR ,bbbbbb,000000,aaaaaa,0,E,167,za,130,146,0,1,53.5,3,1,10,Vet,0,,20,20,0,0,0,120,0.88,61,114,2.1,2.2,117,0,2.3,2.5,2.8,2.9,3.3,4.0,4.0,124.0,134.0,148.0,154.0,176.0,212.0,212.0,0,0,,1,,,,0,,-1,Cycle Nation/CMC Distance 4 Difference 24 Hour Ride,TYPE_RIDE,0,2025/10/18,2128890027,,5400,1815308
,201,1,,5,5098900,43,43,Yardi Agresta ,0,1815308,5098900.43,164,650330300042,5400.014,5400.014,0.013,,0.0,0,2873,,TEAM BMTR ,bbbbbb,000000,aaaaaa,0,E,167,za,128,149,0,1,53.5,3,1,10,Vet,0,,20,20,0,0,0,122,0.88,60,113,2.1,2.2,120,0,2.4,2.6,2.9,3.2,3.7,4.4,4.4,127.0,141.0,154.0,171.0,199.0,235.0,235.0,0,0,,1,,,,0,,-1,Cycle Nation/CMC Distance 4 Difference 24 Hour Ride,TYPE_RIDE,0,2025/10/18,2128890027,,5400,1815308
,201,1,,5,5098899,82,82,Yardi Agresta ,0,1815308,5098899.82,183,650330200082,5400.025,5400.025,0.025,,0.0,0,2873,,TEAM BMTR ,bbbbbb,000000,aaaaaa,0,E,167,za,127,149,0,1,53.5,3,1,10,Vet,0,,20,20,0,0,0,125,0.94,57,119,2.2,2.2,120,0,2.4,2.6,2.9,3.5,4.5,5.0,5.0,127.0,137.0,153.0,185.0,240.0,266.0,266.0,0,0,,1,,,,0,,-1,Cycle Nation/CMC Distance 4 Difference 24 Hour Ride,TYPE_RIDE,0,2025/10/18,2128890027,,5400,1815308
,201,1,,1,5130693,34,34,Yardi Agresta ,0,1815308,5130693.34,30,654794200038,4100.093,4100.093,552.265,,0.0,0,2873,,TEAM BMTR ,bbbbbb,000000,aaaaaa,0,A,167,za,140,157,0,1,53.5,3,1,10,Vet,0,,20,20,0,0,0,147,1.01,53,141,2.6,2.6,142,0,2.8,3.2,3.5,3.7,3.8,4.2,4.2,150.0,170.0,187.0,197.0,201.0,225.0,225.0,0,0,,1,,,,0,,-1,Stage 2 - Zwift Unlocked ,TYPE_RIDE,42,2025/10/18,979250573,1,,1815308
,201,1,,3,5072918,152,21,Yardi Agresta ,0,1815308,5072918.152,33,646159200021,3297.821,3297.941,41.021,,0.0,0,2873,,TEAM BMTR ,bbbbbb,000000,aaaaaa,0,C,167,za,169,184,0,1,53.5,3,1,10,Vet,0,,20,20,225.32,322.92,31.86,193,1.09,48,185,3.5,3.5,187,0,3.7,4.2,4.5,5.2,6.0,6.5,6.5,197.0,226.0,240.0,280.0,323.0,347.0,349.0,0,0,,1,,,,0,,-1,FRR Super 6IX - Round1 Race 2,TYPE_RACE TYPE_RACE ,35,2025/10/17,806114032,,,1815308
,233,0,,3,5146996,36,9,Blopa&reg;,0,1714370,5146996.36,0,657374800009,5400.004,5400.064,0.004,,0.0,1,2873,,TEAM BMTR ,bbbbbb,000000,aaaaaa,0,C,182,uy,134,161,0,1,66.8,3,1,1,Mas,0,,20,0,0,0,0,167,1.16,57,156,2.3,2.4,161,0,2.5,2.8,3.4,4.4,5.2,6.8,9.8,170.0,188.0,228.0,292.0,347.0,453.0,654.0,0,0,,1,,,,0,,-1,BMTR Short Adventure ,TYPE_RIDE,0,2025/10/17,3974965857,,3600,1714370
,201,1,,3,5143746,32,5,Yardi Agresta ,0,1815308,5143746.32,48,656725800005,2315.591,2315.711,4.314,,0.0,0,2873,,TEAM BMTR ,bbbbbb,000000,aaaaaa,0,C,167,za,158,172,0,1,53.5,3,1,10,Vet,0,,20,20,0,0,0,167,0.99,53,157,2.9,2.8,153,0,3.0,3.4,3.6,4.2,4.4,4.4,5.0,162.0,183.0,191.0,226.0,234.0,237.0,266.0,0,0,,1,,,,0,,-1,WTRL Team Time Trial - Zone 12,TYPE_TEAM_TIME_TRIAL TYPE_RACE ,26,2025/10/16,2474227587,2,,1815308
,207,1,,3,5143746,34,7,Toody Merrill &#129528;BMTR RACING)&#129293; (CU),0,1002137,5143746.34,45,656725800007,2316.442,2316.562,5.165,,0.0,0,,,,00dd00,,,0,C,165,us,139,176,0,1,56.7,3,1,10,Jnr,0,,20,20,0,0,0,193,1.37,41,190,3.4,3.2,182,0,3.4,3.5,3.9,4.3,4.7,5.8,6.5,192.0,200.0,220.0,246.0,268.0,330.0,366.0,0,0,,1,,,,0,,-1,WTRL Team Time Trial - Zone 12,TYPE_TEAM_TIME_TRIAL TYPE_RACE ,26,2025/10/16,2474227587,2,,1002137
,201,1,,1,5143713,56,12,Yardi Agresta ,0,1815308,5143713.56,24,656718900012,2304.71,2304.71,35.494,,0.0,0,2873,,TEAM BMTR ,bbbbbb,000000,aaaaaa,0,A,167,za,162,177,0,1,53.5,3,1,10,Vet,0,,20,20,0,0,0,175,1.02,52,166,3.1,2.9,158,0,3.1,3.6,4.0,4.3,5.0,5.5,5.7,167.0,191.0,216.0,230.0,266.0,292.0,305.0,0,0,,1,,,,0,,-1,WTRL Team Time Trial - Zone 11,TYPE_TEAM_TIME_TRIAL TYPE_RACE ,26,2025/10/16,2474227587,2,,1815308
,201,1,,3,5142490,60,37,Yardi Agresta ,0,1815308,5142490.60,165,656556800037,3600.026,3600.086,0.026,,0.0,0,2873,,TEAM BMTR ,bbbbbb,000000,aaaaaa,0,C,167,za,133,160,0,1,53.5,3,1,10,Vet,0,,20,20,0,0,0,133,0.95,56,127,2.4,2.3,127,0,2.5,2.8,3.3,4.2,5.1,5.6,5.6,134.0,148.0,178.0,224.0,271.0,298.0,298.0,0,0,,1,,,,0,,-1,BMTR Short Adventure,TYPE_RIDE,0,2025/10/15,1917017591,,3600,1815308
,207,1,,2,5142490,3,3,Toody Merrill &#129528;BMTR RACING)&#129293; (CU),0,1002137,5142490.3,186,656556700003,3600.004,3600.004,0.004,,0.0,0,,,,00dd00,,,0,B,165,us,124,158,0,1,56.7,3,1,10,Jnr,0,,20,20,0,0,0,169,1.3,43,161,2.8,2.9,168,0,3.1,3.3,3.6,4.2,4.5,4.6,4.6,177.0,186.0,203.0,238.0,255.0,263.0,263.0,0,0,,1,,,,0,,-1,BMTR Short Adventure,TYPE_RIDE,0,2025/10/15,1917017591,,3600,1002137
,233,0,,3,5142490,31,8,Blopa&reg;,0,1714370,5142490.31,0,656556800008,3600.007,3600.067,0.007,,0.0,1,2873,,TEAM BMTR ,bbbbbb,000000,aaaaaa,0,C,182,uy,129,143,0,1,66.8,3,1,1,Mas,0,,20,0,0,0,0,161,1.23,54,159,2.4,2.3,157,0,2.5,2.6,2.9,3.3,3.4,3.9,4.4,166.0,176.0,195.0,218.0,225.0,262.0,293.0,0,0,,1,,,,0,,-1,BMTR Short Adventure,TYPE_RIDE,0,2025/10/15,1917017591,,3600,1714370
,201,1,,3,5146593,8,2,Yardi Agresta ,0,1815308,5146593.8,22,657310000002,2230.159,2230.219,0.054,,0.0,0,2873,,TEAM BMTR ,bbbbbb,000000,aaaaaa,0,C,167,za,168,182,0,1,53.5,3,1,10,Vet,0,,20,20,0,0,0,197,1.12,47,188,3.5,3.3,178,0,3.5,3.9,4.4,5.0,5.6,6.0,6.1,188.0,207.0,236.0,266.0,301.0,319.0,325.0,0,0,,1,,,,0,,-1,Zwift Racing League: Coast Clash -  Open Topaz Division 1,TYPE_TEAM_TIME_TRIAL TYPE_RACE ,26,2025/10/14,3680493479,1,,1815308
,233,0,,1,5130648,135,135,Blopa&reg;,0,1714370,5130648.135,0,654785200152,4371.847,4371.847,1092.994,,0.0,1,2873,,TEAM BMTR ,bbbbbb,000000,aaaaaa,0,A,182,uy,144,162,0,1,66.8,3,1,1,Mas,0,,20,0,0,0,0,195,1.28,51,185,2.8,2.9,194,0,3.1,3.3,3.3,3.3,3.8,3.9,4.2,205.0,221.0,223.0,223.0,254.0,262.0,281.0,0,0,,1,,,,0,,-1,Stage 2 - Zwift Unlocked ,TYPE_RIDE,42,2025/10/14,979250573,1,,1714370
,207,1,,4,5141045,15,0,Toody Merrill &#129528;BMTR RACING)&#129293; (CU),0,1002137,5141045.15,109,656371300015,3600.01,3600.01,0.0,,0.0,0,,,,00dd00,,,0,N/A,165,us,109,127,0,1,56.7,3,1,10,Jnr,0,,20,20,0,0,0,100,0.84,67,92,1.6,1.7,98,0,1.8,2.0,2.1,2.4,2.6,2.7,2.7,104.0,112.0,121.0,136.0,149.0,152.0,152.0,0,0,,1,,,,0,,-1,REVO Social SUB2,TYPE_RIDE,0,2025/10/14,65777922,,3600,1002137
,201,1,,2,5130716,229,20,Yardi Agresta ,0,1815308,5130716.229,26,654798900026,1913.417,1913.477,169.766,,0.0,0,2873,,TEAM BMTR ,bbbbbb,000000,aaaaaa,0,B,167,za,127,146,0,1,53.5,3,1,10,Vet,0,,20,20,0,0,0,143,1.07,49,136,2.5,2.4,0,1,,2.9,3.1,3.3,3.6,3.8,3.8,,155.0,168.0,174.0,191.0,203.0,203.0,0,0,,1,,,,0,,-1,Stage 2 - Zwift Unlocked ,TYPE_RIDE,42,2025/10/14,979250573,1,,1815308
,201,1,,3,5139709,25,25,Yardi Agresta ,0,1815308,5139709.25,27,656210800025,3600.008,3600.128,0.008,,0.0,0,2873,,TEAM BMTR ,bbbbbb,000000,aaaaaa,0,C,167,za,151,174,0,1,53.5,3,1,10,Vet,0,,20,20,0,0,0,162,1.0,53,151,2.8,2.9,159,0,3.1,3.8,4.3,4.6,5.0,5.0,5.0,168.0,202.0,228.0,248.0,266.0,269.0,269.0,0,0,,1,,,,0,,-1,BMTR Short Adventure,TYPE_RIDE,0,2025/10/13,3367186349,,3600,1815308
,207,1,,3,5139709,1,1,Toody Merrill &#129528;BMTR RACING)&#129293; (CU),0,1002137,5139709.1,172,656210800001,3600.0,3600.12,0.0,,0.0,0,,,,00dd00,,,0,C,165,us,106,166,0,1,56.7,3,1,10,Jnr,0,,20,20,0,0,0,169,1.47,38,156,2.8,2.8,163,0,3.0,3.4,3.7,3.9,4.6,5.2,5.2,172.0,192.0,211.0,221.0,262.0,297.0,297.0,0,0,,1,,,,0,,-1,BMTR Short Adventure,TYPE_RIDE,0,2025/10/13,3367186349,,3600,1002137
,233,0,,3,5138334,8,8,Blopa&reg;,0,1714370,5138334.8,0,656045300008,5400.004,5400.004,0.004,,0.0,1,2873,,TEAM BMTR ,bbbbbb,000000,aaaaaa,0,C,182,uy,129,165,0,1,66.8,3,1,1,Mas,0,,20,0,0,0,0,170,1.17,57,151,2.3,2.3,153,0,2.4,2.8,3.3,4.5,6.7,10.2,12.3,162.0,184.0,221.0,303.0,449.0,684.0,822.0,0,0,,1,,,,0,,-1,BMTR Short Adventure,TYPE_RIDE,0,2025/10/12,928793662,,5400,1714370
,201,1,,3,5138334,25,25,Yardi Agresta ,0,1815308,5138334.25,29,656045300027,5400.011,5400.011,0.011,,0.0,0,2873,,TEAM BMTR ,bbbbbb,000000,aaaaaa,0,C,167,za,137,174,0,1,53.5,3,1,10,Vet,0,,20,20,0,0,0,138,0.91,58,125,2.3,2.4,133,0,2.6,3.0,4.0,5.3,6.2,7.3,7.3,140.0,163.0,213.0,283.0,332.0,393.0,393.0,0,0,,1,,,,0,,-1,BMTR Short Adventure,TYPE_RIDE,0,2025/10/12,928793662,,5400,1815308
,207,1,,1,5137039,22,22,Toody Merrill &#129528;BMTR RACING)&#129293; (CU),0,1002137,5137039.22,205,655876100022,18078.97,18078.97,4099.147,,0.0,0,,,,00dd00,,,0,A,165,us,129,154,0,1,56.7,3,1,10,Jnr,0,,20,20,0,0,0,124,0.91,62,117,2.1,2.2,129,0,2.4,2.6,2.8,3.2,4.5,5.5,5.5,136.0,148.0,161.0,184.0,255.0,312.0,312.0,0,0,,1,,,,0,,-1,The BMTR Fundo,TYPE_RIDE,161,2025/10/11,2836167073,,,1002137
,201,1,,3,5072782,135,15,Yardi Agresta ,0,1815308,5072782.135,27,646138900015,2742.032,2742.152,81.531,,0.0,0,2873,,TEAM BMTR ,bbbbbb,000000,aaaaaa,0,C,167,za,174,185,0,1,53.5,3,1,10,Vet,0,,20,20,215.77,339.14,33.77,208,1.14,47,198,3.7,3.6,194,0,3.8,4.2,4.8,5.0,5.6,6.7,7.4,205.0,224.0,255.0,270.0,302.0,360.0,394.0,0,0,,1,,,,0,,-1,FRR Super 6IX - Round1 Race 1,TYPE_RACE TYPE_RACE ,28,2025/10/10,2905381067,1,,1815308
,233,0,,3,5135878,34,9,Blopa&reg;,0,1714370,5135878.34,0,655716900009,5400.005,5400.065,0.005,,0.0,1,2873,,TEAM BMTR ,bbbbbb,000000,aaaaaa,0,C,182,uy,135,161,0,1,66.8,3,1,1,Mas,0,,20,0,0,0,0,177,1.24,54,167,2.5,2.5,171,0,2.7,3.1,3.5,3.9,4.2,4.8,5.6,181.0,208.0,233.0,258.0,279.0,322.0,374.0,0,0,,1,,,,0,,-1,BMTR Short Adventure ,TYPE_RIDE,0,2025/10/10,2836167073,,3600,1714370
,207,1,,4,5135878,78,14,Toody Merrill &#129528;BMTR RACING)&#129293; (CU),0,1002137,5135878.78,182,655717000014,3600.01,3600.13,0.01,,0.0,0,,,,00dd00,,,0,D,165,us,105,122,0,1,56.7,3,1,10,Jnr,0,,20,20,0,0,0,113,0.97,58,102,1.8,1.8,106,0,2.0,2.3,2.6,2.8,3.3,3.4,3.4,112.0,128.0,145.0,157.0,189.0,194.0,194.0,0,0,,1,,,,0,,-1,BMTR Short Adventure ,TYPE_RIDE,0,2025/10/10,2836167073,,3600,1002137
,201,1,,3,5134683,34,4,Yardi Agresta ,0,1815308,5134683.34,25,655524200004,2183.94,2184.06,2.588,,0.0,0,2873,,TEAM BMTR ,bbbbbb,000000,aaaaaa,0,C,167,za,157,175,0,1,53.5,3,1,10,Vet,0,,20,20,0,0,0,182,1.06,50,167,3.1,3.0,161,0,3.2,3.6,4.1,4.6,5.5,6.6,6.9,170.0,195.0,220.0,248.0,297.0,354.0,370.0,0,0,,1,,,,0,,-1,WTRL Team Time Trial - Zone 12,TYPE_TEAM_TIME_TRIAL TYPE_RACE ,23,2025/10/09,2954366662,1,,1815308
,207,1,,4,5134668,10,10,Toody Merrill &#129528;BMTR RACING)&#129293; (CU),0,1002137,5134668.10,185,655521700010,4200.01,4200.01,0.009,,0.0,0,,,,00dd00,,,0,D,165,us,109,134,0,1,56.7,3,1,10,Jnr,0,,20,20,0,0,0,120,0.96,58,105,1.9,2.0,115,0,2.2,2.4,3.1,4.0,4.9,5.0,5.0,122.0,136.0,174.0,225.0,276.0,281.0,281.0,0,0,,1,,,,0,,-1,"SROZs Contenders, Pretenders, & Rear-Enders ",TYPE_RIDE,0,2025/10/09,1917017591,,4200,1002137
,201,1,,1,5134650,35,9,Yardi Agresta ,0,1815308,5134650.35,43,655517300009,2326.495,2326.495,112.855,,0.0,0,2873,,TEAM BMTR ,bbbbbb,000000,aaaaaa,0,A,167,za,155,172,0,1,53.5,3,1,10,Vet,0,,20,20,0,0,0,178,1.03,52,159,3.0,2.9,156,0,3.1,3.5,3.8,4.4,5.6,6.5,6.9,165.0,189.0,204.0,233.0,302.0,347.0,370.0,0,0,,1,,,,0,,-1,WTRL Team Time Trial - Zone 11,TYPE_TEAM_TIME_TRIAL TYPE_RACE ,23,2025/10/09,2954366662,1,,1815308
,201,1,,1,5130501,46,46,Yardi Agresta ,0,1815308,5130501.46,27,654755800058,4052.769,4052.769,500.361,,0.0,0,2873,,TEAM BMTR ,bbbbbb,000000,aaaaaa,0,A,167,za,164,195,0,1,53.5,3,1,10,Vet,0,,20,20,0,0,0,172,0.99,53,163,3.1,3.1,166,0,3.3,3.6,4.0,4.4,5.2,5.6,5.6,175.0,194.0,212.0,234.0,276.0,299.0,299.0,0,0,,1,,,,0,,-1,Stage 1 - Zwift Unlocked ,TYPE_RIDE,43,2025/10/08,3636436865,1,,1815308
,233,0,,3,5133135,14,1,Blopa&reg;,0,1714370,5133135.14,0,655180200001,3600.0,3600.06,0,,0.0,1,2873,,TEAM BMTR ,bbbbbb,000000,aaaaaa,0,C,182,uy,125,136,0,1,66.8,3,1,1,Mas,0,,20,0,0,0,0,154,1.21,55,151,2.3,2.2,152,0,2.4,2.5,2.6,2.8,3.0,3.1,3.6,160.0,167.0,175.0,184.0,200.0,206.0,241.0,0,0,,1,,,,0,,-1,BMTR Short Adventure,TYPE_RIDE,0,2025/10/08,1064303857,,3600,1714370
,207,1,,4,5133135,54,9,Toody Merrill &#129528;BMTR RACING)&#129293; (CU),0,1002137,5133135.54,185,655180300009,3600.004,3600.124,0.004,,0.0,0,,,,00dd00,,,0,D,165,us,120,149,0,1,56.7,3,1,10,Jnr,0,,20,20,0,0,0,123,0.88,64,106,1.9,2.0,115,0,2.2,2.3,3.1,4.0,4.5,5.4,5.4,122.0,132.0,174.0,224.0,255.0,305.0,305.0,0,0,,1,,,,0,,-1,BMTR Short Adventure,TYPE_RIDE,0,2025/10/08,1064303857,,3600,1002137
,201,1,,2,5130542,168,15,Yardi Agresta ,0,1815308,5130542.168,26,654764100015,1165.766,1165.826,124.628,,0.0,0,2873,,TEAM BMTR ,bbbbbb,000000,aaaaaa,0,B,167,za,155,181,0,1,53.5,3,1,10,Vet,0,,20,20,0,0,0,187,1.15,46,179,3.3,3.1,0,1,,3.6,4.1,4.4,4.8,5.3,5.3,,192.0,217.0,238.0,259.0,283.0,283.0,0,0,,1,,,,0,,-1,Stage 1 - Zwift Unlocked ,TYPE_RIDE,43,2025/10/08,3636436865,1,,1815308
,201,1,,3,5135585,8,8,Yardi Agresta ,0,1815308,5135585.8,26,655660100008,2662.911,2543.031,18.082,,0.0,0,2873,,TEAM BMTR ,bbbbbb,000000,aaaaaa,0,C,167,za,170,185,0,1,53.5,3,1,10,Vet,0,,20,20,378.42,340.61,1.47,196,1.07,49,182,3.4,3.2,175,0,3.5,4.0,4.4,5.2,6.3,6.7,7.1,185.0,213.0,235.0,278.0,336.0,356.0,380.0,0,0,,1,,,,0,,-1,Zwift Racing League: Coast Clash -  Open Topaz Division 1,TYPE_RACE TYPE_RACE ,40,2025/10/07,2661047295,3,,1815308
,233,0,,1,5130463,110,110,Blopa&reg;,0,1714370,5130463.110,0,654748200130,4566.809,4566.809,989.472,,0.0,1,2873,,TEAM BMTR ,bbbbbb,000000,aaaaaa,0,A,182,uy,142,166,0,1,66.8,3,1,1,Mas,0,,20,0,0,0,0,182,1.23,54,175,2.6,2.6,177,0,2.8,3.0,3.5,4.7,6.4,8.0,9.2,187.0,199.0,236.0,317.0,427.0,534.0,613.0,0,0,,1,,,,0,,-1,Stage 1 - Zwift Unlocked ,TYPE_RIDE,43,2025/10/07,3636436865,1,,1714370
,201,1,,2,5130559,154,26,Yardi Agresta ,0,1815308,5130559.154,25,654767500030,1199.609,1199.669,146.174,,0.0,0,2873,,TEAM BMTR ,bbbbbb,000000,aaaaaa,0,B,167,za,163,177,0,1,53.5,3,1,10,Vet,0,,20,20,0,0,0,183,1.08,49,176,3.3,3.1,0,1,,3.5,4.0,4.8,5.3,5.4,5.4,,189.0,213.0,255.0,286.0,287.0,287.0,0,0,,1,,,,0,,-1,Stage 1 - Zwift Unlocked ,TYPE_RIDE,43,2025/10/07,3636436865,1,,1815308
,201,1,,3,5128579,6,6,Yardi Agresta ,0,1815308,5128579.6,31,654336000006,3600.006,3600.126,0.005,,0.0,0,2873,,TEAM BMTR ,bbbbbb,000000,aaaaaa,0,C,167,za,144,174,0,1,53.5,3,1,10,Vet,0,,20,20,0,0,0,154,1.0,53,144,2.7,2.7,148,0,2.9,3.8,4.4,4.6,5.0,5.0,5.0,156.0,204.0,236.0,244.0,267.0,270.0,270.0,0,0,,1,,,,0,,-1,BMTR Short Adventure,TYPE_RIDE,0,2025/10/06,1386460176,,3600,1815308
,207,1,,4,5128579,60,8,Toody Merrill &#129528;BMTR RACING)&#129293; (CU),0,1002137,5128579.60,208,654336100008,3600.007,3600.187,0.007,,0.0,0,,,,00dd00,,,0,D,165,us,108,137,0,1,56.7,3,1,10,Jnr,0,,20,20,0,0,0,99,0.86,65,93,1.6,1.7,96,0,1.8,1.9,2.1,2.2,2.4,2.7,2.7,102.0,109.0,117.0,125.0,137.0,151.0,151.0,0,0,,1,,,,0,,-1,BMTR Short Adventure,TYPE_RIDE,0,2025/10/06,1386460176,,3600,1002137
,201,1,,5,5128564,22,22,Yardi Agresta ,0,1815308,5128564.22,28,654334000022,2838.766,2838.766,385.42,,0.0,0,2873,,TEAM BMTR ,bbbbbb,000000,aaaaaa,0,E,167,za,146,168,0,1,53.5,3,1,10,Vet,0,,20,20,0,0,0,153,1.01,53,147,2.8,2.6,140,0,2.8,3.2,3.7,4.2,5.0,5.2,5.2,148.0,169.0,199.0,223.0,266.0,276.0,276.0,0,0,,1,,,,0,,-1,Zwift Racing League Recon Ride (DIRTy Rascals),TYPE_RIDE,28,2025/10/06,2661047295,2,,1815308
,233,0,,3,5127352,4,4,Blopa&reg;,0,1714370,5127352.4,0,654181200004,5400.002,5400.002,0.002,,0.0,1,2873,,TEAM BMTR ,bbbbbb,000000,aaaaaa,0,C,182,uy,135,163,0,1,66.8,3,1,1,Mas,0,,20,0,0,0,0,175,1.22,54,165,2.5,2.6,179,0,2.8,3.2,4.0,4.4,4.7,4.9,5.1,189.0,215.0,264.0,291.0,315.0,325.0,342.0,0,0,,1,,,,0,,-1,BMTR Short Adventure,TYPE_RIDE,0,2025/10/05,2852153296,,5400,1714370
,201,1,,3,5127352,39,39,Yardi Agresta ,0,1815308,5127352.39,26,654181200039,5400.024,5400.024,0.024,,0.0,0,2873,,TEAM BMTR ,bbbbbb,000000,aaaaaa,0,C,167,za,144,160,0,1,53.5,3,1,10,Vet,0,,20,20,0,0,0,142,0.97,55,139,2.6,2.7,144,0,2.8,3.0,3.1,3.4,3.6,3.6,3.6,152.0,159.0,167.0,182.0,190.0,194.0,194.0,0,0,,1,,,,0,,-1,BMTR Short Adventure,TYPE_RIDE,0,2025/10/05,2852153296,,5400,1815308
,201,1,,2,5126468,9,9,Yardi Agresta ,0,1815308,5126468.9,164,654060600012,8979.134,8979.134,17.327,,0.0,0,2873,,TEAM BMTR ,bbbbbb,000000,aaaaaa,0,B,167,za,156,176,0,1,53.5,3,1,10,Vet,0,,20,20,0,0,0,161,0.99,53,155,2.9,2.9,156,0,3.1,3.3,3.6,4.1,4.5,5.1,5.1,165.0,176.0,195.0,218.0,240.0,274.0,274.0,0,0,,1,,,,0,,-1,3R Endurance Steady Ride,TYPE_RIDE,100,2025/10/04,3453194200,,,1815308
,207,1,,4,5126418,28,28,Toody Merrill &#129528;BMTR RACING)&#129293; (CU),0,1002137,5126418.28,183,654049500024,4200.015,4200.015,0.014,,0.0,0,,,,00dd00,,,0,D,165,us,115,140,0,1,56.7,3,1,10,Jnr,0,,20,20,0,0,0,111,0.88,64,101,1.8,1.9,110,0,2.0,2.4,2.9,3.6,3.6,3.7,3.7,116.0,138.0,163.0,206.0,206.0,211.0,211.0,0,0,,1,,,,0,,-1,SROZs Ride n Shine ,TYPE_RIDE,0,2025/10/04,3378411990,,4200,1002137
,207,1,,4,5125529,21,21,Toody Merrill &#129528;BMTR RACING)&#129293; (CU),0,1002137,5125529.21,37,653923000018,3600.009,3600.009,0.427,,0.0,0,,,,00dd00,,,0,D,165,us,130,160,0,1,56.7,3,1,10,Jnr,0,,20,20,0,0,0,130,0.88,64,114,2.0,2.3,134,0,2.5,2.8,3.1,3.4,4.5,5.5,5.5,142.0,160.0,176.0,195.0,256.0,314.0,314.0,0,0,,1,,,,0,,-1,Ascenders Rise & Shine Event - Team Pursuit,TYPE_RIDE,0,2025/10/03,1776635757,,3600,1002137
,207,1,,4,5125505,107,21,Toody Merrill &#129528;BMTR RACING)&#129293; (CU),0,1002137,5125505.107,207,653919500022,3600.008,3600.128,0.008,,0.0,0,,,,00dd00,,,0,D,165,us,76,146,0,1,56.7,3,1,10,Jnr,0,,20,20,0,0,0,140,0.0,0,102,1.8,1.8,106,0,2.0,2.5,3.4,4.9,6.7,8.7,8.7,112.0,144.0,192.0,278.0,381.0,493.0,493.0,0,0,,1,,,,0,,-1,BMTR Short Adventure ,TYPE_RIDE,0,2025/10/03,986252325,,3600,1002137
,233,0,,3,5125505,45,13,Blopa&reg;,0,1714370,5125505.45,0,653919400013,5400.004,5400.064,0.004,,0.0,1,2873,,TEAM BMTR ,bbbbbb,000000,aaaaaa,0,C,182,uy,136,168,0,1,66.8,3,1,1,Mas,0,,20,0,0,0,0,170,1.18,56,160,2.4,2.5,169,0,2.7,3.2,4.2,4.8,5.3,5.8,7.7,178.0,217.0,278.0,320.0,355.0,387.0,517.0,0,0,,1,,,,0,,-1,BMTR Short Adventure ,TYPE_RIDE,0,2025/10/03,986252325,,3600,1714370
,201,1,,3,5125505,41,9,Yardi Agresta ,0,1815308,5125505.41,35,653919400009,5400.003,5400.063,0.003,,0.0,0,2873,,TEAM BMTR ,bbbbbb,000000,aaaaaa,0,C,167,za,143,167,0,1,53.5,3,1,10,Vet,0,,20,20,0,0,0,141,0.92,58,131,2.5,2.5,134,0,2.7,3.0,3.6,4.0,4.2,4.7,4.7,142.0,159.0,191.0,216.0,226.0,251.0,251.0,0,0,,1,,,,0,,-1,BMTR Short Adventure ,TYPE_RIDE,0,2025/10/03,986252325,,3600,1815308
,201,1,,3,5124538,32,5,Yardi Agresta ,0,1815308,5124538.32,19,653767900005,2531.26,2531.38,0.716,,0.0,0,2873,,TEAM BMTR ,bbbbbb,000000,aaaaaa,0,C,167,za,160,176,0,1,53.5,3,1,10,Vet,0,,20,20,0,0,0,170,1.01,52,162,3.0,2.8,154,0,3.0,3.4,3.8,4.3,4.8,5.8,6.4,163.0,182.0,205.0,229.0,256.0,310.0,341.0,0,0,,1,,,,0,,-1,WTRL Team Time Trial - Zone 12,TYPE_TEAM_TIME_TRIAL TYPE_RACE ,28,2025/10/02,2595459121,,,1815308
,201,1,,4,5124503,26,26,Yardi Agresta ,0,1815308,5124503.26,16,653761100026,2476.022,2476.202,230.637,,0.0,0,2873,,TEAM BMTR ,bbbbbb,000000,aaaaaa,0,D,167,za,168,181,0,1,53.5,3,1,10,Vet,0,,20,20,0,0,0,181,1.03,51,173,3.2,3.0,165,0,3.3,3.8,4.1,4.5,4.6,4.7,5.0,174.0,203.0,221.0,239.0,248.0,251.0,270.0,0,0,,1,,,,0,,-1,WTRL Team Time Trial - Zone 11,TYPE_TEAM_TIME_TRIAL TYPE_RACE ,28,2025/10/02,2595459121,,,1815308
,233,0,,3,5123422,43,14,Blopa&reg;,0,1714370,5123422.43,0,653615300017,3600.006,3600.066,0.006,,0.0,1,2873,,TEAM BMTR ,bbbbbb,000000,aaaaaa,0,C,182,uy,127,139,0,1,66.8,3,1,1,Mas,0,,20,0,0,0,0,155,1.2,55,152,2.3,2.2,151,0,2.4,2.4,2.6,3.0,3.1,3.2,3.3,159.0,163.0,173.0,198.0,207.0,215.0,222.0,0,0,,1,,,,0,,-1,BMTR Short Adventure,TYPE_RIDE,0,2025/10/01,928793662,,3600,1714370
,207,1,,4,5123422,88,3,Toody Merrill &#129528;BMTR RACING)&#129293; (CU),0,1002137,5123422.88,183,653615400004,3600.001,3600.121,0.001,,0.0,0,,,,00dd00,,,0,D,165,us,93,143,0,1,56.7,3,1,10,Jnr,0,,20,20,0,0,0,131,1.16,0,108,1.9,1.9,113,0,2.1,2.4,3.4,4.6,7.0,8.8,8.8,119.0,138.0,190.0,260.0,395.0,499.0,499.0,0,0,,1,,,,0,,-1,BMTR Short Adventure,TYPE_RIDE,0,2025/10/01,928793662,,3600,1002137
,201,1,,4,5122267,24,24,Yardi Agresta ,0,1815308,5122267.24,29,653465000024,3600.027,3600.027,0.027,,0.0,0,2873,,TEAM BMTR ,bbbbbb,000000,aaaaaa,0,D,167,za,115,139,0,1,53.5,3,1,10,Vet,0,,20,20,0,0,0,93,0.76,70,87,1.6,1.7,93,0,1.8,2.1,2.4,2.7,3.1,3.5,3.5,98.0,110.0,127.0,144.0,167.0,188.0,188.0,0,0,,1,,,,0,,-1,Nosco Foundation Social Ride p/b Liv Cycling,TYPE_RIDE,0,2025/09/30,3366225080,,3600,1815308
,201,1,,3,5125062,10,10,Yardi Agresta ,0,1815308,5125062.10,21,653846900010,2450.259,2330.379,5.703,,0.0,0,2873,,TEAM BMTR ,bbbbbb,000000,aaaaaa,0,C,167,za,165,181,0,1,53.5,3,1,10,Vet,0,,20,20,386.58,340.61,0,190,1.1,48,182,3.4,3.4,185,0,3.6,4.2,4.4,4.6,5.2,6.4,6.8,195.0,224.0,237.0,244.0,277.0,340.0,363.0,0,0,,1,,,,0,,-1,Zwift Racing League: Coast Clash -  Open Topaz Division 1,TYPE_RACE TYPE_RACE ,25,2025/09/30,4258943387,1,,1815308
,201,1,,3,5121042,46,46,Yardi Agresta ,0,1815308,5121042.46,36,653311800046,3600.025,3600.145,0.025,,0.0,0,2873,,TEAM BMTR ,bbbbbb,000000,aaaaaa,0,C,167,za,135,156,0,1,53.5,3,1,10,Vet,0,,20,20,0,0,0,144,0.98,54,132,2.5,2.5,137,0,2.7,3.0,3.5,3.9,5.1,6.6,6.6,145.0,160.0,187.0,211.0,274.0,353.0,353.0,0,0,,1,,,,0,,-1,BMTR Short Adventure,TYPE_RIDE,0,2025/09/29,4258943387,,3600,1815308
,201,1,,2,5117842,52,37,Yardi Agresta ,0,1815308,5117842.52,163,652845300037,5912.727,5912.727,1157.642,,0.0,0,2873,,TEAM BMTR ,bbbbbb,000000,aaaaaa,0,B,167,za,143,164,0,1,53.5,3,1,10,Vet,0,,20,20,0,0,0,141,0.92,58,131,2.5,2.4,133,0,2.6,3.3,3.6,4.1,4.3,4.5,4.5,140.0,178.0,193.0,217.0,231.0,239.0,239.0,0,0,,1,,,,0,,-1,zFondo Series ,TYPE_RIDE,52,2025/09/28,3621162212,1,,1815308
,201,1,,3,5119947,18,18,Yardi Agresta ,0,1815308,5119947.18,168,653170200018,5400.009,5400.009,0.009,,0.0,0,2873,,TEAM BMTR ,bbbbbb,000000,aaaaaa,0,C,167,za,135,153,0,1,53.5,3,1,10,Vet,0,,20,20,0,0,0,118,0.81,65,110,2.1,2.2,117,0,2.3,2.5,2.7,3.0,3.4,3.8,3.8,124.0,136.0,145.0,160.0,180.0,204.0,204.0,0,0,,1,,,,0,,-1,BMTR Short Adventure,TYPE_RIDE,0,2025/09/28,1656629976,,5400,1815308
,201,1,,3,5117852,74,36,Yardi Agresta ,0,1815308,5117852.74,31,652850400036,5515.872,5515.872,555.474,,0.0,0,2873,,TEAM BMTR ,bbbbbb,000000,aaaaaa,0,C,167,za,151,170,0,1,53.5,3,1,10,Vet,0,,20,20,0,0,0,159,1.03,52,155,2.9,2.8,150,0,3.0,3.6,3.7,3.9,4.2,4.4,4.4,158.0,190.0,198.0,208.0,227.0,235.0,235.0,0,0,,1,,,,0,,-1,zFondo Series ,TYPE_RIDE,52,2025/09/28,3621162212,1,,1815308
,233,0,,3,5118127,41,9,Blopa&reg;,0,1714370,5118127.41,0,652894700009,5400.005,5400.065,0.005,,0.0,1,2873,,TEAM BMTR ,bbbbbb,000000,aaaaaa,0,C,182,uy,133,150,0,1,66.9,3,1,1,Mas,0,,20,0,0,0,0,160,1.15,58,153,2.3,2.4,163,0,2.6,2.8,3.2,3.3,3.5,4.0,4.3,172.0,184.0,211.0,218.0,237.0,266.0,287.0,0,0,,1,,,,0,,-1,BMTR Short Adventure ,TYPE_RIDE,0,2025/09/26,3282611437,,3600,1714370
,201,1,,3,5118127,67,35,Yardi Agresta ,0,1815308,5118127.67,26,652894700035,5400.028,5400.088,0.028,,0.0,0,2873,,TEAM BMTR ,bbbbbb,000000,aaaaaa,0,C,167,za,153,173,0,1,53.5,3,1,10,Vet,0,,20,20,0,0,0,138,0.84,63,129,2.4,2.6,142,0,2.8,3.2,3.8,4.1,4.8,5.4,5.4,150.0,173.0,201.0,218.0,259.0,289.0,289.0,0,0,,1,,,,0,,-1,BMTR Short Adventure ,TYPE_RIDE,0,2025/09/26,3282611437,,3600,1815308
,201,1,,5,5118123,7,7,Yardi Agresta ,0,1815308,5118123.7,21,652894200007,1800.002,1800.002,0.002,,0.0,0,2873,,TEAM BMTR ,bbbbbb,000000,aaaaaa,0,E,167,za,156,166,0,1,53.5,3,1,10,Vet,0,,20,20,0,0,0,127,0.76,70,119,2.2,2.1,0,1,,2.5,2.8,3.0,3.3,3.6,3.6,,133.0,148.0,159.0,178.0,191.0,191.0,0,0,,1,,,,0,,-1,BMTR Banded Warmup,TYPE_RIDE,0,2025/09/26,3706527503,,1800,1815308
,201,1,,2,5088675,26,11,Yardi Agresta ,0,1815308,5088675.26,17,648628000011,1856.59,1856.65,56.175,,0.0,0,2873,,TEAM BMTR ,bbbbbb,000000,aaaaaa,0,B,167,za,177,184,0,1,53.5,3,1,10,Vet,0,,20,20,453.45,340.61,0,198,1.08,49,191,3.6,3.4,183,0,3.6,3.8,4.4,4.5,4.8,5.4,6.0,193.0,206.0,233.0,243.0,258.0,288.0,320.0,0,0,,1,,,,0,,-1,Stage 4: Rolling With ENVE: Queens Highway After Party,TYPE_RACE TYPE_RACE ,20,2025/09/26,87631443,1,,1815308
,201,1,,4,5117219,11,11,Yardi Agresta ,0,1815308,5117219.11,17,652756100011,2208.091,2208.271,17.528,,0.0,0,2873,,TEAM BMTR ,bbbbbb,000000,aaaaaa,0,D,167,za,169,179,0,1,53.5,3,1,10,Vet,0,,20,20,0,0,0,171,0.95,56,161,3.0,2.9,159,0,3.1,3.5,3.8,4.4,4.7,4.7,5.2,168.0,186.0,206.0,236.0,249.0,253.0,280.0,0,0,,1,,,,0,,-1,WTRL Team Time Trial - Zone 12,TYPE_TEAM_TIME_TRIAL TYPE_RACE ,25,2025/09/25,1453570384,1,,1815308
,207,1,,4,5117203,9,9,Toody Merrill &#129528;BMTR RACING)&#129293; (CU),0,1002137,5117203.9,29,652753400009,4200.003,4200.003,0.002,,0.0,0,,,,00dd00,,,0,D,165,us,0,0,0,0,58.5,3,1,10,Jnr,0,,20,20,0,0,0,121,0.0,0,107,1.8,1.9,112,0,2.0,2.6,3.4,3.5,4.4,6.0,6.0,118.0,154.0,197.0,204.0,260.0,353.0,353.0,0,0,,1,,,,0,,-1,"SROZs Contenders, Pretenders, & Rear-Enders ",TYPE_RIDE,0,2025/09/25,1917017591,,4200,1002137
,201,1,,1,5117183,26,1,Yardi Agresta ,0,1815308,5117183.26,32,652748400001,2194.518,2194.518,0,,0.0,0,2873,,TEAM BMTR ,bbbbbb,000000,aaaaaa,0,A,167,za,170,182,0,1,53.5,3,1,10,Vet,0,,20,20,0,0,0,177,0.99,54,168,3.1,3.0,163,0,3.2,3.4,3.9,4.6,6.1,6.5,6.7,172.0,182.0,207.0,244.0,325.0,347.0,361.0,0,0,,1,,,,0,,-1,WTRL Team Time Trial - Zone 11,TYPE_TEAM_TIME_TRIAL TYPE_RACE ,25,2025/09/25,1453570384,1,,1815308
,207,1,,4,5114994,15,0,Toody Merrill &#129528;BMTR RACING)&#129293; (CU),0,1002137,5114994.15,161,652462500015,3600.008,3600.008,0.0,,0.0,0,,,,00dd00,,,0,N/A,165,us,0,0,0,0,58.5,3,1,10,Jnr,0,,20,20,0,0,0,106,0.0,0,97,1.7,1.8,105,0,1.9,2.0,2.4,2.6,3.0,3.3,3.3,111.0,118.0,142.0,153.0,174.0,196.0,196.0,0,0,,1,,,,0,,-1,REVO Social SUB2,TYPE_RIDE,0,2025/09/23,3366225080,,3600,1002137
,207,1,,3,5088579,23,1,Toody Merrill &#129528;BMTR RACING)&#129293; (CU),0,1002137,5088579.23,15,648580100001,1937.348,1937.468,0.0,,0.0,0,,,,00dd00,,,0,C,165,us,168,190,0,1,58.5,3,1,10,Jnr,0,,20,20,325.01,0,55.00,204,1.18,49,198,3.4,3.2,190,0,3.4,3.9,4.7,4.9,5.5,6.7,7.5,200.0,231.0,275.0,286.0,324.0,393.0,441.0,0,0,,1,,,,0,,-1,Stage 4: Rolling With ENVE: Queens Highway After Party,TYPE_RACE TYPE_RACE ,20,2025/09/23,87631443,1,,1002137
,207,1,,4,5113778,82,25,Toody Merrill &#129528;BMTR RACING)&#129293; (CU),0,1002137,5113778.82,26,652311600025,3600.011,3600.191,0.703,,0.0,0,,,,00dd00,,,0,D,165,us,110,127,0,1,58.5,3,1,10,Jnr,0,,20,20,0,0,0,118,0.93,63,102,1.7,1.6,96,0,1.7,1.9,2.6,3.7,4.8,5.6,5.6,102.0,110.0,152.0,215.0,281.0,326.0,326.0,0,0,,1,,,,0,,-1,BMTR Short Adventure,TYPE_RIDE,0,2025/09/22,468624015,,3600,1002137
,201,1,,3,5112641,19,19,Yardi Agresta ,0,1815308,5112641.19,26,652151000019,5400.006,5400.006,0.856,,0.0,0,2873,,TEAM BMTR ,bbbbbb,000000,aaaaaa,0,C,167,za,140,168,0,1,53.5,3,1,10,Vet,0,,20,20,0,0,0,148,0.96,55,134,2.5,2.7,144,0,2.8,3.3,4.2,4.6,5.5,6.7,6.7,152.0,175.0,225.0,248.0,293.0,358.0,358.0,0,0,,1,,,,0,,-1,BMTR Short Adventure,TYPE_RIDE,0,2025/09/21,2746475460,,5400,1815308
,201,1,,3,5111711,23,23,Yardi Agresta ,0,1815308,5111711.23,34,652022900023,9687.783,9687.783,71.451,,0.0,0,2873,,TEAM BMTR ,bbbbbb,000000,aaaaaa,0,C,167,za,142,167,0,1,53.5,3,1,10,Vet,0,,20,20,0,0,0,148,0.99,54,140,2.6,2.6,143,0,2.8,3.3,3.9,4.5,5.8,6.8,6.8,151.0,174.0,210.0,240.0,312.0,365.0,365.0,0,0,,1,,,,0,,-1,Giant Bagel Rolls Ride,TYPE_RIDE,100,2025/09/20,3378411990,,,1815308
,201,1,,3,5109997,28,4,Yardi Agresta ,0,1815308,5109997.28,19,651777200004,2590.133,2590.253,1.591,,0.0,0,2873,,TEAM BMTR ,bbbbbb,000000,aaaaaa,0,C,167,za,162,176,0,1,53.5,3,1,10,Vet,0,,20,20,0,0,0,177,1.04,51,168,3.1,3.0,161,0,3.2,3.6,4.1,4.4,4.7,5.0,5.6,170.0,190.0,217.0,234.0,249.0,269.0,299.0,0,0,,1,,,,0,,-1,WTRL Team Time Trial - Zone 12,TYPE_TEAM_TIME_TRIAL TYPE_RACE ,28,2025/09/18,107363867,3,,1815308
,207,1,,4,5109981,4,4,Toody Merrill &#129528;BMTR RACING)&#129293; (CU),0,1002137,5109981.4,206,651774600004,4200.001,4200.001,0.001,,0.0,0,,,,00dd00,,,0,D,165,us,107,130,0,1,58.5,3,1,10,Jnr,0,,20,20,0,0,0,109,0.91,64,97,1.7,1.8,107,0,1.9,2.3,2.8,3.2,3.7,3.8,3.8,113.0,137.0,164.0,185.0,216.0,225.0,225.0,0,0,,1,,,,0,,-1,"SROZs Contenders, Pretenders, & Rear-Enders ",TYPE_RIDE,0,2025/09/18,1917017591,,4200,1002137
,201,1,,3,5109961,73,24,Yardi Agresta ,0,1815308,5109961.73,18,651769800024,2554.91,2555.03,331.726,,0.0,0,2873,,TEAM BMTR ,bbbbbb,000000,aaaaaa,0,C,167,za,164,173,0,1,53.5,3,1,10,Vet,0,,20,20,0,0,0,182,1.05,50,173,3.2,3.0,165,0,3.3,3.6,4.1,4.7,5.1,6.0,6.8,174.0,191.0,220.0,250.0,272.0,319.0,366.0,0,0,,1,,,,0,,-1,WTRL Team Time Trial - Zone 11,TYPE_TEAM_TIME_TRIAL TYPE_RACE ,28,2025/09/18,107363867,3,,1815308
,201,1,,3,5108903,53,25,Yardi Agresta ,0,1815308,5108903.53,62,651631300025,3600.011,3600.071,0.011,,0.0,0,2873,,TEAM BMTR ,bbbbbb,000000,aaaaaa,0,C,167,za,135,158,0,1,53.5,3,1,10,Vet,0,,20,20,0,0,0,135,0.9,59,122,2.3,2.3,123,0,2.4,2.7,3.1,3.8,4.4,5.5,5.5,130.0,145.0,167.0,201.0,234.0,295.0,295.0,0,0,,1,,,,0,,-1,BMTR Short Adventure,TYPE_RIDE,0,2025/09/17,3378411990,,3600,1815308
,207,1,,4,5108903,90,4,Toody Merrill &#129528;BMTR RACING)&#129293; (CU),0,1002137,5108903.90,170,651631400004,3600.002,3600.122,0.002,,0.0,0,,,,00dd00,,,0,D,165,us,115,144,0,1,58.5,3,1,10,Jnr,0,,20,20,0,0,0,114,0.89,65,102,1.7,1.9,112,0,2.0,2.3,2.6,2.9,3.3,3.6,3.6,118.0,135.0,155.0,172.0,195.0,211.0,211.0,0,0,,1,,,,0,,-1,BMTR Short Adventure,TYPE_RIDE,0,2025/09/17,3378411990,,3600,1002137
,233,0,,3,5108903,33,5,Blopa&reg;,0,1714370,5108903.33,0,651631300005,3600.002,3600.062,0.002,,0.0,1,2873,,TEAM BMTR ,bbbbbb,000000,aaaaaa,0,C,182,uy,129,148,0,1,66.9,3,1,1,Mas,0,,20,0,0,0,0,162,1.22,54,157,2.4,2.3,159,0,2.5,2.6,2.9,3.6,3.8,3.9,4.0,168.0,174.0,192.0,239.0,254.0,258.0,270.0,0,0,,1,,,,0,,-1,BMTR Short Adventure,TYPE_RIDE,0,2025/09/17,3378411990,,3600,1714370
,201,1,,5,5108893,4,4,Yardi Agresta ,0,1815308,5108893.4,23,651628600004,1800.001,1800.001,0.001,,0.0,0,2873,,TEAM BMTR ,bbbbbb,000000,aaaaaa,0,E,167,za,151,158,0,1,53.5,3,1,10,Vet,0,,20,20,0,0,0,140,0.89,59,135,2.5,2.4,0,1,,2.8,2.9,2.9,3.5,4.1,4.1,,151.0,153.0,156.0,186.0,218.0,218.0,0,0,,1,,,,0,,-1,BMTR Banded Warmup,TYPE_RIDE,0,2025/09/17,1993374659,,1800,1815308
,201,1,,2,5088532,28,8,Yardi Agresta ,0,1815308,5088532.28,16,648558100008,1669.517,1669.577,3.024,,0.0,0,2873,,TEAM BMTR ,bbbbbb,000000,aaaaaa,0,B,167,za,173,184,0,1,53.5,3,1,10,Vet,0,,20,20,323.40,347.87,12.48,207,1.16,46,200,3.7,3.5,190,0,3.7,4.4,4.9,5.2,5.5,6.1,6.4,200.0,234.0,263.0,278.0,293.0,329.0,341.0,0,0,,1,,,,0,,-1,Stage 3: Rolling With ENVE: Jurassic Coast,TYPE_RACE TYPE_RACE ,20,2025/09/17,4009130866,1,,1815308
,201,1,,4,5107181,7,7,Yardi Agresta ,0,1815308,5107181.7,26,651425700007,3600.004,3600.004,0.004,,0.0,0,2873,,TEAM BMTR ,bbbbbb,000000,aaaaaa,0,D,167,za,126,165,0,1,53.5,3,1,10,Vet,0,,20,20,0,0,0,133,0.87,61,109,2.0,2.4,129,0,2.5,3.8,4.0,4.2,4.4,4.7,4.7,136.0,203.0,215.0,227.0,234.0,254.0,254.0,0,0,,1,,,,0,,-1,Nosco Foundation Social Ride p/b Liv Cycling,TYPE_RIDE,0,2025/09/16,3366225080,,3600,1815308
,201,1,,2,5112893,16,16,Yardi Agresta ,0,1815308,5112893.16,20,652203900016,2308.704,2308.704,160.642,,0.0,0,2873,,TEAM BMTR ,bbbbbb,000000,aaaaaa,0,B,167,za,162,171,0,1,53.5,3,1,10,Vet,0,,20,20,0,0,0,186,1.1,48,179,3.3,3.2,173,0,3.4,3.6,3.9,4.4,4.8,5.7,6.6,183.0,194.0,207.0,234.0,257.0,304.0,355.0,0,0,,1,,,,0,,-1,Zwift Racing League: Coast Clash -  Open Topaz Division 1,TYPE_TEAM_TIME_TRIAL,26,2025/09/16,3680493479,1,,1815308
,207,1,,4,5107160,6,0,Toody Merrill &#129528;BMTR RACING)&#129293; (CU),0,1002137,5107160.6,165,651421800006,3600.008,3600.008,0.0,,0.0,0,,,,00dd00,,,0,N/A,165,us,0,0,0,0,58.5,3,1,10,Jnr,0,,20,20,0,0,0,112,0.0,0,102,1.7,1.8,110,0,2.0,2.3,2.6,2.9,3.1,3.5,3.5,116.0,134.0,155.0,168.0,182.0,207.0,207.0,0,0,,1,,,,0,,-1,REVO Social SUB2,TYPE_RIDE,0,2025/09/16,3366225080,,3600,1002137
,207,1,,4,5106028,88,26,Toody Merrill &#129528;BMTR RACING)&#129293; (CU),0,1002137,5106028.88,190,651266500026,3600.013,3600.193,0.012,,0.0,0,,,,00dd00,,,0,D,165,us,117,143,0,1,58.5,3,1,10,Jnr,0,,20,20,0,0,0,144,0.88,66,103,1.8,1.8,106,0,1.9,2.4,3.3,4.5,6.3,7.4,7.4,112.0,140.0,192.0,265.0,370.0,435.0,435.0,0,0,,1,,,,0,,-1,BMTR Short Adventure,TYPE_RIDE,0,2025/09/15,1917017591,,3600,1002137
,201,1,,3,5106028,16,16,Yardi Agresta ,0,1815308,5106028.16,26,651266400015,3600.006,3600.126,0.006,,0.0,0,2873,,TEAM BMTR ,bbbbbb,000000,aaaaaa,0,C,167,za,139,164,0,1,53.5,3,1,10,Vet,0,,20,20,0,0,0,143,0.97,55,135,2.5,2.5,136,0,2.7,3.1,3.6,4.4,5.0,5.3,5.3,144.0,167.0,192.0,237.0,270.0,282.0,282.0,0,0,,1,,,,0,,-1,BMTR Short Adventure,TYPE_RIDE,0,2025/09/15,1917017591,,3600,1815308
,201,1,,3,5104204,27,27,Yardi Agresta ,0,1815308,5104204.27,40,651054800027,5400.018,5400.018,0.017,,0.0,0,2873,,TEAM BMTR ,bbbbbb,000000,aaaaaa,0,C,167,za,138,166,0,1,53.5,3,1,10,Vet,0,,20,20,0,0,0,145,0.96,55,132,2.5,2.5,136,0,2.7,2.8,3.3,4.5,6.1,7.5,7.5,144.0,152.0,179.0,241.0,328.0,402.0,402.0,0,0,,1,,,,0,,-1,BMTR Short Adventure,TYPE_RIDE,0,2025/09/14,240388043,,5400,1815308
,233,0,,3,5104204,9,9,Blopa&reg;,0,1714370,5104204.9,0,651054800009,5400.007,5400.007,0.006,,0.0,1,2873,,TEAM BMTR ,bbbbbb,000000,aaaaaa,0,C,182,uy,125,162,0,1,66.9,3,1,1,Mas,0,,20,0,0,0,0,169,1.24,53,155,2.3,2.4,166,0,2.6,3.0,3.6,4.5,6.6,9.8,11.8,175.0,199.0,239.0,304.0,444.0,657.0,791.0,0,0,,1,,,,0,,-1,BMTR Short Adventure,TYPE_RIDE,0,2025/09/14,240388043,,5400,1714370
,233,0,,3,5102506,31,3,Blopa&reg;,0,1714370,5102506.31,0,650811000003,5400.002,5400.062,0.001,,0.0,1,2873,,TEAM BMTR ,bbbbbb,000000,aaaaaa,0,C,182,uy,135,154,0,1,66.9,3,1,1,Mas,0,,20,0,0,0,0,172,1.22,54,165,2.5,2.6,173,0,2.7,2.9,3.0,3.2,3.5,3.6,4.0,183.0,194.0,202.0,213.0,231.0,240.0,270.0,0,0,,1,,,,0,,-1,BMTR Short Adventure ,TYPE_RIDE,0,2025/09/12,1656629976,,3600,1714370
,201,1,,3,5102506,46,18,Yardi Agresta ,0,1815308,5102506.46,26,650811000018,5400.016,5400.076,0.015,,0.0,0,2873,,TEAM BMTR ,bbbbbb,000000,aaaaaa,0,C,167,za,149,162,0,1,53.5,3,1,10,Vet,0,,20,20,0,0,0,145,0.95,56,142,2.7,2.6,142,0,2.8,3.0,3.1,3.4,3.5,3.7,3.7,150.0,159.0,167.0,182.0,188.0,199.0,199.0,0,0,,1,,,,0,,-1,BMTR Short Adventure ,TYPE_RIDE,0,2025/09/12,1656629976,,3600,1815308
,207,1,,4,5102506,63,1,Toody Merrill &#129528;BMTR RACING)&#129293; (CU),0,1002137,5102506.63,40,650811100001,3600.0,3600.12,0.0,,0.0,0,,,,00dd00,,,0,D,165,us,118,142,0,1,58.5,3,1,10,Jnr,0,,20,20,0,0,0,124,0.89,65,105,1.8,1.9,111,0,2.0,2.5,3.3,3.9,5.4,6.8,6.8,117.0,147.0,192.0,228.0,315.0,396.0,396.0,0,0,,1,,,,0,,-1,BMTR Short Adventure ,TYPE_RIDE,0,2025/09/12,1656629976,,3600,1002137
,201,1,,5,5102502,26,26,Yardi Agresta ,0,1815308,5102502.26,24,650810500026,1800.029,1800.029,0.028,,0.0,0,2873,,TEAM BMTR ,bbbbbb,000000,aaaaaa,0,E,167,za,155,166,0,1,53.5,3,1,10,Vet,0,,20,20,0,0,0,157,0.95,56,148,2.8,2.6,0,1,,3.2,3.4,3.4,3.6,3.9,3.9,,170.0,181.0,184.0,195.0,208.0,208.0,0,0,,1,,,,0,,-1,BMTR Banded Warmup,TYPE_RIDE,0,2025/09/12,4159356920,,1800,1815308
,201,1,,3,5101664,33,4,Yardi Agresta ,0,1815308,5101664.33,31,650688500004,2134.737,2134.857,0.943,,0.0,0,2873,,TEAM BMTR ,bbbbbb,000000,aaaaaa,0,C,167,za,163,174,0,1,53.5,3,1,10,Vet,0,,20,20,0,0,0,169,1.0,53,163,3.1,2.9,157,0,3.1,3.3,3.7,4.0,4.4,4.5,6.1,166.0,177.0,199.0,214.0,233.0,243.0,328.0,0,0,,1,,,,0,,-1,WTRL Team Time Trial - Zone 12,TYPE_TEAM_TIME_TRIAL TYPE_RACE ,25,2025/09/11,986252325,1,,1815308
,207,1,,4,5101649,1,1,Toody Merrill &#129528;BMTR RACING)&#129293; (CU),0,1002137,5101649.1,163,650686000001,4200.0,4200.0,0.0,,0.0,0,,,,00dd00,,,0,D,165,us,112,142,0,1,58.5,3,1,10,Jnr,0,,20,20,0,0,0,110,0.82,71,92,1.6,1.7,103,0,1.9,2.5,3.2,4.0,4.3,4.9,5.9,109.0,145.0,185.0,235.0,254.0,284.0,343.0,0,0,,1,,,,0,,-1,"SROZs Contenders, Pretenders, & Rear-Enders ",TYPE_RIDE,0,2025/09/11,1917017591,,4200,1002137
,201,1,,3,5101629,78,20,Yardi Agresta ,0,1815308,5101629.78,22,650681200020,2080.852,2080.972,234.087,,0.0,0,2873,,TEAM BMTR ,bbbbbb,000000,aaaaaa,0,C,167,za,167,183,0,1,53.5,3,1,10,Vet,0,,20,20,0,0,0,184,1.06,50,177,3.3,3.2,171,0,3.4,3.7,4.3,4.7,5.0,5.2,5.3,180.0,199.0,230.0,254.0,265.0,280.0,286.0,0,0,,1,,,,0,,-1,WTRL Team Time Trial - Zone 11,TYPE_TEAM_TIME_TRIAL TYPE_RACE ,25,2025/09/11,986252325,1,,1815308
,207,1,,4,5100473,99,9,Toody Merrill &#129528;BMTR RACING)&#129293; (CU),0,1002137,5100473.99,190,650530300009,3600.002,3600.122,0.002,,0.0,0,,,,00dd00,,,0,D,165,us,112,132,0,1,58.5,3,1,10,Jnr,0,,20,20,0,0,0,108,0.84,69,94,1.6,1.6,97,0,1.8,1.9,2.4,3.0,3.8,4.5,4.5,103.0,112.0,141.0,176.0,225.0,265.0,265.0,0,0,,1,,,,0,,-1,BMTR Short Adventure,TYPE_RIDE,0,2025/09/10,2474227587,,3600,1002137
,201,1,,3,5100473,64,33,Yardi Agresta ,0,1815308,5100473.64,26,650530200033,3600.018,3600.078,0.018,,0.0,0,2873,,TEAM BMTR ,bbbbbb,000000,aaaaaa,0,C,167,za,143,161,0,1,53.5,3,1,10,Vet,0,,20,20,0,0,0,143,0.94,57,134,2.5,2.4,132,0,2.6,3.2,3.5,3.7,4.8,5.0,5.0,139.0,170.0,189.0,199.0,258.0,270.0,270.0,0,0,,1,,,,0,,-1,BMTR Short Adventure,TYPE_RIDE,0,2025/09/10,2474227587,,3600,1815308
,233,0,,3,5100473,38,7,Blopa&reg;,0,1714370,5100473.38,0,650530200007,3600.002,3600.062,0.002,,0.0,1,2873,,TEAM BMTR ,bbbbbb,000000,aaaaaa,0,C,182,uy,130,140,0,1,66.9,3,1,1,Mas,0,,20,0,0,0,0,164,1.23,54,160,2.4,2.3,156,0,2.5,2.6,2.8,3.2,3.8,4.3,4.6,165.0,177.0,190.0,217.0,256.0,287.0,307.0,0,0,,1,,,,0,,-1,BMTR Short Adventure,TYPE_RIDE,0,2025/09/10,2474227587,,3600,1714370
,201,1,,4,5099286,19,19,Yardi Agresta ,0,1815308,5099286.19,30,650378500019,3600.017,3600.017,0.017,,0.0,0,2873,,TEAM BMTR ,bbbbbb,000000,aaaaaa,0,D,167,za,131,161,0,1,53.5,3,1,10,Vet,0,,20,20,0,0,0,116,0.76,70,100,1.9,2.1,114,0,2.3,3.0,3.2,3.5,4.0,4.1,4.1,121.0,162.0,169.0,185.0,212.0,220.0,220.0,0,0,,1,,,,0,,-1,Nosco Foundation Social Ride p/b Liv Cycling,TYPE_RIDE,0,2025/09/09,3366225080,,3600,1815308
,201,1,,2,5088234,51,20,Yardi Agresta ,0,1815308,5088234.51,19,648410300020,1991.683,1991.743,49.11,,0.0,0,2873,,TEAM BMTR ,bbbbbb,000000,aaaaaa,0,B,167,za,169,182,0,1,53.5,3,1,10,Vet,0,,20,20,385.78,323.49,0,197,1.14,47,192,3.6,3.4,186,0,3.7,3.9,4.7,4.8,5.2,5.7,6.0,196.0,211.0,251.0,256.0,280.0,307.0,323.0,0,0,,1,,,,0,,-1,Stage 2: Rolling With ENVE: BRAEk-fast Crits and Grits,TYPE_RACE TYPE_RACE ,22,2025/09/09,377566656,1,,1815308
,201,1,,3,5098167,31,31,Yardi Agresta ,0,1815308,5098167.31,26,650240800031,3600.013,3600.133,0.012,,0.0,0,2873,,TEAM BMTR ,bbbbbb,000000,aaaaaa,0,C,167,za,148,169,0,1,53.5,3,1,10,Vet,0,,20,20,0,0,0,153,0.95,56,141,2.6,2.6,142,0,2.8,3.2,3.6,4.9,5.6,5.8,5.8,150.0,170.0,194.0,262.0,301.0,312.0,312.0,0,0,,1,,,,0,,-1,BMTR Short Adventure,TYPE_RIDE,0,2025/09/08,3261167746,,3600,1815308
,233,0,,3,5093724,39,17,Blopa&reg;,0,1714370,5093724.39,0,649620500017,3600.008,3600.068,0.007,,0.0,1,2873,,TEAM BMTR ,bbbbbb,000000,aaaaaa,0,C,182,uy,125,147,0,1,66.9,3,1,1,Mas,0,,20,0,0,0,0,157,1.19,56,149,2.2,2.2,149,0,2.3,2.5,2.7,3.0,3.5,4.0,4.1,157.0,166.0,181.0,202.0,236.0,266.0,273.0,0,0,,1,,,,0,,-1,BMTR Short Adventure,TYPE_RIDE,0,2025/09/03,2474227587,,3600,1714370
,207,1,,4,5092531,10,0,Toody Merrill &#129528;BMTR RACING)&#129293; (CU),0,1002137,5092531.10,50,649396100010,3600.006,3600.006,0.0,,0.0,0,,,,00dd00,,,0,N/A,165,us,115,144,0,1,58.5,3,1,10,Jnr,0,,20,20,0,0,0,112,0.86,67,99,1.7,1.7,104,0,1.9,2.1,2.6,3.3,3.5,4.2,4.2,110.0,121.0,155.0,193.0,205.0,244.0,244.0,0,0,,1,,,,0,,-1,REVO Social SUB2,TYPE_RIDE,0,2025/09/02,1064303857,,3600,1002137
,201,1,,3,5091574,55,55,Yardi Agresta ,0,1815308,5091574.55,25,649269800055,3600.029,3600.149,0.029,,0.0,0,2873,,TEAM BMTR ,bbbbbb,000000,aaaaaa,0,C,167,za,145,160,0,1,53.5,3,1,10,Vet,0,,20,20,0,0,0,142,0.95,56,138,2.6,2.5,134,0,2.7,2.9,3.1,3.2,3.4,3.8,3.8,142.0,154.0,165.0,169.0,184.0,204.0,204.0,0,0,,1,,,,0,,-1,BMTR Short Adventure,TYPE_RIDE,0,2025/09/01,3974965857,,3600,1815308
,201,1,,5,5091177,16,16,Yardi Agresta ,0,1815308,5091177.16,42,649223100016,2753.354,2753.354,1.461,,0.0,0,2873,,TEAM BMTR ,bbbbbb,000000,aaaaaa,0,E,167,za,160,196,0,1,53.5,3,1,10,Vet,0,,20,20,0,0,0,147,0.87,61,139,2.6,2.7,145,0,2.9,3.1,4.0,5.0,5.3,5.5,5.5,153.0,166.0,215.0,268.0,285.0,294.0,294.0,0,0,,1,,,,0,,-1,Soraya Paladins French Roads Rehab Ride,TYPE_RIDE,24,2025/08/29,1776635757,,,1815308
,207,1,,1,5086491,5,5,Toody Merrill &#129528;BMTR RACING)&#129293; (CU),0,1002137,5086491.5,16,648094200005,2159.737,2159.737,0.605,,0.0,0,,,,00dd00,,,0,A,165,us,137,183,0,1,58.5,3,1,10,Jnr,0,,20,20,0,0,0,188,1.38,42,189,3.2,3.0,180,0,3.2,3.5,4.2,4.8,5.1,5.5,5.6,190.0,207.0,248.0,281.0,301.0,319.0,326.0,0,0,,1,,,,0,,-1,WTRL Team Time Trial - Zone 12,TYPE_TEAM_TIME_TRIAL,25,2025/08/28,1776635757,1,,1002137
,207,1,,4,5085461,98,11,Toody Merrill &#129528;BMTR RACING)&#129293; (CU),0,1002137,5085461.98,26,647937400011,3600.005,3600.125,0.802,,0.0,0,,,,00dd00,,,0,D,165,us,119,141,0,1,58.5,3,1,10,Jnr,0,,20,20,0,0,0,117,0.88,66,105,1.8,1.8,105,0,1.9,2.1,2.7,4.0,5.8,7.3,7.3,111.0,125.0,158.0,233.0,342.0,428.0,428.0,0,0,,1,,,,0,,-1,BMTR Short Adventure,TYPE_RIDE,0,2025/08/27,1776635757,,3600,1002137
,201,1,,3,5085461,51,26,Yardi Agresta ,0,1815308,5085461.51,26,647937300026,3600.01,3600.07,0.01,,0.0,0,2873,,TEAM BMTR ,bbbbbb,000000,aaaaaa,0,C,167,za,146,167,0,1,53.5,3,1,10,Vet,0,,20,20,0,0,0,142,0.88,60,129,2.4,2.5,134,0,2.7,3.1,3.4,4.4,5.5,6.1,6.1,142.0,165.0,180.0,236.0,292.0,329.0,329.0,0,0,,1,,,,0,,-1,BMTR Short Adventure,TYPE_RIDE,0,2025/08/27,1776635757,,3600,1815308
,233,0,,3,5085461,45,20,Blopa&reg;,0,1714370,5085461.45,0,647937300017,3600.007,3600.067,0.007,,0.0,1,2873,,TEAM BMTR ,bbbbbb,000000,aaaaaa,0,C,182,uy,126,166,0,1,67.2,3,1,1,Mas,0,,20,0,0,0,0,176,1.27,52,160,2.4,2.3,158,0,2.5,2.7,3.6,4.9,7.4,9.6,10.5,167.0,184.0,245.0,327.0,497.0,642.0,708.0,0,0,,1,,,,0,,-1,BMTR Short Adventure,TYPE_RIDE,0,2025/08/27,1776635757,,3600,1714370
,201,1,,5,5085451,4,4,Yardi Agresta ,0,1815308,5085451.4,22,647934600004,1800.0,1800.0,0.41,,0.0,0,2873,,TEAM BMTR ,bbbbbb,000000,aaaaaa,0,E,167,za,135,143,0,1,53.5,3,1,10,Vet,0,,20,20,0,0,0,109,0.78,68,105,2.0,1.8,0,1,,2.0,2.2,2.3,2.6,2.7,2.7,,109.0,117.0,125.0,138.0,145.0,145.0,0,0,,1,,,,0,,-1,BMTR Banded Warmup,TYPE_RIDE,0,2025/08/27,1600198346,,1800,1815308
,201,1,,3,5085438,10,10,Yardi Agresta ,0,1815308,5085438.10,41,647931800010,3600.025,3600.025,0.017,,0.0,0,2873,,TEAM BMTR ,bbbbbb,000000,aaaaaa,0,C,167,za,163,187,0,1,53.5,3,1,10,Vet,0,,20,20,0,0,0,167,0.93,57,151,2.8,2.8,153,0,3.0,4.2,4.6,4.8,4.8,4.9,4.9,162.0,223.0,246.0,255.0,257.0,262.0,262.0,0,0,,1,,,,0,,-1,Giant Wednesday Breakfast Roll,TYPE_RIDE,0,2025/08/27,1064303857,,3600,1815308
,207,1,,4,5084487,14,0,Toody Merrill &#129528;BMTR RACING)&#129293; (CU),0,1002137,5084487.14,26,647805400014,3600.009,3600.009,0.0,,0.0,0,,,,00dd00,,,0,N/A,165,us,125,150,0,1,58.5,3,1,10,Jnr,0,,20,20,0,0,0,118,0.89,65,111,1.9,2.0,116,0,2.1,2.5,2.8,3.4,4.1,4.6,4.6,123.0,144.0,164.0,200.0,237.0,268.0,268.0,0,0,,1,,,,0,,-1,REVO Social SUB2,TYPE_RIDE,0,2025/08/26,1064303857,,3600,1002137
,201,1,,4,5077667,19,19,Yardi Agresta ,0,1815308,5077667.19,40,646877000021,3600.015,3600.015,0.015,,0.0,0,2873,,TEAM BMTR ,bbbbbb,000000,aaaaaa,0,D,167,za,122,150,0,1,53.5,3,1,10,Vet,0,,20,20,0,0,0,108,0.79,68,96,1.8,1.8,99,0,2.0,2.6,2.9,3.2,3.7,4.2,4.2,105.0,141.0,156.0,171.0,196.0,227.0,227.0,0,0,,1,,,,0,,-1,HCC Wellness Ride p/b Pinarello,TYPE_RIDE,0,2025/08/25,319138658,,3600,1815308
,201,1,,3,5083576,2,2,Yardi Agresta ,0,1815308,5083576.2,26,647688500002,3600.0,3600.12,0,,0.0,0,2873,,TEAM BMTR ,bbbbbb,000000,aaaaaa,0,C,167,za,140,167,0,1,53.5,3,1,10,Vet,0,,20,20,0,0,0,139,0.9,59,126,2.4,2.4,131,0,2.6,3.2,4.0,4.4,4.7,5.2,5.2,138.0,169.0,213.0,233.0,252.0,278.0,278.0,0,0,,1,,,,0,,-1,BMTR Short Adventure,TYPE_RIDE,0,2025/08/25,3367186349,,3600,1815308
,201,1,,3,5083559,2,0,Yardi Agresta ,0,1815308,5083559.2,41,647685600002,3600.004,3600.004,0,,0.0,0,2873,,TEAM BMTR ,bbbbbb,000000,aaaaaa,0,N/A,167,za,140,166,0,1,53.5,3,1,10,Vet,0,,20,20,0,0,0,141,0.96,55,134,2.5,2.4,133,0,2.6,3.0,3.8,4.0,4.9,5.5,5.5,140.0,159.0,201.0,212.0,262.0,294.0,294.0,0,0,,1,,,,0,,-1,SZR Lazy Birdies,TYPE_RIDE,0,2025/08/25,2474227587,,3600,1815308
,207,1,,3,5082655,17,17,Toody Merrill &#129528;BMTR RACING)&#129293; (CU),0,1002137,5082655.17,1097,647573100017,7200.01,7200.01,0.01,,0.0,0,,,,00dd00,,,0,C,165,us,110,167,0,1,58.5,3,1,10,Jnr,0,,20,20,0,0,0,153,1.06,55,117,2.0,2.6,153,0,2.8,3.1,3.3,4.0,4.2,4.3,4.3,162.0,184.0,196.0,235.0,243.0,252.0,252.0,0,0,,1,,,,0,,-1,BMTR LANDER Alpe Memorial Tribute Ride,TYPE_RIDE,0,2025/08/24,2663908549,,7200,1002137
,233,0,,3,5082655,10,10,Blopa&reg;,0,1714370,5082655.10,0,647573100010,7200.005,7200.005,0.005,,0.0,1,2873,,TEAM BMTR ,bbbbbb,000000,aaaaaa,0,C,182,uy,127,147,0,1,67.2,3,1,1,Mas,0,,20,0,0,0,0,167,1.16,58,147,2.2,2.6,174,0,2.7,2.9,3.0,3.1,3.6,4.5,5.2,184.0,193.0,201.0,206.0,240.0,305.0,347.0,0,0,,1,,,,0,,-1,BMTR LANDER Alpe Memorial Tribute Ride,TYPE_RIDE,0,2025/08/24,2663908549,,7200,1714370
,201,1,,3,5082655,14,14,Yardi Agresta ,0,1815308,5082655.14,908,647573100014,7200.007,7200.007,0.007,,0.0,0,2873,,TEAM BMTR ,bbbbbb,000000,aaaaaa,0,C,167,za,145,167,0,1,53.5,3,1,10,Vet,0,,20,20,0,0,0,146,0.85,63,123,2.3,2.9,159,0,3.1,3.3,3.4,3.7,3.9,4.0,4.0,168.0,176.0,184.0,198.0,209.0,212.0,212.0,0,0,,1,,,,0,,-1,BMTR LANDER Alpe Memorial Tribute Ride,TYPE_RIDE,0,2025/08/24,2663908549,,7200,1815308
,233,0,,3,5081023,30,3,Blopa&reg;,0,1714370,5081023.30,0,647344700003,5400.003,5400.063,0.003,,0.0,1,2873,,TEAM BMTR ,bbbbbb,000000,aaaaaa,0,C,182,uy,130,150,0,1,67.2,3,1,1,Mas,0,,20,0,0,0,0,163,1.21,55,157,2.3,2.5,169,0,2.7,2.9,3.2,3.4,3.7,3.9,4.6,178.0,196.0,217.0,226.0,249.0,264.0,306.0,0,0,,1,,,,0,,-1,BMTR Short Adventure ,TYPE_RIDE,0,2025/08/22,3994934674,,3600,1714370
,207,1,,1,5080272,2,2,Toody Merrill &#129528;BMTR RACING)&#129293; (CU),0,1002137,5080272.2,16,647233100002,2220.876,2220.876,0.067,,0.0,0,,,,00dd00,,,0,A,165,us,0,0,0,0,58.5,3,1,10,Jnr,0,,20,20,0,0,0,189,0.0,0,185,3.2,3.0,179,0,3.2,3.5,3.8,4.7,6.1,7.9,9.7,189.0,205.0,221.0,277.0,358.0,460.0,570.0,0,0,,1,,,,0,,-1,WTRL Team Time Trial - Zone 12,TYPE_TEAM_TIME_TRIAL,25,2025/08/21,2644664789,1,,1002137
,201,1,,3,5080259,22,22,Yardi Agresta ,0,1815308,5080259.22,26,647231000022,3600.027,3600.027,0.026,,0.0,0,2873,,TEAM BMTR ,bbbbbb,000000,aaaaaa,0,C,167,za,106,164,0,1,53.5,3,1,10,Vet,0,,20,20,0,0,0,141,1.27,42,135,2.5,2.5,136,0,2.7,2.9,3.3,3.7,4.0,4.3,4.3,144.0,155.0,176.0,200.0,213.0,228.0,228.0,0,0,,1,,,,0,,-1,The Feed Community Ride: The Magnificent 8,TYPE_RIDE,0,2025/08/21,2207442179,,3600,1815308
,201,1,,4,5078499,26,26,Yardi Agresta ,0,1815308,5078499.26,27,646984200028,3600.026,3600.026,0.025,,0.0,0,2873,,TEAM BMTR ,bbbbbb,000000,aaaaaa,0,D,167,za,132,150,0,1,53.5,3,1,10,Vet,0,,20,20,0,0,0,113,0.83,64,109,2.0,2.0,108,0,2.1,2.4,2.7,2.9,3.5,3.9,3.9,114.0,127.0,142.0,154.0,188.0,209.0,209.0,0,0,,1,,,,0,,-1,Nosco Foundation Social Ride p/b Liv Cycling,TYPE_RIDE,0,2025/08/19,3366225080,,3600,1815308
,201,1,,2,5061437,56,22,Yardi Agresta ,0,1815308,5061437.56,16,644287700022,1980.603,1980.663,48.272,,0.0,0,2873,,TEAM BMTR ,bbbbbb,000000,aaaaaa,0,B,167,za,171,180,0,1,53.5,3,1,10,Vet,0,,20,20,384.62,323.49,0,200,1.13,47,194,3.6,3.5,188,0,3.7,4.1,4.3,4.8,6.1,6.3,6.3,198.0,217.0,231.0,256.0,327.0,338.0,339.0,0,0,,1,,,,0,,-1,Stage 3: Kick N Sprint: Sand and Sequoias,TYPE_RACE TYPE_RACE ,23,2025/08/19,604330868,1,,1815308
,201,1,,3,5077643,30,30,Yardi Agresta ,0,1815308,5077643.30,32,646873600030,3600.019,3600.139,0.019,,0.0,0,2873,,TEAM BMTR ,bbbbbb,000000,aaaaaa,0,C,167,za,144,171,0,1,53.5,3,1,10,Vet,0,,20,20,0,0,0,155,0.96,55,138,2.6,2.5,137,0,2.7,3.2,4.0,4.9,6.1,6.7,6.7,145.0,170.0,213.0,264.0,326.0,357.0,357.0,0,0,,1,,,,0,,-1,BMTR Short Adventure,TYPE_RIDE,0,2025/08/18,986252325,,3600,1815308
,201,1,,3,5077627,19,0,Yardi Agresta ,0,1815308,5077627.19,25,646870800019,3600.019,3600.019,0,,0.0,0,2873,,TEAM BMTR ,bbbbbb,000000,aaaaaa,0,N/A,167,za,145,168,0,1,53.5,3,1,10,Vet,0,,20,20,0,0,0,158,1.0,53,145,2.7,2.8,150,0,3.0,3.6,4.3,4.9,5.4,5.8,5.8,158.0,191.0,228.0,262.0,287.0,308.0,308.0,0,0,,1,,,,0,,-1,SZR Lazy Birdies,TYPE_RIDE,0,2025/08/18,3282611437,,3600,1815308
,233,0,,3,5075179,33,15,Blopa&reg;,0,1714370,5075179.33,0,646494600015,5400.013,5400.073,0.01,,0.0,1,2873,,TEAM BMTR ,bbbbbb,000000,aaaaaa,0,C,182,uy,132,149,0,1,67.2,3,1,1,Mas,0,,20,0,0,0,0,160,1.16,57,153,2.3,2.3,158,0,2.5,2.7,3.1,3.5,3.9,4.2,4.5,167.0,184.0,208.0,236.0,263.0,285.0,302.0,0,0,,1,,,,0,,-1,BMTR Short Adventure ,TYPE_RIDE,0,2025/08/15,3302953739,,3600,1714370
,233,0,,4,5061380,39,1,Blopa&reg;,0,1714370,5061380.39,0,644259400001,1739.935,1740.115,0,,0.0,1,2873,,TEAM BMTR ,bbbbbb,000000,aaaaaa,0,D,182,uy,163,180,0,1,67.2,3,1,1,Mas,0,,20,0,366.61,0,46.68,232,1.32,50,215,3.2,3.0,204,0,3.2,3.5,4.0,5.4,6.4,6.8,8.2,215.0,232.0,271.0,361.0,433.0,456.0,552.0,0,0,,1,,,,0,,-1,Stage 2: Kick N Sprint: Glasgow Crit Circuit,TYPE_RACE TYPE_RACE ,18,2025/08/14,3765339356,6,,1714370
,207,1,,4,5074343,12,12,Toody Merrill &#129528;BMTR RACING)&#129293; (CU),0,1002137,5074343.12,189,646374500012,4200.008,4200.008,0.005,,0.0,0,,,,00dd00,,,0,D,165,us,90,136,0,1,58.5,3,1,10,Jnr,0,,20,20,0,0,0,117,1.02,0,92,1.6,1.7,101,0,1.8,2.1,2.8,4.1,6.1,7.6,7.6,107.0,121.0,165.0,238.0,354.0,442.0,442.0,0,0,,1,,,,0,,-1,"SROZs Contenders, Pretenders, & Rear-Enders ",TYPE_RIDE,0,2025/08/14,1917017591,,4200,1002137
,233,0,,3,5073432,23,1,Blopa&reg;,0,1714370,5073432.23,0,646237400001,3600.0,3600.06,0,,0.0,1,2873,,TEAM BMTR ,bbbbbb,000000,aaaaaa,0,C,182,uy,133,147,0,1,67.2,3,1,1,Mas,0,,20,0,0,0,0,156,1.14,58,152,2.3,2.2,150,0,2.4,2.7,2.8,2.9,3.5,3.8,4.0,158.0,178.0,188.0,193.0,234.0,257.0,271.0,0,0,,1,,,,0,,-1,BMTR Short Adventure,TYPE_RIDE,0,2025/08/13,1656629976,,3600,1714370
,201,1,,3,5064532,5,1,Yardi Agresta ,0,1815308,5064532.5,31,644960800001,7296.975,7296.975,0,,0.0,0,2873,,TEAM BMTR ,bbbbbb,000000,aaaaaa,0,C,167,za,124,175,0,1,53.5,3,1,10,Vet,0,,20,20,0,323.49,0,178,1.37,39,170,3.2,3.2,171,0,3.4,3.8,4.0,4.5,5.9,6.7,7.1,180.0,201.0,213.0,240.0,318.0,358.0,379.0,0,0,,1,,,,0,,-1,Zwift Epic Race - London PRL Half,TYPE_RACE TYPE_RACE ,69,2025/08/13,764532081,1,,1815308
,201,1,,2,5061291,23,12,Yardi Agresta ,0,1815308,5061291.23,16,644214700012,1621.824,1621.884,4.408,,0.0,0,2873,,TEAM BMTR ,bbbbbb,000000,aaaaaa,0,B,167,za,164,180,0,1,53.5,3,1,10,Vet,0,,20,20,408.25,323.49,0,210,1.18,45,193,3.6,3.4,183,0,3.6,3.9,4.4,5.2,6.1,6.9,7.2,193.0,209.0,238.0,278.0,328.0,369.0,388.0,0,0,,1,,,,0,,-1,Stage 2: Kick N Sprint: Glasgow Crit Circuit,TYPE_RACE TYPE_RACE ,18,2025/08/12,3765339356,6,,1815308
,207,1,,4,5071599,1,1,Toody Merrill &#129528;BMTR RACING)&#129293; (CU),0,1002137,5071599.1,26,645958900001,3600.002,3600.002,0.0,,0.0,0,,,,00dd00,,,0,D,165,us,91,145,0,1,58.5,3,1,10,Jnr,0,,20,20,0,0,0,121,1.1,0,100,1.7,1.7,100,0,1.8,2.2,3.2,4.1,4.3,5.1,5.1,106.0,127.0,188.0,242.0,249.0,300.0,300.0,0,0,,1,,,,0,,-1,BMTR Misfits Social,TYPE_RIDE,0,2025/08/11,2128890027,,3600,1002137
,201,1,,3,5071426,43,43,Yardi Agresta ,0,1815308,5071426.43,40,645927500043,3600.032,3600.152,0.032,,0.0,0,2873,,TEAM BMTR ,bbbbbb,000000,aaaaaa,0,C,167,za,133,164,0,1,53.5,3,1,10,Vet,0,,20,20,0,0,0,154,1.06,50,141,2.6,2.5,138,0,2.7,3.1,3.6,4.4,5.4,6.1,6.1,146.0,168.0,193.0,234.0,288.0,324.0,324.0,0,0,,1,,,,0,,-1,BMTR Short Adventure,TYPE_RIDE,0,2025/08/11,1230300449,,3600,1815308
,201,1,,3,5070508,31,31,Yardi Agresta ,0,1815308,5070508.31,27,645808100031,5400.028,5400.028,0.028,,0.0,0,2873,,TEAM BMTR ,bbbbbb,000000,aaaaaa,0,C,167,za,128,165,0,1,53.5,3,1,10,Vet,0,,20,20,0,0,0,140,0.99,53,127,2.4,2.4,129,0,2.5,3.0,3.5,4.8,5.8,6.8,6.8,136.0,159.0,187.0,259.0,312.0,362.0,362.0,0,0,,1,,,,0,,-1,BMTR Short Adventure,TYPE_RIDE,0,2025/08/10,890800649,,5400,1815308
,233,0,,3,5070508,18,18,Blopa&reg;,0,1714370,5070508.18,0,645808100018,5400.013,5400.013,0.013,,0.0,1,2873,,TEAM BMTR ,bbbbbb,000000,aaaaaa,0,C,182,uy,128,164,0,1,67.2,3,1,1,Mas,0,,20,0,0,0,0,176,1.2,55,154,2.3,2.5,169,0,2.7,3.1,3.7,4.6,6.4,9.0,10.6,178.0,207.0,249.0,310.0,427.0,604.0,712.0,0,0,,1,,,,0,,-1,BMTR Short Adventure,TYPE_RIDE,0,2025/08/10,890800649,,5400,1714370
,201,1,,3,5068860,43,7,Yardi Agresta ,0,1815308,5068860.43,26,645576000007,5400.003,5400.063,0.002,,0.0,0,2873,,TEAM BMTR ,bbbbbb,000000,aaaaaa,0,C,167,za,133,170,0,1,53.5,3,1,10,Vet,0,,20,20,0,0,0,140,0.97,55,129,2.4,2.5,138,0,2.7,3.2,4.0,5.2,6.2,6.3,6.3,146.0,169.0,216.0,277.0,332.0,337.0,337.0,0,0,,1,,,,0,,-1,BMTR Short Adventure ,TYPE_RIDE,0,2025/08/08,1776635757,,3600,1815308
,233,0,,3,5068860,41,5,Blopa&reg;,0,1714370,5068860.41,0,645576000005,5400.003,5400.063,0.002,,0.0,1,2873,,TEAM BMTR ,bbbbbb,000000,aaaaaa,0,C,182,uy,135,145,0,1,67.2,3,1,1,Mas,0,,20,0,0,0,0,165,1.21,55,163,2.4,2.3,160,0,2.5,2.6,2.8,2.9,3.2,3.4,3.6,169.0,175.0,186.0,197.0,213.0,225.0,240.0,0,0,,1,,,,0,,-1,BMTR Short Adventure ,TYPE_RIDE,0,2025/08/08,1776635757,,3600,1714370
,201,1,,5,5068857,11,11,Yardi Agresta ,0,1815308,5068857.11,24,645575600011,1800.01,1800.01,0.01,,0.0,0,2873,,TEAM BMTR ,bbbbbb,000000,aaaaaa,0,E,167,za,135,155,0,1,53.5,3,1,10,Vet,0,,20,20,0,0,0,133,0.96,56,129,2.4,2.3,124,0,2.4,2.7,3.1,3.5,4.1,4.4,4.4,131.0,147.0,166.0,188.0,219.0,238.0,238.0,0,0,,1,,,,0,,-1,BMTR Banded Warmup,TYPE_RIDE,0,2025/08/08,1600198346,,1800,1815308
,201,1,,3,5068024,26,2,Yardi Agresta ,0,1815308,5068024.26,25,645457400002,3225.261,3225.381,0.045,,0.0,0,2873,,TEAM BMTR ,bbbbbb,000000,aaaaaa,0,C,167,za,154,166,0,1,53.5,3,1,10,Vet,0,,20,20,0,0,0,161,1.01,53,155,2.9,2.7,149,0,2.9,3.2,3.6,4.4,5.2,6.2,6.4,157.0,171.0,194.0,235.0,280.0,333.0,345.0,0,0,,1,,,,0,,-1,WTRL Team Time Trial - Zone 12,TYPE_TEAM_TIME_TRIAL TYPE_RACE ,37,2025/08/07,2128890027,2,,1815308
,201,1,,4,5067989,15,15,Yardi Agresta ,0,1815308,5067989.15,18,645450200015,3229.323,3229.503,279.941,,0.0,0,2873,,TEAM BMTR ,bbbbbb,000000,aaaaaa,0,D,167,za,158,175,0,1,53.5,3,1,10,Vet,0,,20,20,0,0,0,170,1.03,51,163,3.1,2.9,159,0,3.1,3.4,4.0,4.8,5.5,5.9,6.1,168.0,182.0,213.0,256.0,294.0,314.0,329.0,0,0,,1,,,,0,,-1,WTRL Team Time Trial - Zone 11,TYPE_TEAM_TIME_TRIAL TYPE_RACE ,37,2025/08/07,2128890027,2,,1815308
,201,1,,3,5067012,27,4,Yardi Agresta ,0,1815308,5067012.27,26,645317800004,3600.005,3600.065,0.005,,0.0,0,2873,,TEAM BMTR ,bbbbbb,000000,aaaaaa,0,C,167,za,141,161,0,1,53.5,3,1,10,Vet,0,,20,20,0,0,0,132,0.89,60,125,2.3,2.3,123,0,2.4,2.6,2.8,3.5,4.8,5.7,5.7,130.0,140.0,151.0,188.0,258.0,306.0,306.0,0,0,,1,,,,0,,-1,BMTR Short Adventure,TYPE_RIDE,0,2025/08/06,1064303857,,3600,1815308
,233,0,,3,5067012,29,6,Blopa&reg;,0,1714370,5067012.29,0,645317800006,3600.007,3600.067,0.007,,0.0,1,2873,,TEAM BMTR ,bbbbbb,000000,aaaaaa,0,C,182,uy,136,149,0,1,67.2,3,1,1,Mas,0,,20,0,0,0,0,169,1.23,54,167,2.5,2.4,165,0,2.6,2.7,2.8,2.8,3.0,3.2,3.4,174.0,179.0,189.0,190.0,203.0,216.0,230.0,0,0,,1,,,,0,,-1,BMTR Short Adventure,TYPE_RIDE,0,2025/08/06,1064303857,,3600,1714370
,207,1,,4,5067012,81,1,Toody Merrill &#129528;BMTR RACING)&#129293; (CU),0,1002137,5067012.81,42,645317900001,3600.001,3600.121,0.0,,0.0,0,,,,00dd00,,,0,D,165,us,99,145,0,1,58.5,3,1,10,Jnr,0,,20,20,0,0,0,145,1.3,0,129,2.2,2.0,118,0,2.1,2.9,3.6,3.8,4.1,4.8,4.8,125.0,171.0,212.0,223.0,240.0,283.0,283.0,0,0,,1,,,,0,,-1,BMTR Short Adventure,TYPE_RIDE,0,2025/08/06,1064303857,,3600,1002137
,201,1,,3,5064498,10,3,Yardi Agresta ,0,1815308,5064498.10,18,644944600003,4970.403,4970.403,142.23,,0.0,0,2873,,TEAM BMTR ,bbbbbb,000000,aaaaaa,0,C,167,za,164,179,0,1,53.5,3,1,10,Vet,0,,20,20,0,316.67,0,179,1.05,51,172,3.2,3.2,173,0,3.4,3.9,4.4,4.6,5.4,6.4,6.7,183.0,208.0,234.0,245.0,290.0,344.0,357.0,0,0,,1,,,,0,,-1,Zwift Epic Race - Eastern Eight,TYPE_RACE TYPE_RACE ,54,2025/08/06,2746475460,1,,1815308
,207,1,,3,5066862,6,6,Toody Merrill &#129528;BMTR RACING)&#129293; (CU),0,1002137,5066862.6,26,645291800006,3600.003,3600.003,0.295,,0.0,0,,,,00dd00,,,0,C,165,us,0,0,0,0,58.5,3,1,10,Jnr,0,,20,20,0,0,0,94,0.0,0,89,1.5,1.4,86,0,1.6,1.7,2.1,2.1,2.2,2.4,2.4,91.0,101.0,121.0,122.0,131.0,141.0,141.0,0,0,,1,,,,0,,-1,Bikealicious Tuesday Tango,TYPE_RIDE,0,2025/08/06,3366225080,,3600,1002137
,201,1,,2,5061458,34,7,Yardi Agresta ,0,1815308,5061458.34,25,644298200007,1607.227,1607.287,28.35,,0.0,0,2873,,TEAM BMTR ,bbbbbb,000000,aaaaaa,0,B,167,za,171,185,0,1,53.5,3,1,10,Vet,0,,20,20,312.40,325.03,8.36,205,1.12,47,191,3.6,3.4,185,0,3.6,3.9,4.7,5.9,6.5,6.6,6.6,195.0,210.0,249.0,317.0,347.0,354.0,355.0,0,0,,1,,,,0,,-1,Stage 1: Kick N Sprint: Innsbruckring,TYPE_RACE TYPE_RACE ,18,2025/08/05,2592027600,2,,1815308
,201,1,,3,5065074,41,41,Yardi Agresta ,0,1815308,5065074.41,26,645060000041,3600.023,3600.143,0.023,,0.0,0,2873,,TEAM BMTR ,bbbbbb,000000,aaaaaa,0,C,167,za,140,155,0,1,53.5,3,1,10,Vet,0,,20,20,0,0,0,145,0.99,53,139,2.6,2.5,136,0,2.7,2.8,3.0,3.3,3.7,4.0,4.0,144.0,151.0,163.0,179.0,198.0,216.0,216.0,0,0,,1,,,,0,,-1,BMTR Short Adventure,TYPE_RIDE,0,2025/08/04,172610229,,3600,1815308
,201,1,,5,5054424,50,50,Yardi Agresta ,0,1815308,5054424.50,26,643183100050,2700.018,2700.018,0.018,,0.0,0,2873,,TEAM BMTR ,bbbbbb,000000,aaaaaa,0,E,167,za,70,0,0,1,53.5,3,1,10,Vet,0,,20,20,0,0,0,114,0.0,0,110,2.1,2.0,0,1,,2.2,2.5,2.6,2.7,3.0,3.0,,119.0,132.0,137.0,143.0,159.0,159.0,0,0,,1,,,,0,,-1,The Female Cycling Tribe Celebrates Watch the Femmes,TYPE_RIDE,0,2025/08/01,1236439870,,2700,1815308
,201,1,,5,5054272,61,61,Yardi Agresta ,0,1815308,5054272.61,26,643167900061,2700.023,2700.023,0.976,,0.0,0,2873,,TEAM BMTR ,bbbbbb,000000,aaaaaa,0,E,167,za,71,0,0,1,53.5,3,1,10,Vet,0,,20,20,0,0,0,109,0.0,0,105,2.0,1.9,101,0,2.0,2.1,2.3,2.5,2.9,3.0,3.0,107.0,113.0,125.0,136.0,156.0,161.0,161.0,0,0,,1,,,,0,,-1,The Female Cycling Tribe Celebrates Watch the Femmes,TYPE_RIDE,0,2025/08/01,1236439870,,2700,1815308
,201,1,,3,5062184,38,11,Yardi Agresta ,0,1815308,5062184.38,35,644460000009,5400.005,5400.065,0.005,,0.0,0,2873,,TEAM BMTR ,bbbbbb,000000,aaaaaa,0,C,167,za,150,178,0,1,53.5,3,1,10,Vet,0,,20,20,0,0,0,156,0.92,58,138,2.6,2.9,156,0,3.1,4.3,4.6,5.6,6.4,6.6,6.6,165.0,229.0,244.0,302.0,340.0,351.0,351.0,0,0,,1,,,,0,,-1,BMTR Short Adventure ,TYPE_RIDE,0,2025/08/01,2569385980,,3600,1815308
,233,0,,3,5062184,32,5,Blopa&reg;,0,1714370,5062184.32,0,644460000005,5400.002,5400.062,0.002,,0.0,1,2873,,TEAM BMTR ,bbbbbb,000000,aaaaaa,0,C,182,uy,137,164,0,1,67.2,3,1,1,Mas,0,,20,0,0,0,0,181,1.23,54,168,2.5,2.5,173,0,2.7,3.2,3.6,4.8,6.8,8.8,9.9,183.0,214.0,244.0,321.0,457.0,589.0,667.0,0,0,,1,,,,0,,-1,BMTR Short Adventure ,TYPE_RIDE,0,2025/08/01,2569385980,,3600,1714370
,201,1,,5,5062181,21,21,Yardi Agresta ,0,1815308,5062181.21,31,644459600021,1800.029,1800.029,0.029,,0.0,0,2873,,TEAM BMTR ,bbbbbb,000000,aaaaaa,0,E,167,za,143,159,0,1,53.5,3,1,10,Vet,0,,20,20,0,0,0,137,0.9,59,129,2.4,2.3,0,1,,2.7,2.9,3.3,3.7,4.1,4.1,,143.0,156.0,174.0,197.0,217.0,217.0,0,0,,1,,,,0,,-1,BMTR Banded Warmup,TYPE_RIDE,0,2025/08/01,3454338139,,1800,1815308
,207,1,,5,5062068,9,9,Toody Merrill &#129528;BMTR RACING)&#129293; (CU),0,1002137,5062068.9,41,644441800009,4369.716,4369.716,1.597,,0.0,0,,,,00dd00,,,0,E,165,us,0,0,0,0,58.5,3,1,10,Jnr,0,,20,20,0,0,0,145,0.0,0,122,2.1,2.7,157,0,2.8,3.1,3.7,3.9,5.3,6.6,6.6,166.0,179.0,218.0,230.0,310.0,387.0,387.0,0,0,,1,,,,0,,-1,Bikealicious Thursday Spectacular,TYPE_RIDE,33,2025/08/01,2896159042,1,,1002137
,207,1,,4,5059651,10,10,Toody Merrill &#129528;BMTR RACING)&#129293; (CU),0,1002137,5059651.10,163,643893100012,3600.005,3600.005,0.874,,0.0,0,,,,00dd00,,,0,D,165,us,0,0,0,0,58.5,3,1,10,Jnr,0,,20,20,0,0,0,174,0.0,0,126,2.2,2.4,141,0,2.5,3.0,3.5,4.6,6.6,8.6,8.6,149.0,173.0,202.0,267.0,388.0,505.0,505.0,0,0,,1,,,,0,,-1,The HERD Wacky Wednesday,TYPE_RIDE,0,2025/07/30,2875658892,,3600,1002137
,233,0,,3,5059404,30,15,Blopa&reg;,0,1714370,5059404.30,0,643847800015,3600.004,3600.064,0.004,,0.0,1,2873,,TEAM BMTR ,bbbbbb,000000,aaaaaa,0,C,182,uy,132,151,0,1,67.2,3,1,1,Mas,0,,20,0,0,0,0,158,1.17,57,154,2.3,2.2,152,0,2.4,2.5,2.6,3.0,3.6,4.7,5.4,161.0,169.0,176.0,199.0,242.0,313.0,362.0,0,0,,1,,,,0,,-1,BMTR Short Adventure,TYPE_RIDE,0,2025/07/30,1880443431,,3600,1714370
,201,1,,3,5059404,46,31,Yardi Agresta ,0,1815308,5059404.46,35,643847800031,3600.028,3600.088,0.028,,0.0,0,2873,,TEAM BMTR ,bbbbbb,000000,aaaaaa,0,C,167,za,143,162,0,1,53.5,3,1,10,Vet,0,,20,20,0,0,0,135,0.87,61,125,2.3,2.3,124,0,2.4,2.8,2.9,3.5,4.7,5.5,5.5,131.0,150.0,155.0,185.0,251.0,295.0,295.0,0,0,,1,,,,0,,-1,BMTR Short Adventure,TYPE_RIDE,0,2025/07/30,1880443431,,3600,1815308
,201,1,,5,5059394,17,17,Yardi Agresta ,0,1815308,5059394.17,26,643845100017,1800.017,1800.017,0.017,,0.0,0,2873,,TEAM BMTR ,bbbbbb,000000,aaaaaa,0,E,167,za,157,174,0,1,53.5,3,1,10,Vet,0,,20,20,0,0,0,153,0.92,58,144,2.7,2.6,139,0,2.7,3.1,3.6,3.9,5.0,5.8,5.8,147.0,164.0,190.0,211.0,269.0,313.0,313.0,0,0,,1,,,,0,,-1,BMTR Banded Warmup,TYPE_RIDE,0,2025/07/30,3262665065,,1800,1815308
,201,1,,3,5057309,12,12,Yardi Agresta ,0,1815308,5057309.12,28,643572200013,3600.013,3600.133,0.012,,0.0,0,2873,,TEAM BMTR ,bbbbbb,000000,aaaaaa,0,C,167,za,155,181,0,1,53.5,3,1,10,Vet,0,,20,20,0,0,0,166,0.91,58,141,2.6,3.0,161,0,3.2,4.0,4.6,5.1,5.8,6.5,6.5,170.0,215.0,248.0,275.0,312.0,346.0,346.0,0,0,,1,,,,0,,-1,BMTR Short Adventure,TYPE_RIDE,0,2025/07/28,480315274,,3600,1815308
,201,1,,5,5054343,93,93,Yardi Agresta ,0,1815308,5054343.93,27,643175000093,2700.017,2700.017,0.017,,0.0,0,2873,,TEAM BMTR ,bbbbbb,000000,aaaaaa,0,E,167,za,143,163,0,1,53.5,3,1,10,Vet,0,,20,20,0,0,0,126,0.75,71,107,2.0,2.0,111,0,2.2,2.8,3.1,3.4,4.6,5.6,5.6,117.0,150.0,165.0,183.0,246.0,298.0,298.0,0,0,,1,,,,0,,-1,FemmeCycle Collab Celebrates Watch the Femmes,TYPE_RIDE,0,2025/07/28,1776635757,,2700,1815308
,233,0,,5,5054372,57,57,Blopa&reg;,0,1714370,5054372.57,0,643177900060,2700.009,2700.009,0.009,,0.0,1,2873,,TEAM BMTR ,bbbbbb,000000,aaaaaa,0,E,182,uy,119,133,0,1,66.1,3,1,1,Mas,0,,20,0,0,0,0,124,1.04,63,124,1.9,1.7,117,0,1.9,1.9,1.9,2.0,2.1,2.3,2.8,124.0,126.0,128.0,132.0,142.0,154.0,188.0,0,0,,1,,,,0,,-1,Her Spirit Celebrates Watch the Femmes,TYPE_RIDE,0,2025/07/27,1600198346,,2700,1714370
,233,0,,3,5054710,24,4,Blopa&reg;,0,1714370,5054710.24,0,643223300004,5400.003,5400.063,0.002,,0.0,1,2873,,TEAM BMTR ,bbbbbb,000000,aaaaaa,0,C,182,uy,133,160,0,1,66.1,3,1,1,Mas,0,,20,0,0,0,0,169,1.2,55,159,2.4,2.4,159,0,2.5,2.8,3.1,4.2,5.7,8.5,10.4,168.0,184.0,207.0,275.0,380.0,559.0,688.0,0,0,,1,,,,0,,-1,BMTR Short Adventure ,TYPE_RIDE,0,2025/07/25,46799750,,3600,1714370
,207,1,,4,5053059,3,3,Toody Merrill &#129528;BMTR RACING)&#129293; (CU),0,1002137,5053059.3,167,643027300003,4200.0,4200.0,0.0,,0.0,0,,,,00dd00,,,0,D,165,us,0,0,0,0,58.5,3,1,10,Jnr,0,,20,20,0,0,0,142,0.0,0,96,1.6,1.6,98,0,1.8,2.3,3.5,5.8,7.9,9.1,9.1,104.0,137.0,206.0,337.0,462.0,532.0,532.0,0,0,,1,,,,0,,-1,"SROZs Contenders, Pretenders, & Rear-Enders ",TYPE_RIDE,0,2025/07/24,1917017591,,4200,1002137
,207,1,,4,5052206,17,17,Toody Merrill &#129528;BMTR RACING)&#129293; (CU),0,1002137,5052206.17,26,642900800017,3600.013,3600.013,0.013,,0.0,0,,,,00dd00,,,0,D,165,us,0,0,0,0,58.5,3,1,10,Jnr,0,,20,20,0,0,0,106,0.0,0,93,1.6,1.5,90,0,1.6,1.8,2.3,3.1,3.9,4.7,4.7,95.0,108.0,132.0,182.0,229.0,276.0,276.0,0,0,,1,,,,0,,-1,Ascenders Midweek Ride,TYPE_RIDE,0,2025/07/23,2474227587,,3600,1002137
,233,0,,3,5052177,42,21,Blopa&reg;,0,1714370,5052177.42,0,642896800021,3600.009,3600.069,0.009,,0.0,1,2873,,TEAM BMTR ,bbbbbb,000000,aaaaaa,0,C,182,uy,132,156,0,1,66.1,3,1,1,Mas,0,,20,0,0,0,0,167,1.19,55,157,2.4,2.5,167,0,2.7,3.1,3.6,3.7,3.8,4.0,4.2,176.0,204.0,235.0,246.0,252.0,264.0,278.0,0,0,,1,,,,0,,-1,BMTR Short Adventure,TYPE_RIDE,0,2025/07/23,2474227587,,3600,1714370
,207,1,,4,5052177,78,5,Toody Merrill &#129528;BMTR RACING)&#129293; (CU),0,1002137,5052177.78,26,642896900005,3600.004,3600.124,0.004,,0.0,0,,,,00dd00,,,0,D,165,us,0,0,0,0,58.5,3,1,10,Jnr,0,,20,20,0,0,0,152,0.0,0,102,1.7,1.7,102,0,1.8,2.3,3.3,5.0,7.0,8.8,8.8,108.0,135.0,192.0,295.0,409.0,517.0,517.0,0,0,,1,,,,0,,-1,BMTR Short Adventure,TYPE_RIDE,0,2025/07/23,2474227587,,3600,1002137
,233,0,,3,5049164,16,16,Blopa&reg;,0,1714370,5049164.16,0,642410800016,5400.009,5400.009,0.007,,0.0,1,2873,,TEAM BMTR ,bbbbbb,000000,aaaaaa,0,C,182,uy,132,149,0,1,66.1,3,1,1,Mas,0,,20,0,0,0,0,164,1.18,55,156,2.4,2.4,159,0,2.5,2.8,3.1,3.4,3.6,3.8,4.9,168.0,186.0,207.0,227.0,241.0,253.0,326.0,0,0,,1,,,,0,,-1,BMTR Short Adventure,TYPE_RIDE,0,2025/07/20,3974965857,,5400,1714370
,201,1,,3,5013149,36,10,Yardi Agresta ,0,1815308,5013149.36,16,636813900011,2863.385,2863.385,406.608,,0.0,0,2873,,TEAM BMTR ,bbbbbb,000000,aaaaaa,0,C,167,za,174,184,0,1,53.5,3,1,10,Vet,0,,20,20,296.87,316.23,11.47,189,1.06,50,185,3.5,3.5,187,0,3.7,4.0,4.3,4.3,4.6,4.8,4.8,197.0,215.0,228.0,232.0,246.0,255.0,258.0,0,0,,1,,,,0,,-1,2025 SISU Tour - Stage 5,TYPE_RACE TYPE_RACE ,11,2025/07/19,358794394,1,,1815308
,233,0,,3,5047680,29,8,Blopa&reg;,0,1714370,5047680.29,0,642184700008,5400.003,5400.063,0.003,,0.0,1,2873,,TEAM BMTR ,bbbbbb,000000,aaaaaa,0,C,182,uy,138,163,0,1,66.1,3,1,1,Mas,0,,20,0,0,0,0,168,1.14,57,158,2.4,2.6,172,0,2.8,3.1,3.3,3.8,4.5,4.9,5.1,182.0,205.0,218.0,252.0,296.0,325.0,340.0,0,0,,1,,,,0,,-1,BMTR Short Adventure ,TYPE_RIDE,0,2025/07/18,1230300449,,3600,1714370
,207,1,,4,5041938,5,5,Toody Merrill &#129528;BMTR RACING)&#129293; (CU),0,1002137,5041938.5,194,641390700005,3600.01,3600.01,0.009,,0.0,0,,,,00dd00,,,0,D,165,us,0,0,0,0,58.5,3,1,10,Jnr,0,,20,20,0,0,0,69,0.0,0,64,1.1,1.1,67,0,1.2,1.3,1.5,1.6,1.7,1.7,1.7,71.0,77.0,87.0,96.0,99.0,100.0,100.0,0,0,,1,,,,0,,-1,SROZs After School Special: Roll with Your Crew!,TYPE_RIDE,0,2025/07/11,1064303857,,3600,1002137
,207,1,,5,5031055,15,15,Toody Merrill &#129528;BMTR RACING)&#129293; (CU),0,1002137,5031055.15,26,639866200015,739.63,739.63,226.489,,0.0,0,,,,00dd00,,,0,E,165,us,0,0,0,0,58.5,3,1,10,Jnr,0,,20,20,0,0,0,195,0.0,0,181,3.1,2.7,0,1,,3.6,4.3,4.7,4.9,5.3,5.3,,213.0,250.0,274.0,285.0,310.0,310.0,0,0,,1,,,,0,,-1,Tour Fever │ Climb Portal Challenge │ Mur De Bretagne,TYPE_RIDE,9,2025/07/11,2681889340,1,,1002137
,233,0,,3,5041760,31,3,Blopa&reg;,0,1714370,5041760.31,0,641356000003,5400.0,5400.06,0,,0.0,1,2873,,TEAM BMTR ,bbbbbb,000000,aaaaaa,0,C,182,uy,139,166,0,1,66.1,3,1,1,Mas,0,,20,0,0,0,0,167,1.16,57,161,2.4,2.5,167,0,2.7,3.0,3.6,4.6,4.6,5.0,5.4,176.0,196.0,238.0,301.0,306.0,329.0,356.0,0,0,,1,,,,0,,-1,BMTR Short Adventure ,TYPE_RIDE,0,2025/07/11,2128890027,,3600,1714370
,201,1,,3,5041760,34,6,Yardi Agresta ,0,1815308,5041760.34,38,641356000006,5400.003,5400.063,0.003,,0.0,0,2873,,TEAM BMTR ,bbbbbb,000000,aaaaaa,0,C,167,za,142,159,0,1,53.5,3,1,10,Vet,0,,20,20,0,0,0,132,0.9,59,128,2.4,2.5,133,0,2.6,2.8,3.0,3.2,3.5,3.5,3.5,141.0,150.0,163.0,172.0,188.0,189.0,189.0,0,0,,1,,,,0,,-1,BMTR Short Adventure ,TYPE_RIDE,0,2025/07/11,2128890027,,3600,1815308
,201,1,,5,5043870,15,15,Yardi Agresta ,0,1815308,5043870.15,24,641653300015,1800.013,1800.013,0.013,,0.0,0,2873,,TEAM BMTR ,bbbbbb,000000,aaaaaa,0,E,167,za,134,143,0,1,53.5,3,1,10,Vet,0,,20,20,0,0,0,119,0.87,61,116,2.2,2.0,111,0,2.2,2.3,2.5,2.7,2.8,3.0,3.0,117.0,122.0,134.0,147.0,151.0,159.0,159.0,0,0,,1,,,,0,,-1,BMTR Banded Warmup,TYPE_RIDE,0,2025/07/11,2128890027,,1800,1815308
,201,1,,3,5016332,6,2,Yardi Agresta ,0,1815308,5016332.6,146,637374600002,6828.356,6828.356,57.936,,0.0,0,2873,,TEAM BMTR ,bbbbbb,000000,aaaaaa,0,C,167,za,155,174,0,1,53.5,3,1,10,Vet,0,,20,20,0,316.23,0,165,1.04,51,161,3.0,3.2,171,0,3.4,3.6,4.0,4.3,5.0,5.0,5.0,181.0,195.0,212.0,229.0,265.0,267.0,267.0,0,0,,1,,,,0,,-1,Zwift Epic Race - Navig8,TYPE_RACE TYPE_RACE ,66,2025/07/11,806114032,1,,1815308
,201,1,,3,5040977,27,3,Yardi Agresta ,0,1815308,5040977.27,17,641238200003,2735.431,2735.551,0.156,,0.0,0,2873,,TEAM BMTR ,bbbbbb,000000,aaaaaa,0,C,167,za,163,176,0,1,53.5,3,1,10,Vet,0,,20,20,0,0,0,178,1.06,50,172,3.2,3.1,169,0,3.3,3.7,4.1,4.3,5.0,6.1,6.3,178.0,200.0,217.0,231.0,266.0,324.0,339.0,0,0,,1,,,,0,,-1,WTRL Team Time Trial - Zone 12,TYPE_TEAM_TIME_TRIAL TYPE_RACE ,30,2025/07/10,3382019812,1,,1815308
,207,1,,4,5040962,15,15,Toody Merrill &#129528;BMTR RACING)&#129293; (CU),0,1002137,5040962.15,188,641235700015,4200.009,4200.009,0.009,,0.0,0,,,,00dd00,,,0,D,165,us,0,0,0,0,58.5,3,1,10,Jnr,0,,20,20,0,0,0,138,0.0,0,108,1.9,2.0,119,0,2.2,2.5,3.7,4.3,5.2,6.1,6.1,126.0,149.0,214.0,250.0,307.0,358.0,358.0,0,0,,1,,,,0,,-1,"SROZs Contenders, Pretenders, & Rear-Enders ",TYPE_RIDE,0,2025/07/10,1917017591,,4200,1002137
,201,1,,3,5040943,58,16,Yardi Agresta ,0,1815308,5040943.58,17,641231400016,2706.256,2706.376,278.482,,0.0,0,2873,,TEAM BMTR ,bbbbbb,000000,aaaaaa,0,C,167,za,165,177,0,1,53.5,3,1,10,Vet,0,,20,20,0,0,0,185,1.08,49,179,3.3,3.3,176,0,3.5,3.7,4.0,4.7,5.2,5.5,6.1,186.0,198.0,215.0,254.0,277.0,294.0,327.0,0,0,,1,,,,0,,-1,WTRL Team Time Trial - Zone 11,TYPE_TEAM_TIME_TRIAL TYPE_RACE ,30,2025/07/10,3382019812,1,,1815308
,207,1,,4,5040084,87,11,Toody Merrill &#129528;BMTR RACING)&#129293; (CU),0,1002137,5040084.87,139,641111700010,3600.008,3600.128,0.007,,0.0,0,,,,00dd00,,,0,D,165,us,0,0,0,0,58.5,3,1,10,Jnr,0,,20,20,0,0,0,139,0.0,0,108,1.9,1.9,113,0,2.0,2.6,3.8,4.2,5.5,7.3,7.3,119.0,154.0,222.0,245.0,321.0,426.0,426.0,0,0,,1,,,,0,,-1,BMTR Short Adventure,TYPE_RIDE,0,2025/07/09,3382019812,,3600,1002137
,201,1,,3,5040084,70,43,Yardi Agresta ,0,1815308,5040084.70,26,641111600043,3600.029,3600.089,0.029,,0.0,0,2873,,TEAM BMTR ,bbbbbb,000000,aaaaaa,0,C,167,za,136,166,0,1,53.5,3,1,10,Vet,0,,20,20,0,0,0,137,0.89,60,121,2.3,2.4,130,0,2.6,3.0,3.6,4.3,4.9,6.2,6.2,137.0,159.0,193.0,231.0,262.0,332.0,332.0,0,0,,1,,,,0,,-1,BMTR Short Adventure,TYPE_RIDE,0,2025/07/09,3382019812,,3600,1815308
,201,1,,3,5038007,19,0,Yardi Agresta ,0,1815308,5038007.19,26,640801400019,3600.022,3600.022,0,,0.0,0,2873,,TEAM BMTR ,bbbbbb,000000,aaaaaa,0,N/A,167,za,146,167,0,1,53.5,3,1,10,Vet,0,,20,20,0,0,0,144,0.93,57,136,2.5,2.5,134,0,2.7,3.0,3.4,4.0,5.3,6.3,6.3,142.0,159.0,183.0,212.0,281.0,336.0,336.0,0,0,,1,,,,0,,-1,SZR Lazy Birdies,TYPE_RIDE,0,2025/07/07,2143464829,,3600,1815308
,207,1,,5,5030818,13,13,Toody Merrill &#129528;BMTR RACING)&#129293; (CU),0,1002137,5030818.13,0,639842500009,1440.0,1440.185,1.035,,0.0,0,,,,00dd00,,,0,E,165,us,0,0,0,0,58.5,3,1,10,Jnr,0,,20,20,0,0,0,0,0.0,0,119,2.0,1.9,0,1,,,,,,,,,,,,,,,0,0,,1,,,,0,,-1,Tour Fever │ Workout of the Week │ Jasper Philipsen Performance,TYPE_WORKOUT TYPE_WORKOUT,0,2025/07/06,1600198346,,1440,1002137
,207,1,,4,5040565,1,1,Toody Merrill &#129528;BMTR RACING)&#129293; (CU),0,1002137,5040565.1,26,641182500001,3600.006,3600.006,0.0,,0.0,0,,,,00dd00,,,0,D,165,us,0,0,0,0,58.5,3,1,10,Jnr,0,,20,20,0,0,0,98,0.0,0,86,1.5,1.8,105,0,1.9,2.4,2.5,2.9,3.1,3.1,3.1,111.0,138.0,144.0,167.0,181.0,182.0,182.0,0,0,,1,,,,0,,-1,SROZs After School Special: Roll with Your Crew!,TYPE_RIDE,0,2025/07/04,1064303857,,3600,1002137
,233,0,,3,5035674,28,8,Blopa&reg;,0,1714370,5035674.28,0,640468100008,5400.004,5400.064,0.004,,0.0,1,2873,,TEAM BMTR ,bbbbbb,000000,aaaaaa,0,C,182,uy,133,152,0,1,66.1,3,1,1,Mas,0,,20,0,0,0,0,160,1.15,57,153,2.3,2.4,158,0,2.5,2.8,2.9,3.1,3.5,3.6,3.7,167.0,184.0,193.0,208.0,230.0,237.0,242.0,0,0,,1,,,,0,,-1,BMTR Short Adventure ,TYPE_RIDE,0,2025/07/04,3974965857,,5400,1714370
,207,1,,3,5031973,37,0,Toody Merrill &#129528;BMTR RACING)&#129293; (CU),0,1002137,5031973.37,163,639976100011,3600.008,3600.008,0.0,,0.0,0,,,,00dd00,,,0,HR,165,us,0,0,0,0,58.5,3,1,10,Jnr,0,,20,20,0,0,0,160,0.0,0,114,2.0,2.1,127,0,2.3,3.1,3.7,6.0,8.4,8.7,8.7,134.0,181.0,214.0,350.0,493.0,507.0,507.0,0,0,,1,,,,0,,-1,3R True2&3 Ride [2.0w/kg and 3.0w/kg],TYPE_RIDE,0,2025/06/30,742057576,,3600,1002137
,233,0,,3,5030300,3,3,Blopa&reg;,0,1714370,5030300.3,0,639758900003,5400.002,5400.002,0.002,,0.0,1,2873,,TEAM BMTR ,bbbbbb,000000,aaaaaa,0,C,182,uy,136,175,0,1,66.1,3,1,1,Mas,0,,20,0,0,0,0,175,1.18,55,161,2.4,2.5,167,0,2.7,3.1,3.9,5.5,6.9,7.8,9.1,176.0,207.0,259.0,362.0,455.0,517.0,601.0,0,0,,1,,,,0,,-1,BMTR Short Adventure,TYPE_RIDE,0,2025/06/29,3382019812,,5400,1714370
,233,0,,3,5028758,40,3,Blopa&reg;,0,1714370,5028758.40,0,639528200003,5400.0,5400.06,0,,0.0,1,2873,,TEAM BMTR ,bbbbbb,000000,aaaaaa,0,C,182,uy,133,147,0,1,66.1,3,1,1,Mas,0,,20,0,0,0,0,159,1.17,56,156,2.4,2.3,155,0,2.5,2.7,2.8,3.1,3.4,3.9,4.1,164.0,180.0,186.0,207.0,226.0,256.0,270.0,0,0,,1,,,,0,,-1,BMTR Short Adventure ,TYPE_RIDE,0,2025/06/27,1656629976,,3600,1714370
,201,1,,3,5028758,70,33,Yardi Agresta ,0,1815308,5028758.70,62,639528200033,5400.03,5400.09,0.03,,0.0,0,2873,,TEAM BMTR ,bbbbbb,000000,aaaaaa,0,C,167,za,131,166,0,1,53.5,3,1,10,Vet,0,,20,20,0,0,0,136,0.92,58,120,2.2,2.4,132,0,2.6,3.1,3.6,4.6,6.2,7.8,7.8,139.0,164.0,191.0,244.0,333.0,417.0,417.0,0,0,,1,,,,0,,-1,BMTR Short Adventure ,TYPE_RIDE,0,2025/06/27,1656629976,,3600,1815308
,201,1,,3,5028007,6,6,Yardi Agresta ,0,1815308,5028007.6,29,639415800006,2768.858,2768.978,0.755,,0.0,0,2873,,TEAM BMTR ,bbbbbb,000000,aaaaaa,0,E,167,us,153,171,0,1,53.5,3,1,10,Vet,0,,20,20,0,0,0,174,1.08,49,165,3.1,3.0,160,0,3.2,3.4,4.0,4.5,5.4,5.8,5.9,169.0,180.0,214.0,239.0,290.0,313.0,318.0,0,1,,1,,,,0,,-1,WTRL Team Time Trial - Zone 12,TYPE_TEAM_TIME_TRIAL TYPE_RACE ,31,2025/06/26,1917017591,1,,1815308
,207,1,,4,5027993,10,10,Toody Merrill &#129528;BMTR RACING)&#129293; (CU),0,1002137,5027993.10,189,639413400010,4200.007,4200.007,0.007,,0.0,0,,,,00dd00,,,0,D,165,us,0,0,0,0,58.5,3,1,10,Jnr,0,,20,20,0,0,0,137,0.0,0,100,1.7,1.9,114,0,2.1,2.5,3.5,4.3,5.9,7.9,7.9,120.0,149.0,203.0,251.0,348.0,462.0,462.0,0,0,,1,,,,0,,-1,"SROZs Contenders, Pretenders, & Rear-Enders ",TYPE_RIDE,0,2025/06/26,1917017591,,4200,1002137
,201,1,,3,5027973,74,21,Yardi Agresta ,0,1815308,5027973.74,17,639408600025,2804.809,2804.929,-43.197,,0.0,0,2873,,TEAM BMTR ,bbbbbb,000000,aaaaaa,0,L,167,us,164,182,0,1,53.5,3,1,10,Vet,0,,20,20,0,0,0,184,1.05,51,172,3.2,3.1,170,0,3.3,3.8,4.2,4.6,5.7,6.3,6.4,179.0,201.0,224.0,246.0,306.0,335.0,341.0,0,1,,1,,,,0,,-1,WTRL Team Time Trial - Zone 11,TYPE_TEAM_TIME_TRIAL TYPE_RACE ,31,2025/06/26,1917017591,1,,1815308
,233,0,,3,5027012,32,6,Blopa&reg;,0,1714370,5027012.32,0,639256500006,3600.002,3600.062,0.001,,0.0,1,2873,,TEAM BMTR ,bbbbbb,000000,aaaaaa,0,C,182,uy,134,150,0,1,66.1,3,1,1,Mas,0,,20,0,0,0,0,162,1.19,55,160,2.4,2.4,163,0,2.6,2.7,2.8,3.0,3.2,3.4,3.9,172.0,180.0,187.0,198.0,211.0,222.0,256.0,0,0,,1,,,,0,,-1,BMTR Short Adventure,TYPE_RIDE,0,2025/06/25,1917017591,,3600,1714370
,201,1,,3,5027012,76,50,Yardi Agresta ,0,1815308,5027012.76,25,639256500050,3600.029,3600.089,0.028,,0.0,0,2873,,TEAM BMTR ,bbbbbb,000000,aaaaaa,0,C,167,za,137,156,0,1,53.5,3,1,10,Vet,0,,20,20,0,0,0,127,0.9,59,123,2.3,2.3,124,0,2.4,2.6,2.8,2.9,3.1,3.5,3.5,131.0,138.0,149.0,157.0,168.0,185.0,185.0,0,0,,1,,,,0,,-1,BMTR Short Adventure,TYPE_RIDE,0,2025/06/25,1917017591,,3600,1815308
,201,1,,3,5002818,13,2,Yardi Agresta ,0,1815308,5002818.13,21,635290200002,5337.373,5337.373,255.99,,0.0,0,2873,,TEAM BMTR ,bbbbbb,000000,aaaaaa,0,C,167,za,161,174,0,1,53.5,3,1,10,Vet,0,,20,20,0,316.23,0,184,1.09,49,175,3.3,3.4,185,0,3.6,4.2,4.6,4.9,5.0,5.1,5.2,195.0,223.0,246.0,261.0,269.0,274.0,277.0,0,0,,1,,,,0,,-1,Zwift Epic Race - Surrey Hills,TYPE_RACE TYPE_RACE ,46,2025/06/25,3707791029,1,,1815308
,201,1,,2,4998623,18,8,Yardi Agresta ,0,1815308,4998623.18,38,634659700008,2053.853,2053.913,30.407,,0.0,0,2873,,TEAM BMTR ,bbbbbb,000000,aaaaaa,0,B,167,za,160,178,0,1,53.5,3,1,10,Vet,0,,20,20,398.68,316.23,0,192,1.14,46,183,3.4,3.4,185,0,3.6,4.1,4.3,4.8,6.0,6.6,6.6,195.0,221.0,231.0,259.0,322.0,351.0,354.0,0,0,,1,,,,0,,-1,Stage 4: Cityscapes: London 8,TYPE_RACE TYPE_RACE ,21,2025/06/24,4012646479,1,,1815308
,201,1,,2,4998711,38,16,Yardi Agresta ,0,1815308,4998711.38,21,634703700016,1974.92,1974.98,62.874,,0.0,0,2873,,TEAM BMTR ,bbbbbb,000000,aaaaaa,0,B,167,za,166,179,0,1,53.5,3,1,10,Vet,0,,20,20,359.68,316.23,0,203,1.17,45,195,3.6,3.5,188,0,3.7,4.4,4.7,4.9,5.9,6.2,6.3,198.0,237.0,253.0,260.0,315.0,333.0,339.0,0,0,,1,,,,0,,-1,Stage 4: Cityscapes: London 8,TYPE_RACE TYPE_RACE ,21,2025/06/24,4012646479,1,,1815308
,201,1,,3,5025110,55,55,Yardi Agresta ,0,1815308,5025110.55,26,639010800055,3600.023,3600.143,0.023,,0.0,0,2873,,TEAM BMTR ,bbbbbb,000000,aaaaaa,0,C,167,za,134,156,0,1,53.5,3,1,10,Vet,0,,20,20,0,0,0,152,1.04,51,139,2.6,2.7,145,0,2.9,3.1,3.6,4.6,5.4,5.7,5.7,153.0,166.0,191.0,245.0,287.0,303.0,303.0,0,0,,1,,,,0,,-1,BMTR Short Adventure,TYPE_RIDE,0,2025/06/23,319138658,,3600,1815308
,201,1,,3,5025093,7,0,Yardi Agresta ,0,1815308,5025093.7,41,639007900007,3600.025,3600.025,0,,0.0,0,2873,,TEAM BMTR ,bbbbbb,000000,aaaaaa,0,N/A,167,za,139,161,0,1,53.5,3,1,10,Vet,0,,20,20,0,0,0,156,1.03,52,143,2.7,2.7,145,0,2.9,3.1,4.0,4.8,4.9,5.4,5.4,153.0,168.0,216.0,258.0,262.0,291.0,291.0,0,0,,1,,,,0,,-1,SZR Lazy Birdies,TYPE_RIDE,0,2025/06/23,3367186349,,3600,1815308
,201,1,,3,5024216,11,11,Yardi Agresta ,0,1815308,5024216.11,42,638899600011,5400.008,5400.008,0.007,,0.0,0,2873,,TEAM BMTR ,bbbbbb,000000,aaaaaa,0,C,167,za,132,167,0,1,53.5,3,1,10,Vet,0,,20,20,0,0,0,147,1.02,52,134,2.5,2.8,150,0,3.0,3.4,4.1,4.5,4.9,5.6,5.6,158.0,180.0,218.0,241.0,264.0,298.0,298.0,0,0,,1,,,,0,,-1,BMTR Short Adventure,TYPE_RIDE,0,2025/06/22,2140131142,,5400,1815308
,201,1,,3,5023463,9,7,Yardi Agresta ,0,1815308,5023463.9,144,638789500007,10083.671,10083.791,112.771,,0.0,0,2873,,TEAM BMTR ,bbbbbb,000000,aaaaaa,0,C,167,za,131,163,0,1,53.5,3,1,10,Vet,0,,20,20,0,0,0,140,0.98,54,128,2.4,2.6,139,0,2.7,3.3,3.7,4.7,5.3,6.5,6.5,147.0,177.0,198.0,252.0,285.0,349.0,349.0,0,0,,1,,,,0,,-1,ZSUN Base Builder 2,TYPE_RIDE,100,2025/06/21,1917017591,,,1815308
,201,1,,3,5022610,53,30,Yardi Agresta ,0,1815308,5022610.53,40,638667800030,5400.017,5400.077,0.017,,0.0,0,2873,,TEAM BMTR ,bbbbbb,000000,aaaaaa,0,C,167,za,133,172,0,1,53.5,3,1,10,Vet,0,,20,20,0,0,0,149,0.96,55,128,2.4,2.5,138,0,2.7,3.6,4.3,5.4,6.8,6.8,6.8,146.0,192.0,230.0,290.0,362.0,364.0,364.0,0,0,,1,,,,0,,-1,BMTR Short Adventure ,TYPE_RIDE,0,2025/06/20,46799750,,3600,1815308
,201,1,,3,5021717,7,7,Yardi Agresta ,0,1815308,5021717.7,17,638535100003,2276.694,2276.814,-264.632,,0.0,0,2873,,TEAM BMTR ,bbbbbb,000000,aaaaaa,0,F,167,za,157,170,0,1,53.5,3,1,10,Vet,0,,20,20,0,0,0,176,1.06,50,166,3.1,3.0,165,0,3.3,3.7,3.8,4.2,4.7,6.3,7.2,174.0,196.0,206.0,225.0,250.0,338.0,384.0,0,1,,1,,,,0,,-1,WTRL Team Time Trial - Zone 12,TYPE_TEAM_TIME_TRIAL TYPE_RACE ,22,2025/06/19,2001106885,1,,1815308
,233,0,,5,4994539,6,6,Blopa&reg;,0,1714370,4994539.6,0,633915600003,3000.0,3000.0,0,,0.0,1,2873,,TEAM BMTR ,bbbbbb,000000,aaaaaa,0,E,182,uy,129,159,0,1,66.1,3,1,1,Mas,0,,20,0,0,0,0,161,1.16,57,149,2.3,2.3,152,0,2.4,2.6,3.2,4.0,5.1,5.6,5.9,160.0,172.0,210.0,265.0,334.0,371.0,393.0,0,0,,1,,,,0,,-1,The XP Express,TYPE_RIDE,0,2025/06/19,1919980508,,3000,1714370
,207,1,,4,5021703,2,2,Toody Merrill &#129528;BMTR RACING)&#129293; (CU),0,1002137,5021703.2,184,638532700002,4200.001,4200.001,0.001,,0.0,0,,,,00dd00,,,0,D,165,us,0,0,0,0,58.5,3,1,10,Jnr,0,,20,20,0,0,0,122,0.0,0,96,1.6,2.0,119,0,2.2,3.4,3.5,4.0,4.5,4.5,4.5,126.0,200.0,206.0,234.0,262.0,266.0,266.0,0,0,,1,,,,0,,-1,"SROZs Contenders, Pretenders, & Rear-Enders ",TYPE_RIDE,0,2025/06/19,1917017591,,4200,1002137
,233,0,,3,5019455,39,24,Blopa&reg;,0,1714370,5019455.39,0,637937600024,3600.015,3600.075,0.015,,0.0,1,2873,,TEAM BMTR ,bbbbbb,000000,aaaaaa,0,C,182,uy,137,151,0,1,66.1,3,1,1,Mas,0,,20,0,0,0,0,160,1.15,57,158,2.4,2.4,160,0,2.6,2.6,2.8,2.8,2.9,3.0,3.2,169.0,173.0,186.0,186.0,194.0,200.0,212.0,0,0,,1,,,,0,,-1,BMTR Short Adventure,TYPE_RIDE,0,2025/06/18,352245150,,3600,1714370
,201,1,,3,5019455,51,36,Yardi Agresta ,0,1815308,5019455.51,26,637937600036,3600.021,3600.081,0.021,,0.0,0,2873,,TEAM BMTR ,bbbbbb,000000,aaaaaa,0,C,167,za,140,153,0,1,53.5,3,1,10,Vet,0,,20,20,0,0,0,131,0.89,59,125,2.3,2.4,128,0,2.5,2.7,2.9,3.0,3.7,4.3,4.3,135.0,143.0,155.0,163.0,197.0,229.0,229.0,0,0,,1,,,,0,,-1,BMTR Short Adventure,TYPE_RIDE,0,2025/06/18,352245150,,3600,1815308
,201,1,,3,5002770,11,2,Yardi Agresta ,0,1815308,5002770.11,17,635269400002,4664.653,4664.653,35.512,,0.0,0,2873,,TEAM BMTR ,bbbbbb,000000,aaaaaa,0,C,167,za,165,176,0,1,53.5,3,1,10,Vet,0,,20,20,0,316.23,0,182,1.04,51,171,3.2,3.3,177,0,3.5,3.8,4.3,4.6,5.3,5.7,6.1,187.0,203.0,230.0,247.0,285.0,307.0,324.0,0,0,,1,,,,0,,-1,Zwift Epic Race - The Muckle Yin,TYPE_RACE TYPE_RACE ,47,2025/06/18,3662705581,2,,1815308
,201,1,,2,4998472,15,3,Yardi Agresta ,0,1815308,4998472.15,19,634584600003,1567.512,1567.572,18.54,,0.0,0,2873,,TEAM BMTR ,bbbbbb,000000,aaaaaa,0,B,167,za,156,168,0,1,53.5,3,1,10,Vet,0,,20,20,323.95,322.89,6.66,196,1.16,46,181,3.4,3.2,174,0,3.4,4.2,4.7,5.1,6.0,6.2,6.4,184.0,223.0,254.0,271.0,320.0,332.0,345.0,0,0,,1,,,,0,,-1,Stage 3: Cityscapes: Richmond Worlds,TYPE_RACE TYPE_RACE ,16,2025/06/17,2196019512,1,,1815308
,207,1,,4,5018384,5,0,Toody Merrill &#129528;BMTR RACING)&#129293; (CU),0,1002137,5018384.5,42,637780800005,3600.005,3600.005,0.0,,0.0,0,,,,00dd00,,,0,N/A,165,us,0,0,0,0,58.5,3,1,10,Jnr,0,,20,20,0,0,0,120,0.0,0,103,1.8,1.8,108,0,1.9,2.2,2.8,3.0,4.0,4.8,4.8,114.0,129.0,163.0,178.0,235.0,280.0,280.0,0,0,,1,,,,0,,-1,REVO Social SUB2,TYPE_RIDE,0,2025/06/17,2569385980,,3600,1002137
,201,1,,3,4998481,38,3,Yardi Agresta ,0,1815308,4998481.38,17,634589200003,1555.737,1555.857,11.632,,0.0,0,2873,,TEAM BMTR ,bbbbbb,000000,aaaaaa,0,C,167,za,172,186,0,1,53.5,3,1,10,Vet,0,,20,20,324.52,331.70,8.81,201,1.12,47,192,3.6,3.4,184,0,3.6,4.2,4.7,4.9,6.0,6.2,6.2,194.0,224.0,254.0,264.0,323.0,331.0,334.0,0,0,,1,,,,0,,-1,Stage 3: Cityscapes: Richmond Worlds,TYPE_RACE TYPE_RACE ,16,2025/06/17,2196019512,1,,1815308
,207,1,,4,5017497,7,7,Toody Merrill &#129528;BMTR RACING)&#129293; (CU),0,1002137,5017497.7,0,637684700007,3600.003,3600.003,0.003,,0.0,0,,,,00dd00,,,0,D,165,us,0,0,0,0,58.5,3,1,1,Jnr,0,,20,20,0,0,0,138,0.0,0,103,1.8,1.8,108,0,1.9,2.3,3.1,4.6,7.6,10.5,10.8,114.0,134.0,181.0,271.0,445.0,616.0,631.0,0,0,,1,,,,0,,-1,BMTR Misfits Social,TYPE_RIDE,0,2025/06/16,1917017591,,3600,1002137
,201,1,,3,5017324,50,50,Yardi Agresta ,0,1815308,5017324.50,25,637653400050,3600.03,3600.15,0.03,,0.0,0,2873,,TEAM BMTR ,bbbbbb,000000,aaaaaa,0,C,167,za,135,153,0,1,53.5,3,1,10,Vet,0,,20,20,0,0,0,135,0.98,54,132,2.5,2.4,133,0,2.6,2.8,3.1,3.2,3.7,4.5,4.5,140.0,148.0,164.0,170.0,200.0,242.0,242.0,0,0,,1,,,,0,,-1,BMTR Short Adventure,TYPE_RIDE,0,2025/06/16,576953930,,3600,1815308
,233,0,,3,5015615,10,10,Blopa&reg;,0,1714370,5015615.10,0,637166600010,5400.003,5400.003,0.003,,0.0,1,2873,,TEAM BMTR ,bbbbbb,000000,aaaaaa,0,C,182,uy,134,166,0,1,66.1,3,1,1,Mas,0,,20,0,0,0,0,170,1.17,56,157,2.4,2.5,170,0,2.7,3.1,3.8,4.5,5.4,5.7,6.3,179.0,206.0,254.0,295.0,357.0,380.0,419.0,0,0,,1,,,,0,,-1,BMTR Short Adventure,TYPE_RIDE,0,2025/06/15,986252325,,5400,1714370
,201,1,,3,5015615,39,39,Yardi Agresta ,0,1815308,5015615.39,26,637166600039,5400.025,5400.025,0.025,,0.0,0,2873,,TEAM BMTR ,bbbbbb,000000,aaaaaa,0,C,167,za,138,161,0,1,53.5,3,1,10,Vet,0,,20,20,0,0,0,144,0.96,55,132,2.5,2.7,149,0,2.9,3.4,3.7,4.1,5.0,6.4,6.4,157.0,180.0,197.0,221.0,265.0,344.0,344.0,0,0,,1,,,,0,,-1,BMTR Short Adventure,TYPE_RIDE,0,2025/06/15,986252325,,5400,1815308
,233,0,,5,4994454,49,49,Blopa&reg;,0,1714370,4994454.49,0,633907100048,3000.01,3000.01,0.01,,0.0,1,2873,,TEAM BMTR ,bbbbbb,000000,aaaaaa,0,E,182,uy,132,161,0,1,66.1,3,1,1,Mas,0,,20,0,0,0,0,165,1.17,56,154,2.3,2.2,151,0,2.4,2.6,3.1,4.0,5.4,7.8,10.8,159.0,173.0,208.0,266.0,358.0,514.0,716.0,0,0,,1,,,,0,,-1,The XP Express,TYPE_RIDE,0,2025/06/12,3742187716,,3000,1714370
,207,1,,4,5011668,98,15,Toody Merrill &#129528;BMTR RACING)&#129293; (CU),0,1002137,5011668.98,60,636573300015,3600.006,3600.126,0.005,,0.0,0,,,,00dd00,,,0,D,165,us,0,0,0,0,58.5,3,1,10,Jnr,0,,20,20,0,0,0,125,0.0,0,108,1.9,1.9,112,0,2.0,2.3,3.0,4.1,5.5,6.1,6.1,118.0,134.0,174.0,239.0,322.0,354.0,354.0,0,0,,1,,,,0,,-1,BMTR Short Adventure,TYPE_RIDE,0,2025/06/11,1064303857,,3600,1002137
,201,1,,2,5013409,101,35,Yardi Agresta ,0,1815308,5013409.101,24,636857300035,3902.367,3782.487,1163.499,,0.0,0,2873,,TEAM BMTR ,bbbbbb,000000,aaaaaa,0,B,167,za,168,186,0,1,53.5,3,1,10,Vet,0,,20,20,422.52,331.70,0,197,1.13,47,190,3.6,3.6,195,0,3.8,4.2,4.3,4.6,5.1,5.8,5.9,206.0,226.0,232.0,245.0,273.0,312.0,318.0,0,0,,1,,,,0,,-1,Zwift Racing League Showdown 2025 -  Open ATLANTIC Northern Division 1,TYPE_RACE TYPE_RACE ,34,2025/06/10,1631692097,1,,1815308
,207,1,,4,5009637,5,5,Toody Merrill &#129528;BMTR RACING)&#129293; (CU),0,1002137,5009637.5,51,636324900005,3600.017,3600.017,0.013,,0.0,0,,,,00dd00,,,0,D,165,us,0,0,0,0,58.5,3,1,10,Jnr,0,,20,20,0,0,0,174,0.0,0,144,2.5,2.4,145,0,2.6,3.4,4.2,4.9,7.1,9.7,9.7,153.0,197.0,244.0,288.0,416.0,566.0,566.0,0,0,,1,,,,0,,-1,Cigala Cycling Social Ride ,TYPE_RIDE,0,2025/06/09,2595459121,,3600,1002137
,233,0,,3,5009488,15,15,Blopa&reg;,0,1714370,5009488.15,0,636298600016,3600.007,3600.127,0.007,,0.0,1,2873,,TEAM BMTR ,bbbbbb,000000,aaaaaa,0,C,182,uy,136,158,0,1,66.1,3,1,1,Mas,0,,20,0,0,0,0,174,1.26,52,171,2.6,2.5,166,0,2.6,2.9,3.4,3.7,4.0,4.4,4.8,175.0,191.0,225.0,247.0,267.0,293.0,317.0,0,0,,1,,,,0,,-1,BMTR Short Adventure,TYPE_RIDE,0,2025/06/09,890800649,,3600,1714370
,201,1,,3,5008543,46,46,Yardi Agresta ,0,1815308,5008543.46,26,636177200046,5400.031,5400.031,0.031,,0.0,0,2873,,TEAM BMTR ,bbbbbb,000000,aaaaaa,0,C,167,za,136,170,0,1,53.5,3,1,10,Vet,0,,20,20,0,0,0,142,0.96,55,130,2.4,2.4,132,0,2.6,3.0,3.8,5.0,6.1,6.9,6.9,139.0,160.0,203.0,265.0,325.0,371.0,371.0,0,0,,1,,,,0,,-1,BMTR Short Adventure,TYPE_RIDE,0,2025/06/08,1776635757,,5400,1815308
,201,1,,1,5007668,15,15,Yardi Agresta ,0,1815308,5007668.15,163,636047600015,15528.575,15528.575,2068.513,,0.0,0,2873,,TEAM BMTR ,bbbbbb,000000,aaaaaa,0,A,167,za,149,175,0,1,53.5,3,1,10,Vet,0,,20,20,0,0,0,153,0.93,57,139,2.6,3.1,166,0,3.3,3.6,4.2,4.8,5.5,6.2,6.2,175.0,194.0,224.0,258.0,293.0,331.0,331.0,0,0,,1,,,,0,,-1,The BMTR Fundo,TYPE_RIDE,161,2025/06/07,3378411990,,,1815308
,207,1,,4,5007021,1,1,Toody Merrill &#129528;BMTR RACING)&#129293; (CU),0,1002137,5007021.1,163,635962400001,3600.0,3600.0,0.0,,0.0,0,,,,00dd00,,,0,D,165,us,0,0,0,0,58.5,3,1,10,Jnr,0,,20,20,0,0,0,157,0.0,0,112,1.9,2.0,118,0,2.1,2.8,3.9,5.4,7.9,9.6,9.6,125.0,163.0,231.0,317.0,460.0,560.0,560.0,0,0,,1,,,,0,,-1,Giant Friday Funday,TYPE_RIDE,0,2025/06/06,910684583,,3600,1002137
,201,1,,2,4998155,17,7,Yardi Agresta ,0,1815308,4998155.17,20,634427300007,1621.245,1621.305,2.387,,0.0,0,2873,,TEAM BMTR ,bbbbbb,000000,aaaaaa,0,B,167,za,169,181,0,1,53.5,3,1,10,Vet,0,,20,20,387.51,331.70,0,200,1.12,47,190,3.6,3.3,179,0,3.5,3.7,4.1,4.8,6.0,6.6,6.9,189.0,200.0,219.0,258.0,323.0,353.0,371.0,0,0,,1,,,,0,,-1,Stage 1: Cityscapes: Glasgow Crit Circuit,TYPE_RACE TYPE_RACE ,18,2025/06/05,3765339356,6,,1815308
,201,1,,5,4994561,104,104,Yardi Agresta ,0,1815308,4994561.104,26,633917800104,3000.02,3000.02,0.02,,0.0,0,2873,,TEAM BMTR ,bbbbbb,000000,aaaaaa,0,E,167,za,164,184,0,1,53.5,3,1,10,Vet,0,,20,20,0,0,0,172,0.99,54,162,3.0,3.0,163,0,3.2,3.6,4.0,4.5,5.2,6.4,6.4,172.0,190.0,216.0,241.0,278.0,340.0,340.0,0,0,,1,,,,0,,-1,The XP Express,TYPE_RIDE,0,2025/06/05,2007026433,,3000,1815308
,207,1,,4,5006054,5,5,Toody Merrill &#129528;BMTR RACING)&#129293; (CU),0,1002137,5006054.5,185,635812000005,4200.003,4200.003,0.002,,0.0,0,,,,00dd00,,,0,D,165,us,0,0,0,0,58.5,3,1,10,Jnr,0,,20,20,0,0,0,111,0.0,0,93,1.6,1.8,108,0,1.9,2.3,2.8,3.3,5.0,6.6,6.9,114.0,135.0,165.0,195.0,294.0,388.0,404.0,0,0,,1,,,,0,,-1,"SROZs Contenders, Pretenders, & Rear-Enders ",TYPE_RIDE,0,2025/06/05,1917017591,,4200,1002137
,201,1,,3,5002304,3,3,Yardi Agresta ,0,1815308,5002304.3,26,635176200002,3600.001,3600.121,0.001,,0.0,0,2873,,TEAM BMTR ,bbbbbb,000000,aaaaaa,0,C,167,za,134,159,0,1,53.5,3,1,10,Vet,0,,20,20,0,0,0,146,1.01,53,135,2.5,2.4,132,0,2.6,3.1,3.6,4.4,4.7,5.3,5.3,139.0,168.0,194.0,236.0,254.0,283.0,283.0,0,0,,1,,,,0,,-1,BMTR Short Adventure,TYPE_RIDE,0,2025/06/02,3378411990,,3600,1815308
,201,1,,3,5001308,15,15,Yardi Agresta ,0,1815308,5001308.15,28,635053900012,5400.004,5400.004,0.004,,0.0,0,2873,,TEAM BMTR ,bbbbbb,000000,aaaaaa,0,C,167,za,136,152,0,1,53.5,3,1,10,Vet,0,,20,20,0,0,0,142,1.01,53,137,2.6,2.6,143,0,2.8,3.0,3.2,3.7,4.0,4.1,4.1,151.0,162.0,173.0,197.0,212.0,219.0,219.0,0,0,,1,,,,0,,-1,BMTR Short Adventure,TYPE_RIDE,0,2025/06/01,2852153296,,5400,1815308
,201,1,,1,5000365,10,10,Yardi Agresta ,0,1815308,5000365.10,163,634924100010,15255.585,15255.585,1319.77,,0.0,0,2873,,TEAM BMTR ,bbbbbb,000000,aaaaaa,0,A,167,za,142,173,0,1,53.5,3,1,10,Vet,0,,20,20,0,0,0,157,1.01,53,143,2.7,3.0,163,0,3.2,3.6,4.2,5.1,6.3,6.5,6.5,172.0,190.0,225.0,274.0,339.0,347.0,347.0,0,0,,1,,,,0,,-1,The BMTR Fundo,TYPE_RIDE,161,2025/05/31,136140280,,,1815308
,207,1,,1,5000365,24,24,Toody Merrill &#129528;BMTR RACING)&#129293; (CU),0,1002137,5000365.24,202,634924100024,18731.312,18731.312,4795.497,,0.0,0,,,,00dd00,,,0,A,165,us,0,0,0,0,58.5,3,1,10,Jnr,0,,20,20,0,0,0,112,0.0,0,102,1.7,2.0,121,0,2.2,2.4,2.8,3.4,4.2,5.4,5.4,128.0,138.0,166.0,201.0,247.0,314.0,314.0,0,0,,1,,,,0,,-1,The BMTR Fundo,TYPE_RIDE,161,2025/05/31,136140280,,,1002137
,201,1,,3,4999423,46,18,Yardi Agresta ,0,1815308,4999423.46,28,634794700018,5400.016,5400.076,0.016,,0.0,0,2873,,TEAM BMTR ,bbbbbb,000000,aaaaaa,0,C,167,za,138,164,0,1,53.5,3,1,10,Vet,0,,20,20,0,0,0,150,1.02,52,141,2.6,2.7,146,0,2.9,3.6,4.0,4.4,5.0,5.3,5.3,154.0,193.0,212.0,236.0,270.0,281.0,281.0,0,0,,1,,,,0,,-1,BMTR Short Adventure ,TYPE_RIDE,0,2025/05/30,2128890027,,3600,1815308
,201,1,,3,4997381,3,3,Yardi Agresta ,0,1815308,4997381.3,21,634287400003,2632.45,2632.57,0.05,,0.0,0,2873,,TEAM BMTR ,bbbbbb,000000,aaaaaa,0,F,167,za,154,171,0,1,53.5,3,1,10,Vet,0,,20,20,0,0,0,178,1.08,49,166,3.1,3.0,162,0,3.2,3.5,4.0,4.8,5.1,5.3,5.9,171.0,186.0,214.0,256.0,274.0,286.0,318.0,0,1,,1,,,,0,,-1,WTRL Team Time Trial - Zone 12,TYPE_TEAM_TIME_TRIAL TYPE_RACE ,29,2025/05/29,3312037616,4,,1815308
,207,1,,4,4997367,9,9,Toody Merrill &#129528;BMTR RACING)&#129293; (CU),0,1002137,4997367.9,167,634285000009,4200.009,4200.009,0.009,,0.0,0,,,,00dd00,,,0,D,165,us,0,0,0,0,58.5,3,1,10,Jnr,0,,20,20,0,0,0,131,0.0,0,100,1.7,1.8,105,0,1.9,2.5,3.4,4.3,6.4,8.3,8.3,111.0,148.0,201.0,251.0,376.0,486.0,486.0,0,0,,1,,,,0,,-1,"SROZs Contenders, Pretenders, & Rear-Enders ",TYPE_RIDE,0,2025/05/29,1917017591,,4200,1002137
,201,1,,4,4997346,49,13,Yardi Agresta ,0,1815308,4997346.49,25,634280200014,2755.272,2755.452,139.548,,0.0,0,2873,,TEAM BMTR ,bbbbbb,000000,aaaaaa,0,L,167,za,153,166,0,1,53.5,3,1,10,Vet,0,,20,20,0,0,0,174,1.07,50,163,3.1,2.9,155,0,3.1,3.4,3.9,4.4,4.8,5.5,6.0,164.0,183.0,207.0,233.0,255.0,296.0,321.0,0,1,,1,,,,0,,-1,WTRL Team Time Trial - Zone 11,TYPE_TEAM_TIME_TRIAL TYPE_RACE ,29,2025/05/29,3312037616,4,,1815308
,233,0,,3,4996284,55,30,Blopa&reg;,0,1714370,4996284.55,0,634136500032,3600.015,3600.075,0.015,,0.0,1,2873,,TEAM BMTR ,bbbbbb,000000,aaaaaa,0,C,182,uy,133,145,0,1,66.1,3,1,1,Mas,0,,20,0,0,0,0,151,1.11,59,148,2.2,2.1,144,0,2.3,2.4,2.6,2.8,3.3,3.5,3.7,152.0,161.0,175.0,187.0,217.0,233.0,246.0,0,0,,1,,,,0,,-1,BMTR Short Adventure,TYPE_RIDE,0,2025/05/28,1064303857,,3600,1714370
,201,1,,3,4963581,10,3,Yardi Agresta ,0,1815308,4963581.10,18,629063800003,7383.709,7383.709,476.26,,0.0,0,2873,,TEAM BMTR ,bbbbbb,000000,aaaaaa,0,C,167,za,157,171,0,1,53.5,3,1,10,Vet,0,,20,20,0,331.70,0,166,1.04,51,163,3.1,3.2,174,0,3.4,3.7,3.9,4.3,5.1,5.5,5.8,184.0,199.0,208.0,231.0,273.0,294.0,311.0,0,0,,1,,,,0,,-1,Zwift Epic Race - Sacre Bleu,TYPE_RACE TYPE_RACE ,74,2025/05/28,136140280,1,,1815308
,201,1,,2,4967282,18,6,Yardi Agresta ,0,1815308,4967282.18,18,629800900006,2218.51,2218.57,11.673,,0.0,0,2873,,TEAM BMTR ,bbbbbb,000000,aaaaaa,0,B,167,za,160,176,0,1,53.5,3,1,10,Vet,0,,20,20,394.30,331.70,0,184,1.12,47,179,3.3,3.2,171,0,3.4,3.9,4.2,4.7,5.1,5.2,5.4,181.0,208.0,226.0,253.0,271.0,276.0,288.0,0,0,,1,,,,0,,-1,Stage 4: Makuri May: Three Village Loop,TYPE_RACE TYPE_RACE ,24,2025/05/27,3379779247,2,,1815308
,201,1,,4,4995202,3,3,Yardi Agresta ,0,1815308,4995202.3,26,633993500014,3600.018,3600.018,0.015,,0.0,0,2873,,TEAM BMTR ,bbbbbb,000000,aaaaaa,0,F,167,za,144,164,0,1,53.5,3,1,10,Vet,0,,20,20,0,0,0,150,1.01,53,145,2.7,2.7,144,0,2.8,3.1,3.5,4.0,5.3,6.5,6.5,152.0,167.0,185.0,215.0,286.0,347.0,347.0,0,0,,1,,,,0,,-1,GGCC Glasgow Green Cycle Club Tuesday Training Ride,TYPE_RIDE,0,2025/05/27,928793662,,3600,1815308
,201,1,,4,4994143,14,14,Yardi Agresta ,0,1815308,4994143.14,26,633874700014,3600.025,3600.025,0.023,,0.0,0,2873,,TEAM BMTR ,bbbbbb,000000,aaaaaa,0,D,167,za,117,147,0,1,53.5,3,1,10,Vet,0,,20,20,0,0,0,109,0.79,68,92,1.7,1.6,87,0,1.7,2.4,2.8,3.4,5.2,7.3,7.3,92.0,129.0,151.0,180.0,280.0,393.0,393.0,0,0,,1,,,,0,,-1,BMTR Misfits Social,TYPE_RIDE,0,2025/05/26,928793662,,3600,1815308
,207,1,,4,4986897,7,7,Toody Merrill &#129528;BMTR RACING)&#129293; (CU),0,1002137,4986897.7,170,632823800007,3600.003,3600.003,0.003,,0.0,0,,,,00dd00,,,0,D,165,us,0,0,0,0,58.5,3,1,10,Jnr,0,,20,20,0,0,0,130,0.0,0,97,1.7,1.7,101,0,1.8,2.3,3.1,4.6,6.3,8.0,8.0,107.0,133.0,180.0,268.0,368.0,467.0,467.0,0,0,,1,,,,0,,-1,HCC Wellness ride p/b Pinarello,TYPE_RIDE,0,2025/05/26,2143464829,,3600,1002137
,233,0,,3,4990935,48,15,Blopa&reg;,0,1714370,4990935.48,0,633366200015,5400.007,5400.067,0.007,,0.0,1,2873,,TEAM BMTR ,bbbbbb,000000,aaaaaa,0,C,182,uy,135,165,0,1,66.1,3,1,1,Mas,0,,20,0,0,0,0,175,1.18,56,159,2.4,2.4,163,0,2.6,2.9,3.5,4.6,7.1,9.8,10.9,172.0,190.0,230.0,305.0,471.0,648.0,722.0,0,0,,1,,,,0,,-1,BMTR Short Adventure ,TYPE_RIDE,0,2025/05/23,46799750,,3600,1714370
,207,1,,1,4990036,18,6,Toody Merrill &#129528;BMTR RACING)&#129293; (CU),0,1002137,4990036.18,18,633239600006,2274.742,2274.742,4.154,,0.0,0,,,,00dd00,,,0,L,165,us,0,0,0,0,58.5,3,1,10,Jnr,0,,20,20,0,0,0,181,0.0,0,175,3.0,2.8,167,0,3.0,3.4,3.7,3.9,5.2,5.8,6.9,176.0,197.0,217.0,230.0,304.0,339.0,404.0,0,1,,1,,,,0,,-1,WTRL Team Time Trial - Zone 12,TYPE_TEAM_TIME_TRIAL TYPE_RACE ,25,2025/05/22,1453570384,1,,1002137
,233,0,,3,4988978,45,22,Blopa&reg;,0,1714370,4988978.45,0,633089200022,3600.015,3600.075,0.014,,0.0,1,2873,,TEAM BMTR ,bbbbbb,000000,aaaaaa,0,C,182,uy,134,166,0,1,66.1,3,1,1,Mas,0,,20,0,0,0,0,169,1.18,56,158,2.4,2.3,154,0,2.5,2.9,3.4,4.4,6.4,9.2,10.4,163.0,193.0,226.0,294.0,424.0,611.0,690.0,0,0,,1,,,,0,,-1,BMTR Short Adventure,TYPE_RIDE,0,2025/05/21,1453570384,,3600,1714370
,201,1,,3,4988978,27,4,Yardi Agresta ,0,1815308,4988978.27,28,633089200004,3600.002,3600.062,0.001,,0.0,0,2873,,TEAM BMTR ,bbbbbb,000000,aaaaaa,0,C,167,za,144,171,0,1,53.5,3,1,10,Vet,0,,20,20,0,0,0,153,0.96,55,138,2.6,2.7,146,0,2.9,3.3,3.8,4.1,5.2,6.4,6.4,154.0,178.0,206.0,219.0,277.0,345.0,345.0,0,0,,1,,,,0,,-1,BMTR Short Adventure,TYPE_RIDE,0,2025/05/21,1453570384,,3600,1815308
,201,1,,5,4941255,17,17,Yardi Agresta ,0,1815308,4941255.17,27,625874000017,1946.232,1946.232,210.91,,0.0,0,2873,,TEAM BMTR ,bbbbbb,000000,aaaaaa,0,E,167,za,164,179,0,1,53.5,3,1,10,Vet,0,,20,20,0,0,0,189,1.08,49,177,3.3,3.5,188,0,3.7,4.3,4.6,4.7,4.8,4.9,4.9,198.0,229.0,244.0,249.0,258.0,263.0,263.0,0,0,,1,,,,0,,-1,Stage 6 | Hilltop Hustle,TYPE_RIDE,16,2025/05/21,3961473046,1,,1815308
,201,1,,3,4986874,40,40,Yardi Agresta ,0,1815308,4986874.40,26,632820500040,3600.02,3600.14,0.019,,0.0,0,2873,,TEAM BMTR ,bbbbbb,000000,aaaaaa,0,C,167,za,144,161,0,1,53.5,3,1,10,Vet,0,,20,20,0,0,0,156,1.01,53,145,2.7,2.7,145,0,2.9,3.3,3.8,4.3,4.7,5.0,5.0,153.0,175.0,201.0,230.0,254.0,265.0,265.0,0,0,,1,,,,0,,-1,BMTR Short Adventure,TYPE_RIDE,0,2025/05/19,553661379,,3600,1815308
,201,1,,3,4985814,3,3,Yardi Agresta ,0,1815308,4985814.3,31,632689300003,5400.0,5400.0,0.676,,0.0,0,2873,,TEAM BMTR ,bbbbbb,000000,aaaaaa,0,C,167,za,137,167,0,1,53.5,3,1,10,Vet,0,,20,20,0,0,0,134,0.91,59,124,2.3,2.3,126,0,2.5,2.8,3.5,4.1,4.5,5.3,5.3,133.0,152.0,188.0,221.0,242.0,281.0,281.0,0,0,,1,,,,0,,-1,BMTR Short Adventure,TYPE_RIDE,0,2025/05/18,1880443431,,5400,1815308
,201,1,,1,4984954,21,21,Yardi Agresta ,0,1815308,4984954.21,188,632568300021,15662.511,15662.511,2298.054,,0.0,0,2873,,TEAM BMTR ,bbbbbb,000000,aaaaaa,0,A,167,za,140,165,0,1,53.5,3,1,10,Vet,0,,20,20,0,0,0,142,0.93,57,130,2.4,2.7,147,0,2.9,3.1,3.6,4.8,5.7,6.5,6.5,155.0,166.0,193.0,257.0,304.0,347.0,347.0,0,0,,1,,,,0,,-1,The BMTR Fundo,TYPE_RIDE,161,2025/05/17,1917017591,,,1815308
,201,1,,3,4984161,46,19,Yardi Agresta ,0,1815308,4984161.46,81,632454500019,5400.019,5400.079,0.019,,0.0,0,2873,,TEAM BMTR ,bbbbbb,000000,aaaaaa,0,C,167,za,130,164,0,1,53.5,3,1,10,Vet,0,,20,20,0,0,0,141,0.98,54,127,2.4,2.4,130,0,2.6,3.0,3.8,5.0,6.3,6.6,6.6,137.0,158.0,206.0,268.0,336.0,351.0,351.0,0,0,,1,,,,0,,-1,BMTR Short Adventure ,TYPE_RIDE,0,2025/05/16,2207442179,,3600,1815308
,201,1,,4,4983211,3,3,Yardi Agresta ,0,1815308,4983211.3,22,632319900003,3133.41,3133.59,0.677,,0.0,0,2873,,TEAM BMTR ,bbbbbb,000000,aaaaaa,0,E,167,za,156,168,0,1,53.5,3,1,10,Vet,0,,20,20,0,0,0,172,1.05,50,164,3.1,3.0,164,0,3.2,3.5,3.9,4.3,5.1,5.3,5.4,173.0,188.0,210.0,231.0,275.0,281.0,288.0,0,1,,1,,,,0,,-1,WTRL Team Time Trial - Zone 12,TYPE_TEAM_TIME_TRIAL,32,2025/05/15,1039983620,2,,1815308
,207,1,,1,4983211,20,6,Toody Merrill &#129528;BMTR RACING)&#129293; (CU),0,1002137,4983211.20,16,632319600006,3363.76,3363.76,281.604,,0.0,0,,,,00dd00,,,0,L,165,us,0,0,0,0,58.5,3,1,10,Jnr,0,,20,20,0,0,0,185,0.0,0,172,2.9,3.0,179,0,3.2,3.8,3.9,4.9,7.0,7.9,8.4,189.0,221.0,230.0,289.0,407.0,462.0,489.0,0,1,,1,,,,0,,-1,WTRL Team Time Trial - Zone 12,TYPE_TEAM_TIME_TRIAL,32,2025/05/15,1039983620,2,,1002137
,207,1,,4,4978555,27,27,Toody Merrill &#129528;BMTR RACING)&#129293; (CU),0,1002137,4978555.27,26,631711100027,2700.019,2700.019,0.018,,0.0,0,,,,00dd00,,,0,D,165,us,0,0,0,0,58.5,3,1,10,Jnr,0,,20,20,0,0,0,107,0.0,0,102,1.7,1.6,97,0,1.8,1.9,2.3,2.6,3.0,3.7,3.7,103.0,113.0,132.0,154.0,174.0,217.0,217.0,0,0,,1,,,,0,,-1,RLK17: Ride to Raise,TYPE_RIDE,0,2025/05/15,1993374659,,2700,1002137
,201,1,,3,4983177,17,16,Yardi Agresta ,0,1815308,4983177.17,18,632312600015,2949.021,2949.141,334.132,,0.0,0,2873,,TEAM BMTR ,bbbbbb,000000,aaaaaa,0,E,167,za,161,174,0,1,53.5,3,1,10,Vet,0,,20,20,0,0,0,186,1.09,49,175,3.3,3.2,171,0,3.4,3.7,4.3,4.8,5.2,5.8,5.8,181.0,198.0,229.0,259.0,277.0,310.0,310.0,0,1,,1,,,,0,,-1,WTRL Team Time Trial - Zone 11,TYPE_TEAM_TIME_TRIAL,32,2025/05/15,1039983620,2,,1815308
,233,0,,3,4982124,32,11,Blopa&reg;,0,1714370,4982124.32,0,632175300011,3600.006,3600.066,0.006,,0.0,1,2873,,TEAM BMTR ,bbbbbb,000000,aaaaaa,0,C,182,uy,136,155,0,1,66.1,3,1,1,Mas,0,,20,0,0,0,0,167,1.17,56,159,2.4,2.4,158,0,2.5,2.7,3.1,3.6,4.9,7.3,9.0,167.0,181.0,202.0,238.0,324.0,485.0,593.0,0,0,,1,,,,0,,-1,BMTR Short Adventure,TYPE_RIDE,0,2025/05/14,890800649,,3600,1714370
,201,1,,3,4982124,46,25,Yardi Agresta ,0,1815308,4982124.46,28,632175300025,3600.023,3600.083,0.023,,0.0,0,2873,,TEAM BMTR ,bbbbbb,000000,aaaaaa,0,C,167,za,134,171,0,1,53.5,3,1,10,Vet,0,,20,20,0,0,0,146,0.98,54,131,2.5,2.5,134,0,2.7,2.9,3.3,4.8,6.1,6.8,6.8,142.0,154.0,176.0,255.0,329.0,364.0,364.0,0,0,,1,,,,0,,-1,BMTR Short Adventure,TYPE_RIDE,0,2025/05/14,890800649,,3600,1815308
,201,1,,2,4972390,13,4,Yardi Agresta ,0,1815308,4972390.13,18,630852100004,2294.79,2294.85,0.475,,0.0,0,2873,,TEAM BMTR ,bbbbbb,000000,aaaaaa,0,B,167,za,166,183,0,1,53.5,3,1,10,Vet,0,,20,20,354.20,338.49,6.79,191,1.11,48,185,3.5,3.3,181,0,3.6,4.1,4.5,4.9,5.2,5.4,6.1,191.0,221.0,240.0,261.0,276.0,291.0,327.0,0,0,,1,,,,0,,-1,Stage 2: Makuri May: Turf N Surf,TYPE_RACE TYPE_RACE ,25,2025/05/13,4258943387,1,,1815308
,201,1,,3,4979402,14,14,Yardi Agresta ,0,1815308,4979402.14,42,631808100014,3600.006,3600.126,0.006,,0.0,0,2873,,TEAM BMTR ,bbbbbb,000000,aaaaaa,0,C,167,za,141,153,0,1,53.5,3,1,10,Vet,0,,20,20,0,0,0,141,0.97,55,137,2.6,2.4,133,0,2.6,2.9,3.1,3.3,3.9,4.4,4.4,140.0,155.0,164.0,177.0,208.0,234.0,234.0,0,0,,1,,,,0,,-1,BMTR Short Adventure,TYPE_RIDE,0,2025/05/12,352245150,,3600,1815308
,201,1,,4,4978545,22,22,Yardi Agresta ,0,1815308,4978545.22,26,631709100022,2700.008,2700.008,0.008,,0.0,0,2873,,TEAM BMTR ,bbbbbb,000000,aaaaaa,0,D,167,za,151,166,0,1,53.5,3,1,10,Vet,0,,20,20,0,0,0,167,1.07,50,161,3.0,3.0,161,0,3.2,3.4,3.6,4.3,5.0,5.8,5.8,170.0,184.0,195.0,228.0,266.0,310.0,310.0,0,0,,1,,,,0,,-1,RLK17: Ride to Raise,TYPE_RIDE,0,2025/05/12,2140131142,,2700,1815308
,201,1,,3,4978022,26,26,Yardi Agresta ,0,1815308,4978022.26,54,631632700026,5400.015,5400.015,0.015,,0.0,0,2873,,TEAM BMTR ,bbbbbb,000000,aaaaaa,0,C,167,za,146,175,0,1,53.5,3,1,10,Vet,0,,20,20,0,0,0,156,0.97,55,141,2.6,3.0,160,0,3.2,4.0,4.1,4.7,5.4,5.7,5.7,169.0,212.0,218.0,254.0,290.0,303.0,303.0,0,0,,1,,,,0,,-1,BMTR Short Adventure,TYPE_RIDE,0,2025/05/11,3742187716,,5400,1815308
,201,1,,1,4977087,15,15,Yardi Agresta ,0,1815308,4977087.15,185,631503600015,16017.755,16017.755,1351.699,,0.0,0,2873,,TEAM BMTR ,bbbbbb,000000,aaaaaa,0,A,167,za,153,175,0,1,53.5,3,1,10,Vet,0,,20,20,0,0,0,149,0.92,58,140,2.6,2.8,152,0,3.0,3.6,4.1,4.2,5.1,6.2,6.2,161.0,191.0,222.0,223.0,272.0,334.0,334.0,0,0,,1,,,,0,,-1,The BMTR Fundo,TYPE_RIDE,161,2025/05/10,240388043,,,1815308
,201,1,,3,4963475,22,4,Yardi Agresta ,0,1815308,4963475.22,22,629017200004,5289.713,5289.713,592.694,,0.0,0,2873,,TEAM BMTR ,bbbbbb,000000,aaaaaa,0,C,167,za,169,183,0,1,53.5,3,1,10,Vet,0,,20,20,325.60,360.68,22.19,174,0.99,54,167,3.1,3.3,178,0,3.5,3.9,4.3,4.9,5.3,5.5,5.7,188.0,210.0,229.0,260.0,282.0,297.0,303.0,0,0,,1,,,,0,,-1,Zwift Epic Race - Knights of the Roundabout,TYPE_RACE TYPE_RACE ,54,2025/05/09,3974965857,1,,1815308
,207,1,,1,4975306,18,7,Toody Merrill &#129528;BMTR RACING)&#129293; (CU),0,1002137,4975306.18,19,631252600007,2713.183,2713.183,14.615,,0.0,0,,,,00dd00,,,0,L,165,us,0,0,0,0,58.5,3,1,10,Jnr,0,,20,20,0,0,0,181,0.0,0,173,3.0,2.8,167,0,3.0,3.5,3.8,4.0,4.4,6.5,8.5,176.0,202.0,224.0,235.0,259.0,382.0,495.0,0,1,,1,,,,0,,-1,WTRL Team Time Trial - Zone 12,TYPE_TEAM_TIME_TRIAL TYPE_RACE ,27,2025/05/08,2737483381,3,,1002137
,207,1,,4,4975292,18,18,Toody Merrill &#129528;BMTR RACING)&#129293; (CU),0,1002137,4975292.18,34,631250400018,4200.009,4200.009,0.009,,0.0,0,,,,00dd00,,,0,D,165,us,0,0,0,0,58.5,3,1,10,Jnr,0,,20,20,0,0,0,121,0.0,0,103,1.8,1.9,113,0,2.0,2.8,3.5,4.5,5.5,5.8,5.8,119.0,161.0,204.0,262.0,322.0,340.0,340.0,0,0,,1,,,,0,,-1,"SROZs Contenders, Pretenders, & Rear-Enders ",TYPE_RIDE,0,2025/05/08,319138658,,4200,1002137
,201,1,,5,4965013,125,125,Yardi Agresta ,0,1815308,4965013.125,26,629253200124,3000.031,3000.031,0.031,,0.0,0,2873,,TEAM BMTR ,bbbbbb,000000,aaaaaa,0,E,167,za,153,171,0,1,53.5,3,1,10,Vet,0,,20,20,0,0,0,156,0.97,55,148,2.8,2.7,147,0,2.9,3.2,3.5,4.0,5.1,5.9,5.9,155.0,171.0,187.0,215.0,271.0,317.0,317.0,0,0,,1,,,,0,,-1,The XP Express,TYPE_RIDE,0,2025/05/06,4258943387,,3000,1815308
,201,1,,3,4966494,31,4,Yardi Agresta ,0,1815308,4966494.31,16,629472500004,1955.071,1955.191,1.585,,0.0,0,2873,,TEAM BMTR ,bbbbbb,000000,aaaaaa,0,C,167,za,168,181,0,1,53.5,3,1,10,Vet,0,,20,20,357.25,378.57,17.89,193,1.11,48,186,3.5,3.3,176,0,3.5,3.9,4.3,4.6,4.7,5.6,6.1,186.0,208.0,230.0,244.0,253.0,299.0,324.0,0,0,,1,,,,0,,-1,Stage 1: Makuri May: Bridges and Boardwalks,TYPE_RACE TYPE_RACE ,21,2025/05/06,1760877317,3,,1815308
,201,1,,4,4973163,1,1,Yardi Agresta ,0,1815308,4973163.1,26,630954500009,3600.015,3600.015,0,,0.0,0,2873,,TEAM BMTR ,bbbbbb,000000,aaaaaa,0,F,167,za,161,180,0,1,53.5,3,1,10,Vet,0,,20,20,0,0,0,167,0.99,54,159,3.0,3.1,167,0,3.3,3.8,4.1,4.9,5.5,5.8,5.8,176.0,202.0,221.0,261.0,293.0,309.0,309.0,0,0,,1,,,,0,,-1,GGCC Glasgow Green Cycle Club Tuesday Training Ride,TYPE_RIDE,0,2025/05/06,1776635757,,3600,1815308
,233,0,,3,4972025,41,41,Blopa&reg;,0,1714370,4972025.41,0,630780500041,3600.016,3600.136,0.74,,0.0,1,2873,,TEAM BMTR ,bbbbbb,000000,aaaaaa,0,C,182,uy,143,165,0,1,66.1,3,1,1,Mas,0,,20,0,0,0,0,182,1.19,55,170,2.6,2.6,174,0,2.8,3.1,3.8,4.5,5.7,7.6,10.9,184.0,207.0,253.0,296.0,377.0,500.0,719.0,0,0,,1,,,,0,,-1,BMTR Short Adventure,TYPE_RIDE,0,2025/05/05,2140131142,,3600,1714370
,201,1,,3,4972025,68,68,Yardi Agresta ,0,1815308,4972025.68,26,630780500068,3600.032,3600.152,0.756,,0.0,0,2873,,TEAM BMTR ,bbbbbb,000000,aaaaaa,0,C,167,za,147,164,0,1,53.5,3,1,10,Vet,0,,20,20,0,0,0,146,0.95,56,140,2.6,2.6,139,0,2.7,2.9,3.1,3.6,4.3,4.8,4.8,147.0,155.0,167.0,195.0,230.0,259.0,259.0,0,0,,1,,,,0,,-1,BMTR Short Adventure,TYPE_RIDE,0,2025/05/05,2140131142,,3600,1815308
,201,1,,3,4968037,58,27,Yardi Agresta ,0,1815308,4968037.58,30,629967700027,5400.026,5400.086,0.026,,0.0,0,2873,,TEAM BMTR ,bbbbbb,000000,aaaaaa,0,C,167,za,143,173,0,1,53.5,3,1,10,Vet,0,,20,20,0,0,0,152,0.96,55,137,2.6,2.8,154,0,3.0,3.8,4.2,4.9,5.3,5.7,5.7,163.0,204.0,224.0,264.0,285.0,303.0,303.0,0,0,,1,,,,0,,-1,BMTR Short Adventure ,TYPE_RIDE,0,2025/05/02,1635842477,,3600,1815308
,207,1,,1,4965655,21,8,Toody Merrill &#129528;BMTR RACING)&#129293; (CU),0,1002137,4965655.21,16,629332200008,2387.755,2387.755,4.548,,0.0,0,,,,00dd00,,,0,L,162,us,0,0,0,0,54.4,3,1,10,Jnr,0,,20,20,0,0,0,178,0.0,0,174,3.2,3.1,171,0,3.3,3.5,3.7,4.6,5.2,6.9,8.5,180.0,191.0,204.0,248.0,281.0,374.0,465.0,0,1,,1,,,,0,,-1,WTRL Team Time Trial - Zone 12,TYPE_TEAM_TIME_TRIAL,25,2025/05/01,3914529041,1,,1002137
,201,1,,3,4965655,3,3,Yardi Agresta ,0,1815308,4965655.3,17,629332400003,2324.882,2325.002,0.109,,0.0,0,2873,,TEAM BMTR ,bbbbbb,000000,aaaaaa,0,E,167,za,152,167,0,1,53.5,3,1,10,Vet,0,,20,20,0,0,0,172,1.09,49,165,3.1,3.0,161,0,3.2,3.4,3.9,4.7,4.7,5.0,5.7,170.0,183.0,209.0,250.0,253.0,267.0,304.0,0,1,,1,,,,0,,-1,WTRL Team Time Trial - Zone 12,TYPE_TEAM_TIME_TRIAL,25,2025/05/01,3914529041,1,,1815308
,207,1,,4,4965641,5,5,Toody Merrill &#129528;BMTR RACING)&#129293; (CU),0,1002137,4965641.5,40,629330000005,4200.003,4200.003,0.003,,0.0,0,,,,00dd00,,,0,D,162,us,0,0,0,0,54.4,3,1,10,Jnr,0,,20,20,0,0,0,118,0.0,0,102,1.9,2.1,116,0,2.3,2.5,3.1,4.0,5.7,7.2,7.2,123.0,137.0,169.0,218.0,311.0,393.0,393.0,0,0,,1,,,,0,,-1,"SROZs Contenders, Pretenders, & Rear-Enders ",TYPE_RIDE,0,2025/05/01,319138658,,4200,1002137
,201,1,,1,4965621,44,13,Yardi Agresta ,0,1815308,4965621.44,23,629325000013,2337.049,2337.049,158.778,,0.0,0,2873,,TEAM BMTR ,bbbbbb,000000,aaaaaa,0,L,167,za,152,165,0,1,53.5,3,1,10,Vet,0,,20,20,0,0,0,170,1.09,49,165,3.1,2.9,159,0,3.1,3.3,3.6,4.3,5.0,5.6,5.6,168.0,175.0,195.0,230.0,267.0,301.0,301.0,0,1,,1,,,,0,,-1,WTRL Team Time Trial - Zone 11,TYPE_TEAM_TIME_TRIAL,25,2025/05/01,3914529041,1,,1815308
,201,1,,3,4964623,13,2,Yardi Agresta ,0,1815308,4964623.13,26,629211100002,6201.969,6202.149,30.813,,0.0,0,2873,,TEAM BMTR ,bbbbbb,000000,aaaaaa,0,C,167,za,140,173,0,1,53.5,3,1,10,Vet,0,,20,20,0,0,0,151,1.02,52,143,2.7,2.6,143,0,2.8,3.4,4.1,4.9,5.7,6.1,6.1,151.0,180.0,221.0,262.0,304.0,327.0,327.0,0,0,,1,,,,0,,-1,3R Endurance Steady Ride,TYPE_RIDE,62,2025/04/30,240388043,,,1815308
,233,0,,3,4964394,41,15,Blopa&reg;,0,1714370,4964394.41,0,629168300015,3600.013,3600.073,0.013,,0.0,1,2873,,TEAM BMTR ,bbbbbb,000000,aaaaaa,0,C,182,uy,130,154,0,1,66.1,3,1,1,Mas,0,,20,0,0,0,0,163,1.22,54,158,2.4,2.3,153,0,2.5,2.7,2.9,3.3,4.0,4.7,5.5,162.0,181.0,192.0,220.0,264.0,311.0,366.0,0,0,,1,,,,0,,-1,BMTR Short Adventure,TYPE_RIDE,0,2025/04/30,3914529041,,3600,1714370
,201,1,,3,4964394,51,25,Yardi Agresta ,0,1815308,4964394.51,28,629168300025,3600.021,3600.081,0.021,,0.0,0,2873,,TEAM BMTR ,bbbbbb,000000,aaaaaa,0,C,167,za,131,154,0,1,53.5,3,1,10,Vet,0,,20,20,0,0,0,130,0.97,55,127,2.4,2.4,128,0,2.5,2.7,3.0,3.4,4.2,4.7,4.7,135.0,147.0,160.0,182.0,223.0,253.0,253.0,0,0,,1,,,,0,,-1,BMTR Short Adventure,TYPE_RIDE,0,2025/04/30,3914529041,,3600,1815308
,201,1,,2,4945409,15,2,Yardi Agresta ,0,1815308,4945409.15,29,626466200002,1955.908,1955.968,0.696,,0.0,0,2873,,TEAM BMTR ,bbbbbb,000000,aaaaaa,0,B,167,za,161,182,0,1,53.5,3,1,10,Vet,0,,20,20,252.88,419.26,40.69,189,1.14,46,184,3.4,3.3,176,0,3.5,4.3,4.7,4.8,5.0,5.1,5.4,186.0,230.0,250.0,258.0,266.0,275.0,288.0,0,0,,1,,,,0,,-1,Stage 5: After Party: Hell of the North,TYPE_RACE TYPE_RACE ,20,2025/04/29,1793712753,1,,1815308
,201,1,,3,4959814,34,34,Yardi Agresta ,0,1815308,4959814.34,34,628376700040,5400.012,5400.012,0.012,,0.0,0,2873,,TEAM BMTR ,bbbbbb,000000,aaaaaa,0,C,167,za,139,149,0,1,53.5,3,1,10,Vet,0,,20,20,0,0,0,140,0.99,53,138,2.6,2.5,136,0,2.7,2.8,3.0,3.1,3.3,3.5,3.5,144.0,152.0,160.0,166.0,176.0,189.0,189.0,0,0,,1,,,,0,,-1,BMTR Short Adventure,TYPE_RIDE,0,2025/04/27,136140280,,5400,1815308
,201,1,,3,4958876,61,38,Yardi Agresta ,0,1815308,4958876.61,306,628248000038,17148.988,17149.108,2052.942,,0.0,0,2873,,TEAM BMTR ,bbbbbb,000000,aaaaaa,0,C,167,za,129,163,0,1,53.5,3,1,10,Vet,0,,20,20,0,0,0,124,0.88,61,113,2.1,2.4,132,0,2.6,3.0,3.9,4.0,4.8,5.8,5.8,139.0,162.0,207.0,213.0,258.0,308.0,308.0,0,0,,1,,,,0,,-1,BMTR Flat 100 (Miles),TYPE_RIDE,161,2025/04/26,1656629976,,,1815308
,207,1,,3,4958876,42,19,Toody Merrill &#129528;BMTR RACING)&#129293; (CU),0,1002137,4958876.42,346,628248000019,17122.282,17122.402,2026.236,,0.0,0,,,,00dd00,,,0,C,162,us,0,0,0,0,54.4,3,1,10,Jnr,0,,20,20,0,0,0,126,0.0,0,113,2.1,2.4,133,0,2.6,3.1,3.8,4.4,5.8,6.4,6.4,141.0,169.0,208.0,240.0,316.0,350.0,350.0,0,0,,1,,,,0,,-1,BMTR Flat 100 (Miles),TYPE_RIDE,161,2025/04/26,1656629976,,,1002137
,201,1,,3,4957919,47,10,Yardi Agresta ,0,1815308,4957919.47,26,628116500010,5400.009,5400.069,0.008,,0.0,0,2873,,TEAM BMTR ,bbbbbb,000000,aaaaaa,0,C,167,za,126,153,0,1,53.5,3,1,10,Vet,0,,20,20,0,0,0,132,0.98,54,124,2.3,2.5,134,0,2.7,2.8,3.3,3.6,4.0,4.7,4.7,142.0,151.0,179.0,190.0,216.0,250.0,250.0,0,0,,1,,,,0,,-1,BMTR Short Adventure ,TYPE_RIDE,0,2025/04/25,2128890027,,3600,1815308
,233,0,,3,4957919,39,2,Blopa&reg;,0,1714370,4957919.39,0,628116500002,5400.002,5400.062,0.001,,0.0,1,2873,,TEAM BMTR ,bbbbbb,000000,aaaaaa,0,C,182,uy,137,153,0,1,66.1,3,1,1,Mas,0,,20,0,0,0,0,165,1.17,56,160,2.4,2.4,162,0,2.6,2.8,3.1,3.3,3.8,4.1,4.5,171.0,188.0,206.0,221.0,248.0,271.0,298.0,0,0,,1,,,,0,,-1,BMTR Short Adventure ,TYPE_RIDE,0,2025/04/25,2128890027,,3600,1714370
,201,1,,3,4956803,25,2,Yardi Agresta ,0,1815308,4956803.25,28,627968600002,3248.31,3248.43,0.122,,0.0,0,2873,,TEAM BMTR ,bbbbbb,000000,aaaaaa,0,C,167,za,162,175,0,1,53.5,3,1,10,Vet,0,,20,20,0,0,0,173,1.04,51,168,3.1,3.0,162,0,3.2,3.4,3.8,4.4,4.9,5.0,5.5,171.0,184.0,204.0,236.0,261.0,270.0,292.0,0,0,,1,,,,0,,-1,WTRL Team Time Trial - Zone 12,TYPE_TEAM_TIME_TRIAL TYPE_RACE ,36,2025/04/24,3453194200,1,,1815308
,207,1,,2,4956803,16,10,Toody Merrill &#129528;BMTR RACING)&#129293; (CU),0,1002137,4956803.16,27,627968500010,3586.727,3586.787,191.074,,0.0,0,,,,00dd00,,,0,B,162,us,0,0,0,0,54.4,3,1,10,Jnr,0,,20,20,0,0,0,155,0.0,0,144,2.7,2.5,139,0,2.7,3.4,4.4,5.2,6.6,7.7,8.3,147.0,186.0,240.0,282.0,359.0,417.0,451.0,0,0,,1,,,,0,,-1,WTRL Team Time Trial - Zone 12,TYPE_TEAM_TIME_TRIAL TYPE_RACE ,36,2025/04/24,3453194200,1,,1002137
,207,1,,4,4956789,26,26,Toody Merrill &#129528;BMTR RACING)&#129293; (CU),0,1002137,4956789.26,42,627966200026,4200.012,4200.012,0.67,,0.0,0,,,,00dd00,,,0,D,162,us,0,0,0,0,54.4,3,1,10,Jnr,0,,20,20,0,0,0,108,0.0,0,95,1.8,1.9,104,0,2.0,2.5,3.2,3.5,4.3,4.9,4.9,110.0,137.0,173.0,191.0,236.0,269.0,269.0,0,0,,1,,,,0,,-1,"SROZs Contenders, Pretenders, & Rear-Enders ",TYPE_RIDE,0,2025/04/24,319138658,,4200,1002137
,201,1,,2,4956769,46,2,Yardi Agresta ,0,1815308,4956769.46,16,627961300002,3202.841,3202.901,0.191,,0.0,0,2873,,TEAM BMTR ,bbbbbb,000000,aaaaaa,0,B,167,za,163,178,0,1,53.5,3,1,10,Vet,0,,20,20,0,0,0,171,1.02,52,166,3.1,3.0,161,0,3.2,3.4,3.9,4.4,4.6,4.9,5.1,170.0,184.0,209.0,238.0,245.0,261.0,274.0,0,0,,1,,,,0,,-1,WTRL Team Time Trial - Zone 11,TYPE_TEAM_TIME_TRIAL TYPE_RACE ,36,2025/04/24,3453194200,1,,1815308
,233,0,,3,4955342,58,32,Blopa&reg;,0,1714370,4955342.58,0,627732300033,3600.015,3600.075,0.015,,0.0,1,2873,,TEAM BMTR ,bbbbbb,000000,aaaaaa,0,C,182,uy,130,145,0,1,66.1,3,1,1,Mas,0,,20,0,0,0,0,156,1.17,56,152,2.3,2.3,152,0,2.4,2.5,2.7,2.8,3.0,3.4,3.7,160.0,167.0,177.0,182.0,201.0,223.0,243.0,0,0,,1,,,,0,,-1,BMTR Short Adventure,TYPE_RIDE,0,2025/04/23,4258943387,,3600,1714370
,201,1,,3,4955342,78,52,Yardi Agresta ,0,1815308,4955342.78,35,627732300052,3600.03,3600.09,0.03,,0.0,0,2873,,TEAM BMTR ,bbbbbb,000000,aaaaaa,0,C,167,za,153,170,0,1,53.5,3,1,10,Vet,0,,20,20,0,0,0,158,0.97,55,148,2.8,2.7,149,0,2.9,3.2,3.7,4.3,6.0,6.6,6.6,157.0,171.0,198.0,230.0,320.0,351.0,351.0,0,0,,1,,,,0,,-1,BMTR Short Adventure,TYPE_RIDE,0,2025/04/23,4258943387,,3600,1815308
,207,1,,3,4952567,32,32,Toody Merrill &#129528;BMTR RACING)&#129293; (CU),0,1002137,4952567.32,36,627398800032,3600.011,3600.131,0.011,,0.0,0,,,,00dd00,,,0,C,162,us,0,0,0,0,54.4,3,1,10,Jnr,0,,20,20,0,0,0,150,0.0,0,139,2.6,2.6,146,0,2.8,3.2,3.3,3.8,4.7,5.7,5.7,154.0,174.0,179.0,206.0,255.0,312.0,312.0,0,0,,1,,,,0,,-1,BMTR Short Adventure,TYPE_RIDE,0,2025/04/21,377566656,,3600,1002137
,201,1,,3,4952567,28,28,Yardi Agresta ,0,1815308,4952567.28,35,627398800028,3600.01,3600.13,0.01,,0.0,0,2873,,TEAM BMTR ,bbbbbb,000000,aaaaaa,0,C,167,za,141,169,0,1,53.5,3,1,10,Vet,0,,20,20,0,0,0,155,0.98,54,138,2.6,2.7,145,0,2.9,3.4,4.2,4.8,4.9,5.7,5.7,153.0,181.0,223.0,255.0,260.0,307.0,307.0,0,0,,1,,,,0,,-1,BMTR Short Adventure,TYPE_RIDE,0,2025/04/21,377566656,,3600,1815308
,233,0,,3,4949028,59,15,Blopa&reg;,0,1714370,4949028.59,0,626945100015,5400.004,5400.064,0.004,,0.0,1,2873,,TEAM BMTR ,bbbbbb,000000,aaaaaa,0,C,182,uy,130,151,0,1,66.1,3,1,1,Mas,0,,20,0,0,0,0,163,1.21,54,157,2.4,2.5,165,0,2.6,3.0,3.3,3.4,3.6,3.8,4.4,174.0,196.0,220.0,224.0,237.0,252.0,290.0,0,0,,1,,,,0,,-1,BMTR Short Adventure ,TYPE_RIDE,0,2025/04/18,1880443431,,3600,1714370
,201,1,,3,4949028,117,73,Yardi Agresta ,0,1815308,4949028.117,29,626945100073,5400.032,5400.092,0.032,,0.0,0,2873,,TEAM BMTR ,bbbbbb,000000,aaaaaa,0,C,167,za,133,154,0,1,53.5,3,1,10,Vet,0,,20,20,0,0,0,136,0.98,54,131,2.5,2.5,137,0,2.7,2.9,3.1,3.6,4.2,4.5,4.5,145.0,155.0,165.0,191.0,224.0,240.0,240.0,0,0,,1,,,,0,,-1,BMTR Short Adventure ,TYPE_RIDE,0,2025/04/18,1880443431,,3600,1815308
,207,1,,1,4947825,1,1,Toody Merrill &#129528;BMTR RACING)&#129293; (CU),0,1002137,4947825.1,142,626770800001,2878.019,2878.019,0.0,,0.0,0,,,,00dd00,,,0,A,162,us,0,0,0,0,54.4,3,1,10,Jnr,0,,20,20,0,0,0,154,0.0,0,134,2.5,2.4,134,0,2.6,3.0,3.7,4.8,6.4,8.2,8.9,142.0,163.0,201.0,259.0,346.0,445.0,483.0,0,0,,1,,,,0,,-1,WTRL Team Time Trial - Zone 12,TYPE_TEAM_TIME_TRIAL TYPE_RACE ,24,2025/04/17,87055383,1,,1002137
,207,1,,4,4947812,33,33,Toody Merrill &#129528;BMTR RACING)&#129293; (CU),0,1002137,4947812.33,181,626768700033,4200.013,4200.013,0.012,,0.0,0,,,,00dd00,,,0,D,162,us,0,0,0,0,54.4,3,1,10,Jnr,0,,20,20,0,0,0,133,0.0,0,105,1.9,2.3,127,0,2.5,3.3,4.0,4.4,6.1,7.9,7.9,134.0,180.0,219.0,241.0,331.0,431.0,431.0,0,0,,1,,,,0,,-1,"SROZs Contenders, Pretenders, & Rear-Enders ",TYPE_RIDE,0,2025/04/17,319138658,,4200,1002137
,201,1,,3,4946454,91,51,Yardi Agresta ,0,1815308,4946454.91,26,626596600051,3600.033,3600.093,0.032,,0.0,0,2873,,TEAM BMTR ,bbbbbb,000000,aaaaaa,0,C,167,za,137,168,0,1,53.5,3,1,10,Vet,0,,20,20,0,0,0,146,0.94,56,129,2.4,2.6,139,0,2.7,3.5,3.9,4.0,4.9,5.4,5.4,147.0,189.0,209.0,215.0,264.0,288.0,288.0,0,0,,1,,,,0,,-1,BMTR Short Adventure,TYPE_RIDE,0,2025/04/16,1600198346,,3600,1815308
,207,1,,1,4941195,35,35,Toody Merrill &#129528;BMTR RACING)&#129293; (CU),0,1002137,4941195.35,26,625862700045,3359.2,3360.034,0.437,,0.0,0,,,,00dd00,,,0,A,162,us,0,0,0,0,54.4,3,1,10,Jnr,0,,20,20,0,0,0,129,0.0,0,119,2.2,2.2,123,0,2.4,2.7,2.9,3.0,3.0,3.2,3.2,130.0,148.0,158.0,163.0,166.0,172.0,172.0,0,0,,1,,,,0,,-1,Workout 1 | Ramp It Up! ,TYPE_WORKOUT TYPE_WORKOUT,0,2025/04/15,3378411990,,3360,1002137
,201,1,,4,4944799,18,18,Yardi Agresta ,0,1815308,4944799.18,26,626319300017,4200.011,4200.011,0.01,,0.0,0,2873,,TEAM BMTR ,bbbbbb,000000,aaaaaa,0,D,167,za,125,149,0,1,53.5,3,1,10,Vet,0,,20,20,0,0,0,113,0.86,62,107,2.0,2.0,110,0,2.2,2.4,2.8,3.3,3.4,4.2,4.2,116.0,128.0,151.0,175.0,182.0,227.0,227.0,0,0,,1,,,,0,,-1,SROZs Two-Tired for Tuesday,TYPE_RIDE,0,2025/04/15,2143464829,,4200,1815308
,201,1,,3,4948503,70,11,Yardi Agresta ,0,1815308,4948503.70,18,626878300011,2107.787,2107.907,35.653,,0.0,0,2873,,TEAM BMTR ,bbbbbb,000000,aaaaaa,0,C,167,za,167,177,0,1,53.5,3,1,10,Vet,0,,20,20,0,0,0,187,1.07,49,179,3.3,3.2,172,0,3.4,3.6,4.1,4.5,4.9,5.0,5.4,182.0,192.0,217.0,239.0,261.0,268.0,287.0,0,0,,1,,,,0,,-1,ZRL Finals 2024/25 - Open ATLANTIC Semi Final 2,TYPE_TEAM_TIME_TRIAL TYPE_RACE ,25,2025/04/15,986252325,1,,1815308
,201,1,,3,4943296,21,21,Yardi Agresta ,0,1815308,4943296.21,26,626133300018,3600.008,3600.128,0.008,,0.0,0,2873,,TEAM BMTR ,bbbbbb,000000,aaaaaa,0,C,167,za,139,159,0,1,53.5,3,1,10,Vet,0,,20,20,0,0,0,155,0.99,53,138,2.6,2.6,140,0,2.8,3.1,3.6,4.2,5.1,5.8,5.8,148.0,167.0,195.0,224.0,274.0,313.0,313.0,0,0,,1,,,,0,,-1,BMTR Short Adventure,TYPE_RIDE,0,2025/04/14,986252325,,3600,1815308
,201,1,,3,4936534,4,4,Yardi Agresta ,0,1815308,4936534.4,21,625203600004,3284.324,3284.444,0.21,,0.0,0,2873,,TEAM BMTR ,bbbbbb,000000,aaaaaa,0,E,167,za,159,172,0,1,53.5,3,1,10,Vet,0,,20,20,0,0,0,172,1.03,51,164,3.1,3.0,164,0,3.2,3.6,4.0,4.6,5.0,5.9,6.6,173.0,191.0,213.0,247.0,270.0,316.0,354.0,0,1,,1,,,,0,,-1,WTRL Team Trial 6TH BIRTHDAY - Zone 12,TYPE_TEAM_TIME_TRIAL TYPE_RACE ,37,2025/04/10,3994934674,3,,1815308
,201,1,,1,4936500,61,1,Yardi Agresta ,0,1815308,4936500.61,18,625196200007,3278.101,3278.101,0,,0.0,0,2873,,TEAM BMTR ,bbbbbb,000000,aaaaaa,0,L,167,za,164,175,0,1,53.5,3,1,10,Vet,0,,20,20,0,0,0,179,1.04,51,171,3.2,3.1,167,0,3.3,3.7,4.2,4.6,4.8,5.5,6.1,176.0,198.0,224.0,248.0,256.0,292.0,325.0,0,1,,1,,,,0,,-1,WTRL Team Trial 6TH BIRTHDAY - Zone 11,TYPE_TEAM_TIME_TRIAL TYPE_RACE ,37,2025/04/10,3994934674,3,,1815308
,233,0,,3,4935164,47,12,Blopa&reg;,0,1714370,4935164.47,0,625028500012,3600.008,3600.068,0.008,,0.0,1,2873,,TEAM BMTR ,bbbbbb,000000,aaaaaa,0,C,182,uy,129,149,0,1,66.1,3,1,1,Mas,0,,20,0,0,0,0,166,1.25,52,161,2.4,2.3,157,0,2.5,2.8,3.2,4.0,4.4,4.6,4.8,166.0,185.0,213.0,262.0,290.0,304.0,317.0,0,0,,1,,,,0,,-1,BMTR Short Adventure,TYPE_RIDE,0,2025/04/09,3994934674,,3600,1714370
,201,1,,3,4935164,68,33,Yardi Agresta ,0,1815308,4935164.68,26,625028500032,3600.028,3600.088,0.028,,0.0,0,2873,,TEAM BMTR ,bbbbbb,000000,aaaaaa,0,C,167,za,120,151,0,1,53.5,3,1,10,Vet,0,,20,20,0,0,0,122,0.95,56,114,2.1,2.3,123,0,2.4,2.6,3.0,3.6,4.5,5.0,5.0,130.0,141.0,158.0,191.0,243.0,270.0,270.0,0,0,,1,,,,0,,-1,BMTR Short Adventure,TYPE_RIDE,0,2025/04/09,3994934674,,3600,1815308
,207,1,,4,4933546,18,0,Toody Merrill &#129528;BMTR RACING)&#129293; (CU),0,1002137,4933546.18,0,624816900018,3600.009,3600.009,0.0,,0.0,0,,,,00dd00,,,0,N/A,162,us,0,0,0,0,54.4,3,1,10,Jnr,0,,20,20,0,0,0,0,0.0,0,99,1.8,1.8,0,1,,,,,,,,,,,,,,,0,0,,1,,,,0,,-1,REVO Social SUB2,TYPE_RIDE,0,2025/04/08,3366225080,,3600,1002137
,201,1,,3,4938557,62,21,Yardi Agresta ,0,1815308,4938557.62,19,625465600021,3209.976,3030.156,521.98,,0.0,0,2873,,TEAM BMTR ,bbbbbb,000000,aaaaaa,0,C,167,za,166,181,0,1,53.5,3,1,10,Vet,0,,20,20,456.34,399.89,0,186,1.08,49,179,3.3,3.2,174,0,3.4,3.9,4.5,4.6,4.9,5.6,5.7,184.0,208.0,239.0,246.0,263.0,298.0,304.0,0,0,,1,,,,0,,-1,ZRL Finals 2024/25 - Open ATLANTIC Division 1 Cup Semi-Final - Pool 2,TYPE_RACE TYPE_RACE ,32,2025/04/08,2888820995,1,,1815308
,201,1,,3,4931906,45,45,Yardi Agresta ,0,1815308,4931906.45,27,624629400045,3600.021,3600.141,0.021,,0.0,0,2873,,TEAM BMTR ,bbbbbb,000000,aaaaaa,0,C,167,za,142,162,0,1,53.5,3,1,10,Vet,0,,20,20,0,0,0,156,1.02,52,145,2.7,2.7,144,0,2.8,3.2,3.6,3.9,5.0,5.8,5.8,152.0,173.0,195.0,209.0,265.0,308.0,308.0,0,0,,1,,,,0,,-1,BMTR Short Adventure,TYPE_RIDE,0,2025/04/07,2888820995,,3600,1815308
,201,1,,3,4930235,25,25,Yardi Agresta ,0,1815308,4930235.25,41,624438700023,5400.006,5400.006,0.006,,0.0,0,2873,,TEAM BMTR ,bbbbbb,000000,aaaaaa,0,C,167,za,133,163,0,1,53.5,3,1,10,Vet,0,,20,20,0,0,0,145,1.01,53,134,2.5,2.5,135,0,2.7,3.1,3.7,4.3,5.7,7.0,7.0,143.0,165.0,199.0,231.0,306.0,374.0,374.0,0,0,,1,,,,0,,-1,BMTR Short Adventure,TYPE_RIDE,0,2025/04/06,1880443431,,5400,1815308
,233,0,,3,4926943,45,3,Blopa&reg;,0,1714370,4926943.45,0,624026000003,5400.004,5400.064,0.004,,0.0,1,2873,,TEAM BMTR ,bbbbbb,000000,aaaaaa,0,C,182,uy,130,152,0,1,66.1,3,1,1,Mas,0,,20,0,0,0,0,165,1.22,54,159,2.4,2.4,164,0,2.6,2.8,3.5,4.0,4.4,4.7,5.1,173.0,187.0,229.0,266.0,290.0,308.0,337.0,0,0,,1,,,,0,,-1,BMTR Short Adventure ,TYPE_RIDE,0,2025/04/04,1776635757,,3600,1714370
,201,1,,3,4926943,70,28,Yardi Agresta ,0,1815308,4926943.70,26,624026000028,5400.029,5400.089,0.029,,0.0,0,2873,,TEAM BMTR ,bbbbbb,000000,aaaaaa,0,C,167,za,138,149,0,1,53.5,3,1,10,Vet,0,,20,20,0,0,0,134,0.95,56,131,2.5,2.5,135,0,2.7,2.8,2.9,3.0,3.2,3.6,3.6,143.0,150.0,157.0,162.0,172.0,192.0,192.0,0,0,,1,,,,0,,-1,BMTR Short Adventure ,TYPE_RIDE,0,2025/04/04,1776635757,,3600,1815308
,201,1,,4,4925267,9,9,Yardi Agresta ,0,1815308,4925267.9,24,623816900002,2148.916,2149.096,-271.842,,0.0,0,2873,,TEAM BMTR ,bbbbbb,000000,aaaaaa,0,F,167,za,158,172,0,1,53.5,3,1,10,Vet,0,,20,20,0,0,0,174,1.06,50,167,3.1,3.0,165,0,3.3,3.6,3.8,4.1,4.6,5.3,5.5,174.0,194.0,205.0,221.0,244.0,282.0,294.0,0,1,,1,,,,0,,-1,WTRL Team Time Trial - Zone 12,TYPE_TEAM_TIME_TRIAL TYPE_RACE ,22,2025/04/03,2839057126,2,,1815308
,201,1,,5,4925233,3,3,Yardi Agresta ,0,1815308,4925233.3,19,623809900003,2311.744,2311.984,0.332,,0.0,0,2873,,TEAM BMTR ,bbbbbb,000000,aaaaaa,0,V,167,za,148,163,0,1,53.5,3,1,10,Vet,0,,20,20,0,0,0,160,1.02,52,151,2.8,2.7,147,0,2.9,3.3,3.9,4.1,4.4,5.1,5.4,155.0,177.0,208.0,217.0,234.0,271.0,291.0,0,1,,1,,,,0,,-1,WTRL Team Time Trial - Zone 11,TYPE_TEAM_TIME_TRIAL TYPE_RACE ,22,2025/04/03,2839057126,2,,1815308
,201,1,,3,4923643,80,54,Yardi Agresta ,0,1815308,4923643.80,27,623604400054,3600.032,3600.092,0.032,,0.0,0,2873,,TEAM BMTR ,bbbbbb,000000,aaaaaa,0,C,167,za,131,157,0,1,53.5,3,1,10,Vet,0,,20,20,0,0,0,133,0.95,56,125,2.3,2.3,123,0,2.4,2.9,3.6,4.0,4.9,5.9,5.9,130.0,154.0,192.0,216.0,260.0,317.0,317.0,0,0,,1,,,,0,,-1,BMTR Short Adventure,TYPE_RIDE,0,2025/04/02,480315274,,3600,1815308
,233,0,,3,4923643,28,2,Blopa&reg;,0,1714370,4923643.28,0,623604400002,3600.0,3600.06,0,,0.0,1,2873,,TEAM BMTR ,bbbbbb,000000,aaaaaa,0,C,182,uy,127,142,0,1,66.1,3,1,1,Mas,0,,20,0,0,0,0,153,1.16,57,147,2.2,2.2,145,0,2.3,2.5,2.9,3.0,3.3,3.7,4.4,153.0,166.0,189.0,196.0,216.0,247.0,291.0,0,0,,1,,,,0,,-1,BMTR Short Adventure,TYPE_RIDE,0,2025/04/02,480315274,,3600,1714370
,201,1,,3,4912404,26,4,Yardi Agresta ,0,1815308,4912404.26,26,621817200004,2093.954,2094.074,6.428,,0.0,0,2873,,TEAM BMTR ,bbbbbb,000000,aaaaaa,0,C,167,za,162,179,0,1,53.5,3,1,10,Vet,0,,20,20,388.17,411.60,11.71,187,1.1,48,179,3.3,3.3,180,0,3.6,4.0,4.4,4.6,5.3,5.5,6.1,190.0,216.0,233.0,246.0,283.0,295.0,324.0,0,0,,1,,,,0,,-1,Stage 1: After Party: Power to the Portal,TYPE_RACE TYPE_RACE ,19,2025/04/01,3030004732,1,,1815308
,233,0,,4,4912428,83,4,Blopa&reg;,0,1714370,4912428.83,0,621829300004,2233.65,2233.83,5.98,,0.0,1,2873,,TEAM BMTR ,bbbbbb,000000,aaaaaa,0,D,182,uy,161,177,0,1,66.1,3,1,1,Mas,0,,20,0,439.89,0,32.02,215,1.29,51,208,3.2,3.0,200,0,3.2,3.5,4.1,4.3,4.9,5.7,8.0,211.0,232.0,269.0,282.0,322.0,374.0,527.0,0,0,,1,,,,0,,-1,Stage 1: After Party: Power to the Portal,TYPE_RACE TYPE_RACE ,19,2025/04/01,3030004732,1,,1714370
,201,1,,3,4920192,33,33,Yardi Agresta ,0,1815308,4920192.33,26,623196500033,3600.012,3600.132,0.011,,0.0,0,2873,,TEAM BMTR ,bbbbbb,000000,aaaaaa,0,C,167,za,143,167,0,1,53.5,3,1,10,Vet,0,,20,20,0,0,0,148,0.96,55,137,2.6,2.8,150,0,3.0,3.3,3.7,3.9,4.9,5.7,5.7,158.0,177.0,196.0,211.0,261.0,307.0,307.0,0,0,,1,,,,0,,-1,BMTR Short Adventure,TYPE_RIDE,0,2025/03/31,3261167746,,3600,1815308
,201,1,,3,4917591,81,81,Yardi Agresta ,0,1815308,4917591.81,50,622672800081,9670.837,9670.837,1062.299,,0.0,0,2873,,TEAM BMTR ,bbbbbb,000000,aaaaaa,0,C,167,za,150,163,0,1,53.5,3,1,10,Vet,0,,20,20,0,0,0,141,0.93,57,139,2.6,2.7,146,0,2.9,3.0,3.1,3.3,3.5,4.0,4.0,154.0,158.0,166.0,176.0,188.0,212.0,212.0,0,0,,1,,,,0,,-1,BMTR Longish Adventure,TYPE_RIDE,100,2025/03/30,1776635757,,,1815308
,201,1,,3,4914507,68,40,Yardi Agresta ,0,1815308,4914507.68,40,622288400040,5400.031,5400.091,0.031,,0.0,0,2873,,TEAM BMTR ,bbbbbb,000000,aaaaaa,0,C,167,za,137,158,0,1,53.5,3,1,10,Vet,0,,20,20,0,0,0,137,0.94,56,129,2.4,2.5,135,0,2.7,3.0,3.1,3.7,4.4,5.0,5.0,143.0,162.0,167.0,197.0,237.0,270.0,270.0,0,0,,1,,,,0,,-1,BMTR Short Adventure ,TYPE_RIDE,0,2025/03/28,2569385980,,3600,1815308
,201,1,,3,4911859,10,7,Yardi Agresta ,0,1815308,4911859.10,24,621704100007,3052.949,3053.069,283.348,,0.0,0,2873,,TEAM BMTR ,bbbbbb,000000,aaaaaa,0,E,167,za,161,173,0,1,53.5,3,1,10,Vet,0,,20,20,0,0,0,166,1.0,53,161,3.0,3.0,160,0,3.2,3.4,4.0,4.4,4.7,5.3,5.6,169.0,184.0,216.0,234.0,254.0,285.0,298.0,0,1,,1,,,,0,,-1,WTRL Team Time Trial WORLD CUP - Zone 12,TYPE_TEAM_TIME_TRIAL TYPE_RACE ,31,2025/03/27,3378411990,1,,1815308
,201,1,,5,4911825,4,4,Yardi Agresta ,0,1815308,4911825.4,30,621697200004,2910.504,2910.744,0.849,,0.0,0,2873,,TEAM BMTR ,bbbbbb,000000,aaaaaa,0,V,167,za,158,172,0,1,53.5,3,1,10,Vet,0,,20,20,0,0,0,164,0.99,53,157,2.9,2.8,153,0,3.0,3.2,3.7,3.8,4.2,4.9,5.6,162.0,172.0,198.0,205.0,223.0,261.0,299.0,0,1,,1,,,,0,,-1,WTRL Team Time Trial WORLD CUP - Zone 11,TYPE_TEAM_TIME_TRIAL TYPE_RACE ,31,2025/03/27,3378411990,1,,1815308
,201,1,,3,4910123,70,44,Yardi Agresta ,0,1815308,4910123.70,26,621493800044,3600.029,3600.089,0.029,,0.0,0,2873,,TEAM BMTR ,bbbbbb,000000,aaaaaa,0,C,167,za,133,162,0,1,53.5,3,1,10,Vet,0,,20,20,0,0,0,137,0.93,57,124,2.3,2.3,127,0,2.5,2.9,3.7,3.8,4.5,5.5,5.5,134.0,154.0,196.0,202.0,239.0,296.0,296.0,0,0,,1,,,,0,,-1,BMTR Short Adventure,TYPE_RIDE,0,2025/03/26,3378411990,,3600,1815308
,233,0,,5,4864610,220,220,Blopa&reg;,0,1714370,4864610.220,0,615747200221,2807.146,2807.146,557.386,,0.0,1,2873,,TEAM BMTR ,bbbbbb,000000,aaaaaa,0,E,182,uy,134,153,0,1,66.1,3,1,1,Mas,0,,20,0,0,0,0,167,1.2,55,161,2.4,2.5,169,0,2.7,3.1,3.2,3.5,3.6,4.0,4.4,178.0,202.0,213.0,231.0,238.0,266.0,293.0,0,0,,1,,,,0,,-1,Stage 4 | The Zwift Big Spin 2025,TYPE_RIDE,28,2025/03/26,1064303857,1,,1714370
,201,1,,5,4864617,228,228,Yardi Agresta ,0,1815308,4864617.228,26,615747900229,2672.573,2672.573,439.433,,0.0,0,2873,,TEAM BMTR ,bbbbbb,000000,aaaaaa,0,E,167,za,150,165,0,1,53.5,3,1,10,Vet,0,,20,20,0,0,0,153,1.01,53,151,2.8,2.7,144,0,2.8,3.0,3.3,3.6,4.4,4.7,4.7,152.0,159.0,174.0,195.0,233.0,253.0,253.0,0,0,,1,,,,0,,-1,Stage 4 | The Zwift Big Spin 2025,TYPE_RIDE,28,2025/03/26,1064303857,1,,1815308
,201,1,,3,4908556,23,0,Yardi Agresta ,0,1815308,4908556.23,42,621311200007,659.616,659.616,0,,0.0,0,2873,,TEAM BMTR ,bbbbbb,000000,aaaaaa,0,HR,167,za,0,0,0,0,53.5,3,1,10,Vet,0,,20,20,0,436.57,0,196,0.0,0,193,3.6,3.1,0,1,,3.7,4.1,4.6,4.7,4.7,4.7,,198.0,222.0,246.0,252.0,253.0,253.0,0,0,,1,,,,0,,-1,The Trilogy League (1/3) - Team INOX,TYPE_RACE TYPE_RACE ,7,2025/03/25,3565430790,1,,1815308
,201,1,,5,4864545,186,186,Yardi Agresta ,0,1815308,4864545.186,37,615740700187,2616.8,2616.8,333.103,,0.0,0,2873,,TEAM BMTR ,bbbbbb,000000,aaaaaa,0,E,167,za,0,0,0,0,53.5,3,1,10,Vet,0,,20,20,0,0,0,153,0.0,0,148,2.8,2.7,146,0,2.9,3.1,3.4,4.3,5.4,5.9,5.9,154.0,164.0,183.0,232.0,288.0,316.0,316.0,0,0,,1,,,,0,,-1,Stage 4 | The Zwift Big Spin 2025,TYPE_RIDE,28,2025/03/24,1064303857,1,,1815308
,201,1,,3,4906731,59,59,Yardi Agresta ,0,1815308,4906731.59,26,621092200059,3600.027,3600.147,0.027,,0.0,0,2873,,TEAM BMTR ,bbbbbb,000000,aaaaaa,0,C,167,za,142,167,0,1,53.5,3,1,10,Vet,0,,20,20,0,0,0,154,0.98,54,139,2.6,2.6,141,0,2.8,3.2,3.9,4.5,5.2,5.8,5.8,149.0,172.0,210.0,240.0,279.0,310.0,310.0,0,0,,1,,,,0,,-1,BMTR Short Adventure,TYPE_RIDE,0,2025/03/24,4131664304,,3600,1815308
,201,1,,3,4904782,69,69,Yardi Agresta ,0,1815308,4904782.69,50,620810100069,10750.833,10750.833,1856.334,,0.0,0,2873,,TEAM BMTR ,bbbbbb,000000,aaaaaa,0,C,167,za,138,158,0,1,53.5,3,1,10,Vet,0,,20,20,0,0,0,135,0.94,56,130,2.4,2.7,146,0,2.9,3.0,3.3,3.5,4.1,4.6,4.6,154.0,163.0,178.0,189.0,218.0,247.0,247.0,0,0,,1,,,,0,,-1,BMTR Longish Adventure,TYPE_RIDE,100,2025/03/23,2927651296,,,1815308
,201,1,,3,4901272,64,33,Yardi Agresta ,0,1815308,4901272.64,26,620385100033,5400.029,5400.089,0.029,,0.0,0,2873,,TEAM BMTR ,bbbbbb,000000,aaaaaa,0,C,167,za,142,163,0,1,53.5,3,1,10,Vet,0,,20,20,0,0,0,143,0.93,57,132,2.5,2.5,137,0,2.7,3.4,3.7,4.3,4.4,4.6,4.6,145.0,183.0,196.0,229.0,236.0,248.0,248.0,0,0,,1,,,,0,,-1,BMTR Short Adventure ,TYPE_RIDE,0,2025/03/21,46799750,,3600,1815308
,201,1,,4,4899784,7,7,Yardi Agresta ,0,1815308,4899784.7,23,620195500007,2745.715,2745.895,3.389,,0.0,0,2873,,TEAM BMTR ,bbbbbb,000000,aaaaaa,0,E,167,za,159,173,0,1,53.5,3,1,10,Vet,0,,20,20,0,0,0,174,1.02,52,162,3.0,2.9,156,0,3.1,3.5,4.1,4.5,4.7,5.5,6.0,165.0,188.0,218.0,241.0,254.0,295.0,322.0,0,1,,1,,,,0,,-1,WTRL Team Time Trial - Zone 12,TYPE_TEAM_TIME_TRIAL TYPE_RACE ,31,2025/03/20,1880443431,1,,1815308
,201,1,,4,4899785,3,3,Yardi Agresta ,0,1815308,4899785.3,26,620195700003,3600.005,3600.005,0.004,,0.0,0,2873,,TEAM BMTR ,bbbbbb,000000,aaaaaa,0,D,167,za,124,137,0,1,53.5,3,1,10,Vet,0,,20,20,0,0,0,108,0.85,63,105,2.0,1.9,105,0,2.1,2.2,2.4,2.6,2.9,3.2,3.2,111.0,116.0,127.0,137.0,154.0,170.0,173.0,0,0,,1,,,,0,,-1,AEO Fun Ride p/b Stolen Goat,TYPE_RIDE,0,2025/03/20,928793662,,3600,1815308
,201,1,,5,4899751,2,2,Yardi Agresta ,0,1815308,4899751.2,26,620188600002,2961.197,2961.437,0.965,,0.0,0,2873,,TEAM BMTR ,bbbbbb,000000,aaaaaa,0,V,167,za,149,163,0,1,53.5,3,1,10,Vet,0,,20,20,0,0,0,151,0.97,55,144,2.7,2.5,138,0,2.7,3.0,3.3,4.1,5.4,6.2,6.4,146.0,160.0,179.0,219.0,288.0,334.0,343.0,0,1,,1,,,,0,,-1,WTRL Team Time Trial - Zone 11,TYPE_TEAM_TIME_TRIAL TYPE_RACE ,31,2025/03/20,1880443431,1,,1815308
,201,1,,3,4898028,48,26,Yardi Agresta ,0,1815308,4898028.48,26,619965400026,3600.019,3600.079,0.018,,0.0,0,2873,,TEAM BMTR ,bbbbbb,000000,aaaaaa,0,C,167,za,136,160,0,1,53.5,3,1,10,Vet,0,,20,20,0,0,0,137,0.93,57,127,2.4,2.4,129,0,2.5,3.1,3.5,3.8,4.4,5.1,5.1,136.0,164.0,187.0,204.0,236.0,271.0,271.0,0,0,,1,,,,0,,-1,BMTR Short Adventure,TYPE_RIDE,0,2025/03/19,1880443431,,3600,1815308
,201,1,,5,4864411,224,224,Yardi Agresta ,0,1815308,4864411.224,34,615727300224,2221.65,2221.65,298.186,,0.0,0,2873,,TEAM BMTR ,bbbbbb,000000,aaaaaa,0,E,167,za,156,175,0,1,53.5,3,1,10,Vet,0,,20,20,0,0,0,170,1.03,51,161,3.0,3.0,162,0,3.2,3.6,4.1,4.8,5.4,5.8,5.8,171.0,191.0,217.0,258.0,288.0,308.0,308.0,0,0,,1,,,,0,,-1,Stage 3 | The Zwift Big Spin 2025,TYPE_RIDE,25,2025/03/19,986252325,1,,1815308
,201,1,,5,4864461,192,192,Yardi Agresta ,0,1815308,4864461.192,28,615732300193,2261.353,2261.353,355.47,,0.0,0,2873,,TEAM BMTR ,bbbbbb,000000,aaaaaa,0,E,167,za,0,0,0,0,53.5,3,1,10,Vet,0,,20,20,0,0,0,167,0.0,0,156,2.9,2.8,151,0,3.0,3.5,4.0,4.8,5.5,6.1,6.1,159.0,186.0,216.0,259.0,296.0,329.0,329.0,0,0,,1,,,,0,,-1,Stage 3 | The Zwift Big Spin 2025,TYPE_RIDE,25,2025/03/18,986252325,1,,1815308
,201,1,,5,4864466,175,175,Yardi Agresta ,0,1815308,4864466.175,33,615732800176,2181.048,2181.048,264.778,,0.0,0,2873,,TEAM BMTR ,bbbbbb,000000,aaaaaa,0,E,167,za,154,173,0,1,53.5,3,1,10,Vet,0,,20,20,0,0,0,174,1.09,49,168,3.1,3.0,162,0,3.2,3.5,4.0,4.8,5.5,6.2,6.2,171.0,188.0,212.0,255.0,297.0,330.0,330.0,0,0,,1,,,,0,,-1,Stage 3 | The Zwift Big Spin 2025,TYPE_RIDE,25,2025/03/17,986252325,1,,1815308
,201,1,,3,4894114,53,53,Yardi Agresta ,0,1815308,4894114.53,27,619507900053,3600.026,3600.146,0.026,,0.0,0,2873,,TEAM BMTR ,bbbbbb,000000,aaaaaa,0,C,167,za,150,163,0,1,53.5,3,1,10,Vet,0,,20,20,0,0,0,144,0.95,56,142,2.7,2.5,138,0,2.7,2.8,2.9,3.2,3.7,4.0,4.0,146.0,152.0,156.0,169.0,196.0,216.0,216.0,0,0,,1,,,,0,,-1,BMTR Short Adventure,TYPE_RIDE,0,2025/03/17,46799750,,3600,1815308
,201,1,,5,4864319,118,118,Yardi Agresta ,0,1815308,4864319.118,44,615718100118,1862.326,1862.326,291.27,,0.0,0,2873,,TEAM BMTR ,bbbbbb,000000,aaaaaa,0,E,167,za,150,170,0,1,53.5,3,1,10,Vet,0,,20,20,0,0,0,166,1.07,49,161,3.0,2.8,154,0,3.0,3.5,3.8,4.1,4.3,4.5,4.5,163.0,185.0,205.0,220.0,229.0,240.0,240.0,0,0,,1,,,,0,,-1,Stage 2 | The Zwift Big Spin 2025,TYPE_RIDE,20,2025/03/17,4009130866,1,,1815308
,201,1,,3,4892174,100,100,Yardi Agresta ,0,1815308,4892174.100,35,619280900100,10521.467,10521.467,1545.531,,0.0,0,2873,,TEAM BMTR ,bbbbbb,000000,aaaaaa,0,C,167,za,144,168,0,1,53.5,3,1,10,Vet,0,,20,20,0,0,0,142,0.9,59,130,2.4,2.5,136,0,2.7,3.0,3.7,4.4,5.5,6.7,6.7,144.0,163.0,199.0,234.0,296.0,361.0,361.0,0,0,,1,,,,0,,-1,BMTR Longish Adventure,TYPE_RIDE,100,2025/03/16,1656629976,,,1815308
,201,1,,5,4864198,153,153,Yardi Agresta ,0,1815308,4864198.153,36,615706000153,1907.19,1907.19,315.121,,0.0,0,2873,,TEAM BMTR ,bbbbbb,000000,aaaaaa,0,E,167,za,154,165,0,1,53.5,3,1,10,Vet,0,,20,20,0,0,0,148,0.94,56,145,2.7,2.6,139,0,2.7,3.0,3.4,3.5,3.6,4.1,4.1,147.0,162.0,180.0,187.0,194.0,220.0,220.0,0,0,,1,,,,0,,-1,Stage 2 | The Zwift Big Spin 2025,TYPE_RIDE,20,2025/03/14,4009130866,1,,1815308
,201,1,,3,4889243,59,27,Yardi Agresta ,0,1815308,4889243.59,26,618911700027,5400.022,5400.082,0.022,,0.0,0,2873,,TEAM BMTR ,bbbbbb,000000,aaaaaa,0,C,167,za,152,175,0,1,53.5,3,1,10,Vet,0,,20,20,0,0,0,145,0.9,59,137,2.6,2.6,143,0,2.8,3.5,3.8,4.3,4.9,5.1,5.1,151.0,186.0,204.0,230.0,263.0,271.0,271.0,0,0,,1,,,,0,,-1,BMTR Short Adventure ,TYPE_RIDE,0,2025/03/14,1327147942,,3600,1815308
,201,1,,3,4857480,138,55,Yardi Agresta ,0,1815308,4857480.138,29,614784000058,2511.79,2511.91,325.636,,0.0,0,2873,,TEAM BMTR ,bbbbbb,000000,aaaaaa,0,C,167,za,167,177,0,1,53.5,3,1,10,Vet,0,,20,20,512.75,436.57,0,168,0.98,54,163,3.1,3.0,162,0,3.2,3.7,3.9,4.0,4.1,4.7,4.7,171.0,196.0,208.0,213.0,220.0,253.0,254.0,0,0,,1,,,,0,,-1,Stage 4 | Zwift Games | London Uprising | Range 2,TYPE_RACE TYPE_RACE ,21,2025/03/14,3250904331,1,,1815308
,201,1,,3,4888453,2,2,Yardi Agresta ,0,1815308,4888453.2,31,618818100002,2572.817,2572.937,0.417,,0.0,0,2873,,TEAM BMTR ,bbbbbb,000000,aaaaaa,0,E,167,za,167,176,0,1,53.5,3,1,10,Vet,0,,20,20,0,0,0,177,1.01,53,168,3.1,3.1,170,0,3.3,3.7,4.2,4.4,4.7,5.3,6.0,179.0,197.0,223.0,233.0,254.0,286.0,321.0,0,1,,1,,,,0,,-1,WTRL Team Time Trial - Zone 12,TYPE_TEAM_TIME_TRIAL TYPE_RACE ,28,2025/03/13,107363867,3,,1815308
,201,1,,5,4887668,2,2,Yardi Agresta ,0,1815308,4887668.2,29,618702600002,2720.989,2721.229,0.062,,0.0,0,2873,,TEAM BMTR ,bbbbbb,000000,aaaaaa,0,V,167,za,163,174,0,1,53.5,3,1,10,Vet,0,,20,20,0,0,0,165,0.97,55,158,3.0,2.9,155,0,3.1,3.4,3.8,4.0,4.3,4.5,4.7,164.0,181.0,201.0,214.0,230.0,240.0,249.0,0,1,,1,,,,0,,-1,WTRL Team Time Trial - Zone 11,TYPE_TEAM_TIME_TRIAL TYPE_RACE ,28,2025/03/13,107363867,3,,1815308
,201,1,,3,4881906,41,41,Yardi Agresta ,0,1815308,4881906.41,29,618025800041,3600.018,3600.138,0.018,,0.0,0,2873,,TEAM BMTR ,bbbbbb,000000,aaaaaa,0,C,167,za,140,166,0,1,53.5,3,1,10,Vet,0,,20,20,0,0,0,146,0.96,55,134,2.5,2.5,134,0,2.7,3.5,3.9,4.3,4.6,4.9,4.9,142.0,187.0,207.0,230.0,245.0,264.0,264.0,0,0,,1,,,,0,,-1,BMTR Short Adventure,TYPE_RIDE,0,2025/03/10,480315274,,3600,1815308
,201,1,,3,4877885,133,77,Yardi Agresta ,0,1815308,4877885.133,420,617545000077,17408.554,17408.674,2222.012,,0.0,0,2873,,TEAM BMTR ,bbbbbb,000000,aaaaaa,0,C,167,za,132,162,0,1,53.5,3,1,10,Vet,0,,20,20,0,0,0,126,0.85,63,112,2.1,2.2,119,0,2.4,2.9,3.5,4.1,4.8,5.4,5.4,126.0,156.0,186.0,221.0,255.0,291.0,291.0,0,0,,1,,,,0,,-1,BMTR Flat 100 - Celebrating Michael Lander,TYPE_RIDE,161,2025/03/08,1656629976,,,1815308
,201,1,,3,4857336,77,25,Yardi Agresta ,0,1815308,4857336.77,19,614712400025,1676.649,1676.769,40.744,,0.0,0,2873,,TEAM BMTR ,bbbbbb,000000,aaaaaa,0,C,167,za,166,176,0,1,53.5,3,1,10,Vet,0,,20,20,436.54,437.67,11.38,190,1.11,48,184,3.4,3.2,174,0,3.4,3.6,3.9,4.6,5.4,5.5,5.7,184.0,191.0,207.0,247.0,288.0,297.0,306.0,0,0,,1,,,,0,,-1,Stage 2 | Zwift Games | Scotland Smash | Range 2,TYPE_RACE TYPE_RACE ,18,2025/03/08,172610229,1,,1815308
,201,1,,3,4876090,51,21,Yardi Agresta ,0,1815308,4876090.51,45,617324500021,5400.015,5400.075,0.015,,0.0,0,2873,,TEAM BMTR ,bbbbbb,000000,aaaaaa,0,C,167,za,146,169,0,1,53.5,3,1,10,Vet,0,,20,20,0,0,0,150,0.96,55,140,2.6,2.7,148,0,2.9,3.5,3.7,4.2,4.8,5.3,5.3,156.0,188.0,197.0,226.0,258.0,285.0,285.0,0,0,,1,,,,0,,-1,BMTR Short Adventure ,TYPE_RIDE,0,2025/03/07,1917017591,,3600,1815308
,201,1,,3,4873932,4,4,Yardi Agresta ,0,1815308,4873932.4,20,617058700004,2360.27,2360.39,0.122,,0.0,0,2873,,TEAM BMTR ,bbbbbb,000000,aaaaaa,0,E,167,za,160,174,0,1,53.5,3,1,10,Vet,0,,20,20,0,0,0,177,1.05,50,168,3.1,3.0,164,0,3.2,3.6,3.8,4.6,4.8,4.9,5.1,173.0,194.0,206.0,248.0,258.0,261.0,275.0,0,1,,1,,,,0,,-1,WTRL Team Time Trial - Zone 12,TYPE_TEAM_TIME_TRIAL TYPE_RACE ,26,2025/03/06,3282611437,2,,1815308
,201,1,,4,4873921,15,15,Yardi Agresta ,0,1815308,4873921.15,27,617057000015,4200.01,4200.01,0.01,,0.0,0,2873,,TEAM BMTR ,bbbbbb,000000,aaaaaa,0,D,167,za,130,148,0,1,53.5,3,1,10,Vet,0,,20,20,0,0,0,119,0.88,60,115,2.2,2.2,117,0,2.3,2.5,2.8,3.2,3.4,3.8,4.2,124.0,132.0,148.0,169.0,182.0,201.0,227.0,0,0,,1,,,,0,,-1,"SROZs Contenders, Pretenders, & Rear-Enders ",TYPE_RIDE,0,2025/03/06,1064303857,,4200,1815308
,201,1,,5,4873905,2,2,Yardi Agresta ,0,1815308,4873905.2,24,617053500002,2585.628,2585.868,0.075,,0.0,0,2873,,TEAM BMTR ,bbbbbb,000000,aaaaaa,0,V,167,za,150,167,0,1,53.5,3,1,10,Vet,0,,20,20,0,0,0,151,0.95,56,143,2.7,2.6,140,0,2.8,3.0,3.6,3.9,4.9,6.2,6.2,148.0,160.0,194.0,208.0,264.0,331.0,331.0,0,1,,1,,,,0,,-1,WTRL Team Time Trial - Zone 11,TYPE_TEAM_TIME_TRIAL TYPE_RACE ,26,2025/03/06,3282611437,2,,1815308
,201,1,,5,4864089,174,174,Yardi Agresta ,0,1815308,4864089.174,27,615695100175,2580.549,2580.549,533.82,,0.0,0,2873,,TEAM BMTR ,bbbbbb,000000,aaaaaa,0,E,167,za,157,171,0,1,53.5,3,1,10,Vet,0,,20,20,0,0,0,160,0.97,54,153,2.9,2.9,155,0,3.1,3.4,3.6,3.8,4.4,4.5,4.5,164.0,180.0,192.0,203.0,235.0,242.0,242.0,0,0,,1,,,,0,,-1,Stage 1 | The Zwift Big Spin 2025,TYPE_RIDE,24,2025/03/04,87055383,1,,1815308
,201,1,,3,4857230,112,58,Yardi Agresta ,0,1815308,4857230.112,26,614659800062,1480.525,1480.645,142.048,,0.0,0,2873,,TEAM BMTR ,bbbbbb,000000,aaaaaa,0,C,167,za,164,173,0,1,53.5,3,1,10,Vet,0,,20,20,571.90,437.67,0,181,1.09,49,178,3.3,3.1,166,0,3.3,3.7,3.9,4.2,4.7,5.1,5.2,175.0,199.0,210.0,225.0,249.0,274.0,279.0,0,0,,1,,,,0,,-1,Stage 1 | Zwift Games | Makuri Madness | Range 2,TYPE_RACE TYPE_RACE ,16,2025/03/04,186601870,1,,1815308
,201,1,,3,4866341,72,72,Yardi Agresta ,0,1815308,4866341.72,25,615931400072,3600.031,3600.151,0.031,,0.0,0,2873,,TEAM BMTR ,bbbbbb,000000,aaaaaa,0,C,167,za,145,155,0,1,53.5,3,1,10,Vet,0,,20,20,0,0,0,142,0.96,55,139,2.6,2.5,135,0,2.7,2.8,3.0,3.2,3.5,3.8,3.8,143.0,150.0,158.0,170.0,189.0,205.0,205.0,0,0,,1,,,,0,,-1,BMTR Short Adventure,TYPE_RIDE,0,2025/03/03,2826340040,,3600,1815308
,201,1,,3,4863020,84,84,Yardi Agresta ,0,1815308,4863020.84,42,615562500084,9843.069,9843.069,1277.483,,0.0,0,2873,,TEAM BMTR ,bbbbbb,000000,aaaaaa,0,C,167,za,138,162,0,1,53.5,3,1,10,Vet,0,,20,20,0,0,0,135,0.93,57,129,2.4,2.5,136,0,2.7,3.1,3.5,4.1,4.5,4.7,4.7,144.0,168.0,188.0,220.0,240.0,253.0,253.0,0,0,,1,,,,0,,-1,BMTR Longish Adventure,TYPE_RIDE,100,2025/03/02,986252325,,,1815308
,201,1,,3,4860903,124,81,Yardi Agresta ,0,1815308,4860903.124,424,615311300081,17460.47,17460.59,2659.264,,0.0,0,2873,,TEAM BMTR ,bbbbbb,000000,aaaaaa,0,C,167,za,133,160,0,1,53.5,3,1,10,Vet,0,,20,20,0,0,0,123,0.83,64,111,2.1,2.2,122,0,2.4,2.7,3.4,4.0,4.8,6.3,6.3,129.0,147.0,182.0,216.0,257.0,335.0,335.0,0,0,,1,,,,0,,-1,BMTR Flat 100 (Miles),TYPE_RIDE,161,2025/03/01,3453194200,,,1815308
,201,1,,3,4858957,85,23,Yardi Agresta ,0,1815308,4858957.85,26,615070000023,5400.017,5400.077,0.017,,0.0,0,2873,,TEAM BMTR ,bbbbbb,000000,aaaaaa,0,C,167,za,142,166,0,1,53.5,3,1,10,Vet,0,,20,20,0,0,0,144,0.94,57,133,2.5,2.5,138,0,2.7,3.3,3.8,4.7,5.4,5.7,5.7,146.0,175.0,204.0,253.0,288.0,305.0,305.0,0,0,,1,,,,0,,-1,BMTR Short Adventure ,TYPE_RIDE,0,2025/02/28,2128890027,,3600,1815308
,201,1,,4,4856325,7,7,Yardi Agresta ,0,1815308,4856325.7,47,614523200009,3165.501,3165.681,32.852,,0.0,0,2873,,TEAM BMTR ,bbbbbb,000000,aaaaaa,0,F,167,za,154,168,0,1,53.5,3,1,10,Vet,0,,20,20,0,0,0,160,0.97,55,149,2.8,2.8,150,0,3.0,3.5,3.8,4.2,4.8,4.8,4.9,158.0,189.0,202.0,226.0,256.0,258.0,264.0,0,1,,1,,,,0,,-1,WTRL Team Time Trial - Zone 12,TYPE_TEAM_TIME_TRIAL TYPE_RACE ,30,2025/02/27,3701568815,1,,1815308
,201,1,,5,4856298,1,1,Yardi Agresta ,0,1815308,4856298.1,18,614518300001,3261.888,3262.128,0,,0.0,0,2873,,TEAM BMTR ,bbbbbb,000000,aaaaaa,0,V,167,za,150,163,0,1,53.5,3,1,10,Vet,0,,20,20,0,0,0,152,0.99,54,148,2.8,2.7,144,0,2.8,3.2,3.5,3.8,5.0,6.7,7.5,152.0,172.0,187.0,204.0,265.0,356.0,400.0,0,1,,1,,,,0,,-1,WTRL Team Time Trial - Zone 11,TYPE_TEAM_TIME_TRIAL TYPE_RACE ,30,2025/02/27,3701568815,1,,1815308
,201,1,,3,4854073,81,54,Yardi Agresta ,0,1815308,4854073.81,28,614255500058,3600.02,3600.08,0.02,,0.0,0,2873,,TEAM BMTR ,bbbbbb,000000,aaaaaa,0,C,167,za,148,161,0,1,53.5,3,1,10,Vet,0,,20,20,0,0,0,142,0.95,56,140,2.6,2.6,139,0,2.7,2.8,3.0,3.1,3.3,3.4,3.4,147.0,151.0,158.0,165.0,177.0,182.0,182.0,0,0,,1,,,,0,,-1,BMTR Short Adventure,TYPE_RIDE,0,2025/02/26,1917017591,,3600,1815308
,201,1,,3,4849366,9,9,Yardi Agresta ,0,1815308,4849366.9,32,613726400011,3600.002,3600.122,0.002,,0.0,0,2873,,TEAM BMTR ,bbbbbb,000000,aaaaaa,0,C,167,za,155,177,0,1,53.5,3,1,10,Vet,0,,20,20,0,0,0,155,0.93,57,144,2.7,2.7,148,0,2.9,3.3,3.7,4.3,4.6,4.9,4.9,156.0,179.0,198.0,228.0,247.0,262.0,262.0,0,0,,1,,,,0,,-1,BMTR Short Adventure,TYPE_RIDE,0,2025/02/24,2207442179,,3600,1815308
,201,1,,3,4846865,89,89,Yardi Agresta ,0,1815308,4846865.89,47,613440600089,10210.726,10210.726,1451.427,,0.0,0,2873,,TEAM BMTR ,bbbbbb,000000,aaaaaa,0,C,167,za,155,181,0,1,53.5,3,1,10,Vet,0,,20,20,0,0,0,146,0.87,61,135,2.5,2.7,146,0,2.9,3.5,4.1,4.6,5.1,5.4,5.4,154.0,185.0,219.0,247.0,274.0,289.0,289.0,0,0,,1,,,,0,,-1,BMTR Longish Adventure,TYPE_RIDE,100,2025/02/23,2927651296,,,1815308
,201,1,,3,4842081,56,24,Yardi Agresta ,0,1815308,4842081.56,40,612883100021,5400.012,5400.072,0.012,,0.0,0,2873,,TEAM BMTR ,bbbbbb,000000,aaaaaa,0,C,167,za,137,162,0,1,53.5,3,1,10,Vet,0,,20,20,0,0,0,132,0.9,59,123,2.3,2.4,128,0,2.5,2.9,3.5,4.1,4.9,5.2,5.2,135.0,154.0,185.0,222.0,260.0,276.0,276.0,0,0,,1,,,,0,,-1,BMTR Short Adventure ,TYPE_RIDE,0,2025/02/21,1880443431,,3600,1815308
,201,1,,3,4839512,8,8,Yardi Agresta ,0,1815308,4839512.8,30,612506200008,2381.399,2381.519,4.579,,0.0,0,2873,,TEAM BMTR ,bbbbbb,000000,aaaaaa,0,E,167,za,163,176,0,1,53.5,3,1,10,Vet,0,,20,20,0,0,0,177,1.02,52,166,3.1,3.0,162,0,3.2,3.7,4.1,4.6,5.2,5.3,5.3,171.0,198.0,219.0,248.0,276.0,285.0,286.0,0,1,,1,,,,0,,-1,WTRL Team Time Trial - Zone 12,TYPE_TEAM_TIME_TRIAL TYPE_RACE ,27,2025/02/20,2592027600,3,,1815308
,201,1,,5,4839485,1,1,Yardi Agresta ,0,1815308,4839485.1,27,612501000001,2576.901,2577.141,0,,0.0,0,2873,,TEAM BMTR ,bbbbbb,000000,aaaaaa,0,V,167,za,161,192,0,1,53.5,3,1,10,Vet,0,,20,20,0,0,0,158,0.94,57,151,2.8,2.8,152,0,3.0,3.3,3.6,3.8,4.1,4.6,5.7,161.0,178.0,192.0,205.0,220.0,245.0,305.0,0,1,,1,,,,0,,-1,WTRL Team Time Trial - Zone 11,TYPE_TEAM_TIME_TRIAL TYPE_RACE ,27,2025/02/20,2592027600,3,,1815308
,201,1,,3,4786272,17,7,Yardi Agresta ,0,1815308,4786272.17,30,605950200009,2368.044,2368.164,44.977,,0.0,0,2873,,TEAM BMTR ,bbbbbb,000000,aaaaaa,0,C,167,za,169,181,0,1,53.5,3,1,10,Vet,0,,20,20,446.71,468.33,30.66,184,1.04,51,175,3.3,3.1,168,0,3.3,3.8,4.4,4.7,5.1,5.7,5.8,177.0,201.0,238.0,251.0,272.0,305.0,311.0,0,0,,1,,,,0,,-1,STAGE 3: Shimano Find your Fast: Loop de Loop,TYPE_RACE TYPE_RACE ,25,2025/02/19,243949867,2,,1815308
,201,1,,3,4837160,87,66,Yardi Agresta ,0,1815308,4837160.87,29,612206600066,3600.032,3600.092,0.032,,0.0,0,2873,,TEAM BMTR ,bbbbbb,000000,aaaaaa,0,C,167,za,149,176,0,1,53.5,3,1,10,Vet,0,,20,20,0,0,0,141,0.87,61,129,2.4,2.4,129,0,2.5,2.9,3.7,5.3,6.1,6.3,6.3,136.0,155.0,198.0,283.0,325.0,336.0,336.0,0,0,,1,,,,0,,-1,BMTR Short Adventure,TYPE_RIDE,0,2025/02/19,3742187716,,3600,1815308
,201,1,,3,4840496,104,23,Yardi Agresta ,0,1815308,4840496.104,28,612686300023,2556.63,2556.75,234.103,,0.0,0,2873,,TEAM BMTR ,bbbbbb,000000,aaaaaa,0,C,167,za,169,181,0,1,53.5,3,1,10,Vet,0,,20,20,0,0,0,173,0.98,54,165,3.1,2.9,158,0,3.1,3.6,4.0,4.5,5.5,6.1,6.1,167.0,195.0,214.0,240.0,295.0,327.0,327.0,0,0,,1,,,,0,,-1,Stage 6 | Tour de Zwift,TYPE_RIDE,53,2025/02/18,3330165223,1,,1815308
,201,1,,3,4814688,26,26,Yardi Agresta ,0,1815308,4814688.26,38,609576400026,3600.016,3600.136,0.016,,0.0,0,2873,,TEAM BMTR ,bbbbbb,000000,aaaaaa,0,C,167,za,145,164,0,1,53.5,3,1,10,Vet,0,,20,20,0,0,0,145,0.95,56,138,2.6,2.6,139,0,2.7,3.2,3.5,4.3,5.0,5.5,5.5,147.0,169.0,189.0,229.0,267.0,293.0,293.0,0,0,,1,,,,0,,-1,BMTR Short Adventure,TYPE_RIDE,0,2025/02/10,1917017591,,3600,1815308
,201,1,,3,4667255,453,102,Yardi Agresta ,0,1815308,4667255.453,35,591038800102,2480.891,2481.011,278.589,,0.0,0,2873,,TEAM BMTR ,bbbbbb,000000,aaaaaa,0,C,167,za,156,168,0,1,53.5,3,1,10,Vet,0,,20,20,0,0,0,170,1.06,50,166,3.1,3.0,160,0,3.2,3.5,3.7,3.9,4.8,5.5,5.5,169.0,185.0,197.0,209.0,258.0,294.0,294.0,0,0,,1,,,,0,,-1,Stage 6 | Tour de Zwift,TYPE_RIDE,53,2025/02/10,3330165223,1,,1815308
,201,1,,3,4812189,114,114,Yardi Agresta ,0,1815308,4812189.114,80,609287700114,9631.305,9631.305,1118.143,,0.0,0,2873,,TEAM BMTR ,bbbbbb,000000,aaaaaa,0,C,167,za,147,165,0,1,53.5,3,1,10,Vet,0,,20,20,0,0,0,144,0.94,57,138,2.6,2.7,144,0,2.8,3.0,3.4,3.5,4.1,4.4,4.4,152.0,161.0,180.0,188.0,217.0,237.0,237.0,0,0,,1,,,,0,,-1,BMTR Longish Adventure,TYPE_RIDE,100,2025/02/09,3453194200,,,1815308
,201,1,,1,4667147,87,87,Yardi Agresta ,0,1815308,4667147.87,34,591007200087,3880.08,3880.08,739.551,,0.0,0,2873,,TEAM BMTR ,bbbbbb,000000,aaaaaa,0,A,167,za,148,169,0,1,53.5,3,1,10,Vet,0,,20,20,0,0,0,161,1.05,51,155,2.9,2.8,153,0,3.0,3.5,3.7,4.3,5.0,5.2,5.2,162.0,189.0,196.0,230.0,269.0,276.0,276.0,0,0,,1,,,,0,,-1,Stage 5 | Tour de Zwift,TYPE_RIDE,37,2025/02/09,2372883204,1,,1815308
,201,1,,3,4807353,75,42,Yardi Agresta ,0,1815308,4807353.75,44,608701000040,5400.029,5400.089,0.028,,0.0,0,2873,,TEAM BMTR ,bbbbbb,000000,aaaaaa,0,C,167,za,157,171,0,1,53.5,3,1,10,Vet,0,,20,20,0,0,0,149,0.89,60,140,2.6,2.7,148,0,2.9,3.5,3.7,3.9,5.0,5.9,5.9,156.0,187.0,197.0,208.0,267.0,316.0,316.0,0,0,,1,,,,0,,-1,BMTR Short Adventure ,TYPE_RIDE,0,2025/02/07,1776635757,,3600,1815308
,201,1,,3,4667191,364,49,Yardi Agresta ,0,1815308,4667191.364,32,591020400049,1964.47,1964.59,296.5,,0.0,0,2873,,TEAM BMTR ,bbbbbb,000000,aaaaaa,0,C,167,za,165,178,0,1,53.5,3,1,10,Vet,0,,20,20,0,0,0,175,1.01,53,166,3.1,3.0,160,0,3.2,3.4,4.0,4.4,4.9,5.0,5.0,169.0,182.0,212.0,237.0,260.0,270.0,270.0,0,0,,1,,,,0,,-1,Stage 5 | Tour de Zwift,TYPE_RIDE,37,2025/02/07,2372883204,1,,1815308
,201,1,,4,4805222,7,7,Yardi Agresta ,0,1815308,4805222.7,40,608437900007,2159.596,2159.776,0.821,,0.0,0,2873,,TEAM BMTR ,bbbbbb,000000,aaaaaa,0,D,167,za,167,180,0,1,53.5,3,1,10,Vet,0,,20,20,0,0,0,174,0.99,53,166,3.1,3.0,163,0,3.2,3.6,3.9,4.6,5.0,5.2,5.3,172.0,191.0,207.0,248.0,269.0,276.0,281.0,0,0,,1,,,,0,,-1,WTRL Team Time Trial - Zone 12,TYPE_TEAM_TIME_TRIAL TYPE_RACE ,24,2025/02/06,3919912289,1,,1815308
,201,1,,5,4805211,12,12,Yardi Agresta ,0,1815308,4805211.12,26,608436100013,4200.011,4200.011,0.011,,0.0,0,2873,,TEAM BMTR ,bbbbbb,000000,aaaaaa,0,E,167,za,138,160,0,1,53.5,3,1,10,Vet,0,,20,20,0,0,0,115,0.8,67,110,2.1,2.0,108,0,2.1,2.3,2.7,3.1,4.0,4.9,4.9,114.0,122.0,142.0,168.0,213.0,262.0,262.0,0,0,,1,,,,0,,-1,"SROZs Contenders, Pretenders, & Rear-Enders ",TYPE_RIDE,0,2025/02/06,1064303857,,4200,1815308
,201,1,,1,4805193,28,13,Yardi Agresta ,0,1815308,4805193.28,23,608430800013,2243.925,2243.925,42.112,,0.0,0,2873,,TEAM BMTR ,bbbbbb,000000,aaaaaa,0,A,167,za,169,178,0,1,53.5,3,1,10,Vet,0,,20,20,0,0,0,171,0.98,54,165,3.1,3.0,162,0,3.2,3.5,4.1,4.7,4.9,5.5,6.1,171.0,186.0,220.0,253.0,260.0,294.0,327.0,0,0,,1,,,,0,,-1,WTRL Team Time Trial - Zone 11,TYPE_TEAM_TIME_TRIAL TYPE_RACE ,24,2025/02/06,3919912289,1,,1815308
,201,1,,3,4802636,40,13,Yardi Agresta ,0,1815308,4802636.40,35,608119600013,3600.006,3600.066,0.006,,0.0,0,2873,,TEAM BMTR ,bbbbbb,000000,aaaaaa,0,C,167,za,152,166,0,1,53.5,3,1,10,Vet,0,,20,20,0,0,0,133,0.83,64,126,2.4,2.3,127,0,2.5,2.7,2.9,3.2,4.3,5.7,5.7,134.0,144.0,155.0,169.0,229.0,307.0,307.0,0,0,,1,,,,0,,-1,BMTR Short Adventure,TYPE_RIDE,0,2025/02/05,2826340040,,3600,1815308
,201,1,,2,4667233,297,128,Yardi Agresta ,0,1815308,4667233.297,43,591032700128,3126.201,3126.261,366.313,,0.0,0,2873,,TEAM BMTR ,bbbbbb,000000,aaaaaa,0,B,167,za,168,182,0,1,53.5,3,1,10,Vet,0,,20,20,0,0,0,164,0.93,57,157,2.9,2.9,158,0,3.1,3.3,3.9,4.4,5.9,6.9,6.9,167.0,177.0,210.0,234.0,318.0,369.0,369.0,0,0,,1,,,,0,,-1,Stage 5 | Tour de Zwift,TYPE_RIDE,37,2025/02/05,2372883204,1,,1815308
,201,1,,5,4800049,6,6,Yardi Agresta ,0,1815308,4800049.6,26,607810000006,4200.009,4200.009,0.009,,0.0,0,2873,,TEAM BMTR ,bbbbbb,000000,aaaaaa,0,E,167,za,150,165,0,1,53.5,3,1,10,Vet,0,,20,20,0,0,0,108,0.7,76,105,2.0,1.9,101,0,2.0,2.1,2.5,2.9,3.2,3.5,3.5,107.0,115.0,135.0,157.0,173.0,188.0,188.0,0,0,,1,,,,0,,-1,SROZs Two-Tired for Tuesday,TYPE_RIDE,0,2025/02/04,1064303857,,4200,1815308
,201,1,,3,4804474,75,9,Yardi Agresta ,0,1815308,4804474.75,39,608332500009,2269.903,2270.023,37.233,,0.0,0,2873,,TEAM BMTR ,bbbbbb,000000,aaaaaa,0,C,167,za,174,182,0,1,53.5,3,1,10,Vet,0,,20,20,0,0,0,181,1.01,52,176,3.3,3.2,171,0,3.4,3.5,3.8,4.1,4.7,4.9,4.9,181.0,189.0,201.0,218.0,249.0,263.0,264.0,0,0,,1,,,,0,,-1,Zwift Racing League - Open ATLANTIC Northern  Division 1,TYPE_TEAM_TIME_TRIAL TYPE_RACE ,25,2025/02/04,3914529041,1,,1815308
,201,1,,3,4797309,37,37,Yardi Agresta ,0,1815308,4797309.37,54,607507500037,3600.026,3600.146,0.026,,0.0,0,2873,,TEAM BMTR ,bbbbbb,000000,aaaaaa,0,C,167,za,160,177,0,1,53.5,3,1,10,Vet,0,,20,20,0,0,0,144,0.84,63,134,2.5,2.5,133,0,2.6,3.2,3.8,4.2,4.7,5.5,5.5,141.0,171.0,201.0,227.0,253.0,293.0,293.0,0,0,,1,,,,0,,-1,BMTR Short Adventure,TYPE_RIDE,0,2025/02/03,240388043,,3600,1815308
,201,1,,1,4785353,46,3,Yardi Agresta ,0,1815308,4785353.46,40,605634300009,2801.122,2801.122,0.154,,0.0,0,2873,,TEAM BMTR ,bbbbbb,000000,aaaaaa,0,L,167,za,162,176,0,1,53.5,3,1,10,Vet,0,,20,20,0,0,0,172,1.02,52,165,3.1,2.9,157,0,3.1,3.4,4.2,4.6,4.7,5.1,5.6,166.0,183.0,223.0,246.0,251.0,275.0,301.0,0,1,,1,,,,0,,-1,WTRL Team Time Trial - Zone 11,TYPE_TEAM_TIME_TRIAL TYPE_RACE ,31,2025/01/30,3395698268,3,,1815308
,201,1,,3,4782566,62,42,Yardi Agresta ,0,1815308,4782566.62,33,605272600042,3600.027,3600.087,0.027,,0.0,0,2873,,TEAM BMTR ,bbbbbb,000000,aaaaaa,0,C,167,za,141,165,0,1,53.5,3,1,10,Vet,0,,20,20,0,0,0,141,0.9,59,127,2.4,2.4,128,0,2.5,3.0,3.9,4.8,5.4,5.4,5.4,135.0,161.0,210.0,259.0,290.0,290.0,290.0,0,0,,1,,,,0,,-1,BMTR Short Adventure,TYPE_RIDE,0,2025/01/29,3395698268,,3600,1815308
,201,1,,3,4782899,74,9,Yardi Agresta ,0,1815308,4782899.74,35,605330000009,3261.369,3081.549,616.652,,0.0,0,2873,,TEAM BMTR ,bbbbbb,000000,aaaaaa,0,C,167,za,167,180,0,1,53.5,3,1,10,Vet,0,,20,20,375.91,482.22,44.82,182,1.05,51,175,3.3,3.2,173,0,3.4,3.9,4.4,4.9,5.2,5.3,5.4,183.0,210.0,238.0,261.0,279.0,284.0,288.0,0,0,,1,,,,0,,-1,Zwift Racing League - Open ATLANTIC Northern  Division 1,TYPE_RACE TYPE_RACE ,30,2025/01/28,2967612381,1,,1815308
,201,1,,3,4776830,7,7,Yardi Agresta ,0,1815308,4776830.7,30,604628700007,3600.004,3600.124,0.004,,0.0,0,2873,,TEAM BMTR ,bbbbbb,000000,aaaaaa,0,C,167,za,144,168,0,1,53.5,3,1,10,Vet,0,,20,20,0,0,0,143,0.94,56,136,2.5,2.4,132,0,2.6,3.0,3.8,4.2,4.3,4.9,4.9,139.0,159.0,203.0,224.0,231.0,260.0,260.0,0,0,,1,,,,0,,-1,BMTR Short Adventure,TYPE_RIDE,0,2025/01/27,387309391,,3600,1815308
,201,1,,3,4667003,309,85,Yardi Agresta ,0,1815308,4667003.309,30,590965000085,2573.947,2574.067,417.629,,0.0,0,2873,,TEAM BMTR ,bbbbbb,000000,aaaaaa,0,C,167,za,158,172,0,1,53.5,3,1,10,Vet,0,,20,20,0,0,0,168,1.03,52,162,3.0,2.9,157,0,3.1,3.5,3.8,4.2,5.4,6.6,6.6,166.0,188.0,202.0,224.0,290.0,355.0,355.0,0,0,,1,,,,0,,-1,Stage 4 | Tour de Zwift,TYPE_RIDE,23,2025/01/27,1433431343,1,,1815308
,201,1,,3,4666841,532,68,Yardi Agresta ,0,1815308,4666841.532,51,590918400068,1885.058,1885.178,334.91,,0.0,0,2873,,TEAM BMTR ,bbbbbb,000000,aaaaaa,0,C,167,za,149,159,0,1,53.5,3,1,10,Vet,0,,20,20,0,0,0,151,0.99,54,147,2.8,2.6,142,0,2.8,3.0,3.1,3.3,4.1,4.1,4.1,150.0,159.0,167.0,179.0,219.0,219.0,219.0,0,0,,1,,,,0,,-1,Stage 3 | Tour de Zwift,TYPE_RIDE,51,2025/01/26,1656629976,1,,1815308
,201,1,,2,4666743,146,55,Yardi Agresta ,0,1815308,4666743.146,26,590889700055,3083.961,3084.021,531.587,,0.0,0,2873,,TEAM BMTR ,bbbbbb,000000,aaaaaa,0,B,167,za,137,155,0,1,53.5,3,1,10,Vet,0,,20,20,0,0,0,131,0.93,57,128,2.4,2.4,129,0,2.5,2.7,2.9,3.3,3.7,4.0,4.0,136.0,147.0,157.0,176.0,199.0,215.0,215.0,0,0,,1,,,,0,,-1,Stage 3 | Tour de Zwift,TYPE_RIDE,51,2025/01/25,1656629976,1,,1815308
,201,1,,3,4771205,206,74,Yardi Agresta ,0,1815308,4771205.206,34,603988000078,577.5,457.62,99.515,,0.0,0,2873,,TEAM BMTR ,bbbbbb,000000,aaaaaa,0,C,167,za,164,172,0,1,53.5,3,1,10,Vet,0,,20,20,430.26,479.17,33.95,176,1.07,50,175,3.3,0.0,0,1,,3.3,3.4,3.7,4.0,4.0,4.0,,177.0,183.0,199.0,213.0,213.0,213.0,0,0,,1,,,,0,,-1,Tiny Race (2 of 4) by Zwift Insider,TYPE_RACE TYPE_RACE ,5,2025/01/25,525689100,,,1815308
,201,1,,3,4771196,339,82,Yardi Agresta ,0,1815308,4771196.339,52,603986300082,735.476,615.596,195.272,,0.0,0,2873,,TEAM BMTR ,bbbbbb,000000,aaaaaa,0,C,167,za,153,163,0,1,53.5,3,1,10,Vet,0,,20,20,493.43,500.48,21.32,156,1.01,52,155,2.9,2.5,0,1,,3.0,3.4,4.0,4.5,4.6,4.6,,160.0,182.0,215.0,243.0,246.0,246.0,0,0,,1,,,,0,,-1,Tiny Race (1 of 4) by Zwift Insider,TYPE_RACE TYPE_RACE ,5,2025/01/25,2592027600,,,1815308
,201,1,,1,4666766,163,163,Yardi Agresta ,0,1815308,4666766.163,54,590896500163,5010.531,5010.531,830.805,,0.0,0,2873,,TEAM BMTR ,bbbbbb,000000,aaaaaa,0,A,167,za,150,171,0,1,53.5,3,1,10,Vet,0,,20,20,0,0,0,151,0.98,54,147,2.8,2.7,148,0,2.9,3.3,3.4,3.6,4.5,5.2,5.2,156.0,175.0,184.0,193.0,242.0,279.0,279.0,0,0,,1,,,,0,,-1,Stage 3 | Tour de Zwift,TYPE_RIDE,51,2025/01/25,1656629976,1,,1815308
,201,1,,3,4768355,62,33,Yardi Agresta ,0,1815308,4768355.62,32,603632400033,5400.017,5400.077,0.017,,0.0,0,2873,,TEAM BMTR ,bbbbbb,000000,aaaaaa,0,C,167,za,149,170,0,1,53.5,3,1,10,Vet,0,,20,20,0,0,0,145,0.91,59,135,2.5,2.6,140,0,2.8,3.1,3.4,4.4,5.5,6.2,6.2,148.0,167.0,184.0,236.0,292.0,332.0,332.0,0,0,,1,,,,0,,-1,BMTR Short Adventure ,TYPE_RIDE,0,2025/01/24,2569385980,,3600,1815308
,201,1,,4,4765863,26,26,Yardi Agresta ,0,1815308,4765863.26,47,603351800031,5400.02,5400.02,0.019,,0.0,0,2873,,TEAM BMTR ,bbbbbb,000000,aaaaaa,0,D,167,za,148,165,0,1,53.5,3,1,10,Vet,0,,20,20,0,0,0,133,0.83,64,123,2.3,2.3,123,0,2.4,3.0,3.7,4.0,4.6,4.7,4.7,130.0,161.0,198.0,215.0,248.0,252.0,252.0,0,0,,1,,,,0,,-1,Summit City Zwift League Endurance Ride,TYPE_RIDE,0,2025/01/23,3378411990,,5400,1815308
,201,1,,3,4763048,57,40,Yardi Agresta ,0,1815308,4763048.57,56,602993900042,3600.028,3600.088,0.027,,0.0,0,2873,,TEAM BMTR ,bbbbbb,000000,aaaaaa,0,C,167,za,147,167,0,1,53.5,3,1,10,Vet,0,,20,20,0,0,0,140,0.89,60,131,2.5,2.5,136,0,2.7,3.1,3.5,4.4,5.5,5.8,5.8,144.0,166.0,186.0,235.0,292.0,309.0,309.0,0,0,,1,,,,0,,-1,BMTR Short Adventure,TYPE_RIDE,0,2025/01/22,2140131142,,3600,1815308
,201,1,,1,4666812,92,92,Yardi Agresta ,0,1815308,4666812.92,104,590909800092,5052.195,5052.195,742.836,,0.0,0,2873,,TEAM BMTR ,bbbbbb,000000,aaaaaa,0,A,167,za,168,182,0,1,53.5,3,1,10,Vet,0,,20,20,0,0,0,159,0.92,58,155,2.9,2.9,155,0,3.1,3.4,3.8,4.2,5.0,5.0,5.0,164.0,181.0,205.0,224.0,266.0,266.0,266.0,0,0,,1,,,,0,,-1,Stage 3 | Tour de Zwift,TYPE_RIDE,51,2025/01/21,1656629976,1,,1815308
,201,1,,3,4748122,74,42,Yardi Agresta ,0,1815308,4748122.74,43,601275600041,5400.023,5400.083,0.023,,0.0,0,2873,,TEAM BMTR ,bbbbbb,000000,aaaaaa,0,C,167,za,142,167,0,1,53.5,3,1,10,Vet,0,,20,20,0,0,0,144,0.94,56,134,2.5,2.8,152,0,3.0,3.3,4.1,4.4,5.3,5.5,5.5,160.0,177.0,218.0,235.0,281.0,292.0,292.0,0,0,,1,,,,0,,-1,BMTR Short Adventure ,TYPE_RIDE,0,2025/01/17,4258943387,,3600,1815308
,201,1,,4,4745199,5,5,Yardi Agresta ,0,1815308,4745199.5,35,600924100005,3629.23,3629.41,0.869,,0.0,0,2873,,TEAM BMTR ,bbbbbb,000000,aaaaaa,0,E,167,za,157,169,0,1,53.5,3,1,10,Vet,0,,20,20,0,0,0,164,1.01,53,158,3.0,2.9,155,0,3.1,3.6,3.7,4.3,4.5,4.5,5.1,164.0,190.0,200.0,229.0,239.0,243.0,273.0,0,1,,1,,,,0,,-1,WTRL Team Time Trial #300 - Zone 12,TYPE_TEAM_TIME_TRIAL TYPE_RACE ,38,2025/01/16,1386460176,2,,1815308
,201,1,,5,4745168,6,6,Yardi Agresta ,0,1815308,4745168.6,34,600917200006,4131.567,4131.807,23.163,,0.0,0,2873,,TEAM BMTR ,bbbbbb,000000,aaaaaa,0,V,167,za,147,162,0,1,53.5,3,1,10,Vet,0,,20,20,0,0,0,145,0.95,56,140,2.6,2.7,144,0,2.8,3.2,3.4,3.7,4.1,4.4,4.4,152.0,169.0,184.0,200.0,219.0,233.0,238.0,0,1,,1,,,,0,,-1,WTRL Team Time Trial #300 - Zone 11,TYPE_TEAM_TIME_TRIAL TYPE_RACE ,38,2025/01/16,1386460176,2,,1815308
,201,1,,1,4666648,61,61,Yardi Agresta ,0,1815308,4666648.61,35,590863300061,4894.354,4894.354,856.145,,0.0,0,2873,,TEAM BMTR ,bbbbbb,000000,aaaaaa,0,A,167,za,151,172,0,1,53.5,3,1,10,Vet,0,,20,20,0,0,0,155,0.98,54,148,2.8,2.8,150,0,3.0,3.4,4.0,4.2,4.6,5.0,5.0,158.0,180.0,212.0,223.0,248.0,268.0,268.0,0,0,,1,,,,0,,-1,Stage 2 | Tour de Zwift,TYPE_RIDE,44,2025/01/15,3324272424,1,,1815308
,201,1,,3,4742327,25,6,Yardi Agresta ,0,1815308,4742327.25,27,600579400006,3600.001,3600.061,0.001,,0.0,0,2873,,TEAM BMTR ,bbbbbb,000000,aaaaaa,0,C,167,za,145,167,0,1,53.5,3,1,10,Vet,0,,20,20,0,0,0,140,0.9,59,130,2.4,2.5,138,0,2.7,3.3,3.6,4.1,4.9,5.7,5.7,146.0,174.0,194.0,220.0,263.0,306.0,306.0,0,0,,1,,,,0,,-1,BMTR Short Adventure,TYPE_RIDE,0,2025/01/15,1386460176,,3600,1815308
,201,1,,3,4753883,72,12,Yardi Agresta ,0,1815308,4753883.72,38,601921300012,2789.413,2789.533,68.137,,0.0,0,2873,,TEAM BMTR ,bbbbbb,000000,aaaaaa,0,C,167,za,164,173,0,1,53.5,3,1,10,Vet,0,,20,20,0,0,0,174,1.02,52,167,3.1,3.0,165,0,3.3,3.6,4.1,4.4,4.6,5.0,5.0,174.0,195.0,220.0,235.0,248.0,265.0,265.0,0,0,,1,,,,0,,-1,Zwift Racing League - Open ATLANTIC Northern  Division 1,TYPE_TEAM_TIME_TRIAL TYPE_RACE ,31,2025/01/14,3378411990,1,,1815308
,201,1,,3,4736435,6,6,Yardi Agresta ,0,1815308,4736435.6,32,599881000006,3600.001,3600.121,0.153,,0.0,0,2873,,TEAM BMTR ,bbbbbb,000000,aaaaaa,0,C,167,za,157,174,0,1,53.5,3,1,10,Vet,0,,20,20,0,0,0,158,0.94,56,148,2.8,2.9,157,0,3.1,3.5,3.8,4.1,4.6,5.2,5.2,166.0,187.0,205.0,221.0,248.0,278.0,278.0,0,0,,1,,,,0,,-1,BMTR Short Adventure,TYPE_RIDE,0,2025/01/13,3378411990,,3600,1815308
,201,1,,3,4733471,130,130,Yardi Agresta ,0,1815308,4733471.130,60,599542000130,9569.074,9569.074,1146.962,,0.0,0,2873,,TEAM BMTR ,bbbbbb,000000,aaaaaa,0,C,167,za,145,166,0,1,53.5,3,1,10,Vet,0,,20,20,0,0,0,141,0.94,57,136,2.5,2.5,137,0,2.7,3.2,3.7,3.8,4.2,4.2,4.2,145.0,170.0,196.0,205.0,226.0,226.0,226.0,0,0,,1,,,,0,,-1,BMTR Longish Adventure,TYPE_RIDE,100,2025/01/12,1776635757,,,1815308
,201,1,,3,4666424,610,57,Yardi Agresta ,0,1815308,4666424.610,58,590797600057,1167.228,1167.348,172.985,,0.0,0,2873,,TEAM BMTR ,bbbbbb,000000,aaaaaa,0,C,167,za,166,173,0,1,53.5,3,1,10,Vet,0,,20,20,0,0,0,173,1.03,51,171,3.2,3.0,0,1,,3.3,3.5,3.7,4.2,4.2,4.2,,174.0,188.0,199.0,226.0,226.0,226.0,0,0,,1,,,,0,,-1,Stage 1 | Tour de Zwift,TYPE_RIDE,40,2025/01/10,890800649,1,,1815308
,201,1,,2,4666532,295,52,Yardi Agresta ,0,1815308,4666532.295,43,590829400052,2363.979,2364.039,326.685,,0.0,0,2873,,TEAM BMTR ,bbbbbb,000000,aaaaaa,0,B,167,za,163,176,0,1,53.5,3,1,10,Vet,0,,20,20,0,0,0,169,1.01,52,165,3.1,3.0,161,0,3.2,3.5,3.8,4.1,4.3,4.3,4.3,170.0,189.0,206.0,217.0,232.0,232.0,232.0,0,0,,1,,,,0,,-1,Stage 1 | Tour de Zwift,TYPE_RIDE,40,2025/01/08,890800649,1,,1815308
,201,1,,3,4721268,12,12,Yardi Agresta ,0,1815308,4721268.12,33,598125100012,3600.014,3600.014,0.014,,0.0,0,2873,,TEAM BMTR ,bbbbbb,000000,aaaaaa,0,C,167,za,133,167,0,1,53.5,3,1,10,Vet,0,,20,20,0,0,0,128,0.88,60,117,2.2,2.1,114,0,2.3,2.6,3.0,3.9,5.2,6.1,6.1,121.0,139.0,161.0,210.0,279.0,325.0,325.0,0,0,,1,,,,0,,-1,ODivaZ 2.3 Ride,TYPE_RIDE,0,2025/01/08,928793662,,3600,1815308
,201,1,,1,4666418,205,205,Yardi Agresta ,0,1815308,4666418.205,44,590795600205,3918.595,3918.595,631.053,,0.0,0,2873,,TEAM BMTR ,bbbbbb,000000,aaaaaa,0,A,167,za,150,166,0,1,53.5,3,1,10,Vet,0,,20,20,0,0,0,155,0.99,54,148,2.8,2.7,146,0,2.9,3.3,3.7,4.5,4.7,4.8,4.8,154.0,177.0,199.0,240.0,250.0,255.0,255.0,0,0,,1,,,,0,,-1,Stage 1 | Tour de Zwift,TYPE_RIDE,40,2025/01/07,890800649,1,,1815308
,201,1,,3,4717244,27,27,Yardi Agresta ,0,1815308,4717244.27,28,597659100027,3600.007,3600.127,0.007,,0.0,0,2873,,TEAM BMTR ,bbbbbb,000000,aaaaaa,0,C,167,za,148,163,0,1,53.5,3,1,10,Vet,0,,20,20,0,0,0,159,0.99,54,146,2.7,2.7,148,0,2.9,3.2,3.5,4.1,5.1,5.9,5.9,156.0,173.0,189.0,220.0,273.0,315.0,315.0,0,0,,1,,,,0,,-1,BMTR Short Adventure,TYPE_RIDE,0,2025/01/06,2140131142,,3600,1815308
,201,1,,3,4715188,120,120,Yardi Agresta ,0,1815308,4715188.120,49,597424500120,10362.798,10362.798,1663.458,,0.0,0,2873,,TEAM BMTR ,bbbbbb,000000,aaaaaa,0,C,167,za,135,159,0,1,53.5,3,1,10,Vet,0,,20,20,0,0,0,136,0.92,58,124,2.3,2.6,143,0,2.8,3.3,3.6,3.9,4.7,5.7,5.7,151.0,175.0,190.0,209.0,250.0,307.0,307.0,0,0,,1,,,,0,,-1,BMTR Longish Adventure,TYPE_RIDE,100,2025/01/05,1880443431,,,1815308
,201,1,,3,4711132,96,34,Yardi Agresta ,0,1815308,4711132.96,28,596932000033,5400.011,5400.071,0.011,,0.0,0,2873,,TEAM BMTR ,bbbbbb,000000,aaaaaa,0,C,167,za,139,162,0,1,53.5,3,1,10,Vet,0,,20,20,0,0,0,144,0.97,55,135,2.5,2.7,144,0,2.8,3.2,3.5,4.1,4.7,5.3,5.3,152.0,170.0,188.0,219.0,252.0,281.0,281.0,0,0,,1,,,,0,,-1,BMTR Short Adventure ,TYPE_RIDE,0,2025/01/03,2653858696,,3600,1815308
,201,1,,4,4709390,3,3,Yardi Agresta ,0,1815308,4709390.3,26,596740200003,5400.001,5400.001,0.001,,0.0,0,2873,,TEAM BMTR ,bbbbbb,000000,aaaaaa,0,D,167,za,131,158,0,1,53.5,3,1,10,Vet,0,,20,20,0,0,0,132,0.95,56,124,2.3,2.3,127,0,2.5,2.8,3.4,3.9,4.5,4.8,4.8,134.0,148.0,182.0,208.0,241.0,257.0,257.0,0,0,,1,,,,0,,-1,Summit City Zwift League Endurance Ride,TYPE_RIDE,0,2025/01/02,3378411990,,5400,1815308
,201,1,,1,4709162,32,12,Yardi Agresta ,0,1815308,4709162.32,43,596684700012,5223.453,5223.453,525.566,,0.0,0,2873,,TEAM BMTR ,bbbbbb,000000,aaaaaa,0,L,167,za,154,171,0,1,53.5,3,1,10,Vet,0,,20,20,0,0,0,156,0.97,55,149,2.8,3.0,163,0,3.2,3.5,3.7,4.0,4.2,4.4,4.5,172.0,187.0,196.0,216.0,226.0,236.0,243.0,0,1,,1,,,,0,,-1,WTRL Team Time Trial - Zone 11,TYPE_TEAM_TIME_TRIAL TYPE_RACE ,31,2025/01/02,2663908549,,,1815308
,201,1,,4,4707525,44,44,Yardi Agresta ,0,1815308,4707525.44,29,596497600044,3600.023,3600.023,0.023,,0.0,0,2873,,TEAM BMTR ,bbbbbb,000000,aaaaaa,0,D,167,za,141,153,0,1,53.5,3,1,10,Vet,0,,20,20,0,0,0,131,0.89,60,125,2.3,2.2,121,0,2.4,2.6,2.9,3.1,4.0,4.9,4.9,128.0,139.0,154.0,168.0,215.0,264.0,264.0,0,0,,1,,,,0,,-1,AHDR Bacon Rolls p/b JetBlack,TYPE_RIDE,0,2025/01/01,3366225080,,3600,1815308
,201,1,,4,4705877,49,49,Yardi Agresta ,0,1815308,4705877.49,40,596280500049,3600.017,3600.017,0.017,,0.0,0,2873,,TEAM BMTR ,bbbbbb,000000,aaaaaa,0,D,167,za,0,0,0,0,53.5,3,1,10,Vet,0,,20,20,0,0,0,124,0.0,0,113,2.1,2.2,119,0,2.4,2.7,3.2,3.4,3.8,4.6,4.6,126.0,147.0,169.0,180.0,205.0,244.0,244.0,0,0,,1,,,,0,,-1,Nosco Foundation Social Ride p/b Liv Cycling,TYPE_RIDE,0,2024/12/31,3366225080,,3600,1815308
,201,1,,3,4704361,39,39,Yardi Agresta ,0,1815308,4704361.39,29,596102000039,3600.02,3600.14,0.02,,0.0,0,2873,,TEAM BMTR ,bbbbbb,000000,aaaaaa,0,C,167,za,150,166,0,1,53.5,3,1,10,Vet,0,,20,20,0,0,0,151,0.94,56,141,2.6,2.6,141,0,2.8,3.1,3.5,3.9,4.9,5.5,5.5,149.0,166.0,185.0,208.0,260.0,294.0,294.0,0,0,,1,,,,0,,-1,BMTR Short Adventure,TYPE_RIDE,0,2024/12/30,1457923570,,3600,1815308
,201,1,,3,4702482,31,31,Yardi Agresta ,0,1815308,4702482.31,56,595881900031,7200.01,7200.01,0.01,,0.0,0,2873,,TEAM BMTR ,bbbbbb,000000,aaaaaa,0,C,167,za,147,160,0,1,53.5,3,1,10,Vet,0,,20,20,0,0,0,139,0.93,57,136,2.5,2.5,137,0,2.7,2.8,3.0,3.3,3.8,4.0,4.0,145.0,152.0,163.0,176.0,206.0,215.0,215.0,0,0,,1,,,,0,,-1,BMTR Short Adventure,TYPE_RIDE,0,2024/12/29,1656629976,,7200,1815308
,201,1,,3,4697323,32,3,Yardi Agresta ,0,1815308,4697323.32,45,595025100003,5400.002,5400.062,0.002,,0.0,0,2873,,TEAM BMTR ,bbbbbb,000000,aaaaaa,0,C,167,za,0,0,0,0,53.5,3,1,10,Vet,0,,20,20,0,0,0,154,0.0,0,136,2.5,2.6,140,0,2.8,3.2,3.9,4.9,6.1,6.8,6.8,148.0,169.0,210.0,263.0,329.0,366.0,366.0,0,0,,1,,,,0,,-1,BMTR Short Adventure ,TYPE_RIDE,0,2024/12/27,1776635757,,3600,1815308
,233,0,,1,4592199,25,25,Blopa&reg;,0,1714370,4592199.25,0,581211600027,3409.343,3409.343,793.715,,0.0,1,2873,,TEAM BMTR ,bbbbbb,000000,aaaaaa,0,A,182,uy,146,168,0,1,66.1,3,1,1,Mas,0,,20,0,0,0,0,188,1.18,56,172,2.6,2.9,192,0,3.1,3.5,3.6,3.9,4.8,5.4,5.9,203.0,230.0,239.0,261.0,319.0,354.0,387.0,0,0,,1,,,,0,,-1,Endurance Test | Elevation Evaluation | Zwift Camp: Baseline,TYPE_RIDE,28,2024/12/26,183635628,1,,1714370
,201,1,,4,4695324,44,32,Yardi Agresta ,0,1815308,4695324.44,48,594770100019,3756.577,3756.757,110.143,,0.0,0,2873,,TEAM BMTR ,bbbbbb,000000,aaaaaa,0,F,167,za,140,159,0,1,53.5,3,1,10,Vet,0,,20,20,0,0,0,170,1.16,45,163,3.1,3.1,166,0,3.3,3.5,4.3,4.7,4.7,4.7,4.7,175.0,187.0,229.0,249.0,250.0,250.0,250.0,0,1,,1,,,,0,,-1,WTRL Team Time Trial Christmas Special - Zone 11,TYPE_TEAM_TIME_TRIAL,32,2024/12/26,2843604888,,,1815308
,201,1,,3,4691930,42,18,Yardi Agresta ,0,1815308,4691930.42,31,594040800018,3600.009,3600.069,0.008,,0.0,0,2873,,TEAM BMTR ,bbbbbb,000000,aaaaaa,0,C,167,za,143,163,0,1,53.5,3,1,10,Vet,0,,20,20,0,0,0,140,0.92,58,131,2.5,2.4,131,0,2.6,2.8,3.4,4.4,5.4,6.4,6.4,138.0,149.0,181.0,236.0,287.0,341.0,341.0,0,0,,1,,,,0,,-1,BMTR Short Adventure,TYPE_RIDE,0,2024/12/25,3914529041,,3600,1815308
,201,1,,4,4689667,12,12,Yardi Agresta ,0,1815308,4689667.12,77,593772300012,3600.005,3600.005,0.005,,0.0,0,2873,,TEAM BMTR ,bbbbbb,000000,aaaaaa,0,D,167,za,138,163,0,1,53.5,3,1,10,Vet,0,,20,20,0,0,0,122,0.78,68,108,2.0,2.0,111,0,2.2,2.6,3.1,3.8,4.5,5.0,5.0,117.0,141.0,165.0,203.0,243.0,270.0,270.0,0,0,,1,,,,0,,-1,Nosco Foundation Social Ride p/b Liv Cycling,TYPE_RIDE,0,2024/12/24,3366225080,,3600,1815308
,201,1,,3,4685228,457,279,Yardi Agresta ,0,1815308,4685228.457,46,593202700279,4654.621,4654.741,477.512,,0.0,0,2873,,TEAM BMTR ,bbbbbb,000000,aaaaaa,0,C,167,za,160,172,0,1,53.5,3,1,10,Vet,0,,20,20,0,0,0,159,0.96,55,153,2.9,2.8,151,0,3.0,3.2,3.5,3.9,5.1,6.1,6.1,159.0,172.0,185.0,210.0,272.0,328.0,328.0,0,0,,1,,,,0,,-1,Rapha Festive 500 Group Ride ,TYPE_RIDE,50,2024/12/24,1880443431,,,1815308
,201,1,,3,4686999,12,12,Yardi Agresta ,0,1815308,4686999.12,26,593393300013,3600.002,3600.122,0.002,,0.0,0,2873,,TEAM BMTR ,bbbbbb,000000,aaaaaa,0,C,167,za,163,173,0,1,53.5,3,1,10,Vet,0,,20,20,0,0,0,146,0.87,61,142,2.7,2.6,139,0,2.7,3.0,3.2,3.4,3.8,4.2,4.2,147.0,161.0,170.0,180.0,203.0,227.0,227.0,0,0,,1,,,,0,,-1,BMTR Short Adventure,TYPE_RIDE,0,2024/12/23,890800649,,3600,1815308
,201,1,,3,4677665,31,31,Yardi Agresta ,0,1815308,4677665.31,46,592288800031,9643.633,9643.633,786.595,,0.0,0,2873,,TEAM BMTR ,bbbbbb,000000,aaaaaa,0,C,167,za,149,170,0,1,53.5,3,1,10,Vet,0,,20,20,0,0,0,146,0.92,58,137,2.6,2.6,139,0,2.7,3.1,3.9,4.8,5.4,5.4,5.4,147.0,168.0,207.0,258.0,288.0,290.0,290.0,0,0,,1,,,,0,,-1,BMTR Flat 100 (KM),TYPE_RIDE,100,2024/12/19,1776635757,,,1815308
,201,1,,4,4677592,20,20,Yardi Agresta ,0,1815308,4677592.20,26,592270700008,2212.164,2212.344,-153.716,,0.0,0,2873,,TEAM BMTR ,bbbbbb,000000,aaaaaa,0,F,167,za,165,176,0,1,53.5,3,1,10,Vet,0,,20,20,0,0,0,168,0.97,55,160,3.0,2.8,154,0,3.0,3.4,3.9,4.3,4.8,5.1,5.7,163.0,181.0,207.0,228.0,257.0,274.0,305.0,0,1,,1,,,,0,,-1,WTRL Team Time Trial - Zone 12,TYPE_TEAM_TIME_TRIAL TYPE_RACE ,25,2024/12/19,2644664789,1,,1815308
,201,1,,4,4677561,41,28,Yardi Agresta ,0,1815308,4677561.41,21,592263600023,2223.491,2223.671,-6.245,,0.0,0,2873,,TEAM BMTR ,bbbbbb,000000,aaaaaa,0,F,167,za,170,178,0,1,53.5,3,1,10,Vet,0,,20,20,0,0,0,179,0.99,54,168,3.1,3.1,168,0,3.3,3.6,4.2,4.9,5.1,5.2,5.3,177.0,193.0,225.0,261.0,271.0,279.0,284.0,0,1,,1,,,,0,,-1,WTRL Team Time Trial - Zone 11,TYPE_TEAM_TIME_TRIAL TYPE_RACE ,25,2024/12/19,2644664789,1,,1815308
,201,1,,3,4675336,79,46,Yardi Agresta ,0,1815308,4675336.79,67,591997100046,3600.019,3600.079,0.019,,0.0,0,2873,,TEAM BMTR ,bbbbbb,000000,aaaaaa,0,C,167,za,150,178,0,1,53.5,3,1,10,Vet,0,,20,20,0,0,0,141,0.81,65,122,2.3,2.7,149,0,2.9,3.2,3.5,4.1,5.3,6.0,6.0,157.0,170.0,188.0,220.0,282.0,322.0,322.0,0,0,,1,,,,0,,-1,BMTR Short Adventure,TYPE_RIDE,0,2024/12/18,1880443431,,3600,1815308
,201,1,,5,4622302,91,91,Yardi Agresta ,0,1815308,4622302.91,27,585292300091,2541.31,2541.31,723.663,,0.0,0,2873,,TEAM BMTR ,bbbbbb,000000,aaaaaa,0,E,167,za,165,178,0,1,53.5,3,1,10,Vet,0,,20,20,0,0,0,166,0.97,55,160,3.0,2.8,153,0,3.0,3.4,3.7,4.1,4.7,5.2,5.2,162.0,182.0,200.0,222.0,253.0,277.0,277.0,0,0,,1,,,,0,,-1,Stage 3 | Off the MAAP | Power to the Portal + Old Willunga Hill,TYPE_RIDE,19,2024/12/17,3030004732,1,,1815308
,201,1,,3,4670033,4,4,Yardi Agresta ,0,1815308,4670033.4,43,591363200002,3600.0,3600.12,0,,0.0,0,2873,,TEAM BMTR ,bbbbbb,000000,aaaaaa,0,C,167,za,154,169,0,1,53.5,3,1,10,Vet,0,,20,20,0,0,0,151,0.9,59,138,2.6,2.6,139,0,2.7,2.9,3.3,4.1,4.8,5.6,5.6,147.0,154.0,179.0,219.0,255.0,302.0,302.0,0,0,,1,,,,0,,-1,BMTR Short Adventure,TYPE_RIDE,0,2024/12/16,240388043,,3600,1815308
,201,1,,3,4660096,70,30,Yardi Agresta ,0,1815308,4660096.70,47,590013500030,5400.011,5400.071,0.011,,0.0,0,2873,,TEAM BMTR ,bbbbbb,000000,aaaaaa,0,C,167,za,147,165,0,1,53.5,3,1,10,Vet,0,,20,20,0,0,0,141,0.91,58,134,2.5,2.5,135,0,2.7,3.1,3.4,3.7,4.2,4.7,4.7,143.0,164.0,180.0,199.0,225.0,253.0,253.0,0,0,,1,,,,0,,-1,BMTR Short Adventure ,TYPE_RIDE,0,2024/12/13,46799750,,3600,1815308
,201,1,,4,4657795,5,5,Yardi Agresta ,0,1815308,4657795.5,25,589734300005,3140.466,3140.646,0.943,,0.0,0,2873,,TEAM BMTR ,bbbbbb,000000,aaaaaa,0,D,167,za,163,176,0,1,53.5,3,1,10,Vet,0,,20,20,0,0,0,168,0.98,54,160,3.0,2.9,157,0,3.1,3.5,3.9,4.2,4.6,5.1,5.2,166.0,186.0,207.0,227.0,246.0,271.0,280.0,0,0,,1,,,,0,,-1,WTRL Team Time Trial - Zone 12,TYPE_TEAM_TIME_TRIAL TYPE_RACE ,34,2024/12/12,576953930,1,,1815308
,201,1,,5,4657765,15,5,Yardi Agresta ,0,1815308,4657765.15,26,589727500005,3429.875,3430.115,64.791,,0.0,0,2873,,TEAM BMTR ,bbbbbb,000000,aaaaaa,0,E,167,za,153,174,0,1,53.5,3,1,10,Vet,0,,20,20,0,0,0,149,0.92,58,141,2.6,2.7,144,0,2.8,3.1,4.0,4.1,4.6,5.4,5.4,152.0,167.0,212.0,221.0,247.0,288.0,288.0,0,0,,1,,,,0,,-1,WTRL Team Time Trial - Zone 11,TYPE_TEAM_TIME_TRIAL TYPE_RACE ,34,2024/12/12,576953930,1,,1815308
,201,1,,5,4622894,71,71,Yardi Agresta ,0,1815308,4622894.71,27,585352400071,3209.024,3209.024,541.688,,0.0,0,2873,,TEAM BMTR ,bbbbbb,000000,aaaaaa,0,E,167,za,155,170,0,1,53.5,3,1,10,Vet,0,,20,20,0,0,0,154,0.96,55,149,2.8,2.8,150,0,3.0,3.3,3.7,3.8,4.1,4.4,4.4,158.0,178.0,197.0,202.0,218.0,233.0,233.0,0,0,,1,,,,0,,-1,Stage 2 | Off the MAAP | Itza Climb Finish,TYPE_RIDE,31,2024/12/11,2333249368,1,,1815308
,201,1,,2,4656725,94,39,Yardi Agresta ,0,1815308,4656725.94,42,589588400039,4370.641,4250.761,1112.957,,0.0,0,2873,,TEAM BMTR ,bbbbbb,000000,aaaaaa,0,B,167,za,171,189,0,1,53.5,3,1,10,Vet,0,,20,20,442.06,327.88,0,165,0.91,58,156,2.9,2.9,156,0,3.1,3.6,4.0,4.6,5.5,6.3,6.9,165.0,192.0,213.0,248.0,292.0,337.0,370.0,0,0,,1,,,,0,,-1,Zwift Racing League - Open ATLANTIC Northern  Division 1,TYPE_RACE TYPE_RACE ,36,2024/12/10,3569674525,1,,1815308
,201,1,,3,4650007,43,43,Yardi Agresta ,0,1815308,4650007.43,26,588793300042,3600.013,3600.133,0.013,,0.0,0,2873,,TEAM BMTR ,bbbbbb,000000,aaaaaa,0,C,167,za,152,172,0,1,53.5,3,1,10,Vet,0,,20,20,0,0,0,150,0.95,56,144,2.7,2.7,146,0,2.9,3.5,3.6,4.1,4.5,4.8,4.8,154.0,187.0,193.0,218.0,240.0,259.0,259.0,0,0,,1,,,,0,,-1,BMTR Short Adventure,TYPE_RIDE,0,2024/12/09,3569674525,,3600,1815308
,201,1,,3,4647430,49,49,Yardi Agresta ,0,1815308,4647430.49,32,588496000049,7200.015,7200.015,0.015,,0.0,0,2873,,TEAM BMTR ,bbbbbb,000000,aaaaaa,0,C,167,za,145,164,0,1,53.5,3,1,10,Vet,0,,20,20,0,0,0,141,0.9,59,131,2.5,2.5,135,0,2.7,2.9,3.4,4.2,4.9,5.6,5.6,143.0,157.0,184.0,223.0,264.0,299.0,299.0,0,0,,1,,,,0,,-1,BMTR Short Adventure,TYPE_RIDE,0,2024/12/08,1064303857,,7200,1815308
,201,1,,3,4644929,108,54,Yardi Agresta ,0,1815308,4644929.108,348,588196500054,16639.655,16639.775,1376.292,,0.0,0,2873,,TEAM BMTR ,bbbbbb,000000,aaaaaa,0,C,167,za,144,177,0,1,53.5,3,1,10,Vet,0,,20,20,0,0,0,135,0.85,63,122,2.3,2.6,143,0,2.8,3.6,4.1,4.7,5.5,6.2,6.2,151.0,191.0,219.0,250.0,293.0,333.0,333.0,0,0,,1,,,,0,,-1,BMTR Flat 100 (Miles),TYPE_RIDE,161,2024/12/07,3453194200,,,1815308
,201,1,,3,4642895,81,36,Yardi Agresta ,0,1815308,4642895.81,37,587948000036,5400.021,5400.081,0.021,,0.0,0,2873,,TEAM BMTR ,bbbbbb,000000,aaaaaa,0,C,167,za,152,163,0,1,53.5,3,1,10,Vet,0,,20,20,0,0,0,139,0.89,60,135,2.5,2.5,137,0,2.7,3.0,3.1,3.2,3.4,3.5,3.5,145.0,159.0,164.0,172.0,183.0,188.0,188.0,0,0,,1,,,,0,,-1,BMTR Short Adventure ,TYPE_RIDE,0,2024/12/06,2128890027,,3600,1815308
,201,1,,4,4640892,10,10,Yardi Agresta ,0,1815308,4640892.10,31,587699000010,3253.204,3253.384,487.319,,0.0,0,2873,,TEAM BMTR ,bbbbbb,000000,aaaaaa,0,D,167,za,147,170,0,1,53.5,3,1,10,Vet,0,,20,20,0,0,0,145,0.92,58,135,2.5,2.6,140,0,2.8,3.3,3.6,4.2,4.5,4.6,5.0,148.0,175.0,194.0,227.0,241.0,247.0,267.0,0,0,,1,,,,0,,-1,WTRL Team Time Trial - Zone 12,TYPE_TEAM_TIME_TRIAL TYPE_RACE ,31,2024/12/05,3378411990,1,,1815308
,201,1,,1,4640863,42,16,Yardi Agresta ,0,1815308,4640863.42,24,587691900016,2778.232,2778.232,151.066,,0.0,0,2873,,TEAM BMTR ,bbbbbb,000000,aaaaaa,0,A,167,za,164,176,0,1,53.5,3,1,10,Vet,0,,20,20,0,0,0,170,0.98,54,161,3.0,2.9,156,0,3.1,3.3,3.8,4.4,4.8,4.9,4.9,165.0,176.0,202.0,238.0,256.0,260.0,262.0,0,0,,1,,,,0,,-1,WTRL Team Time Trial - Zone 11,TYPE_TEAM_TIME_TRIAL TYPE_RACE ,31,2024/12/05,3378411990,1,,1815308
,233,0,,2,4592320,47,7,Blopa&reg;,0,1714370,4592320.47,0,581229900016,3179.047,2040.041,0.181,,0.0,1,2873,,TEAM BMTR ,bbbbbb,000000,aaaaaa,0,B,182,uy,140,164,0,1,66.1,3,1,1,Mas,0,,20,0,0,0,0,188,1.07,61,150,2.3,2.4,161,0,2.6,3.1,3.8,4.1,4.9,4.9,5.1,170.0,202.0,249.0,273.0,322.0,325.0,337.0,0,0,,1,,,,0,,-1,Workout 3 | Attack the Bunch | Zwift Camp: Baseline,TYPE_WORKOUT TYPE_WORKOUT,0,2024/12/05,4258943387,,3180,1714370
,201,1,,3,4638664,75,36,Yardi Agresta ,0,1815308,4638664.75,33,587420700036,3600.022,3600.082,0.022,,0.0,0,2873,,TEAM BMTR ,bbbbbb,000000,aaaaaa,0,C,167,za,143,158,0,1,53.5,3,1,10,Vet,0,,20,20,0,0,0,135,0.88,60,126,2.4,2.2,120,0,2.4,2.5,2.9,3.7,4.5,5.6,5.6,127.0,136.0,155.0,196.0,243.0,298.0,298.0,0,0,,1,,,,0,,-1,BMTR Short Adventure,TYPE_RIDE,0,2024/12/04,3378411990,,3600,1815308
,201,1,,5,4622395,80,80,Yardi Agresta ,0,1815308,4622395.80,26,585301600080,4072.096,4072.096,678.402,,0.0,0,2873,,TEAM BMTR ,bbbbbb,000000,aaaaaa,0,E,167,za,159,172,0,1,53.5,3,1,10,Vet,0,,20,20,0,0,0,154,0.94,56,150,2.8,2.7,149,0,2.9,3.4,3.7,4.1,4.5,4.7,4.7,157.0,183.0,198.0,218.0,241.0,253.0,253.0,0,0,,1,,,,0,,-1,Stage 1 l Off the MAAP l Volcano Climb After Party,TYPE_RIDE,40,2024/12/04,387309391,1,,1815308
,201,1,,4,4635771,22,22,Yardi Agresta ,0,1815308,4635771.22,27,586851800022,3600.028,3600.028,0.028,,0.0,0,2873,,TEAM BMTR ,bbbbbb,000000,aaaaaa,0,D,167,za,0,0,0,0,53.5,3,1,10,Vet,0,,20,20,0,0,0,129,0.0,0,125,2.3,2.3,125,0,2.5,2.8,3.0,3.2,3.7,4.3,4.3,132.0,148.0,162.0,170.0,200.0,229.0,229.0,0,0,,1,,,,0,,-1,Ride with James from Zwift HQ,TYPE_RIDE,0,2024/12/03,890800649,,3600,1815308
,201,1,,3,4632777,50,50,Yardi Agresta ,0,1815308,4632777.50,26,586518100050,3600.021,3600.141,0.021,,0.0,0,2873,,TEAM BMTR ,bbbbbb,000000,aaaaaa,0,C,167,za,149,164,0,1,53.5,3,1,10,Vet,0,,20,20,0,0,0,143,0.92,58,137,2.6,2.5,138,0,2.7,3.0,3.2,3.7,4.1,4.8,4.8,146.0,160.0,169.0,196.0,220.0,257.0,257.0,0,0,,1,,,,0,,-1,BMTR Short Adventure,TYPE_RIDE,0,2024/12/02,3453194200,,3600,1815308
,201,1,,3,4628561,66,66,Yardi Agresta ,0,1815308,4628561.66,32,586032600066,7200.016,7200.016,0.016,,0.0,0,2873,,TEAM BMTR ,bbbbbb,000000,aaaaaa,0,C,167,za,156,177,0,1,53.5,3,1,10,Vet,0,,20,20,0,0,0,143,0.85,62,133,2.5,2.7,144,0,2.8,3.5,3.7,4.2,4.4,5.0,5.0,152.0,188.0,200.0,223.0,238.0,268.0,268.0,0,0,,1,,,,0,,-1,BMTR Short Adventure,TYPE_RIDE,0,2024/12/01,1917017591,,7200,1815308
,201,1,,3,4623897,92,40,Yardi Agresta ,0,1815308,4623897.92,41,585471300040,5400.022,5400.082,0.022,,0.0,0,2873,,TEAM BMTR ,bbbbbb,000000,aaaaaa,0,C,167,za,160,181,0,1,53.5,3,1,10,Vet,0,,20,20,0,0,0,151,0.81,65,130,2.4,2.8,152,0,3.0,3.5,4.1,4.8,5.2,5.9,5.9,160.0,187.0,217.0,257.0,279.0,315.0,315.0,0,0,,1,,,,0,,-1,BMTR Short Adventure ,TYPE_RIDE,0,2024/11/29,2569385980,,3600,1815308
,233,0,,1,4592421,17,17,Blopa&reg;,0,1714370,4592421.17,0,581245200030,2039.089,2054.974,0.472,,0.0,1,2873,,TEAM BMTR ,bbbbbb,000000,aaaaaa,0,A,182,uy,133,163,0,1,66.1,3,1,1,Mas,0,,20,0,0,0,0,182,1.02,64,136,2.1,2.2,146,0,2.3,2.7,3.1,4.1,6.1,9.4,11.0,154.0,176.0,204.0,273.0,405.0,623.0,725.0,0,0,,1,,,,0,,-1,Workout 2 | Sprint Test | Zwift Camp: Baseline,TYPE_WORKOUT TYPE_WORKOUT,0,2024/11/29,3356878261,,2040,1714370
,201,1,,4,4604932,10,10,Yardi Agresta ,0,1815308,4604932.10,32,582824500004,2376.391,2376.571,-297.183,,0.0,0,2873,,TEAM BMTR ,bbbbbb,000000,aaaaaa,0,F,167,za,168,178,0,1,53.5,3,1,10,Vet,0,,20,20,0,0,0,176,1.01,52,170,3.2,3.0,162,0,3.2,3.4,3.8,4.2,4.6,5.4,5.8,171.0,181.0,203.0,226.0,245.0,290.0,309.0,0,1,,1,,,,0,,-1,WTRL Team Time Trial - Zone 12,TYPE_TEAM_TIME_TRIAL TYPE_RACE ,27,2024/11/21,4199497144,1,,1815308
,201,1,,1,4604903,25,10,Yardi Agresta ,0,1815308,4604903.25,26,582817000010,2426.543,2426.543,69.142,,0.0,0,2873,,TEAM BMTR ,bbbbbb,000000,aaaaaa,0,F,167,za,170,179,0,1,53.5,3,1,10,Vet,0,,20,20,0,0,0,175,0.99,54,168,3.1,3.0,164,0,3.2,3.4,3.7,4.2,5.3,6.4,6.4,173.0,181.0,199.0,225.0,286.0,344.0,344.0,0,1,,1,,,,0,,-1,WTRL Team Time Trial - Zone 11,TYPE_TEAM_TIME_TRIAL TYPE_RACE ,27,2024/11/21,4199497144,1,,1815308
,233,0,,1,4592556,32,32,Blopa&reg;,0,1714370,4592556.32,0,581265200030,3299.109,3349.972,0.54,,0.0,1,2873,,TEAM BMTR ,bbbbbb,000000,aaaaaa,0,A,182,uy,133,156,0,1,66.1,3,1,1,Mas,0,,20,0,0,0,0,179,1.08,61,144,2.2,2.3,152,0,2.4,2.6,2.9,3.8,5.4,7.0,7.3,160.0,173.0,193.0,249.0,356.0,462.0,485.0,0,0,,1,,,,0,,-1,Workout 1 | Sprint Booster | Zwift Camp: Baseline,TYPE_WORKOUT TYPE_WORKOUT,0,2024/11/21,270817258,,3300,1714370
,201,1,,3,4603014,68,50,Yardi Agresta ,0,1815308,4603014.68,27,582584400050,3600.032,3600.092,0.032,,0.0,0,2873,,TEAM BMTR ,bbbbbb,000000,aaaaaa,0,C,167,za,148,169,0,1,53.5,3,1,10,Vet,0,,20,20,0,0,0,141,0.91,59,134,2.5,2.6,140,0,2.8,3.4,3.6,4.1,4.3,4.4,4.4,148.0,181.0,195.0,218.0,232.0,238.0,238.0,0,0,,1,,,,0,,-1,BMTR Short Adventure,TYPE_RIDE,0,2024/11/20,3742187716,,3600,1815308
,201,1,,4,4600800,23,23,Yardi Agresta ,0,1815308,4600800.23,41,582306300023,3600.02,3600.02,0.019,,0.0,0,2873,,TEAM BMTR ,bbbbbb,000000,aaaaaa,0,D,167,za,140,161,0,1,53.5,3,1,10,Vet,0,,20,20,0,0,0,126,0.84,64,117,2.2,2.2,119,0,2.4,2.8,3.0,3.0,3.2,3.5,3.5,126.0,148.0,158.0,163.0,172.0,186.0,186.0,0,0,,1,,,,0,,-1,Nosco Foundation Social Ride p/b Liv Cycling,TYPE_RIDE,0,2024/11/19,3366225080,,3600,1815308
,201,1,,2,4601242,88,40,Yardi Agresta ,0,1815308,4601242.88,19,582371500040,2562.453,2442.573,488.257,,0.0,0,2873,,TEAM BMTR ,bbbbbb,000000,aaaaaa,0,B,167,za,171,180,0,1,53.5,3,1,10,Vet,0,,20,20,445.33,301.82,0,185,1.06,50,181,3.4,3.2,175,0,3.5,3.8,4.1,4.6,4.9,5.2,5.5,185.0,201.0,222.0,246.0,262.0,280.0,292.0,0,0,,1,,,,0,,-1,Zwift Racing League - Open ATLANTIC Northern  Division 1,TYPE_RACE TYPE_RACE ,25,2024/11/19,4258943387,1,,1815308
,201,1,,3,4598627,3,3,Yardi Agresta ,0,1815308,4598627.3,26,582052900002,3600.001,3600.121,0.001,,0.0,0,2873,,TEAM BMTR ,bbbbbb,000000,aaaaaa,0,C,167,za,0,0,0,0,53.5,3,1,10,Vet,0,,20,20,0,0,0,141,0.0,0,138,2.6,2.5,138,0,2.7,2.9,3.0,3.1,3.6,4.1,4.1,146.0,155.0,160.0,164.0,194.0,221.0,221.0,0,0,,1,,,,0,,-1,BMTR Short Adventure,TYPE_RIDE,0,2024/11/18,4258943387,,3600,1815308
,201,1,,3,4530513,374,36,Yardi Agresta ,0,1815308,4530513.374,36,572260100036,1814.67,1814.79,249.657,,0.0,0,2873,,TEAM BMTR ,bbbbbb,000000,aaaaaa,0,C,167,za,156,170,0,1,53.5,3,1,10,Vet,0,,20,20,0,0,0,178,1.11,48,173,3.2,3.1,170,0,3.3,3.7,3.9,4.3,4.4,4.5,4.5,179.0,196.0,210.0,229.0,236.0,243.0,243.0,0,0,,1,,,,0,,-1,Stage 5 | Tour of Watopia Ride,TYPE_RIDE,31,2024/11/15,3378411990,1,,1815308
,201,1,,2,4530640,196,106,Yardi Agresta ,0,1815308,4530640.196,27,572310500106,2889.342,2889.402,374.841,,0.0,0,2873,,TEAM BMTR ,bbbbbb,000000,aaaaaa,0,B,167,za,152,163,0,1,53.5,3,1,10,Vet,0,,20,20,0,0,0,165,1.06,50,161,3.0,3.0,160,0,3.2,3.4,3.6,4.0,4.6,4.9,4.9,169.0,183.0,195.0,213.0,244.0,263.0,263.0,0,0,,1,,,,0,,-1,Stage 5 | Tour of Watopia Ride,TYPE_RIDE,31,2024/11/15,3378411990,1,,1815308
,201,1,,4,4590436,11,11,Yardi Agresta ,0,1815308,4590436.11,24,580983100005,2241.09,2241.27,-214.358,,0.0,0,2873,,TEAM BMTR ,bbbbbb,000000,aaaaaa,0,F,167,za,163,175,0,1,53.5,3,1,10,Vet,0,,20,20,0,0,0,186,1.1,48,179,3.3,3.2,171,0,3.4,3.7,4.1,4.7,5.1,5.2,5.5,180.0,196.0,220.0,254.0,275.0,280.0,297.0,0,1,,1,,,,0,,-1,WTRL Team Time Trial - Zone 12,TYPE_TEAM_TIME_TRIAL TYPE_RACE ,26,2024/11/14,2474227587,2,,1815308
,201,1,,5,4590407,2,2,Yardi Agresta ,0,1815308,4590407.2,32,580976000002,2297.988,2298.228,0.005,,0.0,0,2873,,TEAM BMTR ,bbbbbb,000000,aaaaaa,0,V,167,za,164,173,0,1,53.5,3,1,10,Vet,0,,20,20,0,0,0,184,1.09,49,178,3.3,3.2,173,0,3.4,3.6,3.9,4.7,5.2,5.5,5.6,183.0,193.0,207.0,249.0,276.0,292.0,302.0,0,1,,1,,,,0,,-1,WTRL Team Time Trial - Zone 11,TYPE_TEAM_TIME_TRIAL TYPE_RACE ,26,2024/11/14,2474227587,2,,1815308
,233,0,,2,4530625,287,170,Blopa&reg;,0,1714370,4530625.287,0,572304500170,3036.172,3036.232,532.755,,0.0,1,2873,,TEAM BMTR ,bbbbbb,000000,aaaaaa,0,B,182,uy,144,163,0,1,66.1,3,1,1,Mas,0,,20,0,0,0,0,193,1.27,52,183,2.8,2.7,180,0,2.9,3.6,4.3,4.9,6.3,7.4,9.2,190.0,236.0,285.0,326.0,416.0,489.0,606.0,0,0,,1,,,,0,,-1,Stage 5 | Tour of Watopia Ride,TYPE_RIDE,31,2024/11/14,3378411990,1,,1714370
,201,1,,3,4588035,46,26,Yardi Agresta ,0,1815308,4588035.46,42,580594400026,3600.032,3600.092,0.032,,0.0,0,2873,,TEAM BMTR ,bbbbbb,000000,aaaaaa,0,C,167,za,140,159,0,1,53.5,3,1,10,Vet,0,,20,20,0,0,0,156,1.03,52,144,2.7,2.6,142,0,2.8,3.3,3.5,3.9,4.2,4.9,4.9,150.0,176.0,189.0,210.0,223.0,260.0,260.0,0,0,,1,,,,0,,-1,BMTR Short Adventure,TYPE_RIDE,0,2024/11/13,2474227587,,3600,1815308
,201,1,,2,4596107,70,37,Yardi Agresta ,0,1815308,4596107.70,27,581721200037,3082.978,3083.038,215.83,,0.0,0,2873,,TEAM BMTR ,bbbbbb,000000,aaaaaa,0,B,167,za,165,174,0,1,53.5,3,1,10,Vet,0,,20,20,0,0,0,190,1.12,47,185,3.5,3.4,182,0,3.6,3.9,4.4,4.8,5.0,5.1,5.2,192.0,208.0,233.0,255.0,268.0,272.0,279.0,0,0,,1,,,,0,,-1,Zwift Racing League - Open ATLANTIC Northern  Division 1,TYPE_TEAM_TIME_TRIAL TYPE_RACE ,36,2024/11/12,3366225080,2,,1815308
,201,1,,3,4584208,1,1,Yardi Agresta ,0,1815308,4584208.1,26,580120600001,3599.207,3599.327,0,,0.0,0,2873,,TEAM BMTR ,bbbbbb,000000,aaaaaa,0,C,167,za,142,170,0,1,53.5,3,1,10,Vet,0,,20,20,0,0,0,162,1.01,53,143,2.7,2.8,152,0,3.0,3.6,4.2,5.0,5.7,6.3,6.3,160.0,195.0,226.0,267.0,304.0,339.0,339.0,0,0,,1,,,,0,,-1,BMTR Short Adventure,TYPE_RIDE,0,2024/11/11,3914529041,,3600,1815308
,201,1,,3,4582297,14,14,Yardi Agresta ,0,1815308,4582297.14,38,579886200014,7200.009,7200.009,0.008,,0.0,0,2873,,TEAM BMTR ,bbbbbb,000000,aaaaaa,0,C,167,za,126,147,0,1,53.5,3,1,10,Vet,0,,20,20,0,0,0,127,0.98,54,124,2.3,2.2,122,0,2.4,2.6,2.9,3.2,3.8,4.1,4.1,129.0,137.0,157.0,173.0,202.0,218.0,218.0,0,0,,1,,,,0,,-1,BMTR Short Adventure,TYPE_RIDE,0,2024/11/10,1917017591,,7200,1815308
,201,1,,5,4544204,16,16,Yardi Agresta ,0,1815308,4544204.16,168,574545600016,5400.009,5400.009,0.009,,0.0,0,2873,,TEAM BMTR ,bbbbbb,000000,aaaaaa,0,E,167,za,127,140,0,1,53.5,3,1,10,Vet,0,,20,20,0,0,0,120,0.91,59,115,2.2,2.1,116,0,2.3,2.5,2.6,2.8,3.0,3.4,3.4,123.0,135.0,141.0,150.0,162.0,183.0,183.0,0,0,,1,,,,0,,-1,Cycle Nation/CMC Distance 4 Difference 24 Hour Ride,TYPE_RIDE,0,2024/11/09,2128890027,,5400,1815308
,201,1,,5,4544203,36,36,Yardi Agresta ,0,1815308,4544203.36,31,574545500036,5400.021,5400.021,0.021,,0.0,0,2873,,TEAM BMTR ,bbbbbb,000000,aaaaaa,0,E,167,za,122,131,0,1,53.5,3,1,10,Vet,0,,20,20,0,0,0,91,0.74,72,90,1.7,1.6,90,0,1.8,1.9,1.9,2.0,2.4,2.7,2.7,95.0,101.0,104.0,109.0,127.0,144.0,144.0,0,0,,1,,,,0,,-1,Cycle Nation/CMC Distance 4 Difference 24 Hour Ride,TYPE_RIDE,0,2024/11/09,2128890027,,5400,1815308
,201,1,,5,4544202,4,4,Yardi Agresta ,0,1815308,4544202.4,151,574545400004,5400.001,5400.001,0.001,,0.0,0,2873,,TEAM BMTR ,bbbbbb,000000,aaaaaa,0,E,167,za,131,148,0,1,53.5,3,1,10,Vet,0,,20,20,0,0,0,121,0.88,60,115,2.2,2.2,118,0,2.3,2.7,2.8,3.3,3.8,4.0,4.0,125.0,143.0,152.0,178.0,204.0,213.0,213.0,0,0,,1,,,,0,,-1,Cycle Nation/CMC Distance 4 Difference 24 Hour Ride,TYPE_RIDE,0,2024/11/09,2128890027,,5400,1815308
,201,1,,5,4544201,25,25,Yardi Agresta ,0,1815308,4544201.25,31,574545300025,5400.01,5400.01,0.01,,0.0,0,2873,,TEAM BMTR ,bbbbbb,000000,aaaaaa,0,E,167,za,135,149,0,1,53.5,3,1,10,Vet,0,,20,20,0,0,0,125,0.91,58,123,2.3,2.3,123,0,2.4,2.5,2.7,2.9,3.1,3.5,3.5,130.0,134.0,146.0,153.0,167.0,189.0,189.0,0,0,,1,,,,0,,-1,Cycle Nation/CMC Distance 4 Difference 24 Hour Ride,TYPE_RIDE,0,2024/11/09,2128890027,,5400,1815308
,201,1,,5,4544200,47,47,Yardi Agresta ,0,1815308,4544200.47,172,574545200047,5400.024,5400.024,0.024,,0.0,0,2873,,TEAM BMTR ,bbbbbb,000000,aaaaaa,0,E,167,za,131,153,0,1,53.5,3,1,10,Vet,0,,20,20,0,0,0,129,0.93,57,122,2.3,2.3,127,0,2.5,3.1,3.3,3.5,3.9,4.0,4.0,134.0,165.0,178.0,189.0,207.0,212.0,212.0,0,0,,1,,,,0,,-1,Cycle Nation/CMC Distance 4 Difference 24 Hour Ride,TYPE_RIDE,0,2024/11/09,2128890027,,5400,1815308
,201,1,,5,4544199,72,72,Yardi Agresta ,0,1815308,4544199.72,40,574545100072,5400.03,5400.03,0.03,,0.0,0,2873,,TEAM BMTR ,bbbbbb,000000,aaaaaa,0,E,167,za,134,161,0,1,53.5,3,1,10,Vet,0,,20,20,0,0,0,137,0.95,56,127,2.4,2.6,143,0,2.8,3.3,3.6,3.9,4.8,6.0,6.0,151.0,175.0,191.0,210.0,257.0,320.0,320.0,0,0,,1,,,,0,,-1,Cycle Nation/CMC Distance 4 Difference 24 Hour Ride,TYPE_RIDE,0,2024/11/09,2128890027,,5400,1815308
,201,1,,3,4579456,44,15,Yardi Agresta ,0,1815308,4579456.44,498,579499300015,5400.012,5400.072,0.011,,0.0,0,2873,,TEAM BMTR ,bbbbbb,000000,aaaaaa,0,C,167,za,141,169,0,1,53.5,3,1,10,Vet,0,,20,20,0,0,0,147,0.94,57,132,2.5,2.6,143,0,2.8,3.2,3.6,4.2,5.2,5.3,5.3,151.0,172.0,195.0,227.0,276.0,281.0,281.0,0,0,,1,,,,0,,-1,BMTR Short Adventure ,TYPE_RIDE,0,2024/11/08,1880443431,,3600,1815308
,201,1,,5,4578002,12,12,Yardi Agresta ,0,1815308,4578002.12,34,579297500012,4200.016,4200.016,0.015,,0.0,0,2873,,TEAM BMTR ,bbbbbb,000000,aaaaaa,0,E,167,za,140,163,0,1,53.5,3,1,10,Vet,0,,20,20,0,0,0,150,0.98,54,137,2.6,2.9,155,0,3.1,3.5,3.6,4.2,4.6,5.0,5.0,164.0,185.0,193.0,223.0,248.0,268.0,268.0,0,0,,1,,,,0,,-1,"SROZs Contenders, Pretenders, & Rear-Enders ",TYPE_RIDE,0,2024/11/07,3407362320,,4200,1815308
,201,1,,5,4578677,3,3,Yardi Agresta ,0,1815308,4578677.3,30,579405900003,2324.453,2324.693,0.097,,0.0,0,2873,,TEAM BMTR ,bbbbbb,000000,aaaaaa,0,V,167,za,152,169,0,1,53.5,3,1,10,Vet,0,,20,20,0,0,0,165,1.03,51,157,2.9,2.8,154,0,3.0,3.3,3.9,4.2,4.3,4.8,4.8,163.0,177.0,209.0,227.0,231.0,259.0,259.0,0,1,,1,,,,0,,-1,WTRL Team Time Trial - Zone 11,TYPE_TEAM_TIME_TRIAL TYPE_RACE ,25,2024/11/07,1776635757,1,,1815308
,233,0,,3,4530451,395,76,Blopa&reg;,0,1714370,4530451.395,0,572235300076,1813.136,1813.256,241.762,,0.0,1,2873,,TEAM BMTR ,bbbbbb,000000,aaaaaa,0,C,182,uy,141,156,0,1,66.1,3,1,1,Mas,0,,20,0,0,0,0,186,1.25,52,176,2.7,2.5,171,0,2.7,3.2,3.8,4.6,6.1,7.4,8.1,180.0,210.0,252.0,301.0,405.0,486.0,533.0,0,0,,1,,,,0,,-1,Stage 4 | Tour of Watopia Ride,TYPE_RIDE,26,2024/11/07,4084028627,1,,1714370
,201,1,,2,4576550,5,5,Yardi Agresta ,0,1815308,4576550.5,39,579108000005,3600.003,3600.003,0.003,,0.0,0,2873,,TEAM BMTR ,bbbbbb,000000,aaaaaa,0,B,167,za,153,170,0,1,53.5,3,1,10,Vet,0,,20,20,0,0,0,160,1.0,53,153,2.9,2.9,156,0,3.1,3.5,3.7,4.2,4.6,5.2,5.2,165.0,185.0,200.0,225.0,245.0,279.0,279.0,0,0,,1,,,,0,,-1,BMTR Short Adventure,TYPE_RIDE,0,2024/11/06,1880443431,,3600,1815308
,201,1,,2,4530422,157,43,Yardi Agresta ,0,1815308,4530422.157,27,572223900043,2546.828,2546.888,200.261,,0.0,0,2873,,TEAM BMTR ,bbbbbb,000000,aaaaaa,0,B,167,za,163,179,0,1,53.5,3,1,10,Vet,0,,20,20,0,0,0,182,1.09,49,178,3.3,3.2,174,0,3.4,3.8,4.0,4.1,4.5,4.7,4.7,184.0,201.0,213.0,220.0,240.0,254.0,254.0,0,0,,1,,,,0,,-1,Stage 4 | Tour of Watopia Ride,TYPE_RIDE,26,2024/11/06,4084028627,1,,1815308
,201,1,,4,4574381,33,33,Yardi Agresta ,0,1815308,4574381.33,617,578621100033,3600.03,3600.03,0.03,,0.0,0,2873,,TEAM BMTR ,bbbbbb,000000,aaaaaa,0,D,167,za,130,160,0,1,53.5,3,1,10,Vet,0,,20,20,0,0,0,131,0.85,63,110,2.1,2.1,116,0,2.3,2.8,3.5,3.6,4.7,6.0,6.0,123.0,150.0,185.0,195.0,253.0,323.0,323.0,0,0,,1,,,,0,,-1,Nosco Foundation Social Ride p/b Liv Cycling,TYPE_RIDE,0,2024/11/05,3366225080,,3600,1815308
,201,1,,2,4530203,114,51,Yardi Agresta ,0,1815308,4530203.114,27,572136900051,2148.416,2148.476,241.271,,0.0,0,2873,,TEAM BMTR ,bbbbbb,000000,aaaaaa,0,B,167,za,155,169,0,1,53.5,3,1,10,Vet,0,,20,20,0,0,0,165,1.03,51,160,3.0,2.9,157,0,3.1,3.4,3.7,3.9,4.2,4.5,4.5,166.0,183.0,197.0,208.0,226.0,241.0,241.0,0,0,,1,,,,0,,-1,Stage 3 | Tour of Watopia Ride,TYPE_RIDE,23,2024/11/05,604330868,1,,1815308
,233,0,,2,4530181,302,150,Blopa&reg;,0,1714370,4530181.302,0,572128100150,2328.623,2328.683,483.043,,0.0,1,2873,,TEAM BMTR ,bbbbbb,000000,aaaaaa,0,B,182,uy,141,165,0,1,66.1,3,1,1,Mas,0,,20,0,0,0,0,188,1.23,53,174,2.6,2.7,180,0,2.9,3.1,4.1,5.3,6.6,7.2,8.0,190.0,205.0,269.0,352.0,433.0,474.0,527.0,0,0,,1,,,,0,,-1,Stage 3 | Tour of Watopia Ride,TYPE_RIDE,23,2024/10/31,604330868,1,,1714370
,201,1,,3,4565379,25,4,Yardi Agresta ,0,1815308,4565379.25,26,577425100004,3600.004,3600.064,0.002,,0.0,0,2873,,TEAM BMTR ,bbbbbb,000000,aaaaaa,0,C,167,za,132,160,0,1,53.5,3,1,10,Vet,0,,20,20,0,0,0,139,0.95,56,126,2.4,2.5,136,0,2.7,3.2,3.8,3.9,4.7,5.1,5.1,144.0,169.0,201.0,207.0,249.0,275.0,275.0,0,0,,1,,,,0,,-1,BMTR Short Adventure,TYPE_RIDE,0,2024/10/30,4258943387,,3600,1815308
,201,1,,3,4525873,41,21,Yardi Agresta ,0,1815308,4525873.41,24,571191300021,1704.985,1705.105,143.703,,0.0,0,2873,,TEAM BMTR ,bbbbbb,000000,aaaaaa,0,C,167,za,161,172,0,1,53.5,3,1,10,Vet,0,,20,20,415.02,301.82,0,187,1.13,47,182,3.4,3.2,174,0,3.4,3.8,4.4,5.0,5.2,6.0,6.3,184.0,206.0,233.0,269.0,277.0,319.0,337.0,0,0,,1,,,,0,,-1,Community Racing Festival || Herd Racing || Richmond Rollercoaster,TYPE_RACE TYPE_RACE ,17,2024/10/29,948831673,1,,1815308
,201,1,,3,4562271,9,9,Yardi Agresta ,0,1815308,4562271.9,27,577023500009,3600.003,3600.123,0.003,,0.0,0,2873,,TEAM BMTR ,bbbbbb,000000,aaaaaa,0,C,167,za,129,148,0,1,53.5,3,1,10,Vet,0,,20,20,0,0,0,135,1.02,52,132,2.5,2.4,133,0,2.6,2.8,2.9,3.2,3.7,4.0,4.0,140.0,149.0,154.0,172.0,196.0,212.0,212.0,0,0,,1,,,,0,,-1,BMTR Short Adventure,TYPE_RIDE,0,2024/10/28,3282611437,,3600,1815308
,201,1,,2,4530137,105,77,Yardi Agresta ,0,1815308,4530137.105,26,572110500077,2932.178,2932.238,495.502,,0.0,0,2873,,TEAM BMTR ,bbbbbb,000000,aaaaaa,0,B,167,za,139,153,0,1,53.5,3,1,10,Vet,0,,20,20,0,0,0,156,1.09,49,151,2.8,2.8,150,0,3.0,3.1,3.4,3.7,4.5,4.8,4.8,158.0,168.0,180.0,198.0,241.0,259.0,259.0,0,0,,1,,,,0,,-1,Stage 2 | Tour of Watopia Ride,TYPE_RIDE,27,2024/10/28,2829629527,1,,1815308
,201,1,,3,4560711,21,21,Yardi Agresta ,0,1815308,4560711.21,40,576825200021,7200.011,7200.011,0.011,,0.0,0,2873,,TEAM BMTR ,bbbbbb,000000,aaaaaa,0,C,167,za,129,163,0,1,53.5,3,1,10,Vet,0,,20,20,0,0,0,142,1.01,53,130,2.4,2.8,150,0,3.0,3.3,3.8,4.0,4.7,6.0,6.0,158.0,175.0,205.0,215.0,254.0,321.0,321.0,0,0,,1,,,,0,,-1,BMTR Short Adventure,TYPE_RIDE,0,2024/10/27,3811569265,,7200,1815308
,201,1,,1,4559329,39,39,Yardi Agresta ,0,1815308,4559329.39,161,576635700039,16144.324,16144.324,2674.257,,0.0,0,2873,,TEAM BMTR ,bbbbbb,000000,aaaaaa,0,A,167,za,136,153,0,1,53.5,3,1,10,Vet,0,,20,20,0,0,0,128,0.9,59,122,2.3,2.5,135,0,2.7,2.8,3.0,3.3,3.8,4.4,4.4,143.0,150.0,159.0,174.0,202.0,235.0,235.0,0,0,,1,,,,0,,-1,The BMTR Fundo Supporting Breast Cancer Awareness,TYPE_RIDE,161,2024/10/26,3453194200,,,1815308
,233,0,,3,4530113,378,96,Blopa&reg;,0,1714370,4530113.378,0,572101300096,1640.496,1640.616,476.124,,0.0,1,2873,,TEAM BMTR ,bbbbbb,000000,aaaaaa,0,C,182,uy,130,153,0,1,66.1,3,1,1,Mas,0,,20,0,0,0,0,153,1.09,60,142,2.2,2.1,144,0,2.3,2.6,2.8,3.3,4.3,4.8,5.2,152.0,170.0,182.0,215.0,283.0,316.0,342.0,0,0,,1,,,,0,,-1,Stage 2 | Tour of Watopia Ride,TYPE_RIDE,27,2024/10/25,2829629527,1,,1714370
,201,1,,3,4558135,39,15,Yardi Agresta ,0,1815308,4558135.39,26,576471400015,5400.015,5400.075,0.015,,0.0,0,2873,,TEAM BMTR ,bbbbbb,000000,aaaaaa,0,C,167,za,135,155,0,1,53.5,3,1,10,Vet,0,,20,20,0,0,0,142,0.97,55,131,2.5,2.5,133,0,2.6,3.0,3.3,3.7,4.6,5.3,5.3,141.0,163.0,175.0,200.0,245.0,286.0,286.0,0,0,,1,,,,0,,-1,BMTR Short Adventure Supporting Breast Cancer Awareness,TYPE_RIDE,0,2024/10/25,3366225080,,3600,1815308
,201,1,,4,4556999,9,9,Yardi Agresta ,0,1815308,4556999.9,25,576306400004,3913.137,3913.317,-343.406,,0.0,0,2873,,TEAM BMTR ,bbbbbb,000000,aaaaaa,0,F,167,za,160,172,0,1,53.5,3,1,10,Vet,0,,20,20,0,0,0,168,1.01,52,162,3.0,3.0,160,0,3.2,3.4,3.7,4.2,4.5,5.2,6.0,169.0,182.0,197.0,227.0,240.0,279.0,319.0,0,1,,1,,,,0,,-1,WTRL Team Time Trial - Zone 12,TYPE_TEAM_TIME_TRIAL TYPE_RACE ,42,2024/10/24,2748657713,1,,1815308
,201,1,,5,4556962,7,7,Yardi Agresta ,0,1815308,4556962.7,32,576297100003,4061.58,4061.82,-747.143,,0.0,0,2873,,TEAM BMTR ,bbbbbb,000000,aaaaaa,0,V,167,za,157,173,0,1,53.5,3,1,10,Vet,0,,20,20,0,0,0,164,1.0,53,157,2.9,2.9,156,0,3.1,3.3,3.8,4.4,5.1,5.5,5.8,165.0,178.0,204.0,236.0,274.0,295.0,310.0,0,1,,1,,,,0,,-1,WTRL Team Time Trial - Zone 11,TYPE_TEAM_TIME_TRIAL TYPE_RACE ,42,2024/10/24,2748657713,1,,1815308
,201,1,,3,4555613,36,9,Yardi Agresta ,0,1815308,4555613.36,32,576112500009,3600.011,3600.071,0.005,,0.0,0,2873,,TEAM BMTR ,bbbbbb,000000,aaaaaa,0,C,167,za,132,161,0,1,53.5,3,1,10,Vet,0,,20,20,0,0,0,127,0.9,59,119,2.2,2.3,126,0,2.5,2.7,3.4,3.7,4.2,4.4,4.4,133.0,147.0,180.0,199.0,226.0,235.0,235.0,0,0,,1,,,,0,,-1,BMTR Short Adventure,TYPE_RIDE,0,2024/10/23,3261167746,,3600,1815308
,201,1,,3,4552189,51,51,Yardi Agresta ,0,1815308,4552189.51,36,575677200051,3600.032,3600.152,0.032,,0.0,0,2873,,TEAM BMTR ,bbbbbb,000000,aaaaaa,0,C,167,za,137,160,0,1,53.5,3,1,10,Vet,0,,20,20,0,0,0,143,0.94,56,129,2.4,2.4,129,0,2.5,2.9,3.5,4.5,5.4,5.9,5.9,136.0,157.0,186.0,243.0,289.0,316.0,316.0,0,0,,1,,,,0,,-1,BMTR Short Adventure,TYPE_RIDE,0,2024/10/21,3382019812,,3600,1815308
,201,1,,3,4550494,3,3,Yardi Agresta ,0,1815308,4550494.3,44,575434500002,7200.002,7200.002,0.002,,0.0,0,2873,,TEAM BMTR ,bbbbbb,000000,aaaaaa,0,C,167,za,133,161,0,1,53.5,3,1,10,Vet,0,,20,20,0,0,0,142,0.97,55,129,2.4,2.6,141,0,2.8,3.4,3.8,4.4,4.8,5.4,5.4,149.0,180.0,202.0,235.0,256.0,289.0,289.0,0,0,,1,,,,0,,-1,BMTR Short Adventure,TYPE_RIDE,0,2024/10/20,1656629976,,7200,1815308
,201,1,,3,4547955,49,22,Yardi Agresta ,0,1815308,4547955.49,41,575090000022,5400.008,5400.068,0.008,,0.0,0,2873,,TEAM BMTR ,bbbbbb,000000,aaaaaa,0,C,167,za,137,164,0,1,53.5,3,1,10,Vet,0,,20,20,0,0,0,146,0.95,56,130,2.4,2.6,142,0,2.8,3.3,3.7,4.8,5.6,6.5,6.5,150.0,174.0,197.0,259.0,299.0,349.0,349.0,0,0,,1,,,,0,,-1,BMTR Short Adventure,TYPE_RIDE,0,2024/10/18,1457923570,,3600,1815308
,201,1,,2,4529866,177,84,Yardi Agresta ,0,1815308,4529866.177,26,572004100084,2869.268,2869.328,335.705,,0.0,0,2873,,TEAM BMTR ,bbbbbb,000000,aaaaaa,0,B,167,za,152,165,0,1,53.5,3,1,10,Vet,0,,20,20,0,0,0,165,1.05,51,159,3.0,2.9,156,0,3.1,3.5,4.1,4.4,4.7,5.3,5.3,165.0,187.0,217.0,237.0,253.0,286.0,286.0,0,0,,1,,,,0,,-1,Stage 1 | Tour of Watopia Ride,TYPE_RIDE,17,2024/10/18,982239385,1,,1815308
,201,1,,4,4546882,6,6,Yardi Agresta ,0,1815308,4546882.6,28,574936400003,3299.215,3299.395,-358.558,,0.0,0,2873,,TEAM BMTR ,bbbbbb,000000,aaaaaa,0,F,167,za,162,172,0,1,53.5,3,1,10,Vet,0,,20,20,0,0,0,178,1.05,51,170,3.2,3.1,169,0,3.3,3.8,4.0,4.7,4.7,4.9,5.1,178.0,204.0,216.0,249.0,252.0,264.0,272.0,0,1,,1,,,,0,,-1,WTRL Team Time Trial - Zone 12,TYPE_TEAM_TIME_TRIAL TYPE_RACE ,37,2024/10/17,3367186349,2,,1815308
,201,1,,5,4546848,13,13,Yardi Agresta ,0,1815308,4546848.13,43,574928100007,3637.9,3638.14,-338.212,,0.0,0,2873,,TEAM BMTR ,bbbbbb,000000,aaaaaa,0,V,167,za,150,163,0,1,53.5,3,1,10,Vet,0,,20,20,0,0,0,148,0.94,56,141,2.6,2.6,140,0,2.8,3.0,3.3,3.6,4.0,4.2,4.8,148.0,159.0,175.0,190.0,213.0,223.0,255.0,0,1,,1,,,,0,,-1,WTRL Team Time Trial - Zone 11,TYPE_TEAM_TIME_TRIAL TYPE_RACE ,37,2024/10/17,3367186349,2,,1815308
,201,1,,2,4545330,12,12,Yardi Agresta ,0,1815308,4545330.12,28,574679000012,3600.01,3600.01,0.01,,0.0,0,2873,,TEAM BMTR ,bbbbbb,000000,aaaaaa,0,B,167,za,151,166,0,1,53.5,3,1,10,Vet,0,,20,20,0,0,0,164,1.03,51,156,2.9,2.8,152,0,3.0,3.6,3.9,4.3,4.6,5.5,5.5,161.0,194.0,208.0,232.0,246.0,297.0,297.0,0,0,,1,,,,0,,-1,BMTR Short Adventure,TYPE_RIDE,0,2024/10/16,3367186349,,3600,1815308
,233,0,,2,4529948,262,159,Blopa&reg;,0,1714370,4529948.262,0,572037000159,2968.748,2968.808,510.134,,0.0,1,2873,,TEAM BMTR ,bbbbbb,000000,aaaaaa,0,B,182,uy,154,171,0,1,66.1,3,1,1,Mas,0,,20,0,0,0,0,194,1.21,54,186,2.8,2.7,180,0,2.9,3.0,3.5,4.3,5.2,5.7,6.6,190.0,201.0,231.0,287.0,341.0,380.0,439.0,0,0,,1,,,,0,,-1,Stage 1 | Tour of Watopia Ride,TYPE_RIDE,17,2024/10/16,982239385,1,,1714370
,201,1,,5,4543830,21,21,Yardi Agresta ,0,1815308,4543830.21,61,574481000021,4200.023,4200.023,0.021,,0.0,0,2873,,TEAM BMTR ,bbbbbb,000000,aaaaaa,0,E,167,za,133,145,0,1,53.5,3,1,10,Vet,0,,20,20,0,0,0,120,0.88,60,117,2.2,2.1,114,0,2.2,2.3,2.5,2.7,3.1,3.5,3.5,120.0,125.0,132.0,146.0,167.0,188.0,188.0,0,0,,1,,,,0,,-1,Two-Tired for Tuesday,TYPE_RIDE,0,2024/10/15,1917017591,,4200,1815308
,201,1,,2,4544226,24,24,Yardi Agresta ,0,1815308,4544226.24,20,574550400024,2101.359,2101.419,193.153,,0.0,0,2873,,TEAM BMTR ,bbbbbb,000000,aaaaaa,0,B,167,za,169,179,0,1,53.5,3,1,10,Vet,0,,20,20,438.14,289.47,0,201,1.14,46,193,3.6,3.5,187,0,3.7,4.3,5.1,5.3,5.6,5.8,5.9,197.0,230.0,272.0,284.0,298.0,311.0,314.0,0,0,,1,,,,0,,-1,Zwift Racing League - Open ATLANTIC Northern Division 2,TYPE_RACE TYPE_RACE ,22,2024/10/15,377566656,1,,1815308
,201,1,,3,4542345,76,76,Yardi Agresta ,0,1815308,4542345.76,32,574296400076,3600.031,3600.151,0.031,,0.0,0,2873,,TEAM BMTR ,bbbbbb,000000,aaaaaa,0,C,167,za,140,163,0,1,53.5,3,1,10,Vet,0,,20,20,0,0,0,144,0.97,55,136,2.5,2.7,148,0,2.9,3.3,3.4,4.0,4.5,4.6,4.6,156.0,174.0,181.0,214.0,242.0,248.0,248.0,0,0,,1,,,,0,,-1,BMTR Short Adventure,TYPE_RIDE,0,2024/10/14,3366225080,,3600,1815308
,201,1,,3,4540853,15,15,Yardi Agresta ,0,1815308,4540853.15,46,574098000018,7200.007,7200.007,0.006,,0.0,0,2873,,TEAM BMTR ,bbbbbb,000000,aaaaaa,0,C,167,za,136,163,0,1,53.5,3,1,10,Vet,0,,20,20,0,0,0,135,0.96,55,131,2.5,2.4,130,0,2.6,2.8,3.0,3.3,3.6,3.8,3.8,137.0,150.0,160.0,178.0,193.0,206.0,206.0,0,0,,1,,,,0,,-1,BMTR Short Adventure,TYPE_RIDE,0,2024/10/13,2207442179,,7200,1815308
,201,1,,3,4538682,55,14,Yardi Agresta ,0,1815308,4538682.55,26,573796800011,5400.007,5400.067,0.005,,0.0,0,2873,,TEAM BMTR ,bbbbbb,000000,aaaaaa,0,C,167,za,140,171,0,1,53.5,3,1,10,Vet,0,,20,20,0,0,0,151,0.96,55,135,2.5,2.8,152,0,3.0,3.8,4.3,4.5,5.5,6.9,6.9,161.0,204.0,228.0,241.0,297.0,369.0,369.0,0,0,,1,,,,0,,-1,BMTR Short Adventure,TYPE_RIDE,0,2024/10/11,3261167746,,3600,1815308
,201,1,,4,4537644,5,5,Yardi Agresta ,0,1815308,4537644.5,18,573647000005,2025.209,2025.389,0.196,,0.0,0,2873,,TEAM BMTR ,bbbbbb,000000,aaaaaa,0,D,167,za,160,170,0,1,54.4,3,1,10,Vet,0,,20,20,0,0,0,183,1.1,49,176,3.2,3.1,171,0,3.3,3.6,4.0,4.5,4.7,4.9,4.9,181.0,197.0,218.0,244.0,255.0,264.0,269.0,0,0,,1,,,,0,,-1,WTRL Canadian Thanksgiving Pre-Burn Team Time Trial - Zone 12,TYPE_TEAM_TIME_TRIAL TYPE_RACE ,21,2024/10/10,226950646,1,,1815308
,201,1,,5,4537631,14,14,Yardi Agresta ,0,1815308,4537631.14,26,573644400014,4200.022,4200.022,0.022,,0.0,0,2873,,TEAM BMTR ,bbbbbb,000000,aaaaaa,0,E,167,za,124,156,0,1,54.4,3,1,10,Vet,0,,20,20,0,0,0,115,0.85,64,105,1.9,1.9,105,0,2.0,2.3,2.8,3.7,5.3,6.4,6.4,111.0,127.0,151.0,200.0,287.0,350.0,350.0,0,0,,1,,,,0,,-1,"Striders and Riders of Zwift: Contenders, Pretenders, & Rear-Enders Social Ride",TYPE_RIDE,0,2024/10/10,3407362320,,4200,1815308
,201,1,,1,4537608,42,10,Yardi Agresta ,0,1815308,4537608.42,18,573638500010,2024.643,2024.643,62.428,,0.0,0,2873,,TEAM BMTR ,bbbbbb,000000,aaaaaa,0,A,167,za,158,168,0,1,54.4,3,1,10,Vet,0,,20,20,0,0,0,177,1.08,50,171,3.1,3.1,171,0,3.3,3.5,3.6,4.0,4.8,5.1,6.1,180.0,193.0,197.0,219.0,261.0,280.0,333.0,0,0,,1,,,,0,,-1,WTRL Canadian Thanksgiving Pre-Burn Team Time Trial - Zone 11,TYPE_TEAM_TIME_TRIAL TYPE_RACE ,21,2024/10/10,226950646,1,,1815308
,201,1,,2,4536186,9,9,Yardi Agresta ,0,1815308,4536186.9,26,573430300012,3600.011,3600.011,0.008,,0.0,0,2873,,TEAM BMTR ,bbbbbb,000000,aaaaaa,0,B,167,za,144,167,0,1,53.5,3,1,10,Vet,0,,20,20,0,0,0,158,1.04,51,150,2.8,2.7,146,0,2.9,3.7,3.9,4.1,4.4,4.9,4.9,154.0,196.0,207.0,220.0,236.0,262.0,262.0,0,0,,1,,,,0,,-1,BMTR Short Adventure,TYPE_RIDE,0,2024/10/09,1064303857,,3600,1815308
,201,1,,3,4525454,17,11,Yardi Agresta ,0,1815308,4525454.17,16,570981800011,2343.044,2343.164,34.54,,0.0,0,2873,,TEAM BMTR ,bbbbbb,000000,aaaaaa,0,C,167,za,166,179,0,1,53.5,3,1,10,Vet,0,,20,20,365.23,276.61,0,194,1.12,47,186,3.5,3.4,186,0,3.7,4.1,4.4,4.7,5.1,5.4,5.8,196.0,218.0,235.0,254.0,274.0,288.0,312.0,0,0,,1,,,,0,,-1,Community Racing Festival || AHDR || Coastal Crown Loop,TYPE_RACE TYPE_RACE ,24,2024/10/08,2768300955,1,,1815308
,201,1,,2,4537140,14,14,Yardi Agresta ,0,1815308,4537140.14,28,573561100014,3685.659,3685.719,323.095,,0.0,0,2873,,TEAM BMTR ,bbbbbb,000000,aaaaaa,0,B,167,za,168,181,0,1,53.5,3,1,10,Vet,0,,20,20,272.42,288.07,11.46,201,1.14,46,192,3.6,3.7,200,0,3.9,4.5,4.8,5.0,5.3,5.6,6.4,211.0,241.0,255.0,268.0,285.0,300.0,344.0,0,0,,1,,,,0,,-1,Zwift Racing League - Open ATLANTIC Northern Division 2,TYPE_RACE TYPE_RACE ,34,2024/10/08,1631692097,1,,1815308
,201,1,,3,4533220,24,24,Yardi Agresta ,0,1815308,4533220.24,25,573052000024,3600.008,3600.128,0.008,,0.0,0,2873,,TEAM BMTR ,bbbbbb,000000,aaaaaa,0,C,167,za,138,165,0,1,53.5,3,1,10,Vet,0,,20,20,0,0,0,141,0.99,53,137,2.6,2.5,137,0,2.7,3.2,3.4,3.6,4.0,4.1,4.1,145.0,169.0,183.0,194.0,215.0,219.0,219.0,0,0,,1,,,,0,,-1,BMTR Short Adventure,TYPE_RIDE,0,2024/10/07,4258943387,,3600,1815308
,233,0,,5,4505224,184,184,Blopa&reg;,0,1714370,4505224.184,0,568176000181,2700.016,2700.016,0.016,,0.0,1,2873,,TEAM BMTR ,bbbbbb,000000,aaaaaa,0,E,182,uy,126,145,0,1,66.1,3,1,1,Mas,0,,20,0,0,0,0,153,1.17,56,148,2.2,2.2,147,0,2.3,2.4,2.6,3.0,3.1,3.6,3.6,155.0,161.0,175.0,197.0,206.0,238.0,241.0,0,0,,1,,,,0,,-1,Cycle Nations BIG BIRTHDAY BASH Ride ,TYPE_RIDE,0,2024/10/05,2569385980,,2700,1714370
,201,1,,3,4527142,30,6,Yardi Agresta ,0,1815308,4527142.30,38,571601500006,5400.005,5400.065,0.005,,0.0,0,2873,,TEAM BMTR ,bbbbbb,000000,aaaaaa,0,C,167,za,141,166,0,1,53.5,3,1,10,Vet,0,,20,20,0,0,0,154,0.98,54,138,2.6,2.8,152,0,3.0,3.5,3.8,4.5,5.4,6.3,6.3,160.0,189.0,205.0,239.0,287.0,337.0,337.0,0,0,,1,,,,0,,-1,BMTR Short Adventure,TYPE_RIDE,0,2024/10/04,1776635757,,3600,1815308
,201,1,,4,4524755,12,12,Yardi Agresta ,0,1815308,4524755.12,21,570843700006,3084.536,3084.716,-12.292,,0.0,0,2873,,TEAM BMTR ,bbbbbb,000000,aaaaaa,0,F,167,za,157,174,0,1,53.5,3,1,10,Vet,0,,20,20,0,0,0,178,1.05,50,165,3.1,3.0,160,0,3.2,3.6,4.1,4.3,4.7,5.4,5.6,169.0,194.0,221.0,231.0,252.0,290.0,301.0,0,1,,1,,,,0,,-1,WTRL Team Time Trial - Zone 12,TYPE_TEAM_TIME_TRIAL TYPE_RACE ,32,2024/10/03,2196019512,2,,1815308
,201,1,,5,4505204,226,226,Yardi Agresta ,0,1815308,4505204.226,25,568174000235,2700.019,2700.019,0.019,,0.0,0,2873,,TEAM BMTR ,bbbbbb,000000,aaaaaa,0,E,167,za,140,150,0,1,53.5,3,1,10,Vet,0,,20,20,0,0,0,131,0.91,58,127,2.4,2.2,120,0,2.4,2.5,2.7,2.8,3.1,3.4,3.4,127.0,135.0,143.0,151.0,168.0,181.0,181.0,0,0,,1,,,,0,,-1,Yurina Kinoshita & Yumi Yummys BIG BIRTHDAY BASH Ride,TYPE_RIDE,0,2024/10/03,1917017591,,2700,1815308
,201,1,,4,4524719,56,52,Yardi Agresta ,0,1815308,4524719.56,20,570835200029,3027.541,3027.721,44.618,,0.0,0,2873,,TEAM BMTR ,bbbbbb,000000,aaaaaa,0,F,167,za,161,173,0,1,53.5,3,1,10,Vet,0,,20,20,0,0,0,183,1.06,50,171,3.2,3.1,170,0,3.3,3.8,4.3,4.4,5.8,5.9,5.9,179.0,206.0,228.0,238.0,312.0,314.0,318.0,0,1,,1,,,,0,,-1,WTRL Team Time Trial - Zone 11,TYPE_TEAM_TIME_TRIAL TYPE_RACE ,32,2024/10/03,2196019512,2,,1815308
,201,1,,3,4523471,49,17,Yardi Agresta ,0,1815308,4523471.49,26,570672300017,3600.011,3600.071,0.011,,0.0,0,2873,,TEAM BMTR ,bbbbbb,000000,aaaaaa,0,C,167,za,154,182,0,1,53.5,3,1,10,Vet,0,,20,20,0,0,0,150,0.85,62,131,2.5,2.5,137,0,2.7,3.0,3.5,4.3,5.4,6.3,6.3,145.0,161.0,187.0,231.0,288.0,335.0,335.0,0,0,,1,,,,0,,-1,BMTR Short Adventure,TYPE_RIDE,0,2024/10/02,3407362320,,3600,1815308
,201,1,,2,4490348,47,35,Yardi Agresta ,0,1815308,4490348.47,16,565561900037,2530.818,2530.878,233.119,,0.0,0,2873,,TEAM BMTR ,bbbbbb,000000,aaaaaa,0,B,167,za,159,177,0,1,53.5,3,1,10,Vet,0,,20,20,489.07,284.78,0,193,1.18,45,188,3.5,3.4,184,0,3.6,4.0,4.2,4.4,4.7,5.5,5.9,194.0,213.0,226.0,233.0,253.0,294.0,314.0,0,0,,1,,,,0,,-1,Stage 5: Pinarello Powered - Mayan 8,TYPE_RACE TYPE_RACE ,26,2024/10/01,4084028627,1,,1815308
,201,1,,3,4520952,58,58,Yardi Agresta ,0,1815308,4520952.58,27,570357200058,3600.024,3600.144,0.024,,0.0,0,2873,,TEAM BMTR ,bbbbbb,000000,aaaaaa,0,C,167,za,154,179,0,1,53.5,3,1,10,Vet,0,,20,20,0,0,0,153,0.92,58,142,2.7,2.7,149,0,2.9,3.6,3.9,4.2,4.5,5.1,5.1,157.0,192.0,209.0,225.0,241.0,274.0,274.0,0,0,,1,,,,0,,-1,BMTR Short Adventure,TYPE_RIDE,0,2024/09/30,2569385980,,3600,1815308
,201,1,,4,4516998,6,6,Yardi Agresta ,0,1815308,4516998.6,21,569794600006,2589.271,2589.451,0.267,,0.0,0,2873,,TEAM BMTR ,bbbbbb,000000,aaaaaa,0,D,167,za,164,177,0,1,53.5,3,1,10,Vet,0,,20,20,0,0,0,179,1.05,51,172,3.2,3.1,167,0,3.3,3.6,4.0,4.3,5.0,5.6,5.7,176.0,191.0,213.0,231.0,269.0,300.0,303.0,0,0,,1,,,,0,,-1,WTRL Team Time Trial - Zone 12,TYPE_TEAM_TIME_TRIAL TYPE_RACE ,29,2024/09/26,2207442179,1,,1815308
,201,1,,5,4516985,31,31,Yardi Agresta ,0,1815308,4516985.31,24,569792000031,4200.025,4200.025,0.025,,0.0,0,2873,,TEAM BMTR ,bbbbbb,000000,aaaaaa,0,E,167,za,134,164,0,1,53.5,3,1,10,Vet,0,,20,20,0,0,0,131,0.84,64,112,2.1,2.1,113,0,2.2,2.6,3.2,4.4,5.9,7.1,7.1,119.0,137.0,169.0,234.0,315.0,378.0,378.0,0,0,,1,,,,0,,-1,"Striders and Riders of Zwift: Contenders, Pretenders, & Rear-Enders Social Ride",TYPE_RIDE,0,2024/09/26,3407362320,,4200,1815308
,201,1,,4,4516964,13,13,Yardi Agresta ,0,1815308,4516964.13,26,569786600013,2532.3,2532.48,215.902,,0.0,0,2873,,TEAM BMTR ,bbbbbb,000000,aaaaaa,0,D,167,za,165,178,0,1,53.5,3,1,10,Vet,0,,20,20,0,0,0,184,1.07,49,177,3.3,3.1,170,0,3.3,3.7,4.1,4.7,5.3,5.9,5.9,179.0,199.0,218.0,253.0,284.0,316.0,316.0,0,0,,1,,,,0,,-1,WTRL Team Time Trial - Zone 11,TYPE_TEAM_TIME_TRIAL TYPE_RACE ,29,2024/09/26,2207442179,1,,1815308
,201,1,,3,4515492,85,43,Yardi Agresta ,0,1815308,4515492.85,26,569582000043,3600.028,3600.088,0.028,,0.0,0,2873,,TEAM BMTR ,bbbbbb,000000,aaaaaa,0,C,167,za,140,166,0,1,53.5,3,1,10,Vet,0,,20,20,0,0,0,144,0.91,58,128,2.4,2.4,132,0,2.6,2.9,3.8,4.4,5.2,6.5,6.5,139.0,157.0,205.0,234.0,278.0,349.0,349.0,0,0,,1,,,,0,,-1,BMTR Short Adventure,TYPE_RIDE,0,2024/09/25,2207442179,,3600,1815308
,201,1,,4,4514343,32,0,Yardi Agresta ,0,1815308,4514343.32,25,569431700032,3600.014,3600.014,0,,0.0,0,2873,,TEAM BMTR ,bbbbbb,000000,aaaaaa,0,N/A,167,us,131,143,0,1,53.5,3,1,10,Vet,0,,20,20,0,0,0,115,0.85,63,111,2.1,2.0,109,0,2.1,2.3,2.5,2.5,2.9,3.3,3.3,115.0,121.0,133.0,134.0,154.0,177.0,177.0,0,0,,1,,,,0,,-1,REVO Social SUB2,TYPE_RIDE,0,2024/09/24,3302953739,,3600,1815308
,201,1,,2,4516387,24,24,Yardi Agresta ,0,1815308,4516387.24,35,569706300024,3169.871,3169.931,192.167,,0.0,0,2873,,TEAM BMTR ,bbbbbb,000000,aaaaaa,0,B,167,za,169,179,0,1,53.5,3,1,10,Vet,0,,20,20,399.24,284.78,0,192,1.09,49,184,3.4,3.3,180,0,3.6,4.2,5.0,5.3,5.7,5.9,5.9,190.0,227.0,265.0,282.0,306.0,318.0,318.0,0,0,,1,,,,0,,-1,Zwift Racing League - Open ATLANTIC Northern Division 2,TYPE_RACE TYPE_RACE ,34,2024/09/24,576953930,1,,1815308
,201,1,,3,4513234,30,30,Yardi Agresta ,0,1815308,4513234.30,27,569281400030,3600.01,3600.13,0.01,,0.0,0,2873,,TEAM BMTR ,bbbbbb,000000,aaaaaa,0,C,167,za,137,165,0,1,53.5,3,1,10,Vet,0,,20,20,0,0,0,150,0.93,57,128,2.4,2.4,130,0,2.6,3.2,3.8,4.7,6.3,7.4,7.4,137.0,171.0,206.0,253.0,338.0,395.0,395.0,0,0,,1,,,,0,,-1,BMTR Short Adventure,TYPE_RIDE,0,2024/09/23,1880443431,,3600,1815308
,201,1,,3,4512138,36,36,Yardi Agresta ,0,1815308,4512138.36,30,569146000036,7200.028,7200.028,0.028,,0.0,0,2873,,TEAM BMTR ,bbbbbb,000000,aaaaaa,0,C,167,za,131,156,0,1,53.5,3,1,10,Vet,0,,20,20,0,0,0,133,0.98,54,128,2.4,2.4,132,0,2.6,2.8,3.4,3.6,3.8,4.0,4.0,139.0,149.0,180.0,193.0,202.0,215.0,215.0,0,0,,1,,,,0,,-1,BMTR Short Adventure,TYPE_RIDE,0,2024/09/22,2927651296,,7200,1815308
,201,1,,3,4511169,10,10,Yardi Agresta ,0,1815308,4511169.10,183,569005200010,9841.272,9841.272,9.222,,0.0,0,2873,,TEAM BMTR ,bbbbbb,000000,aaaaaa,0,C,167,za,143,175,0,1,53.5,3,1,10,Vet,0,,20,20,0,0,0,158,1.0,53,143,2.7,3.1,170,0,3.3,4.1,4.5,4.7,5.8,6.1,6.1,179.0,217.0,241.0,252.0,308.0,327.0,327.0,0,0,,1,,,,0,,-1,Giant Bagel Rolls Ride,TYPE_RIDE,100,2024/09/21,806114032,,,1815308
,201,1,,2,4497008,9,7,Yardi Agresta ,0,1815308,4497008.9,19,566967900007,5671.53,5671.53,246.644,,0.0,0,2873,,TEAM BMTR ,bbbbbb,000000,aaaaaa,0,B,167,za,156,174,0,1,53.5,3,1,10,Vet,0,,20,20,346.82,257.22,0,184,1.12,47,174,3.3,3.4,182,0,3.6,3.9,4.6,5.0,5.7,5.8,6.0,192.0,208.0,244.0,269.0,304.0,313.0,319.0,0,0,,1,,,,0,,-1,Zwift Epic Race - Watopia Figure 8,TYPE_RACE TYPE_RACE ,59,2024/09/21,3382019812,2,,1815308
,201,1,,5,4474463,11,11,Yardi Agresta ,0,1815308,4474463.11,16,562980400011,1481.577,1481.577,304.33,,0.0,0,2873,,TEAM BMTR ,bbbbbb,000000,aaaaaa,0,E,167,za,167,177,0,1,53.5,3,1,10,Vet,0,,20,20,331.08,257.22,0,206,1.22,44,203,3.8,3.6,194,0,3.8,4.3,4.5,4.7,4.8,5.0,5.1,205.0,228.0,243.0,252.0,259.0,267.0,271.0,0,0,,1,,,,0,,-1,Zwift Climb Portal Races - Old La Honda,TYPE_RACE TYPE_RACE ,9,2024/09/20,2681889340,1,,1815308
,201,1,,4,4509316,9,9,Yardi Agresta ,0,1815308,4509316.9,16,568716800005,2260.616,2260.796,-203.656,,0.0,0,2873,,TEAM BMTR ,bbbbbb,000000,aaaaaa,0,F,167,za,149,164,0,1,53.5,3,1,10,Vet,0,,20,20,0,0,0,176,1.11,48,165,3.1,3.0,163,0,3.2,3.5,3.8,4.5,4.9,5.8,6.8,172.0,186.0,203.0,239.0,264.0,313.0,365.0,0,1,,1,,,,0,,-1,WTRL Team Time Trial - Zone 12,TYPE_TEAM_TIME_TRIAL TYPE_RACE ,23,2024/09/19,2954366662,1,,1815308
,201,1,,5,4509303,2,2,Yardi Agresta ,0,1815308,4509303.2,26,568714200002,4200.0,4200.0,0,,0.0,0,2873,,TEAM BMTR ,bbbbbb,000000,aaaaaa,0,E,167,za,126,153,0,1,53.5,3,1,10,Vet,0,,20,20,0,0,0,136,1.0,53,126,2.4,2.4,133,0,2.6,3.1,3.6,4.3,5.5,6.0,6.0,140.0,168.0,194.0,229.0,293.0,321.0,321.0,0,0,,1,,,,0,,-1,"Striders and Riders of Zwift: Contenders, Pretenders, & Rear-Enders Social Ride",TYPE_RIDE,0,2024/09/19,3407362320,,4200,1815308
,201,1,,1,4509281,31,18,Yardi Agresta ,0,1815308,4509281.31,39,568708100018,2207.65,2207.65,114.106,,0.0,0,2873,,TEAM BMTR ,bbbbbb,000000,aaaaaa,0,F,167,za,151,164,0,1,53.5,3,1,10,Vet,0,,20,20,0,0,0,177,1.11,48,168,3.1,3.1,166,0,3.3,3.7,4.3,4.5,4.6,4.8,4.9,175.0,200.0,228.0,239.0,244.0,255.0,262.0,0,1,,1,,,,0,,-1,WTRL Team Time Trial - Zone 11,TYPE_TEAM_TIME_TRIAL TYPE_RACE ,23,2024/09/19,2954366662,1,,1815308
,201,1,,2,4490081,31,20,Yardi Agresta ,0,1815308,4490081.31,16,565430800020,2248.9,2248.96,91.92,,0.0,0,2873,,TEAM BMTR ,bbbbbb,000000,aaaaaa,0,B,167,za,167,178,0,1,53.5,3,1,10,Vet,0,,20,20,340.98,257.22,0,206,1.2,44,201,3.8,3.6,193,0,3.8,4.2,4.7,5.0,6.0,6.0,6.1,204.0,227.0,252.0,266.0,319.0,322.0,326.0,0,0,,1,,,,0,,-1,Stage 3: Pinarello Powered - Turf N Surf,TYPE_RACE TYPE_RACE ,25,2024/09/18,4258943387,1,,1815308
,201,1,,2,4508242,6,6,Yardi Agresta ,0,1815308,4508242.6,26,568556400006,3600.008,3600.008,0.008,,0.0,0,2873,,TEAM BMTR ,bbbbbb,000000,aaaaaa,0,B,167,za,142,157,0,1,53.5,3,1,10,Vet,0,,20,20,0,0,0,149,1.02,52,145,2.7,2.6,143,0,2.8,3.0,3.3,3.7,4.3,5.4,5.4,151.0,161.0,176.0,198.0,231.0,289.0,289.0,0,0,,1,,,,0,,-1,BMTR Short Adventure,TYPE_RIDE,0,2024/09/18,387309391,,3600,1815308
,201,1,,4,4507096,26,26,Yardi Agresta ,0,1815308,4507096.26,26,568404400026,3600.02,3600.02,0.02,,0.0,0,2873,,TEAM BMTR ,bbbbbb,000000,aaaaaa,0,D,167,za,131,159,0,1,53.5,3,1,10,Vet,0,,20,20,0,0,0,123,0.83,64,109,2.0,2.3,125,0,2.5,3.2,3.5,3.9,4.1,4.1,4.1,132.0,171.0,189.0,207.0,218.0,222.0,222.0,0,0,,1,,,,0,,-1,Nosco Foundation Social Ride p/b Liv Cycling,TYPE_RIDE,0,2024/09/17,3366225080,,3600,1815308
,201,1,,2,4510952,18,18,Yardi Agresta ,0,1815308,4510952.18,26,568943900018,3647.024,3647.144,189.713,,0.0,0,2873,,TEAM BMTR ,bbbbbb,000000,aaaaaa,0,B,167,za,170,182,0,1,53.5,3,1,10,Vet,0,,20,20,348.11,257.22,0,203,1.14,46,194,3.6,3.6,193,0,3.8,4.3,4.7,5.3,5.8,6.5,6.7,204.0,228.0,251.0,283.0,311.0,348.0,356.0,0,0,,1,,,,0,,-1,Zwift Racing League - Open ATLANTIC Northern Division 2,TYPE_RACE TYPE_RACE ,39,2024/09/17,240388043,1,,1815308
,201,1,,3,4505863,30,30,Yardi Agresta ,0,1815308,4505863.30,26,568254000030,3600.02,3600.14,0.02,,0.0,0,2873,,TEAM BMTR ,bbbbbb,000000,aaaaaa,0,C,167,za,132,156,0,1,53.5,3,1,10,Vet,0,,20,20,0,0,0,144,1.01,53,133,2.5,2.6,139,0,2.7,3.0,3.4,4.1,4.7,6.0,6.0,147.0,162.0,184.0,222.0,253.0,321.0,321.0,0,0,,1,,,,0,,-1,BMTR Short Adventure,TYPE_RIDE,0,2024/09/16,3742187716,,3600,1815308
,201,1,,3,4504763,32,32,Yardi Agresta ,0,1815308,4504763.32,40,568107000032,7200.032,7200.032,0.032,,0.0,0,2873,,TEAM BMTR ,bbbbbb,000000,aaaaaa,0,C,167,za,127,168,0,1,53.5,3,1,10,Vet,0,,20,20,0,0,0,134,0.94,56,120,2.2,2.5,136,0,2.7,3.1,4.3,5.2,5.7,5.9,5.9,144.0,168.0,229.0,277.0,303.0,316.0,316.0,0,0,,1,,,,0,,-1,BMTR Short Adventure,TYPE_RIDE,0,2024/09/15,3366225080,,7200,1815308
,233,0,,3,4502866,44,14,Blopa&reg;,0,1714370,4502866.44,0,567781900014,5400.01,5400.07,0.01,,0.0,1,2873,,TEAM BMTR ,bbbbbb,000000,aaaaaa,0,C,182,uy,133,150,0,1,66.1,3,1,1,Mas,0,,20,0,0,0,0,168,1.14,57,152,2.3,2.3,156,0,2.5,2.9,3.4,4.8,7.0,8.6,9.4,165.0,190.0,228.0,318.0,460.0,568.0,621.0,0,0,,1,,,,0,,-1,BMTR Short Adventure,TYPE_RIDE,0,2024/09/13,46799750,,3600,1714370
,201,1,,3,4502866,56,26,Yardi Agresta ,0,1815308,4502866.56,38,567781900026,5400.019,5400.079,0.019,,0.0,0,2873,,TEAM BMTR ,bbbbbb,000000,aaaaaa,0,C,167,za,136,153,0,1,53.5,3,1,10,Vet,0,,20,20,0,0,0,128,0.92,58,125,2.3,2.4,128,0,2.5,3.0,3.2,3.3,3.4,3.6,3.6,135.0,158.0,169.0,175.0,183.0,191.0,191.0,0,0,,1,,,,0,,-1,BMTR Short Adventure,TYPE_RIDE,0,2024/09/13,46799750,,3600,1815308
,201,1,,4,4491196,47,11,Yardi Agresta ,0,1815308,4491196.47,19,565730600011,1823.658,1823.838,3.87,,0.0,0,2873,,TEAM BMTR ,bbbbbb,000000,aaaaaa,0,D,167,za,166,181,0,1,53.5,3,1,10,Vet,0,,20,20,390.45,257.22,0,202,1.18,45,196,3.7,3.5,188,0,3.7,3.9,4.6,4.8,5.5,5.9,6.2,198.0,211.0,246.0,259.0,297.0,315.0,330.0,0,0,,1,,,,0,,-1,Stage 2: Pinarello Powered - Park Perimeter Loop || Using Racing Score,TYPE_RACE TYPE_RACE ,19,2024/09/13,1919980508,2,,1815308
,201,1,,4,4502036,11,11,Yardi Agresta ,0,1815308,4502036.11,16,567657600006,3086.546,3086.726,-369.96,,0.0,0,2873,,TEAM BMTR ,bbbbbb,000000,aaaaaa,0,F,167,za,161,175,0,1,53.5,3,1,10,Vet,0,,20,20,0,0,0,179,1.09,49,175,3.3,3.1,168,0,3.3,3.5,4.0,4.4,5.0,5.5,5.8,177.0,188.0,212.0,234.0,267.0,293.0,308.0,0,1,,1,,,,0,,-1,WTRL Team Time Trial - Zone 12,TYPE_TEAM_TIME_TRIAL TYPE_RACE ,37,2024/09/12,2128890027,2,,1815308
,201,1,,4,4502001,44,44,Yardi Agresta ,0,1815308,4502001.44,21,567649500026,3105.685,3105.865,-20.616,,0.0,0,2873,,TEAM BMTR ,bbbbbb,000000,aaaaaa,0,F,167,za,163,173,0,1,53.5,3,1,10,Vet,0,,20,20,0,0,0,183,1.09,49,178,3.3,3.2,172,0,3.4,3.8,4.1,4.6,4.7,5.7,5.9,182.0,204.0,222.0,247.0,254.0,304.0,317.0,0,1,,1,,,,0,,-1,WTRL Team Time Trial - Zone 11,TYPE_TEAM_TIME_TRIAL TYPE_RACE ,37,2024/09/12,2128890027,2,,1815308
,233,0,,3,4501055,40,10,Blopa&reg;,0,1714370,4501055.40,0,567518600010,3600.004,3600.064,0.004,,0.0,1,2873,,TEAM BMTR ,bbbbbb,000000,aaaaaa,0,C,182,uy,136,166,0,1,66.1,3,1,1,Mas,0,,20,0,0,0,0,165,1.17,56,159,2.4,2.3,154,0,2.5,3.1,3.7,3.7,3.8,4.0,4.1,163.0,204.0,242.0,246.0,253.0,263.0,273.0,0,0,,1,,,,0,,-1,BMTR Short Adventure,TYPE_RIDE,0,2024/09/11,604330868,,3600,1714370
,201,1,,3,4501055,59,29,Yardi Agresta ,0,1815308,4501055.59,48,567518600029,3600.014,3600.074,0.014,,0.0,0,2873,,TEAM BMTR ,bbbbbb,000000,aaaaaa,0,C,167,za,131,162,0,1,53.5,3,1,10,Vet,0,,20,20,0,0,0,132,0.93,57,122,2.3,2.3,125,0,2.5,3.0,3.6,3.9,4.1,4.3,4.3,132.0,160.0,195.0,210.0,219.0,231.0,231.0,0,0,,1,,,,0,,-1,BMTR Short Adventure,TYPE_RIDE,0,2024/09/11,604330868,,3600,1815308
,201,1,,2,4504483,7,7,Yardi Agresta ,0,1815308,4504483.7,18,568031600007,2022.256,2022.316,9.666,,0.0,0,2873,,TEAM BMTR ,bbbbbb,000000,aaaaaa,0,B,167,za,173,182,0,1,53.5,3,1,10,Vet,0,,20,20,0,0,0,205,1.16,46,201,3.8,3.6,194,0,3.8,4.1,4.3,4.6,5.2,5.3,5.7,205.0,220.0,228.0,246.0,276.0,281.0,303.0,0,0,,1,,,,0,,-1,Zwift Racing League - Open ATLANTIC Northern Division 2,TYPE_TEAM_TIME_TRIAL TYPE_RACE ,25,2024/09/10,986252325,1,,1815308
,201,1,,3,4498613,31,31,Yardi Agresta ,0,1815308,4498613.31,27,567205900030,3600.016,3600.136,0.016,,0.0,0,2873,,TEAM BMTR ,bbbbbb,000000,aaaaaa,0,C,167,za,142,152,0,1,53.5,3,1,10,Vet,0,,20,20,0,0,0,143,0.98,54,139,2.6,2.5,136,0,2.7,2.8,3.1,3.3,3.5,3.9,3.9,144.0,150.0,167.0,175.0,189.0,207.0,207.0,0,0,,1,,,,0,,-1,BMTR Short Adventure,TYPE_RIDE,0,2024/09/09,986252325,,3600,1815308
,201,1,,2,4496927,11,6,Yardi Agresta ,0,1815308,4496927.11,30,566936100007,5040.332,5040.332,52.249,,0.0,0,2873,,TEAM BMTR ,bbbbbb,000000,aaaaaa,0,B,167,za,163,181,0,1,53.5,3,1,10,Vet,0,,20,20,329.72,257.22,0,189,1.1,48,179,3.3,3.4,186,0,3.7,4.1,5.0,5.4,5.8,5.9,6.0,196.0,222.0,267.0,289.0,309.0,317.0,321.0,0,0,,1,,,,0,,-1,Zwift Epic Race - 2022 Bambino Fondo,TYPE_RACE TYPE_RACE ,53,2024/09/08,3368626651,1,,1815308
,201,1,,4,4495111,14,7,Yardi Agresta ,0,1815308,4495111.14,21,566642000014,2541.229,2541.409,0.118,,0.0,0,2873,,TEAM BMTR ,bbbbbb,000000,aaaaaa,0,F,167,za,163,173,0,1,53.5,3,1,10,Vet,0,,20,20,0,0,0,182,1.09,49,177,3.3,3.2,172,0,3.4,3.6,4.0,4.4,4.7,5.4,5.5,182.0,195.0,213.0,235.0,250.0,288.0,295.0,0,1,,1,,,,0,,-1,WTRL Team Time Trial - Zone 12,TYPE_TEAM_TIME_TRIAL TYPE_RACE ,29,2024/09/05,928793662,2,,1815308
,201,1,,1,4495075,29,12,Yardi Agresta ,0,1815308,4495075.29,21,566632900019,2551.348,2551.348,70.808,,0.0,0,2873,,TEAM BMTR ,bbbbbb,000000,aaaaaa,0,F,167,za,164,174,0,1,53.5,3,1,10,Vet,0,,20,20,0,0,0,184,1.09,49,178,3.3,3.1,170,0,3.3,3.6,4.3,4.6,4.7,5.5,5.9,179.0,195.0,228.0,248.0,249.0,295.0,318.0,0,1,,1,,,,0,,-1,WTRL Team Time Trial - Zone 11,TYPE_TEAM_TIME_TRIAL TYPE_RACE ,29,2024/09/05,928793662,2,,1815308
,201,1,,2,4486871,1,1,Yardi Agresta ,0,1815308,4486871.1,18,564859700002,2767.679,2467.979,0,,0.0,0,2873,,TEAM BMTR ,bbbbbb,000000,aaaaaa,0,B,167,za,165,175,0,1,53.5,3,1,10,Vet,0,,20,20,0,257.22,0,193,1.14,46,188,3.5,3.4,186,0,3.7,4.1,4.3,4.5,4.6,5.1,5.2,196.0,219.0,228.0,239.0,247.0,274.0,280.0,0,0,,1,,,,0,,-1,Womens Racing on Zwift || p/b FemmeCycle Collab || Chase Race || Greater London 8 ZRL Preview,TYPE_RACE TYPE_RACE ,24,2024/09/05,87055383,1,,1815308
,201,1,,3,4493933,73,38,Yardi Agresta ,0,1815308,4493933.73,26,566465900038,3600.03,3600.09,0.03,,0.0,0,2873,,TEAM BMTR ,bbbbbb,000000,aaaaaa,0,C,167,za,131,168,0,1,53.5,3,1,10,Vet,0,,20,20,0,0,0,135,0.95,56,124,2.3,2.3,124,0,2.4,3.0,4.3,4.5,4.6,4.6,4.6,131.0,161.0,230.0,243.0,245.0,245.0,245.0,0,0,,1,,,,0,,-1,BMTR Short Adventure,TYPE_RIDE,0,2024/09/04,928793662,,3600,1815308
,233,0,,3,4493933,39,4,Blopa&reg;,0,1714370,4493933.39,0,566465900004,3600.001,3600.061,0.001,,0.0,1,2873,,TEAM BMTR ,bbbbbb,000000,aaaaaa,0,C,182,uy,142,162,0,1,66.6,3,1,1,Mas,0,,20,0,0,0,0,171,1.14,58,162,2.4,2.5,167,0,2.6,3.2,3.6,3.9,4.1,4.6,5.2,176.0,212.0,239.0,260.0,274.0,305.0,349.0,0,0,,1,,,,0,,-1,BMTR Short Adventure,TYPE_RIDE,0,2024/09/04,928793662,,3600,1714370
,201,1,,2,4489894,47,38,Yardi Agresta ,0,1815308,4489894.47,16,565337300039,2061.859,2061.919,134.855,,0.0,0,2873,,TEAM BMTR ,bbbbbb,000000,aaaaaa,0,B,167,za,168,177,0,1,53.5,3,1,10,Vet,0,,20,20,358.85,257.22,0,203,1.18,45,198,3.7,3.5,191,0,3.8,4.0,4.4,5.1,5.6,5.8,6.0,202.0,212.0,235.0,271.0,301.0,310.0,322.0,0,0,,1,,,,0,,-1,Stage 1: Pinarello Powered - Rolling Highlands,TYPE_RACE TYPE_RACE ,23,2024/09/03,46799750,2,,1815308
,201,1,,4,4491154,87,5,Yardi Agresta ,0,1815308,4491154.87,18,565714200005,2098.181,2098.361,2.865,,0.0,0,2873,,TEAM BMTR ,bbbbbb,000000,aaaaaa,0,D,167,za,168,184,0,1,53.5,3,1,10,Vet,0,,20,20,264.62,260.77,3.55,208,1.2,44,201,3.8,3.5,191,0,3.8,4.2,4.6,5.4,6.1,6.2,6.3,202.0,226.0,244.0,291.0,324.0,333.0,336.0,0,0,,1,,,,0,,-1,Stage 1: Pinarello Powered - Rolling Highlands || Using Racing Score,TYPE_RACE TYPE_RACE ,23,2024/09/03,46799750,2,,1815308
,201,1,,3,4490931,25,25,Yardi Agresta ,0,1815308,4490931.25,26,565673900025,3600.006,3600.126,0.006,,0.0,0,2873,,TEAM BMTR ,bbbbbb,000000,aaaaaa,0,C,167,za,136,151,0,1,53.5,3,1,10,Vet,0,,20,20,0,0,0,138,0.99,54,134,2.5,2.6,139,0,2.7,2.9,3.1,3.2,3.5,4.2,4.2,147.0,157.0,165.0,172.0,189.0,224.0,224.0,0,0,,1,,,,0,,-1,BMTR Short Adventure,TYPE_RIDE,0,2024/09/02,1453570384,,3600,1815308
,201,1,,1,4486622,2,2,Yardi Agresta ,0,1815308,4486622.2,17,564804100002,2578.256,2578.256,0.017,,0.0,0,2873,,TEAM BMTR ,bbbbbb,000000,aaaaaa,0,F,167,za,166,175,0,1,53.5,3,1,10,Vet,0,,20,20,0,0,0,182,1.07,50,177,3.3,3.1,170,0,3.3,3.6,4.0,4.2,4.8,5.4,5.4,179.0,195.0,216.0,224.0,258.0,288.0,291.0,0,1,,1,,,,0,,-1,WTRL Team Time Trial - Zone 12,TYPE_TEAM_TIME_TRIAL TYPE_RACE ,28,2024/08/29,107363867,3,,1815308
,201,1,,2,4483329,37,23,Yardi Agresta ,0,1815308,4483329.37,17,564333400024,4227.857,4227.917,353.483,,0.0,0,2873,,TEAM BMTR ,bbbbbb,000000,aaaaaa,0,B,167,za,172,182,0,1,53.5,3,1,10,Vet,0,,20,20,311.29,260.77,0,204,1.14,46,196,3.7,3.7,198,0,3.9,4.5,4.8,5.2,5.8,5.9,6.0,209.0,243.0,258.0,280.0,313.0,318.0,322.0,0,0,,1,,,,0,,-1,Zwift World Series Race 1 - Community,TYPE_RACE TYPE_RACE ,43,2024/08/29,3912793970,1,,1815308
,201,1,,3,4485623,63,23,Yardi Agresta ,0,1815308,4485623.63,26,564656700025,3600.015,3600.075,0.015,,0.0,0,2873,,TEAM BMTR ,bbbbbb,000000,aaaaaa,0,C,167,za,153,169,0,1,53.5,3,1,10,Vet,0,,20,20,0,0,0,172,1.08,49,166,3.1,3.1,167,0,3.3,3.7,4.0,4.4,4.8,5.0,5.0,176.0,196.0,216.0,235.0,255.0,268.0,268.0,0,0,,1,,,,0,,-1,BMTR Short Adventure,TYPE_RIDE,0,2024/08/28,2207442179,,3600,1815308
,201,1,,3,4483699,30,30,Yardi Agresta ,0,1815308,4483699.30,26,564385000029,3600.011,3600.131,0.011,,0.0,0,2873,,TEAM BMTR ,bbbbbb,000000,aaaaaa,0,C,167,za,126,157,0,1,53.5,3,1,10,Vet,0,,20,20,0,0,0,143,1.0,53,126,2.4,2.3,124,0,2.4,2.9,3.7,4.3,5.3,6.0,6.0,131.0,157.0,199.0,230.0,282.0,321.0,321.0,0,0,,1,,,,0,,-1,BMTR Short Adventure,TYPE_RIDE,0,2024/08/26,890800649,,3600,1815308
,201,1,,3,4481073,55,29,Yardi Agresta ,0,1815308,4481073.55,61,564001900029,5400.028,5400.088,0.027,,0.0,0,2873,,TEAM BMTR ,bbbbbb,000000,aaaaaa,0,C,167,za,143,165,0,1,53.5,3,1,10,Vet,0,,20,20,0,0,0,153,1.0,53,143,2.7,2.9,155,0,3.1,3.4,3.7,4.2,4.3,4.9,4.9,164.0,182.0,199.0,226.0,231.0,260.0,260.0,0,0,,1,,,,0,,-1,BMTR Short Adventure,TYPE_RIDE,0,2024/08/23,1457923570,,3600,1815308
,201,1,,2,4481054,74,36,Yardi Agresta ,0,1815308,4481054.74,16,563997700036,2543.069,2543.129,309.507,,0.0,0,2873,,TEAM BMTR ,bbbbbb,000000,aaaaaa,0,B,167,za,161,177,0,1,53.5,3,1,10,Vet,0,,20,20,410.77,260.77,0,191,1.12,47,180,3.4,3.3,176,0,3.5,3.8,4.4,5.3,5.8,6.7,7.2,186.0,206.0,233.0,281.0,312.0,357.0,383.0,0,0,,1,,,,0,,-1,ZEAL Japan Friday Race,TYPE_RACE TYPE_RACE ,27,2024/08/23,2592027600,3,,1815308
,201,1,,2,4480436,7,5,Yardi Agresta ,0,1815308,4480436.7,16,563922700005,491.108,491.108,71.398,,0.0,0,2873,,TEAM BMTR ,bbbbbb,000000,aaaaaa,0,B,167,za,169,180,0,1,53.5,3,1,10,Vet,0,,20,20,489.64,260.77,0,227,1.32,40,223,4.2,0.0,0,1,,4.3,4.4,4.6,4.7,4.8,5.0,,229.0,238.0,245.0,251.0,257.0,267.0,0,0,,1,,,,0,,-1,Micro Mountain Massif - Race 3,TYPE_RACE TYPE_RACE ,3,2024/08/22,2953010285,,,1815308
,201,1,,2,4480431,3,2,Yardi Agresta ,0,1815308,4480431.3,13,563921500002,358.206,358.206,28.292,,0.0,0,2873,,TEAM BMTR ,bbbbbb,000000,aaaaaa,0,B,167,za,168,177,0,1,53.5,3,1,10,Vet,0,,20,20,0,260.77,0,228,1.33,40,223,4.2,0.0,0,1,,4.2,4.6,4.9,5.1,5.3,5.4,,223.0,247.0,260.0,275.0,284.0,287.0,0,0,,1,,,,0,,-1,Micro Mountain Massif - Race 2,TYPE_RACE TYPE_RACE ,3,2024/08/22,2737483381,,,1815308
,201,1,,2,4480427,3,2,Yardi Agresta ,0,1815308,4480427.3,16,563920700002,467.459,467.459,35.806,,0.0,0,2873,,TEAM BMTR ,bbbbbb,000000,aaaaaa,0,B,167,za,157,173,0,1,53.5,3,1,10,Vet,0,,20,20,0,260.77,0,182,1.13,47,178,3.3,0.0,0,1,,3.5,4.1,4.4,5.5,5.8,5.9,,185.0,222.0,238.0,296.0,309.0,314.0,0,0,,1,,,,0,,-1,Micro Mountain Massif - Race 1,TYPE_RACE TYPE_RACE ,5,2024/08/22,2663908549,,,1815308
,201,1,,2,4457664,20,18,Yardi Agresta ,0,1815308,4457664.20,21,560215200019,1590.088,1590.148,200.167,,0.0,0,2873,,TEAM BMTR ,bbbbbb,000000,aaaaaa,0,B,167,za,171,179,0,1,53.5,3,1,10,Vet,0,,20,20,394.87,260.77,0,202,1.15,46,196,3.7,3.5,189,0,3.7,4.1,4.5,4.7,4.8,5.5,5.8,199.0,222.0,243.0,251.0,259.0,292.0,308.0,0,0,,1,,,,0,,-1,Stage 4: Punchy Power - London Loop,TYPE_RACE TYPE_RACE ,15,2024/08/22,913172163,1,,1815308
,201,1,,1,4480264,4,4,Yardi Agresta ,0,1815308,4480264.4,18,563880400008,2163.547,2163.547,0.16,,0.0,0,2873,,TEAM BMTR ,bbbbbb,000000,aaaaaa,0,F,167,za,171,181,0,1,53.5,3,1,10,Vet,0,,20,20,0,0,0,179,1.02,52,175,3.3,3.1,168,0,3.3,3.6,3.9,4.1,5.3,6.3,6.4,177.0,194.0,209.0,222.0,284.0,339.0,344.0,0,1,,1,,,,0,,-1,WTRL Team Time Trial - Zone 12,TYPE_TEAM_TIME_TRIAL TYPE_RACE ,25,2024/08/22,1776635757,1,,1815308
,201,1,,1,4480229,54,4,Yardi Agresta ,0,1815308,4480229.54,16,563872100011,2191.95,2191.95,0.381,,0.0,0,2873,,TEAM BMTR ,bbbbbb,000000,aaaaaa,0,L,167,za,174,184,0,1,54.4,3,1,10,Vet,0,,20,20,0,0,0,172,0.97,56,169,3.1,2.9,162,0,3.1,3.5,3.7,4.1,4.4,4.7,5.2,171.0,189.0,200.0,223.0,241.0,254.0,281.0,0,1,,1,,,,0,,-1,WTRL Team Time Trial - Zone 11,TYPE_TEAM_TIME_TRIAL TYPE_RACE ,25,2024/08/22,1776635757,1,,1815308
,201,1,,3,4479203,34,7,Yardi Agresta ,0,1815308,4479203.34,26,563661500007,3600.001,3600.061,0.921,,0.0,0,2873,,TEAM BMTR ,bbbbbb,000000,aaaaaa,0,C,167,za,141,176,0,1,53.5,3,1,10,Vet,0,,20,20,0,0,0,134,0.82,65,115,2.2,2.2,120,0,2.4,2.6,3.2,4.5,6.2,7.7,7.7,127.0,140.0,172.0,240.0,333.0,410.0,410.0,0,0,,1,,,,0,,-1,BMTR Short Adventure,TYPE_RIDE,0,2024/08/21,1776635757,,3600,1815308
,233,0,,3,4479203,46,19,Blopa&reg;,0,1714370,4479203.46,0,563661500017,3600.007,3600.067,0.927,,0.0,1,2873,,TEAM BMTR ,bbbbbb,000000,aaaaaa,0,C,182,uy,143,166,0,1,66.6,3,1,1,Mas,0,,20,0,0,0,0,152,1.04,63,149,2.2,2.3,152,0,2.4,2.6,2.7,2.9,3.3,3.5,3.6,161.0,172.0,182.0,193.0,221.0,233.0,239.0,0,0,,1,,,,0,,-1,BMTR Short Adventure,TYPE_RIDE,0,2024/08/21,1776635757,,3600,1714370
,233,0,,3,4477301,7,7,Blopa&reg;,0,1714370,4477301.7,0,563383700007,3600.005,3600.125,0.005,,0.0,1,2873,,TEAM BMTR ,bbbbbb,000000,aaaaaa,0,C,182,uy,134,156,0,1,66.6,3,1,1,Mas,0,,20,0,0,0,0,175,1.25,53,167,2.5,2.6,172,0,2.7,3.0,3.6,3.8,4.0,4.2,4.7,182.0,199.0,238.0,250.0,269.0,277.0,316.0,0,0,,1,,,,0,,-1,BMTR Short Adventure,TYPE_RIDE,0,2024/08/19,2140131142,,3600,1714370
,201,1,,3,4477301,13,13,Yardi Agresta ,0,1815308,4477301.13,29,563383700015,3600.009,3600.129,0.009,,0.0,0,2873,,TEAM BMTR ,bbbbbb,000000,aaaaaa,0,C,167,za,142,178,0,1,53.5,3,1,10,Vet,0,,20,20,0,0,0,150,0.89,60,126,2.4,2.6,141,0,2.8,3.5,4.6,5.6,6.3,6.3,6.3,149.0,189.0,246.0,302.0,335.0,338.0,338.0,0,0,,1,,,,0,,-1,BMTR Short Adventure,TYPE_RIDE,0,2024/08/19,2140131142,,3600,1815308
,201,1,,3,4475008,63,22,Yardi Agresta ,0,1815308,4475008.63,26,563048900022,5400.023,5400.083,0.021,,0.0,0,2873,,TEAM BMTR ,bbbbbb,000000,aaaaaa,0,C,167,za,146,174,0,1,53.5,3,1,10,Vet,0,,20,20,0,0,0,164,0.99,54,144,2.7,2.7,145,0,2.9,3.5,4.1,5.1,6.4,6.7,6.7,153.0,186.0,217.0,271.0,345.0,357.0,357.0,0,0,,1,,,,0,,-1,BMTR Short Adventure,TYPE_RIDE,0,2024/08/16,1880443431,,3600,1815308
,201,1,,4,4474183,1,1,Yardi Agresta ,0,1815308,4474183.1,16,562925600001,2323.18,2323.36,0,,0.0,0,2873,,TEAM BMTR ,bbbbbb,000000,aaaaaa,0,F,167,za,160,171,0,1,53.5,3,1,10,Vet,0,,20,20,0,0,0,174,1.04,51,166,3.1,2.9,159,0,3.1,3.5,3.7,4.5,4.7,6.5,7.1,168.0,187.0,198.0,239.0,254.0,347.0,380.0,0,1,,1,,,,0,,-1,WTRL Team Time Trial - Zone 12,TYPE_TEAM_TIME_TRIAL TYPE_RACE ,25,2024/08/15,5745690,1,,1815308
,201,1,,5,4474170,20,20,Yardi Agresta ,0,1815308,4474170.20,26,562923400020,4200.021,4200.021,0.023,,0.0,0,2873,,TEAM BMTR ,bbbbbb,000000,aaaaaa,0,E,167,za,143,159,0,1,53.5,3,1,10,Vet,0,,20,20,0,0,0,131,0.85,62,122,2.3,2.3,124,0,2.4,2.6,3.3,3.9,4.6,5.2,6.8,131.0,141.0,175.0,211.0,244.0,280.0,363.0,0,0,,1,,,,0,,-1,"Striders and Riders of Zwift: Contenders, Pretenders, & Rear-Enders Social Ride",TYPE_RIDE,0,2024/08/15,3407362320,,4200,1815308
,201,1,,4,4474148,26,23,Yardi Agresta ,0,1815308,4474148.26,16,562917400012,2190.69,2190.87,34.756,,0.0,0,2873,,TEAM BMTR ,bbbbbb,000000,aaaaaa,0,F,167,za,171,181,0,1,53.5,3,1,10,Vet,0,,20,20,0,0,0,194,1.09,48,187,3.5,3.4,182,0,3.6,3.9,4.1,4.4,4.9,5.4,5.5,192.0,211.0,218.0,237.0,262.0,288.0,293.0,0,1,,1,,,,0,,-1,WTRL Team Time Trial - Zone 11,TYPE_TEAM_TIME_TRIAL TYPE_RACE ,25,2024/08/15,5745690,1,,1815308
,201,1,,3,4473232,23,4,Yardi Agresta ,0,1815308,4473232.23,26,562788600004,3600.001,3600.061,0.001,,0.0,0,2873,,TEAM BMTR ,bbbbbb,000000,aaaaaa,0,C,167,za,126,150,0,1,53.5,3,1,10,Vet,0,,20,20,0,0,0,119,0.89,60,112,2.1,2.0,112,0,2.2,2.6,2.8,3.2,3.6,4.0,4.0,118.0,137.0,152.0,170.0,195.0,216.0,216.0,0,0,,1,,,,0,,-1,BMTR Short Adventure,TYPE_RIDE,0,2024/08/14,1230300449,,3600,1815308
,233,0,,3,4473232,29,10,Blopa&reg;,0,1714370,4473232.29,0,562788600010,3600.004,3600.064,0.004,,0.0,1,2873,,TEAM BMTR ,bbbbbb,000000,aaaaaa,0,C,182,uy,118,143,0,1,66.6,3,1,1,Mas,0,,20,0,0,0,0,153,1.27,52,150,2.3,2.2,147,0,2.3,2.4,2.6,2.8,2.9,2.9,3.2,155.0,163.0,172.0,186.0,193.0,195.0,215.0,0,0,,1,,,,0,,-1,BMTR Short Adventure,TYPE_RIDE,0,2024/08/14,1230300449,,3600,1714370
,201,1,,2,4458055,38,22,Yardi Agresta ,0,1815308,4458055.38,39,560395100024,1756.109,1756.169,177.591,,0.0,0,2873,,TEAM BMTR ,bbbbbb,000000,aaaaaa,0,B,167,za,166,174,0,1,53.5,3,1,10,Vet,0,,20,20,393.99,260.77,0,201,1.19,45,197,3.7,3.5,187,0,3.7,4.3,4.4,4.6,5.0,5.0,5.0,197.0,228.0,236.0,246.0,267.0,268.0,270.0,0,0,,1,,,,0,,-1,Stage 3: Punchy Power - Rooftop Rendezvous,TYPE_RACE TYPE_RACE ,18,2024/08/13,3565430790,4,,1815308
,201,1,,3,4470428,11,11,Yardi Agresta ,0,1815308,4470428.11,26,562423100011,7200.011,7200.011,0.01,,0.0,0,2873,,TEAM BMTR ,bbbbbb,000000,aaaaaa,0,C,167,za,124,165,0,1,53.5,3,1,10,Vet,0,,20,20,0,0,0,135,0.9,59,112,2.1,2.4,133,0,2.6,3.2,4.4,4.5,4.8,5.3,5.3,140.0,171.0,233.0,243.0,259.0,282.0,282.0,0,0,,1,,,,0,,-1,BMTR Short Adventure,TYPE_RIDE,0,2024/08/11,3366225080,,7200,1815308
,201,1,,3,4468954,50,10,Yardi Agresta ,0,1815308,4468954.50,27,562198800012,5400.011,5400.071,0.011,,0.0,0,2873,,TEAM BMTR ,bbbbbb,000000,aaaaaa,0,C,167,za,133,152,0,1,53.5,3,1,10,Vet,0,,20,20,0,0,0,124,0.92,58,122,2.3,2.2,122,0,2.4,2.6,2.7,2.9,3.0,3.2,3.2,129.0,140.0,144.0,154.0,162.0,173.0,173.0,0,0,,1,,,,0,,-1,BMTR Short Adventure,TYPE_RIDE,0,2024/08/09,2569385980,,3600,1815308
,201,1,,4,4467938,8,8,Yardi Agresta ,0,1815308,4467938.8,21,562056200005,3083.158,3083.338,-313.055,,0.0,0,2873,,TEAM BMTR ,bbbbbb,000000,aaaaaa,0,F,167,za,159,175,0,1,53.5,3,1,10,Vet,0,,20,20,0,0,0,177,1.06,50,168,3.1,3.0,163,0,3.2,3.7,4.1,4.4,5.3,5.7,6.1,172.0,198.0,217.0,238.0,283.0,304.0,327.0,0,1,,1,,,,0,,-1,WTRL Team Time Trial - Zone 12,TYPE_TEAM_TIME_TRIAL TYPE_RACE ,32,2024/08/08,2196019512,2,,1815308
,201,1,,4,4467902,31,31,Yardi Agresta ,0,1815308,4467902.31,19,562047900025,3154.934,3155.114,97.286,,0.0,0,2873,,TEAM BMTR ,bbbbbb,000000,aaaaaa,0,F,167,za,156,174,0,1,53.5,3,1,10,Vet,0,,20,20,0,0,0,174,1.06,50,165,3.1,2.9,159,0,3.1,3.6,4.1,4.6,5.4,5.7,5.8,168.0,190.0,218.0,247.0,290.0,307.0,312.0,0,1,,1,,,,0,,-1,WTRL Team Time Trial - Zone 11,TYPE_TEAM_TIME_TRIAL TYPE_RACE ,32,2024/08/08,2196019512,2,,1815308
,201,1,,3,4467010,53,28,Yardi Agresta ,0,1815308,4467010.53,49,561917300028,3600.025,3600.085,0.025,,0.0,0,2873,,TEAM BMTR ,bbbbbb,000000,aaaaaa,0,C,167,za,132,153,0,1,53.5,3,1,10,Vet,0,,20,20,0,0,0,126,0.89,59,118,2.2,2.1,115,0,2.3,2.6,3.1,3.6,4.4,5.0,5.0,122.0,141.0,165.0,194.0,237.0,268.0,268.0,0,0,,1,,,,0,,-1,BMTR Short Adventure,TYPE_RIDE,0,2024/08/07,1236439870,,3600,1815308
,201,1,,3,4464945,48,48,Yardi Agresta ,0,1815308,4464945.48,26,561637000048,3600.021,3600.141,0.021,,0.0,0,2873,,TEAM BMTR ,bbbbbb,000000,aaaaaa,0,C,167,za,129,170,0,1,53.5,3,1,10,Vet,0,,20,20,0,0,0,141,0.96,55,124,2.3,2.5,138,0,2.7,3.4,4.4,4.8,5.0,5.0,5.0,146.0,184.0,234.0,258.0,266.0,269.0,269.0,0,0,,1,,,,0,,-1,BMTR Short Adventure,TYPE_RIDE,0,2024/08/05,1386460176,,3600,1815308
,233,0,,3,4464040,16,16,Blopa&reg;,0,1714370,4464040.16,0,561518000016,7200.011,7200.011,0.011,,0.0,1,2873,,TEAM BMTR ,bbbbbb,000000,aaaaaa,0,C,182,uy,133,150,0,1,66.6,3,1,1,Mas,0,,20,0,0,0,0,160,1.14,58,152,2.3,2.4,159,0,2.5,2.7,3.2,3.9,5.3,8.0,10.2,168.0,182.0,215.0,259.0,354.0,536.0,680.0,0,0,,1,,,,0,,-1,BMTR Short Adventure,TYPE_RIDE,0,2024/08/04,3453194200,,7200,1714370
,201,1,,3,4464040,6,6,Yardi Agresta ,0,1815308,4464040.6,33,561518000006,7200.006,7200.006,0.006,,0.0,0,2873,,TEAM BMTR ,bbbbbb,000000,aaaaaa,0,C,167,za,132,149,0,1,53.5,3,1,10,Vet,0,,20,20,0,0,0,130,0.96,55,127,2.4,2.4,130,0,2.6,2.7,2.9,3.3,3.3,3.7,3.7,137.0,143.0,157.0,175.0,179.0,198.0,198.0,0,0,,1,,,,0,,-1,BMTR Short Adventure,TYPE_RIDE,0,2024/08/04,3453194200,,7200,1815308
,201,1,,3,4450470,10,1,Yardi Agresta ,0,1815308,4450470.10,120,558786700001,29688.985,29688.985,0,,0.0,0,2873,,TEAM BMTR ,bbbbbb,000000,aaaaaa,0,C,167,za,147,182,0,1,53.5,3,1,10,Vet,0,,20,20,0,259.66,0,165,0.99,53,146,2.7,3.3,179,0,3.5,4.2,4.4,4.6,4.8,5.3,5.9,189.0,225.0,236.0,246.0,258.0,285.0,316.0,0,0,,1,,,,0,,-1,Chasing Tour | Chasing Gold - Road,TYPE_RACE TYPE_RACE ,273,2024/08/03,87055383,,,1815308
,201,1,,3,4462605,30,6,Yardi Agresta ,0,1815308,4462605.30,42,561295300006,5400.007,5400.067,0.007,,0.0,0,2873,,TEAM BMTR ,bbbbbb,000000,aaaaaa,0,C,167,za,136,168,0,1,53.5,3,1,10,Vet,0,,20,20,0,0,0,144,0.99,53,135,2.5,2.5,137,0,2.7,3.1,3.6,4.7,5.7,6.2,6.2,145.0,165.0,193.0,251.0,306.0,331.0,331.0,0,0,,1,,,,0,,-1,BMTR Short Adventure,TYPE_RIDE,0,2024/08/02,46799750,,3600,1815308
,201,1,,3,4461767,67,67,Yardi Agresta ,0,1815308,4461767.67,38,561136700067,3600.028,3600.028,0.028,,0.0,0,2873,,TEAM BMTR ,bbbbbb,000000,aaaaaa,0,C,167,za,143,158,0,1,53.5,3,1,10,Vet,0,,20,20,0,0,0,155,1.06,50,151,2.8,2.8,152,0,3.0,3.2,3.4,3.5,3.8,4.1,4.1,160.0,173.0,180.0,189.0,206.0,222.0,222.0,0,0,,1,,,,0,,-1,AHDR Progressive Bacon Rolls p/b JetBlack,TYPE_RIDE,0,2024/08/01,3282611437,,3600,1815308
,201,1,,4,4461624,6,6,Yardi Agresta ,0,1815308,4461624.6,18,561099900006,3179.752,3179.932,1.139,,0.0,0,2873,,TEAM BMTR ,bbbbbb,000000,aaaaaa,0,F,167,za,162,177,0,1,53.5,3,1,10,Vet,0,,20,20,0,0,0,175,1.04,51,169,3.2,3.0,165,0,3.3,3.6,4.0,4.5,5.0,5.2,5.4,174.0,190.0,216.0,242.0,265.0,280.0,290.0,0,1,,1,,,,0,,-1,WTRL Team Time Trial - Zone 12,TYPE_TEAM_TIME_TRIAL TYPE_RACE ,37,2024/08/01,2128890027,2,,1815308
,201,1,,1,4461588,18,10,Yardi Agresta ,0,1815308,4461588.18,17,561091300010,3248.093,3248.093,170.388,,0.0,0,2873,,TEAM BMTR ,bbbbbb,000000,aaaaaa,0,F,167,za,159,173,0,1,53.5,3,1,10,Vet,0,,20,20,0,0,0,172,1.04,51,165,3.1,2.9,159,0,3.1,3.3,3.8,4.5,5.6,5.8,5.9,168.0,179.0,206.0,242.0,298.0,312.0,316.0,0,1,,1,,,,0,,-1,WTRL Team Time Trial - Zone 11,TYPE_TEAM_TIME_TRIAL TYPE_RACE ,37,2024/08/01,2128890027,2,,1815308
,201,1,,2,4457262,48,29,Yardi Agresta ,0,1815308,4457262.48,28,560026600029,2330.894,2330.954,152.465,,0.0,0,2873,,TEAM BMTR ,bbbbbb,000000,aaaaaa,0,B,167,za,169,179,0,1,53.5,3,1,10,Vet,0,,20,20,339.92,259.66,0,203,1.18,45,199,3.7,3.6,195,0,3.8,4.2,4.6,4.7,5.1,5.5,5.6,206.0,226.0,244.0,253.0,272.0,293.0,301.0,0,0,,1,,,,0,,-1,Stage 1: Punchy Power - Coastal Crown Loop,TYPE_RACE TYPE_RACE ,24,2024/07/30,2768300955,1,,1815308
,201,1,,2,4455566,1,1,Yardi Agresta ,0,1815308,4455566.1,16,559558800003,210.253,706.177,0,481.747,138.253,0,2873,,TEAM BMTR ,bbbbbb,000000,aaaaaa,0,B,167,za,156,179,0,1,53.5,3,1,10,Vet,0,,20,20,0,259.66,0,211,1.15,46,179,3.3,2.9,0,1,,4.3,5.2,5.8,6.2,6.3,6.3,,230.0,279.0,313.0,330.0,336.0,336.0,0,0,,1,,,,0,,-1,Zwift Hill Climb Racing Club - Rooftop KQOM ,TYPE_RACE TYPE_RACE ,6,2024/07/30,3565430790,,,1815308
,201,1,,3,4456901,36,36,Yardi Agresta ,0,1815308,4456901.36,43,559945400036,3600.018,3600.138,0.018,,0.0,0,2873,,TEAM BMTR ,bbbbbb,000000,aaaaaa,0,C,167,za,127,154,0,1,53.5,3,1,10,Vet,0,,20,20,0,0,0,133,0.97,55,123,2.3,2.3,127,0,2.5,3.0,3.5,3.9,4.2,4.7,4.7,134.0,162.0,189.0,209.0,227.0,250.0,250.0,0,0,,1,,,,0,,-1,BMTR Short Adventure,TYPE_RIDE,0,2024/07/29,3364574135,,3600,1815308
,201,1,,3,4453839,47,26,Yardi Agresta ,0,1815308,4453839.47,27,559267200026,5400.023,5400.083,0.023,,0.0,0,2873,,TEAM BMTR ,bbbbbb,000000,aaaaaa,0,C,167,za,137,161,0,1,53.5,3,1,10,Vet,0,,20,20,0,0,0,132,0.9,59,123,2.3,2.5,133,0,2.6,3.0,3.5,3.7,3.8,4.1,4.1,141.0,160.0,189.0,199.0,204.0,218.0,218.0,0,0,,1,,,,0,,-1,BMTR Short Adventure,TYPE_RIDE,0,2024/07/26,2207442179,,3600,1815308
,201,1,,2,4453826,7,3,Yardi Agresta ,0,1815308,4453826.7,17,559264200003,2234.153,2234.153,213.726,-923.153,2098.1530000000002,0,2873,,TEAM BMTR ,bbbbbb,000000,aaaaaa,0,B,167,za,167,180,0,1,53.5,3,1,10,Vet,0,,20,20,269.28,262.28,2.62,206,1.22,43,204,3.8,3.6,196,0,3.9,4.1,4.2,4.4,4.7,4.7,4.9,207.0,220.0,226.0,234.0,250.0,252.0,264.0,0,0,,1,,,,0,,-1,Mountain Massif TT - Powered by Muc-Off,TYPE_RACE TYPE_RACE ,12,2024/07/26,2663908549,,,1815308
,201,1,,1,4453006,3,3,Yardi Agresta ,0,1815308,4453006.3,16,559129100003,2839.499,2839.499,0.817,,0.0,0,2873,,TEAM BMTR ,bbbbbb,000000,aaaaaa,0,F,167,za,157,170,0,1,53.5,3,1,10,Vet,0,,20,20,0,0,0,174,1.06,50,167,3.1,3.0,162,0,3.2,3.4,3.8,4.4,4.6,4.9,5.7,171.0,182.0,206.0,234.0,248.0,261.0,303.0,0,1,,1,,,,0,,-1,WTRL Team Time Trial - Zone 12,TYPE_TEAM_TIME_TRIAL TYPE_RACE ,28,2024/07/25,2007026433,2,,1815308
,201,1,,4,4452970,34,27,Yardi Agresta ,0,1815308,4452970.34,18,559121100015,2794.359,2794.539,4.957,,0.0,0,2873,,TEAM BMTR ,bbbbbb,000000,aaaaaa,0,F,167,za,157,170,0,1,53.5,3,1,10,Vet,0,,20,20,0,0,0,175,1.07,50,168,3.1,3.0,160,0,3.2,3.5,4.0,4.6,5.0,5.7,6.0,169.0,187.0,212.0,246.0,266.0,306.0,321.0,0,1,,1,,,,0,,-1,WTRL Team Time Trial - Zone 11,TYPE_TEAM_TIME_TRIAL TYPE_RACE ,28,2024/07/25,2007026433,2,,1815308
,201,1,,2,4452048,19,19,Yardi Agresta ,0,1815308,4452048.19,39,558992000019,3600.018,3600.018,0.018,,0.0,0,2873,,TEAM BMTR ,bbbbbb,000000,aaaaaa,0,B,167,za,161,179,0,1,53.5,3,1,10,Vet,0,,20,20,0,0,0,176,1.05,50,169,3.2,3.4,184,0,3.6,3.9,4.2,4.7,5.3,6.3,6.3,194.0,209.0,226.0,252.0,285.0,337.0,337.0,0,0,,1,,,,0,,-1,BMTR Short Adventure,TYPE_RIDE,0,2024/07/24,986252325,,3600,1815308
,201,1,,2,4427953,44,34,Yardi Agresta ,0,1815308,4427953.44,16,555238300036,1453.292,1453.352,95.806,,0.0,0,2873,,TEAM BMTR ,bbbbbb,000000,aaaaaa,0,B,167,za,169,178,0,1,53.5,3,1,10,Vet,0,,20,20,364.46,262.28,0,203,1.18,45,200,3.7,3.5,188,0,3.7,4.0,4.4,5.0,5.7,6.4,6.8,198.0,215.0,238.0,266.0,307.0,343.0,362.0,0,0,,1,,,,0,,-1,Stage 4: Vive La France - Champs Elysees,TYPE_RACE TYPE_RACE ,16,2024/07/23,3364574135,2,,1815308
,201,1,,3,4450112,6,6,Yardi Agresta ,0,1815308,4450112.6,24,558729100006,3600.001,3600.121,0.001,,0.0,0,2873,,TEAM BMTR ,bbbbbb,000000,aaaaaa,0,C,167,za,0,0,0,0,53.5,3,1,10,Vet,0,,20,20,0,0,0,158,0.0,0,141,2.6,2.9,159,0,3.1,4.3,4.5,4.9,5.3,5.7,5.7,168.0,232.0,243.0,261.0,283.0,303.0,303.0,0,0,,1,,,,0,,-1,BMTR Short Adventure,TYPE_RIDE,0,2024/07/22,1776635757,,3600,1815308
,201,1,,3,4448536,2,2,Yardi Agresta ,0,1815308,4448536.2,33,558542300002,7200.002,7200.002,0,,0.0,0,2873,,TEAM BMTR ,bbbbbb,000000,aaaaaa,0,C,167,za,0,0,0,0,53.5,3,1,10,Vet,0,,20,20,0,0,0,133,0.0,0,130,2.4,2.4,132,0,2.6,2.9,3.2,3.4,3.7,4.1,4.1,139.0,156.0,170.0,180.0,199.0,219.0,219.0,0,0,,1,,,,0,,-1,BMTR Short Adventure,TYPE_RIDE,0,2024/07/21,2852153296,,7200,1815308
,233,0,,5,4429779,13,13,Blopa&reg;,0,1714370,4429779.13,0,555578900013,5770.809,5770.809,2259.359,,0.0,1,2873,,TEAM BMTR ,bbbbbb,000000,aaaaaa,0,E,182,uy,148,172,0,1,67.0,3,1,1,Mas,0,,20,0,0,0,0,177,1.15,58,170,2.5,2.5,171,0,2.7,2.9,3.1,3.3,3.6,3.8,4.1,180.0,193.0,207.0,222.0,244.0,256.0,276.0,0,0,,1,,,,0,,-1,Tour de France │ Col de la Couillole │ Climb Portal Challenge,TYPE_RIDE,9,2024/07/20,2681889340,1,,1714370
,201,1,,3,4447012,38,21,Yardi Agresta ,0,1815308,4447012.38,26,558312300021,5400.032,5400.092,0.032,,0.0,0,2873,,TEAM BMTR ,bbbbbb,000000,aaaaaa,0,C,167,za,135,169,0,1,53.5,3,1,10,Vet,0,,20,20,0,0,0,141,0.93,57,125,2.3,2.3,125,0,2.5,3.1,4.3,4.5,5.0,5.8,5.8,132.0,164.0,229.0,243.0,265.0,311.0,311.0,0,0,,1,,,,0,,-1,BMTR Short Adventure,TYPE_RIDE,0,2024/07/19,2128890027,,3600,1815308
,201,1,,5,4446153,10,10,Yardi Agresta ,0,1815308,4446153.10,26,558183700010,4200.013,4200.013,0.013,,0.0,0,2873,,TEAM BMTR ,bbbbbb,000000,aaaaaa,0,E,167,za,135,165,0,1,53.5,3,1,10,Vet,0,,20,20,0,0,0,145,0.93,57,126,2.4,2.3,123,0,2.4,3.0,3.6,4.8,5.7,6.4,6.4,130.0,159.0,191.0,255.0,304.0,340.0,340.0,0,0,,1,,,,0,,-1,"Striders and Riders of Zwift: Contenders, Pretenders, & Rear-Enders Social Ride",TYPE_RIDE,0,2024/07/18,1776635757,,4200,1815308
,201,1,,3,4445162,57,26,Yardi Agresta ,0,1815308,4445162.57,35,558049200026,3600.024,3600.084,0.024,,0.0,0,2873,,TEAM BMTR ,bbbbbb,000000,aaaaaa,0,C,167,za,0,0,0,0,53.5,3,1,10,Vet,0,,20,20,0,0,0,130,0.0,0,127,2.4,2.4,130,0,2.6,2.7,2.8,3.1,3.4,3.8,3.8,137.0,144.0,149.0,166.0,181.0,202.0,202.0,0,0,,1,,,,0,,-1,BMTR Short Adventure,TYPE_RIDE,0,2024/07/17,3261167746,,3600,1815308
,201,1,,2,4427806,42,32,Yardi Agresta ,0,1815308,4427806.42,22,555164800035,2151.33,2151.39,94.579,,0.0,0,2873,,TEAM BMTR ,bbbbbb,000000,aaaaaa,0,B,167,za,167,183,0,1,53.5,3,1,10,Vet,0,,20,20,483.13,262.28,0,198,1.15,46,192,3.6,3.4,186,0,3.7,4.0,4.6,5.1,5.7,5.8,5.8,196.0,213.0,248.0,275.0,305.0,309.0,311.0,0,0,,1,,,,0,,-1,Stage 3: Vive La France - Douce France,TYPE_RACE TYPE_RACE ,25,2024/07/16,986252325,1,,1815308
,201,1,,3,4443186,4,4,Yardi Agresta ,0,1815308,4443186.4,42,557790000004,3600.003,3600.123,0.003,,0.0,0,2873,,TEAM BMTR ,bbbbbb,000000,aaaaaa,0,C,167,za,141,160,0,1,53.5,3,1,10,Vet,0,,20,20,0,0,0,156,0.99,53,140,2.6,2.6,143,0,2.8,3.4,3.8,4.6,5.2,5.7,5.7,151.0,180.0,203.0,245.0,277.0,305.0,305.0,0,0,,1,,,,0,,-1,BMTR Short Adventure,TYPE_RIDE,0,2024/07/15,3742187716,,3600,1815308
,201,1,,3,4440523,40,15,Yardi Agresta ,0,1815308,4440523.40,27,557417900015,5400.014,5400.074,0.013,,0.0,0,2873,,TEAM BMTR ,bbbbbb,000000,aaaaaa,0,C,167,za,136,157,0,1,53.5,3,1,10,Vet,0,,20,20,0,0,0,135,0.92,58,125,2.3,2.3,124,0,2.4,2.7,3.1,4.0,5.0,5.7,5.7,131.0,147.0,168.0,216.0,266.0,303.0,303.0,0,0,,1,,,,0,,-1,BMTR Short Adventure,TYPE_RIDE,0,2024/07/12,928793662,,3600,1815308
,201,1,,3,4430672,36,14,Yardi Agresta ,0,1815308,4430672.36,17,555712700014,2155.098,2155.218,47.029,,0.0,0,2873,,TEAM BMTR ,bbbbbb,000000,aaaaaa,0,C,167,za,166,182,0,1,53.5,3,1,10,Vet,0,,20,20,265.42,269.85,7.57,193,1.13,47,187,3.5,3.4,185,0,3.6,4.0,4.5,4.8,5.1,5.4,5.5,195.0,216.0,243.0,259.0,272.0,288.0,296.0,0,0,,1,,,,0,,-1,Stage 2: Vive La France - Casse Pattes || Using Racing Score,TYPE_RACE TYPE_RACE ,24,2024/07/12,3919912289,1,,1815308
,201,1,,1,4439659,5,5,Yardi Agresta ,0,1815308,4439659.5,16,557275500011,2282.553,2282.553,0.378,,0.0,0,2873,,TEAM BMTR ,bbbbbb,000000,aaaaaa,0,F,167,za,158,170,0,1,53.5,3,1,10,Vet,0,,20,20,0,0,0,177,1.08,49,170,3.2,3.0,165,0,3.3,3.6,3.8,4.4,4.9,5.2,5.4,174.0,190.0,204.0,236.0,260.0,280.0,290.0,0,1,,1,,,,0,,-1,WTRL Team Time Trial - Zone 12,TYPE_TEAM_TIME_TRIAL TYPE_RACE ,25,2024/07/11,4258943387,1,,1815308
,201,1,,1,4439625,13,3,Yardi Agresta ,0,1815308,4439625.13,21,557267400008,2311.052,2311.052,5.82,,0.0,0,2873,,TEAM BMTR ,bbbbbb,000000,aaaaaa,0,F,167,za,161,172,0,1,53.5,3,1,10,Vet,0,,20,20,0,0,0,184,1.11,48,179,3.3,3.2,172,0,3.4,3.6,4.1,4.5,4.7,5.4,6.0,182.0,191.0,217.0,242.0,249.0,290.0,320.0,0,1,,1,,,,0,,-1,WTRL Team Time Trial - Zone 11,TYPE_TEAM_TIME_TRIAL TYPE_RACE ,25,2024/07/11,4258943387,1,,1815308
,201,1,,2,4427703,52,37,Yardi Agresta ,0,1815308,4427703.52,31,555113300039,2133.481,2133.541,77.775,,0.0,0,2873,,TEAM BMTR ,bbbbbb,000000,aaaaaa,0,B,167,za,172,184,0,1,53.5,3,1,10,Vet,0,,20,20,313.29,269.85,0,203,1.16,46,199,3.7,3.5,190,0,3.8,4.2,4.6,4.7,5.2,5.7,5.9,201.0,224.0,246.0,252.0,278.0,306.0,316.0,0,0,,1,,,,0,,-1,Stage 2: Vive La France - Casse Pattes,TYPE_RACE TYPE_RACE ,24,2024/07/09,3919912289,1,,1815308
,201,1,,3,4436650,40,40,Yardi Agresta ,0,1815308,4436650.40,26,556844700040,3600.029,3600.149,0.029,,0.0,0,2873,,TEAM BMTR ,bbbbbb,000000,aaaaaa,0,C,167,za,140,155,0,1,53.5,3,1,10,Vet,0,,20,20,0,0,0,124,0.86,61,121,2.3,2.2,118,0,2.3,2.5,2.7,3.1,3.7,4.1,4.1,125.0,136.0,143.0,164.0,196.0,218.0,218.0,0,0,,1,,,,0,,-1,BMTR Short Adventure,TYPE_RIDE,0,2024/07/08,928793662,,3600,1815308
,201,1,,3,4433761,24,13,Yardi Agresta ,0,1815308,4433761.24,26,556400300013,5400.009,5400.069,0.009,,0.0,0,2873,,TEAM BMTR ,bbbbbb,000000,aaaaaa,0,C,167,za,133,153,0,1,53.5,3,1,10,Vet,0,,20,20,0,0,0,132,0.94,56,125,2.3,2.5,134,0,2.7,2.9,3.2,3.2,3.8,4.5,4.5,142.0,153.0,169.0,173.0,201.0,240.0,240.0,0,0,,1,,,,0,,-1,BMTR Short Adventure,TYPE_RIDE,0,2024/07/05,2694166390,,3600,1815308
,201,1,,3,4431294,9,5,Yardi Agresta ,0,1815308,4431294.9,17,555921900007,1065.684,1065.804,130.188,,0.0,0,2873,,TEAM BMTR ,bbbbbb,000000,aaaaaa,0,C,167,za,167,176,0,1,53.5,3,1,10,Vet,0,,20,20,367.34,269.85,0,216,1.29,41,215,4.0,3.7,0,1,,4.2,4.4,4.6,4.7,5.0,5.1,,223.0,238.0,245.0,250.0,267.0,273.0,0,0,,1,,,,0,,-1,Zwift Hill Climb Racing Club - Mountain Mash || Using Racing Score,TYPE_RACE TYPE_RACE ,6,2024/07/05,2953010285,1,,1815308
,201,1,,3,4431983,59,33,Yardi Agresta ,0,1815308,4431983.59,27,556121300033,3600.028,3600.088,0.028,,0.0,0,2873,,TEAM BMTR ,bbbbbb,000000,aaaaaa,0,C,167,za,139,151,0,1,53.5,3,1,10,Vet,0,,20,20,0,0,0,137,0.96,55,134,2.5,2.4,131,0,2.6,2.8,3.0,3.1,3.4,3.6,3.6,138.0,148.0,162.0,167.0,182.0,192.0,192.0,0,0,,1,,,,0,,-1,BMTR Short Adventure,TYPE_RIDE,0,2024/07/03,2207442179,,3600,1815308
,201,1,,4,4430643,67,7,Yardi Agresta ,0,1815308,4430643.67,19,555698700007,2293.99,2294.17,2.058,,0.0,0,2873,,TEAM BMTR ,bbbbbb,000000,aaaaaa,0,D,167,za,151,180,0,1,53.5,3,1,10,Vet,0,,20,20,314.56,269.85,0,178,1.13,47,170,3.2,3.2,171,0,3.4,4.1,4.8,5.1,5.7,6.1,6.3,180.0,219.0,258.0,271.0,304.0,324.0,338.0,0,0,,1,,,,0,,-1,Stage 1: Vive La France - R.G.V. || Using Racing Score,TYPE_RACE TYPE_RACE ,25,2024/07/03,1776635757,1,,1815308
,201,1,,4,4430512,16,10,Yardi Agresta ,0,1815308,4430512.16,42,555679400010,5400.01,5400.07,0.01,,0.0,0,2873,,TEAM BMTR ,bbbbbb,000000,aaaaaa,0,D,167,za,120,149,0,1,53.5,3,1,10,Vet,0,,20,20,0,0,0,123,0.97,55,116,2.2,2.2,117,0,2.3,2.6,3.0,3.8,4.3,4.4,4.4,124.0,139.0,162.0,201.0,229.0,238.0,238.0,0,0,,1,,,,0,,-1,Summit City Zwift League Endurance Ride,TYPE_RIDE,0,2024/07/02,3261167746,,5400,1815308
,201,1,,3,4427576,67,14,Yardi Agresta ,0,1815308,4427576.67,48,555049900014,2242.033,2242.153,11.363,,0.0,0,2873,,TEAM BMTR ,bbbbbb,000000,aaaaaa,0,C,167,za,163,182,0,1,53.5,3,1,10,Vet,0,,20,20,324.92,269.85,0,189,1.12,47,182,3.4,3.3,179,0,3.5,3.9,4.4,5.4,6.3,6.4,6.4,189.0,209.0,233.0,289.0,339.0,342.0,343.0,0,0,,1,,,,0,,-1,Stage 1: Vive La France - R.G.V.,TYPE_RACE TYPE_RACE ,25,2024/07/02,1776635757,1,,1815308
,201,1,,3,4428934,26,26,Yardi Agresta ,0,1815308,4428934.26,26,555374900026,3600.023,3600.143,0.023,,0.0,0,2873,,TEAM BMTR ,bbbbbb,000000,aaaaaa,0,C,167,za,143,168,0,1,53.5,3,1,10,Vet,0,,20,20,0,0,0,157,1.0,53,143,2.7,2.7,147,0,2.9,3.5,3.9,4.4,5.3,5.6,5.6,155.0,188.0,210.0,237.0,282.0,301.0,301.0,0,0,,1,,,,0,,-1,BMTR Short Adventure,TYPE_RIDE,0,2024/07/01,3356878261,,3600,1815308
,201,1,,3,4427196,29,29,Yardi Agresta ,0,1815308,4427196.29,37,554943300029,7200.02,7200.02,0.02,,0.0,0,2873,,TEAM BMTR ,bbbbbb,000000,aaaaaa,0,C,167,za,136,168,0,1,53.5,3,1,10,Vet,0,,20,20,0,0,0,153,1.01,52,138,2.6,2.9,159,0,3.1,3.7,4.3,4.6,5.2,6.3,6.3,168.0,197.0,230.0,245.0,280.0,338.0,338.0,0,0,,1,,,,0,,-1,BMTR Short Adventure,TYPE_RIDE,0,2024/06/30,2207442179,,7200,1815308
,201,1,,3,4425483,42,19,Yardi Agresta ,0,1815308,4425483.42,40,554694800019,5400.019,5400.079,0.019,,0.0,0,2873,,TEAM BMTR ,bbbbbb,000000,aaaaaa,0,C,167,za,134,161,0,1,53.5,3,1,10,Vet,0,,20,20,0,0,0,140,0.96,55,129,2.4,2.5,137,0,2.7,3.0,3.4,4.2,5.0,5.2,5.2,145.0,163.0,184.0,226.0,269.0,278.0,278.0,0,0,,1,,,,0,,-1,BMTR Short Adventure,TYPE_RIDE,0,2024/06/28,2128890027,,3600,1815308
,201,1,,1,4424580,7,4,Yardi Agresta ,0,1815308,4424580.7,22,554563500004,2296.653,2296.653,0.854,,0.0,0,2873,,TEAM BMTR ,bbbbbb,000000,aaaaaa,0,L,167,za,158,171,0,1,53.5,3,1,10,Vet,0,,20,20,0,0,0,177,1.08,49,170,3.2,3.0,165,0,3.3,3.4,4.0,4.4,4.7,5.3,5.7,174.0,184.0,213.0,236.0,252.0,286.0,305.0,0,1,,1,,,,0,,-1,WTRL Team Time Trial - Zone 12,TYPE_TEAM_TIME_TRIAL TYPE_RACE ,26,2024/06/27,2474227587,2,,1815308
,201,1,,1,4424543,68,2,Yardi Agresta ,0,1815308,4424543.68,24,554554700008,2312.86,2312.86,2.949,,0.0,0,2873,,TEAM BMTR ,bbbbbb,000000,aaaaaa,0,L,167,za,156,171,0,1,53.5,3,1,10,Vet,0,,20,20,0,0,0,175,1.07,49,167,3.1,3.0,161,0,3.2,3.4,4.0,4.5,5.5,5.9,6.5,170.0,182.0,215.0,240.0,293.0,318.0,347.0,0,1,,1,,,,0,,-1,WTRL Team Time Trial - Zone 11,TYPE_TEAM_TIME_TRIAL TYPE_RACE ,26,2024/06/27,2474227587,2,,1815308
,201,1,,3,4423593,52,27,Yardi Agresta ,0,1815308,4423593.52,61,554422200027,3600.027,3600.087,0.027,,0.0,0,2873,,TEAM BMTR ,bbbbbb,000000,aaaaaa,0,C,167,za,140,166,0,1,53.5,3,1,10,Vet,0,,20,20,0,0,0,144,0.93,57,130,2.4,2.5,133,0,2.6,3.2,3.6,4.1,5.9,6.8,6.8,141.0,171.0,195.0,221.0,317.0,364.0,364.0,0,0,,1,,,,0,,-1,BMTR Short Adventure,TYPE_RIDE,0,2024/06/26,2474227587,,3600,1815308
,201,1,,3,4423061,10,3,Yardi Agresta ,0,1815308,4423061.10,16,554349000003,4528.973,4529.093,64.019,,0.0,0,2873,,TEAM BMTR ,bbbbbb,000000,aaaaaa,0,C,167,za,163,182,0,1,53.5,3,1,10,Vet,0,,20,20,252.20,280.80,10.95,191,1.05,51,171,3.2,3.3,178,0,3.5,4.1,4.6,6.2,6.7,7.1,7.3,188.0,217.0,246.0,330.0,360.0,378.0,389.0,0,0,,1,,,,0,,-1,Zwift Racing League Summer Showdown,TYPE_RACE TYPE_RACE ,37,2024/06/25,3649347250,1,,1815308
,201,1,,2,4421391,8,8,Yardi Agresta ,0,1815308,4421391.8,32,554100600008,3600.021,3600.021,0.018,,0.0,0,2873,,TEAM BMTR ,bbbbbb,000000,aaaaaa,0,B,167,za,151,172,0,1,53.5,3,1,10,Vet,0,,20,20,0,0,0,173,1.06,50,160,3.0,3.0,162,0,3.2,3.7,4.0,5.0,6.0,7.2,7.2,171.0,198.0,214.0,269.0,320.0,385.0,385.0,0,0,,1,,,,0,,-1,BMTR Short Adventure,TYPE_RIDE,0,2024/06/24,3649347250,,3600,1815308
,201,1,,3,4417927,70,5,Yardi Agresta ,0,1815308,4417927.70,16,553547700005,2034.269,2034.389,17.015,,0.0,0,2873,,TEAM BMTR ,bbbbbb,000000,aaaaaa,0,C,167,za,167,182,0,1,53.5,3,1,10,Vet,0,,20,20,234.57,295.68,14.88,191,1.11,48,185,3.5,3.4,182,0,3.6,4.0,4.4,4.5,5.8,6.1,6.2,192.0,215.0,235.0,243.0,313.0,324.0,332.0,0,0,,1,,,,0,,-1,Stage 4: Sea Breeze - Mayan San Remo,TYPE_RACE TYPE_RACE ,21,2024/06/24,226950646,1,,1815308
,201,1,,3,4418635,60,28,Yardi Agresta ,0,1815308,4418635.60,43,553693000028,5400.028,5400.088,0.028,,0.0,0,2873,,TEAM BMTR ,bbbbbb,000000,aaaaaa,0,C,167,za,127,162,0,1,53.5,3,1,10,Vet,0,,20,20,0,0,0,136,0.99,53,126,2.4,2.5,138,0,2.7,3.3,4.1,4.3,4.5,4.7,4.7,146.0,175.0,220.0,228.0,242.0,251.0,251.0,0,0,,1,,,,0,,-1,BMTR Short Adventure,TYPE_RIDE,0,2024/06/21,1917017591,,3600,1815308
,201,1,,3,4397330,27,10,Yardi Agresta ,0,1815308,4397330.27,18,550326600010,2379.12,2379.24,3.83,,0.0,0,2873,,TEAM BMTR ,bbbbbb,000000,aaaaaa,0,C,167,za,156,176,0,1,53.5,3,1,10,Vet,0,,20,20,358.95,295.68,0,179,1.11,48,173,3.2,3.1,169,0,3.3,3.7,4.3,4.6,5.0,5.2,5.3,178.0,196.0,229.0,246.0,267.0,278.0,286.0,0,0,,1,,,,0,,-1,Stage 3: Sea Breeze - Beach Island Loop,TYPE_RACE TYPE_RACE ,26,2024/06/20,2474227587,2,,1815308
,201,1,,4,4417539,2,2,Yardi Agresta ,0,1815308,4417539.2,21,553464700002,2673.798,2673.978,0.096,,0.0,0,2873,,TEAM BMTR ,bbbbbb,000000,aaaaaa,0,F,167,za,165,178,0,1,53.5,3,1,10,Vet,0,,20,20,0,0,0,184,1.08,49,178,3.3,3.2,172,0,3.4,3.6,4.1,4.6,4.7,5.0,5.5,182.0,193.0,220.0,244.0,253.0,269.0,294.0,0,1,,1,,,,0,,-1,WTRL Team Time Trial - Zone 11,TYPE_TEAM_TIME_TRIAL TYPE_RACE ,30,2024/06/20,553661379,1,,1815308
,201,1,,1,4417503,34,2,Yardi Agresta ,0,1815308,4417503.34,21,553455700002,2696.487,2696.487,0.361,,0.0,0,2873,,TEAM BMTR ,bbbbbb,000000,aaaaaa,0,F,167,za,159,172,0,1,53.5,3,1,10,Vet,0,,20,20,0,0,0,178,1.07,50,170,3.2,3.2,171,0,3.4,3.6,4.0,4.3,4.5,4.8,6.0,181.0,195.0,215.0,231.0,240.0,259.0,320.0,0,1,,1,,,,0,,-1,WTRL Team Time Trial - Zone 10,TYPE_TEAM_TIME_TRIAL TYPE_RACE ,30,2024/06/20,553661379,1,,1815308
,201,1,,2,4416426,16,16,Yardi Agresta ,0,1815308,4416426.16,35,553301600016,3600.012,3600.012,0.012,,0.0,0,2873,,TEAM BMTR ,bbbbbb,000000,aaaaaa,0,B,167,za,148,167,0,1,53.5,3,1,10,Vet,0,,20,20,0,0,0,161,1.05,50,156,2.9,2.9,155,0,3.1,3.4,3.8,4.3,4.5,4.7,4.7,164.0,183.0,206.0,232.0,243.0,251.0,251.0,0,0,,1,,,,0,,-1,BMTR Short Adventure,TYPE_RIDE,0,2024/06/19,604330868,,3600,1815308
,201,1,,3,4417254,14,8,Yardi Agresta ,0,1815308,4417254.14,34,553411600008,4764.395,4764.515,68.085,,0.0,0,2873,,TEAM BMTR ,bbbbbb,000000,aaaaaa,0,C,167,za,159,182,0,1,53.5,3,1,10,Vet,0,,20,20,314.07,295.68,0,178,1.05,50,167,3.1,3.2,172,0,3.4,4.0,4.6,4.9,6.3,7.0,7.5,182.0,215.0,248.0,263.0,335.0,376.0,402.0,0,0,,1,,,,0,,-1,Zwift Racing League Summer Showdown,TYPE_RACE TYPE_RACE ,46,2024/06/18,4131664304,1,,1815308
,233,0,,4,4414315,3,3,Blopa&reg;,0,1714370,4414315.3,0,553042500003,3600.001,3600.001,0.001,,0.0,1,2873,,TEAM BMTR ,bbbbbb,000000,aaaaaa,0,D,182,uy,128,150,0,1,67.0,3,1,1,Mas,0,,20,0,0,0,0,165,1.2,55,154,2.3,2.5,167,0,2.6,3.0,3.2,4.0,5.3,7.3,11.8,176.0,200.0,214.0,269.0,356.0,486.0,789.0,0,0,,1,,,,0,,-1,BMTR Misfits Social,TYPE_RIDE,0,2024/06/17,3914529041,,3600,1714370
,201,1,,3,4414167,70,43,Yardi Agresta ,0,1815308,4414167.70,31,553014800043,3600.03,3600.15,0.03,,0.0,0,2873,,TEAM BMTR ,bbbbbb,000000,aaaaaa,0,C,167,za,130,171,0,1,53.5,3,1,10,Vet,0,,20,20,0,0,0,150,1.0,53,130,2.4,2.5,134,0,2.7,3.3,4.4,4.8,5.3,5.6,5.6,142.0,177.0,233.0,256.0,284.0,302.0,302.0,0,0,,1,,,,0,,-1,BMTR Short Adventure,TYPE_RIDE,0,2024/06/17,2768300955,,3600,1815308
,201,1,,3,4413167,29,29,Yardi Agresta ,0,1815308,4413167.29,36,552888300029,7200.029,7200.029,0.029,,0.0,0,2873,,TEAM BMTR ,bbbbbb,000000,aaaaaa,0,C,167,za,130,156,0,1,53.5,3,1,10,Vet,0,,20,20,0,0,0,133,0.99,53,129,2.4,2.4,129,0,2.5,2.7,2.9,3.2,3.4,3.6,3.6,136.0,147.0,157.0,172.0,182.0,193.0,193.0,0,0,,1,,,,0,,-1,BMTR Short Adventure,TYPE_RIDE,0,2024/06/16,2207442179,,7200,1815308
,201,1,,1,4412279,19,19,Yardi Agresta ,0,1815308,4412279.19,61,552758900019,16609.674,16609.674,2602.289,,0.0,0,2873,,TEAM BMTR ,bbbbbb,000000,aaaaaa,0,A,167,za,141,172,0,1,53.5,3,1,10,Vet,0,,20,20,0,0,0,144,0.96,55,135,2.5,2.7,149,0,2.9,3.2,3.8,5.1,6.5,7.2,7.2,157.0,172.0,206.0,273.0,347.0,387.0,387.0,0,0,,1,,,,0,,-1,The BMTR Fundo,TYPE_RIDE,161,2024/06/15,1656629976,,,1815308
,233,0,,3,4412279,64,24,Blopa&reg;,0,1714370,4412279.64,0,552759100024,7552.845,7552.845,1471.79,,0.0,1,2873,,TEAM BMTR ,bbbbbb,000000,aaaaaa,0,C,182,uy,131,163,0,1,67.0,3,1,1,Mas,0,,20,0,0,0,0,175,1.22,54,160,2.4,2.5,171,0,2.7,3.1,4.0,5.0,6.9,9.0,9.4,180.0,207.0,268.0,332.0,461.0,604.0,628.0,0,0,,1,,,,0,,-1,The BMTR Fundo,TYPE_RIDE,161,2024/06/15,1656629976,,,1714370
,201,1,,3,4411456,41,14,Yardi Agresta ,0,1815308,4411456.41,42,552628700014,5400.011,5400.071,0.011,,0.0,0,2873,,TEAM BMTR ,bbbbbb,000000,aaaaaa,0,C,167,za,135,164,0,1,53.5,3,1,10,Vet,0,,20,20,0,0,0,140,0.95,56,128,2.4,2.5,134,0,2.7,2.9,3.8,4.1,4.6,5.1,5.1,142.0,156.0,202.0,222.0,245.0,271.0,271.0,0,0,,1,,,,0,,-1,BMTR Short Adventure,TYPE_RIDE,0,2024/06/14,46799750,,3600,1815308
,201,1,,4,4410614,8,5,Yardi Agresta ,0,1815308,4410614.8,18,552504100005,2535.734,2535.914,1.427,,0.0,0,2873,,TEAM BMTR ,bbbbbb,000000,aaaaaa,0,F,167,za,153,171,0,1,53.5,3,1,10,Vet,0,,20,20,0,0,0,166,1.03,52,157,2.9,2.8,153,0,3.0,3.3,3.7,4.7,5.6,5.8,6.0,162.0,175.0,199.0,253.0,300.0,310.0,319.0,0,1,,1,,,,0,,-1,WTRL Team Time Trial - Zone 11,TYPE_TEAM_TIME_TRIAL TYPE_RACE ,27,2024/06/13,2592027600,3,,1815308
,201,1,,4,4410577,30,16,Yardi Agresta ,0,1815308,4410577.30,17,552495300016,2349.809,2349.989,194.457,,0.0,0,2873,,TEAM BMTR ,bbbbbb,000000,aaaaaa,0,F,167,za,165,178,0,1,53.5,3,1,10,Vet,0,,20,20,0,0,0,183,1.04,51,171,3.2,3.1,168,0,3.3,3.6,4.2,4.7,5.0,5.6,6.1,177.0,190.0,225.0,252.0,268.0,302.0,329.0,0,1,,1,,,,0,,-1,WTRL Team Time Trial - Zone 10,TYPE_TEAM_TIME_TRIAL TYPE_RACE ,27,2024/06/13,2592027600,3,,1815308
,201,1,,2,4409582,21,21,Yardi Agresta ,0,1815308,4409582.21,25,552352100021,3600.019,3600.019,0.019,,0.0,0,2873,,TEAM BMTR ,bbbbbb,000000,aaaaaa,0,B,167,za,146,161,0,1,53.5,3,1,10,Vet,0,,20,20,0,0,0,157,1.05,51,153,2.9,2.8,150,0,3.0,3.2,3.4,4.0,5.4,6.7,6.7,158.0,171.0,182.0,214.0,288.0,361.0,361.0,0,0,,1,,,,0,,-1,BMTR Short Adventure,TYPE_RIDE,0,2024/06/12,910684583,,3600,1815308
,201,1,,3,4397147,51,14,Yardi Agresta ,0,1815308,4397147.51,16,550235100014,1728.413,1728.533,65.004,,0.0,0,2873,,TEAM BMTR ,bbbbbb,000000,aaaaaa,0,C,167,za,165,178,0,1,53.5,3,1,10,Vet,0,,20,20,333.25,295.68,0,194,1.15,46,189,3.5,3.3,181,0,3.6,4.0,4.4,4.6,4.8,5.6,6.2,191.0,214.0,234.0,246.0,255.0,301.0,331.0,0,0,,1,,,,0,,-1,Stage 2: Sea Breeze - Island Hopper,TYPE_RACE TYPE_RACE ,18,2024/06/11,2140131142,1,,1815308
,201,1,,3,4397115,71,5,Yardi Agresta ,0,1815308,4397115.71,18,550219100005,1711.123,1711.243,4.537,,0.0,0,2873,,TEAM BMTR ,bbbbbb,000000,aaaaaa,0,C,167,za,164,178,0,1,53.5,3,1,10,Vet,0,,20,20,282.38,301.76,6.08,197,1.16,46,190,3.6,3.4,182,0,3.6,3.8,4.4,4.9,5.6,6.9,6.9,192.0,203.0,235.0,262.0,299.0,367.0,369.0,0,0,,1,,,,0,,-1,Stage 2: Sea Breeze - Island Hopper,TYPE_RACE TYPE_RACE ,18,2024/06/11,2140131142,1,,1815308
,201,1,,3,4407472,33,16,Yardi Agresta ,0,1815308,4407472.33,36,552080600016,3600.008,3600.128,0.008,,0.0,0,2873,,TEAM BMTR ,bbbbbb,000000,aaaaaa,0,C,167,za,138,156,0,1,53.5,3,1,10,Vet,0,,20,20,0,0,0,140,0.96,55,133,2.5,2.5,134,0,2.7,2.9,3.4,3.8,4.2,4.4,4.4,142.0,157.0,180.0,202.0,227.0,236.0,236.0,0,0,,1,,,,0,,-1,BMTR Short Adventure,TYPE_RIDE,0,2024/06/10,54700404,,3600,1815308
,201,1,,3,4397122,76,14,Yardi Agresta ,0,1815308,4397122.76,16,550222600014,1734.026,1734.146,72.061,,0.0,0,2873,,TEAM BMTR ,bbbbbb,000000,aaaaaa,0,C,167,za,165,177,0,1,53.5,3,1,10,Vet,0,,20,20,312.78,304.13,2.36,190,1.13,47,187,3.5,3.3,181,0,3.6,3.8,4.1,4.3,5.4,6.5,7.0,191.0,202.0,217.0,230.0,289.0,348.0,374.0,0,0,,1,,,,0,,-1,Stage 2: Sea Breeze - Island Hopper,TYPE_RACE TYPE_RACE ,18,2024/06/10,2140131142,1,,1815308
,201,1,,3,4406228,58,58,Yardi Agresta ,0,1815308,4406228.58,26,551914700058,7200.033,7200.033,0.032,,0.0,0,2873,,TEAM BMTR ,bbbbbb,000000,aaaaaa,0,C,167,za,132,164,0,1,53.5,3,1,10,Vet,0,,20,20,0,0,0,145,0.98,54,130,2.4,2.5,136,0,2.7,3.1,3.7,4.7,5.7,6.0,6.0,144.0,167.0,198.0,252.0,303.0,321.0,321.0,0,0,,1,,,,0,,-1,BMTR Short Adventure,TYPE_RIDE,0,2024/06/09,1064303857,,7200,1815308
,233,0,,3,4405313,69,21,Blopa&reg;,0,1714370,4405313.69,0,551770200021,7255.037,7255.037,1331.172,,0.0,1,2873,,TEAM BMTR ,bbbbbb,000000,aaaaaa,0,C,182,uy,139,168,0,1,67.0,3,1,1,Mas,0,,20,0,0,0,0,168,1.15,58,160,2.4,2.4,166,0,2.6,2.8,3.1,3.7,5.1,6.3,6.3,175.0,188.0,205.0,251.0,341.0,419.0,422.0,0,0,,1,,,,0,,-1,The BMTR Fundo,TYPE_RIDE,161,2024/06/08,1776635757,,,1714370
,201,1,,1,4405313,32,32,Yardi Agresta ,0,1815308,4405313.32,104,551770000032,16687.912,16687.912,2956.62,,0.0,0,2873,,TEAM BMTR ,bbbbbb,000000,aaaaaa,0,A,167,za,135,171,0,1,53.5,3,1,10,Vet,0,,20,20,0,0,0,143,0.98,54,132,2.5,3.0,160,0,3.2,3.5,3.8,4.5,5.6,6.6,6.6,169.0,185.0,205.0,239.0,298.0,354.0,354.0,0,0,,1,,,,0,,-1,The BMTR Fundo,TYPE_RIDE,161,2024/06/08,1776635757,,,1815308
,201,1,,3,4404485,54,27,Yardi Agresta ,0,1815308,4404485.54,74,551648800027,5400.02,5400.08,0.02,,0.0,0,2873,,TEAM BMTR ,bbbbbb,000000,aaaaaa,0,C,167,za,137,148,0,1,53.5,3,1,10,Vet,0,,20,20,0,0,0,137,0.99,54,135,2.5,2.5,134,0,2.7,2.8,2.9,3.0,3.3,3.6,3.6,142.0,148.0,154.0,160.0,177.0,193.0,193.0,0,0,,1,,,,0,,-1,BMTR Short Adventure,TYPE_RIDE,0,2024/06/07,4258943387,,3600,1815308
,201,1,,1,4403404,6,3,Yardi Agresta ,0,1815308,4403404.6,17,551475100003,3644.0,3644.0,0.199,,0.0,0,2873,,TEAM BMTR ,bbbbbb,000000,aaaaaa,0,A,167,za,160,173,0,1,53.5,3,1,10,Vet,0,,20,20,0,0,0,170,1.03,51,165,3.1,3.0,161,0,3.2,3.6,3.8,3.9,4.5,5.1,5.6,170.0,190.0,206.0,211.0,239.0,272.0,302.0,0,0,,1,,,,0,,-1,WTRL Team Time Trial - Zone 11,TYPE_TEAM_TIME_TRIAL TYPE_RACE ,38,2024/06/06,1386460176,2,,1815308
,201,1,,1,4403368,45,5,Yardi Agresta ,0,1815308,4403368.45,51,551466400005,3669.922,3669.922,66.34,,0.0,0,2873,,TEAM BMTR ,bbbbbb,000000,aaaaaa,0,A,167,za,165,177,0,1,53.5,3,1,10,Vet,0,,20,20,0,0,0,173,1.01,53,166,3.1,3.0,163,0,3.2,3.6,3.9,4.3,4.5,5.0,5.2,172.0,194.0,208.0,228.0,242.0,265.0,279.0,0,0,,1,,,,0,,-1,WTRL Team Time Trial - Zone 10,TYPE_TEAM_TIME_TRIAL TYPE_RACE ,38,2024/06/06,1386460176,2,,1815308
,201,1,,2,4401759,6,6,Yardi Agresta ,0,1815308,4401759.6,26,551053300006,3600.004,3600.004,0.003,,0.0,0,2873,,TEAM BMTR ,bbbbbb,000000,aaaaaa,0,B,167,za,157,176,0,1,53.5,3,1,10,Vet,0,,20,20,0,0,0,163,1.01,53,158,3.0,2.9,158,0,3.1,3.3,3.5,4.0,4.5,4.7,4.7,167.0,178.0,187.0,213.0,241.0,254.0,254.0,0,0,,1,,,,0,,-1,BMTR Short Adventure,TYPE_RIDE,0,2024/06/05,1457923570,,3600,1815308
,233,0,,3,4401759,59,21,Blopa&reg;,0,1714370,4401759.59,0,551053400021,3600.017,3600.077,0.016,,0.0,1,2873,,TEAM BMTR ,bbbbbb,000000,aaaaaa,0,C,182,uy,129,155,0,1,67.0,3,1,1,Mas,0,,20,0,0,0,0,158,1.22,55,157,2.3,2.2,152,0,2.4,2.4,2.5,2.6,2.9,3.2,3.4,160.0,164.0,169.0,177.0,192.0,214.0,227.0,0,0,,1,,,,0,,-1,BMTR Short Adventure,TYPE_RIDE,0,2024/06/05,1457923570,,3600,1714370
,201,1,,5,4399639,40,40,Yardi Agresta ,0,1815308,4399639.40,446,550694200039,2700.012,2700.012,0.012,,0.0,0,2873,,TEAM BMTR ,bbbbbb,000000,aaaaaa,0,E,167,za,165,177,0,1,53.5,3,1,10,Vet,0,,20,20,0,0,0,171,1.02,52,169,3.2,3.1,169,0,3.3,3.5,3.7,3.9,4.1,4.3,4.3,178.0,186.0,198.0,208.0,219.0,231.0,231.0,0,0,,1,,,,0,,-1,Pride On | Glowing with Pride!,TYPE_RIDE,0,2024/06/04,1064303857,,2700,1815308
,201,1,,3,4407119,17,9,Yardi Agresta ,0,1815308,4407119.17,24,552027400009,2586.416,2406.596,264.731,,0.0,0,2873,,TEAM BMTR ,bbbbbb,000000,aaaaaa,0,C,167,za,167,176,0,1,53.5,3,1,10,Vet,0,,20,20,0,0,0,182,1.06,50,177,3.3,3.3,176,0,3.5,3.6,3.8,4.2,4.6,4.8,5.2,186.0,195.0,204.0,223.0,245.0,259.0,276.0,0,0,,1,,,,0,,-1,Zwift Racing League Summer Showdown,TYPE_TEAM_TIME_TRIAL,25,2024/06/04,4258943387,1,,1815308
,233,0,,3,4397889,25,25,Blopa&reg;,0,1714370,4397889.25,0,550417200024,7200.013,7200.013,0.013,,0.0,1,2873,,TEAM BMTR ,bbbbbb,000000,aaaaaa,0,C,182,uy,129,150,0,1,67.0,3,1,1,Mas,0,,20,0,0,0,0,162,1.22,55,157,2.3,2.4,162,0,2.6,2.6,2.7,2.9,3.1,3.4,3.7,171.0,174.0,182.0,196.0,206.0,231.0,251.0,0,0,,1,,,,0,,-1,BMTR Short Adventure,TYPE_RIDE,0,2024/06/02,1064303857,,7200,1714370
,201,1,,3,4393904,77,45,Yardi Agresta ,0,1815308,4393904.77,26,549657700045,3600.027,3600.087,0.027,,0.0,0,2873,,TEAM BMTR ,bbbbbb,000000,aaaaaa,0,C,167,za,150,163,0,1,53.5,3,1,10,Vet,0,,20,20,0,0,0,160,1.05,51,157,2.9,2.8,154,0,3.0,3.3,3.6,3.7,4.0,4.9,4.9,163.0,176.0,194.0,200.0,216.0,260.0,260.0,0,0,,1,,,,0,,-1,BMTR Short Adventure,TYPE_RIDE,0,2024/05/29,3742187716,,3600,1815308
,201,1,,3,4362188,53,15,Yardi Agresta ,0,1815308,4362188.53,22,545043900015,1853.634,1853.754,51.959,,0.0,0,2873,,TEAM BMTR ,bbbbbb,000000,aaaaaa,0,C,167,za,162,172,0,1,53.5,3,1,10,Vet,0,,20,20,366.07,296.85,0,184,1.1,48,179,3.3,3.1,170,0,3.3,3.6,3.8,4.2,4.8,5.8,6.4,179.0,194.0,205.0,223.0,258.0,313.0,340.0,0,0,,1,,,,0,,-1,Stage 4: Bag That Badge - Park Perimeter Reverse,TYPE_RACE TYPE_RACE ,19,2024/05/28,2202609830,2,,1815308
,201,1,,3,4362133,59,15,Yardi Agresta ,0,1815308,4362133.59,23,545016800015,1806.42,1806.54,1.742,,0.0,0,2873,,TEAM BMTR ,bbbbbb,000000,aaaaaa,0,C,167,za,165,177,0,1,53.5,3,1,10,Vet,0,,20,20,325.54,296.84,0,191,1.12,47,185,3.5,3.2,173,0,3.4,3.7,3.9,4.5,5.2,6.2,6.7,183.0,197.0,209.0,242.0,280.0,331.0,361.0,0,0,,1,,,,0,,-1,Stage 4: Bag That Badge - Park Perimeter Reverse,TYPE_RACE TYPE_RACE ,19,2024/05/28,2202609830,2,,1815308
,201,1,,3,4391475,36,4,Yardi Agresta ,0,1815308,4391475.36,27,549338000004,3600.002,3600.122,0.001,,0.0,0,2873,,TEAM BMTR ,bbbbbb,000000,aaaaaa,0,C,167,za,140,166,0,1,53.5,3,1,10,Vet,0,,20,20,0,0,0,137,0.9,59,126,2.4,2.5,135,0,2.7,3.0,3.4,3.8,4.7,5.3,5.3,143.0,162.0,182.0,205.0,250.0,281.0,281.0,0,0,,1,,,,0,,-1,BMTR Short Adventure,TYPE_RIDE,0,2024/05/27,1656629976,,3600,1815308
,201,1,,3,4390355,1,1,Yardi Agresta ,0,1815308,4390355.1,59,549196700001,7200.0,7200.0,0,,0.0,0,2873,,TEAM BMTR ,bbbbbb,000000,aaaaaa,0,C,167,za,137,169,0,1,53.5,3,1,10,Vet,0,,20,20,0,0,0,136,0.93,57,128,2.4,2.5,133,0,2.6,3.3,3.7,4.1,4.4,5.4,5.4,141.0,175.0,197.0,219.0,234.0,291.0,291.0,0,0,,1,,,,0,,-1,BMTR Short Adventure,TYPE_RIDE,0,2024/05/26,1917017591,,7200,1815308
,201,1,,3,4388706,64,33,Yardi Agresta ,0,1815308,4388706.64,39,548952700033,5400.02,5400.08,0.02,,0.0,0,2873,,TEAM BMTR ,bbbbbb,000000,aaaaaa,0,C,167,za,142,168,0,1,53.5,3,1,10,Vet,0,,20,20,0,0,0,147,0.94,56,134,2.5,2.5,135,0,2.7,2.9,3.5,4.2,4.5,5.2,5.2,143.0,156.0,189.0,224.0,242.0,277.0,277.0,0,0,,1,,,,0,,-1,BMTR Short Adventure,TYPE_RIDE,0,2024/05/24,2207442179,,3600,1815308
,201,1,,3,4361898,63,15,Yardi Agresta ,0,1815308,4361898.63,20,544899300015,1790.387,1790.507,118.822,,0.0,0,2873,,TEAM BMTR ,bbbbbb,000000,aaaaaa,0,C,167,za,155,175,0,1,53.5,3,1,10,Vet,0,,20,20,433.16,296.84,0,169,1.07,49,166,3.1,2.9,156,0,3.1,3.4,3.9,4.4,5.8,6.6,6.8,165.0,183.0,209.0,237.0,309.0,354.0,363.0,0,0,,1,,,,0,,-1,Stage 3: Bag That Badge - London Classique Reverse,TYPE_RACE TYPE_RACE ,19,2024/05/24,3599973269,2,,1815308
,201,1,,2,4387765,16,8,Yardi Agresta ,0,1815308,4387765.16,16,548817100001,2434.47,2434.53,86.461,,0.0,0,2873,,TEAM BMTR ,bbbbbb,000000,aaaaaa,0,L,167,za,150,168,0,1,53.5,3,1,10,Vet,0,,20,20,0,0,0,155,1.0,53,150,2.8,2.7,144,0,2.8,3.0,3.5,3.9,4.7,5.2,5.9,152.0,161.0,187.0,207.0,249.0,280.0,317.0,0,1,,1,,,,0,,-1,WTRL Team Time Trial - Zone 11,TYPE_TEAM_TIME_TRIAL TYPE_RACE ,26,2024/05/23,2474227587,2,,1815308
,201,1,,5,4387753,15,15,Yardi Agresta ,0,1815308,4387753.15,26,548814900015,4200.013,4200.013,0.013,,0.0,0,2873,,TEAM BMTR ,bbbbbb,000000,aaaaaa,0,E,167,za,143,169,0,1,53.5,3,1,10,Vet,0,,20,20,0,0,0,147,0.92,58,131,2.5,2.5,133,0,2.6,3.1,3.4,4.4,5.8,6.9,6.9,141.0,166.0,184.0,238.0,311.0,371.0,371.0,0,0,,1,,,,0,,-1,"Striders and Riders of Zwift: Contenders, Pretenders, & Rear-Enders Social Ride",TYPE_RIDE,0,2024/05/23,1127056801,,4200,1815308
,201,1,,1,4387730,48,7,Yardi Agresta ,0,1815308,4387730.48,21,548808700007,2331.654,2331.654,1.456,,0.0,0,2873,,TEAM BMTR ,bbbbbb,000000,aaaaaa,0,L,167,za,166,180,0,1,53.5,3,1,10,Vet,0,,20,20,0,0,0,177,1.03,51,171,3.2,3.1,167,0,3.3,3.6,4.1,4.6,5.3,5.5,5.8,176.0,195.0,218.0,244.0,284.0,297.0,310.0,0,1,,1,,,,0,,-1,WTRL Team Time Trial - Zone 10,TYPE_TEAM_TIME_TRIAL TYPE_RACE ,26,2024/05/23,2474227587,2,,1815308
,201,1,,3,4386490,39,8,Yardi Agresta ,0,1815308,4386490.39,34,548629500008,3600.005,3600.065,0.005,,0.0,0,2873,,TEAM BMTR ,bbbbbb,000000,aaaaaa,0,C,167,za,147,175,0,1,53.5,3,1,10,Vet,0,,20,20,0,0,0,146,0.9,59,132,2.5,2.8,152,0,3.0,3.5,3.9,4.3,5.5,6.1,6.1,161.0,185.0,208.0,231.0,292.0,327.0,327.0,0,0,,1,,,,0,,-1,BMTR Short Adventure,TYPE_RIDE,0,2024/05/22,2474227587,,3600,1815308
,201,1,,3,4384218,78,63,Yardi Agresta ,0,1815308,4384218.78,40,548344200063,3600.063,3600.183,0.063,,0.0,0,2873,,TEAM BMTR ,bbbbbb,000000,aaaaaa,0,C,167,za,143,164,0,1,53.5,3,1,10,Vet,0,,20,20,0,0,0,146,0.94,56,135,2.5,2.5,135,0,2.7,3.1,3.5,4.1,5.1,6.1,6.1,143.0,166.0,189.0,221.0,271.0,329.0,329.0,0,0,,1,,,,0,,-1,BMTR Short Adventure,TYPE_RIDE,0,2024/05/20,2569385980,,3600,1815308
,201,1,,3,4383083,37,37,Yardi Agresta ,0,1815308,4383083.37,26,548202400037,7200.029,7200.029,0.029,,0.0,0,2873,,TEAM BMTR ,bbbbbb,000000,aaaaaa,0,C,167,za,138,168,0,1,53.5,3,1,10,Vet,0,,20,20,0,0,0,145,0.98,54,135,2.5,2.6,141,0,2.8,3.1,3.8,4.5,4.7,5.3,5.3,149.0,167.0,204.0,241.0,249.0,283.0,283.0,0,0,,1,,,,0,,-1,BMTR Short Adventure,TYPE_RIDE,0,2024/05/19,2207442179,,7200,1815308
,201,1,,1,4382162,22,22,Yardi Agresta ,0,1815308,4382162.22,63,548068400022,15853.949,15853.949,1954.55,,0.0,0,2873,,TEAM BMTR ,bbbbbb,000000,aaaaaa,0,A,167,za,140,170,0,1,53.5,3,1,10,Vet,0,,20,20,0,0,0,142,0.95,56,133,2.5,2.8,152,0,3.0,3.3,3.8,4.6,5.0,5.3,5.3,161.0,179.0,201.0,248.0,267.0,286.0,286.0,0,0,,1,,,,0,,-1,The BMTR Fundo,TYPE_RIDE,161,2024/05/18,1064303857,,,1815308
,201,1,,3,4381391,35,8,Yardi Agresta ,0,1815308,4381391.35,41,547954500008,5400.004,5400.064,0.004,,0.0,0,2873,,TEAM BMTR ,bbbbbb,000000,aaaaaa,0,C,167,za,141,169,0,1,53.5,3,1,10,Vet,0,,20,20,0,0,0,146,0.96,55,135,2.5,2.6,143,0,2.8,3.5,4.2,4.4,4.9,5.4,5.4,151.0,189.0,224.0,236.0,263.0,288.0,288.0,0,0,,1,,,,0,,-1,BMTR Short Adventure,TYPE_RIDE,0,2024/05/17,1638640398,,3600,1815308
,201,1,,1,4380507,8,8,Yardi Agresta ,0,1815308,4380507.8,21,547823300008,2602.463,2602.463,98.964,,0.0,0,2873,,TEAM BMTR ,bbbbbb,000000,aaaaaa,0,L,167,za,151,163,0,1,53.5,3,1,10,Vet,0,,20,20,0,0,0,157,0.99,53,150,2.8,2.7,149,0,2.9,3.2,3.4,4.0,4.3,4.9,5.0,157.0,171.0,181.0,212.0,232.0,263.0,265.0,0,1,,1,,,,0,,-1,WTRL Team Time Trial - Zone 11,TYPE_TEAM_TIME_TRIAL TYPE_RACE ,24,2024/05/16,87055383,1,,1815308
,201,1,,5,4380495,12,12,Yardi Agresta ,0,1815308,4380495.12,27,547821200012,4200.011,4200.011,0.01,,0.0,0,2873,,TEAM BMTR ,bbbbbb,000000,aaaaaa,0,E,167,za,138,169,0,1,53.5,3,1,10,Vet,0,,20,20,0,0,0,141,0.87,61,120,2.2,2.3,126,0,2.5,2.9,3.3,4.4,5.5,5.8,5.8,133.0,157.0,174.0,238.0,294.0,310.0,310.0,0,0,,1,,,,0,,-1,"Striders and Riders of Zwift: Contenders, Pretenders, & Rear-Enders Social Ride",TYPE_RIDE,0,2024/05/16,1127056801,,4200,1815308
,201,1,,1,4380472,49,3,Yardi Agresta ,0,1815308,4380472.49,20,547815100003,2361.306,2361.306,0.124,,0.0,0,2873,,TEAM BMTR ,bbbbbb,000000,aaaaaa,0,L,167,za,164,176,0,1,53.5,3,1,10,Vet,0,,20,20,0,0,0,178,1.05,51,172,3.2,3.1,170,0,3.3,3.6,3.8,4.2,4.5,5.4,5.5,179.0,190.0,204.0,224.0,240.0,288.0,292.0,0,1,,1,,,,0,,-1,WTRL Team Time Trial - Zone 10,TYPE_TEAM_TIME_TRIAL TYPE_RACE ,24,2024/05/16,87055383,1,,1815308
,201,1,,3,4379389,63,32,Yardi Agresta ,0,1815308,4379389.63,26,547660000032,3600.019,3600.079,0.019,,0.0,0,2873,,TEAM BMTR ,bbbbbb,000000,aaaaaa,0,C,167,za,145,156,0,1,53.5,3,1,10,Vet,0,,20,20,0,0,0,132,0.9,59,130,2.4,2.3,126,0,2.5,2.6,2.8,3.0,3.2,3.3,3.3,133.0,141.0,149.0,159.0,170.0,178.0,178.0,0,0,,1,,,,0,,-1,BMTR Short Adventure,TYPE_RIDE,0,2024/05/15,1880443431,,3600,1815308
,201,1,,3,4361736,45,11,Yardi Agresta ,0,1815308,4361736.45,18,544818300011,1757.328,1757.448,35.669,,0.0,0,2873,,TEAM BMTR ,bbbbbb,000000,aaaaaa,0,C,167,za,167,178,0,1,53.5,3,1,10,Vet,0,,20,20,306.96,300.36,3.53,198,1.16,46,193,3.6,3.4,183,0,3.6,4.0,4.4,4.8,5.1,5.6,6.0,193.0,212.0,234.0,255.0,275.0,299.0,320.0,0,0,,1,,,,0,,-1,Stage 2: Bag That Badge - Hilly Route Reverse,TYPE_RACE TYPE_RACE ,18,2024/05/14,107363867,2,,1815308
,201,1,,3,4376921,45,30,Yardi Agresta ,0,1815308,4376921.45,26,547338700030,3600.017,3600.137,0.017,,0.0,0,2873,,TEAM BMTR ,bbbbbb,000000,aaaaaa,0,C,167,za,131,141,0,1,53.5,3,1,10,Vet,0,,20,20,0,0,0,129,0.97,55,127,2.4,2.3,127,0,2.5,2.6,2.7,2.9,3.2,3.3,3.3,134.0,139.0,146.0,154.0,170.0,177.0,177.0,0,0,,1,,,,0,,-1,BMTR Short Adventure,TYPE_RIDE,0,2024/05/13,1230300449,,3600,1815308
,201,1,,3,4375480,27,27,Yardi Agresta ,0,1815308,4375480.27,59,547151200027,7200.014,7200.014,0.014,,0.0,0,2873,,TEAM BMTR ,bbbbbb,000000,aaaaaa,0,C,167,za,129,161,0,1,53.5,3,1,10,Vet,0,,20,20,0,0,0,132,0.96,55,124,2.3,2.5,134,0,2.7,3.0,3.5,3.9,4.3,4.8,4.8,142.0,162.0,185.0,209.0,229.0,259.0,259.0,0,0,,1,,,,0,,-1,BMTR Short Adventure,TYPE_RIDE,0,2024/05/12,1917017591,,7200,1815308
,201,1,,1,4374277,12,12,Yardi Agresta ,0,1815308,4374277.12,83,546989800012,16068.87,16068.87,2161.609,,0.0,0,2873,,TEAM BMTR ,bbbbbb,000000,aaaaaa,0,A,167,za,145,171,0,1,53.5,3,1,10,Vet,0,,20,20,0,0,0,149,0.97,55,140,2.6,3.0,162,0,3.2,3.6,3.8,4.6,5.0,5.5,5.5,171.0,193.0,203.0,244.0,265.0,295.0,295.0,0,0,,1,,,,0,,-1,The BMTR Fundo,TYPE_RIDE,161,2024/05/11,3914529041,,,1815308
,201,1,,3,4373271,49,21,Yardi Agresta ,0,1815308,4373271.49,35,546851800021,5400.025,5400.085,0.025,,0.0,0,2873,,TEAM BMTR ,bbbbbb,000000,aaaaaa,0,C,167,za,136,158,0,1,53.5,3,1,10,Vet,0,,20,20,0,0,0,131,0.94,56,128,2.4,2.3,127,0,2.5,2.8,2.8,3.2,3.5,3.6,3.6,134.0,148.0,151.0,172.0,188.0,191.0,191.0,0,0,,1,,,,0,,-1,BMTR Short Adventure,TYPE_RIDE,0,2024/05/10,2128890027,,3600,1815308
,201,1,,3,4373254,14,6,Yardi Agresta ,0,1815308,4373254.14,16,546848200006,1466.027,1466.147,32.087,,0.0,0,2873,,TEAM BMTR ,bbbbbb,000000,aaaaaa,0,C,167,za,165,175,0,1,53.5,3,1,10,Vet,0,,20,20,432.53,300.36,0,183,1.1,48,181,3.4,3.2,171,0,3.4,3.5,3.7,3.9,4.3,5.1,5.7,181.0,185.0,196.0,207.0,231.0,275.0,307.0,0,0,,1,,,,0,,-1,Rhino Racing Short Crits,TYPE_RACE TYPE_RACE ,16,2024/05/10,947394567,8,,1815308
,201,1,,1,4372193,16,9,Yardi Agresta ,0,1815308,4372193.16,40,546701700009,3391.314,3391.314,71.059,,0.0,0,2873,,TEAM BMTR ,bbbbbb,000000,aaaaaa,0,L,167,za,151,167,0,1,53.5,3,1,10,Vet,0,,20,20,0,0,0,156,1.01,53,152,2.8,2.7,149,0,2.9,3.0,3.4,4.3,5.4,5.8,5.8,157.0,162.0,182.0,228.0,289.0,308.0,311.0,0,1,,1,,,,0,,-1,WTRL Team Time Trial - Zone 11,TYPE_TEAM_TIME_TRIAL TYPE_RACE ,36,2024/05/09,3453194200,1,,1815308
,201,1,,1,4372155,62,2,Yardi Agresta ,0,1815308,4372155.62,22,546692300010,3144.928,3144.928,4.156,,0.0,0,2873,,TEAM BMTR ,bbbbbb,000000,aaaaaa,0,L,167,za,162,173,0,1,53.5,3,1,10,Vet,0,,20,20,0,0,0,178,1.07,49,174,3.3,3.1,166,0,3.3,3.4,3.8,4.3,4.9,5.2,5.3,175.0,182.0,206.0,232.0,263.0,277.0,285.0,0,1,,1,,,,0,,-1,WTRL Team Time Trial - Zone 10,TYPE_TEAM_TIME_TRIAL TYPE_RACE ,36,2024/05/09,3453194200,1,,1815308
,201,1,,3,4370887,51,22,Yardi Agresta ,0,1815308,4370887.51,26,546524000022,3600.009,3600.069,0.642,,0.0,0,2873,,TEAM BMTR ,bbbbbb,000000,aaaaaa,0,C,167,za,150,169,0,1,53.5,3,1,10,Vet,0,,20,20,0,0,0,154,1.01,52,152,2.8,2.7,149,0,2.9,3.2,3.5,3.6,3.8,4.2,4.2,157.0,171.0,187.0,191.0,204.0,223.0,223.0,0,0,,1,,,,0,,-1,BMTR Short Adventure,TYPE_RIDE,0,2024/05/08,3453194200,,3600,1815308
,201,1,,3,4361588,56,8,Yardi Agresta ,0,1815308,4361588.56,16,544744300008,1890.236,1890.356,20.024,,0.0,0,2873,,TEAM BMTR ,bbbbbb,000000,aaaaaa,0,C,167,za,163,180,0,1,53.5,3,1,10,Vet,0,,20,20,303.29,304.69,4.33,184,1.1,48,179,3.3,3.2,171,0,3.4,3.7,4.1,4.3,4.7,5.4,5.7,181.0,200.0,221.0,228.0,251.0,289.0,303.0,0,0,,1,,,,0,,-1,Stage 1: Bag That Badge - Queens Highway After Party,TYPE_RACE TYPE_RACE ,20,2024/05/07,87631443,1,,1815308
,201,1,,3,4361628,75,10,Yardi Agresta ,0,1815308,4361628.75,18,544764300011,1854.456,1854.576,9.505,,0.0,0,2873,,TEAM BMTR ,bbbbbb,000000,aaaaaa,0,C,167,za,166,180,0,1,53.5,3,1,10,Vet,0,,20,20,276.81,314.67,9.98,189,1.11,48,185,3.5,3.2,173,0,3.4,3.9,4.3,4.3,5.3,6.2,6.6,183.0,208.0,228.0,230.0,284.0,334.0,352.0,0,0,,1,,,,0,,-1,Stage 1: Bag That Badge - Queens Highway After Party,TYPE_RACE TYPE_RACE ,20,2024/05/07,87631443,1,,1815308
,201,1,,3,4367486,27,4,Yardi Agresta ,0,1815308,4367486.27,26,545858100004,3600.001,3600.121,0.001,,0.0,0,2873,,TEAM BMTR ,bbbbbb,000000,aaaaaa,0,C,167,za,0,0,0,0,53.5,3,1,10,Vet,0,,20,20,0,0,0,139,0.0,0,130,2.4,2.4,132,0,2.6,3.0,3.7,4.2,4.8,5.4,5.4,139.0,161.0,196.0,223.0,258.0,289.0,289.0,0,0,,1,,,,0,,-1,BMTR Short Adventure,TYPE_RIDE,0,2024/05/06,4258943387,,3600,1815308
,201,1,,3,4365728,13,13,Yardi Agresta ,0,1815308,4365728.13,26,545536700016,7200.005,7200.005,0.005,,0.0,0,2873,,TEAM BMTR ,bbbbbb,000000,aaaaaa,0,C,167,za,141,161,0,1,53.5,3,1,10,Vet,0,,20,20,0,0,0,137,0.95,56,134,2.5,2.4,133,0,2.6,3.0,3.2,3.4,3.7,4.0,4.0,140.0,160.0,172.0,182.0,196.0,215.0,215.0,0,0,,1,,,,0,,-1,BMTR Short Adventure,TYPE_RIDE,0,2024/05/05,1064303857,,7200,1815308
,201,1,,1,4364462,36,36,Yardi Agresta ,0,1815308,4364462.36,71,545367100036,16303.316,16303.316,2350.401,,0.0,0,2873,,TEAM BMTR ,bbbbbb,000000,aaaaaa,0,A,167,za,147,175,0,1,53.5,3,1,10,Vet,0,,20,20,0,0,0,151,0.95,56,139,2.6,2.9,156,0,3.1,3.4,3.8,4.7,5.9,7.5,7.5,165.0,181.0,201.0,253.0,316.0,399.0,399.0,0,0,,1,,,,0,,-1,The BMTR Fundo,TYPE_RIDE,100,2024/05/04,2136907048,,,1815308
,201,1,,3,4363299,67,33,Yardi Agresta ,0,1815308,4363299.67,33,545215100033,5400.03,5400.09,0.03,,0.0,0,2873,,TEAM BMTR ,bbbbbb,000000,aaaaaa,0,C,167,za,140,168,0,1,53.5,3,1,10,Vet,0,,20,20,0,0,0,136,0.91,58,127,2.4,2.4,130,0,2.6,3.0,3.6,4.1,4.7,5.1,5.1,137.0,161.0,193.0,221.0,253.0,272.0,272.0,0,0,,1,,,,0,,-1,BMTR Short Adventure,TYPE_RIDE,0,2024/05/03,1917017591,,3600,1815308
,201,1,,1,4361263,7,7,Yardi Agresta ,0,1815308,4361263.7,21,544668700007,2273.865,2273.865,0.329,,0.0,0,2873,,TEAM BMTR ,bbbbbb,000000,aaaaaa,0,L,167,za,167,183,0,1,53.5,3,1,10,Vet,0,,20,20,0,0,0,177,1.03,51,172,3.2,3.0,163,0,3.2,3.4,3.8,4.4,5.2,5.4,5.5,172.0,184.0,203.0,234.0,277.0,288.0,297.0,0,1,,1,,,,0,,-1,WTRL Team Time Trial - Zone 11,TYPE_TEAM_TIME_TRIAL TYPE_RACE ,25,2024/05/02,3914529041,1,,1815308
,201,1,,3,4359857,35,6,Yardi Agresta ,0,1815308,4359857.35,26,544459900006,3600.005,3600.065,0.004,,0.0,0,2873,,TEAM BMTR ,bbbbbb,000000,aaaaaa,0,C,167,za,135,151,0,1,53.5,3,1,10,Vet,0,,20,20,0,0,0,131,0.93,57,125,2.3,2.3,124,0,2.4,2.7,2.8,3.2,3.6,4.2,4.2,131.0,142.0,151.0,169.0,194.0,226.0,226.0,0,0,,1,,,,0,,-1,BMTR Short Adventure,TYPE_RIDE,0,2024/05/01,387309391,,3600,1815308
,201,1,,3,4311491,52,10,Yardi Agresta ,0,1815308,4311491.52,16,538129000010,1472.508,1472.628,6.257,,0.0,0,2873,,TEAM BMTR ,bbbbbb,000000,aaaaaa,0,C,167,za,158,174,0,1,53.5,3,1,10,Vet,0,,20,20,308.97,322.08,7.41,179,1.11,48,176,3.3,3.1,168,0,3.3,3.6,3.8,4.3,4.8,5.4,5.9,177.0,195.0,201.0,229.0,257.0,289.0,316.0,0,0,,1,,,,0,,-1,Stage 5: Lap It Up - London Classique,TYPE_RACE TYPE_RACE ,17,2024/04/30,2694166390,2,,1815308
,201,1,,3,4311359,85,18,Yardi Agresta ,0,1815308,4311359.85,17,538063400019,1486.412,1486.532,5.891,,0.0,0,2873,,TEAM BMTR ,bbbbbb,000000,aaaaaa,0,C,167,za,162,175,0,1,53.5,3,1,10,Vet,0,,20,20,326.74,326.14,4.08,189,1.14,47,184,3.4,3.2,173,0,3.4,3.8,4.1,4.4,5.1,6.1,7.2,183.0,204.0,217.0,235.0,271.0,325.0,384.0,0,0,,1,,,,0,,-1,Stage 5: Lap It Up - London Classique,TYPE_RACE TYPE_RACE ,17,2024/04/30,2694166390,2,,1815308
,201,1,,4,4358246,1,1,Yardi Agresta ,0,1815308,4358246.1,26,544262300017,15.262,3600.025,0,,0.0,0,2873,,TEAM BMTR ,bbbbbb,000000,aaaaaa,0,F,167,za,145,173,0,1,53.5,3,1,10,Vet,0,,20,20,0,0,0,152,1.0,53,145,2.7,2.7,148,0,2.9,3.1,3.6,4.5,5.6,6.4,6.4,156.0,167.0,195.0,239.0,299.0,345.0,345.0,0,0,,1,,,,0,,-1,GGCC Glasgow Green Cycle Club Tuesday Training Ride,TYPE_RIDE,0,2024/04/30,910684583,,3600,1815308
,201,1,,3,4356597,29,8,Yardi Agresta ,0,1815308,4356597.29,42,544073800008,3600.004,3600.124,0.004,,0.0,0,2873,,TEAM BMTR ,bbbbbb,000000,aaaaaa,0,C,167,za,0,0,0,0,53.5,3,1,10,Vet,0,,20,20,0,0,0,144,0.0,0,134,2.5,2.4,131,0,2.6,3.3,3.6,4.1,4.9,5.5,5.5,138.0,174.0,193.0,221.0,263.0,294.0,294.0,0,0,,1,,,,0,,-1,BMTR Short Adventure,TYPE_RIDE,0,2024/04/29,3914529041,,3600,1815308
,233,0,,5,4354955,17,17,Blopa&reg;,0,1714370,4354955.17,0,543859000017,3957.941,3957.941,3.333,,0.0,1,2873,,TEAM BMTR ,bbbbbb,000000,aaaaaa,0,E,182,uy,107,159,0,1,67.0,3,1,1,Mas,0,,20,0,0,0,0,164,1.52,43,163,2.4,2.5,171,0,2.7,2.9,3.0,3.1,3.3,3.4,3.6,181.0,197.0,204.0,210.0,220.0,225.0,244.0,0,0,,1,,,,0,,-1,BanditZ Tronathon (Banded),TYPE_RIDE,18,2024/04/28,2663908549,,,1714370
,201,1,,3,4354930,12,12,Yardi Agresta ,0,1815308,4354930.12,28,543853900013,7200.003,7200.003,0.003,,0.0,0,2873,,TEAM BMTR ,bbbbbb,000000,aaaaaa,0,C,167,za,133,159,0,1,53.5,3,1,10,Vet,0,,20,20,0,0,0,135,0.95,56,126,2.4,2.3,125,0,2.5,2.8,3.3,3.9,4.7,4.9,4.9,132.0,149.0,178.0,210.0,249.0,262.0,262.0,0,0,,1,,,,0,,-1,BMTR Short Adventure,TYPE_RIDE,0,2024/04/28,1917017591,,7200,1815308
,201,1,,3,4353444,36,15,Yardi Agresta ,0,1815308,4353444.36,32,543660900015,15761.093,15761.213,708.764,,0.0,0,2873,,TEAM BMTR ,bbbbbb,000000,aaaaaa,0,C,167,za,139,160,0,1,53.5,3,1,10,Vet,0,,20,20,0,0,0,138,0.96,55,134,2.5,2.6,142,0,2.8,2.9,3.2,3.6,4.0,4.3,4.3,150.0,155.0,171.0,195.0,213.0,231.0,231.0,0,0,,1,,,,0,,-1,BMTR Flat 100 (Miles),TYPE_RIDE,161,2024/04/27,1656629976,,,1815308
,201,1,,3,4352097,66,28,Yardi Agresta ,0,1815308,4352097.66,27,543489300028,5400.02,5400.08,0.02,,0.0,0,2873,,TEAM BMTR ,bbbbbb,000000,aaaaaa,0,C,167,za,143,164,0,1,53.5,3,1,10,Vet,0,,20,20,0,0,0,138,0.91,58,130,2.4,2.6,140,0,2.8,3.0,3.3,3.8,4.3,5.3,5.3,148.0,159.0,174.0,201.0,232.0,282.0,282.0,0,0,,1,,,,0,,-1,BMTR Short Adventure,TYPE_RIDE,0,2024/04/26,1457923570,,3600,1815308
,201,1,,3,4311323,48,13,Yardi Agresta ,0,1815308,4311323.48,17,538046600013,2022.579,2022.699,24.004,,0.0,0,2873,,TEAM BMTR ,bbbbbb,000000,aaaaaa,0,C,167,za,167,180,0,1,53.5,3,1,10,Vet,0,,20,20,324.82,331.91,5.76,180,1.05,51,175,3.3,3.1,167,0,3.3,3.6,4.0,4.6,5.7,5.8,5.8,176.0,193.0,213.0,247.0,307.0,311.0,311.0,0,0,,1,,,,0,,-1,Stage 4: Lap It Up - Bridges and Boardwalks,TYPE_RACE TYPE_RACE ,21,2024/04/26,1760877317,3,,1815308
,201,1,,4,4350842,22,22,Yardi Agresta ,0,1815308,4350842.22,41,543346700024,5400.026,5400.026,0.025,,0.0,0,2873,,TEAM BMTR ,bbbbbb,000000,aaaaaa,0,D,167,za,134,172,0,1,53.5,3,1,10,Vet,0,,20,20,0,0,0,138,0.95,56,127,2.4,2.3,125,0,2.5,3.1,3.6,4.5,5.8,6.6,6.6,132.0,167.0,192.0,240.0,312.0,353.0,353.0,0,0,,1,,,,0,,-1,Summit City Zwift League Endurance Ride,TYPE_RIDE,0,2024/04/25,2474227587,,5400,1815308
,201,1,,3,4349056,79,36,Yardi Agresta ,0,1815308,4349056.79,30,543084000036,3600.024,3600.084,0.024,,0.0,0,2873,,TEAM BMTR ,bbbbbb,000000,aaaaaa,0,C,167,za,150,162,0,1,53.5,3,1,10,Vet,0,,20,20,0,0,0,155,1.03,52,154,2.9,2.8,151,0,3.0,3.1,3.4,3.6,3.7,4.1,4.1,159.0,167.0,180.0,194.0,200.0,222.0,222.0,0,0,,1,,,,0,,-1,BMTR Short Adventure,TYPE_RIDE,0,2024/04/24,3302953739,,3600,1815308
,201,1,,2,4348433,7,7,Yardi Agresta ,0,1815308,4348433.7,43,542979300007,1743.408,1563.588,25.226,,0.0,0,2873,,TEAM BMTR ,bbbbbb,000000,aaaaaa,0,B,167,za,160,172,0,1,53.5,3,1,10,Vet,0,,20,20,324.60,337.89,6.00,179,1.1,48,176,3.3,3.1,168,0,3.3,3.5,3.7,4.1,4.8,4.8,4.8,177.0,189.0,199.0,218.0,257.0,257.0,257.0,0,0,,1,,,,0,,-1,ZRL Finals 2023/24 - Womens EMEAE Division 1 - Bowl Final (Part2),TYPE_RACE TYPE_RACE ,16,2024/04/23,1258415487,5,,1815308
,201,1,,2,4348242,8,8,Yardi Agresta ,0,1815308,4348242.8,36,542931200008,1466.862,1466.922,45.628,,0.0,0,2873,,TEAM BMTR ,bbbbbb,000000,aaaaaa,0,B,167,za,166,173,0,1,53.5,3,1,10,Vet,0,,20,20,353.59,342.65,4.75,191,1.12,47,186,3.5,3.3,177,0,3.5,3.7,3.8,4.3,5.0,5.5,5.5,187.0,196.0,206.0,231.0,266.0,293.0,293.0,0,0,,1,,,,0,,-1,ZRL Finals 2023/24 - Womens EMEAE Division 1 - Bowl Final (Part1),TYPE_RACE TYPE_RACE ,15,2024/04/23,3765339356,5,,1815308
,201,1,,3,4348539,20,0,Yardi Agresta ,0,1815308,4348539.20,18,543013800008,1895.729,1536.089,,,0.0,0,2873,,TEAM BMTR ,bbbbbb,000000,aaaaaa,0,WKG,167,us,167,179,0,1,53.5,3,0,10,Vet,0,,20,20,0,342.65,0,193,1.09,49,182,3.4,3.2,175,0,3.5,3.6,4.0,4.4,5.2,5.5,5.5,185.0,194.0,214.0,238.0,280.0,293.0,297.0,0,0,,1,,,,0,,-1,ZRL Finals 2023/24 - Open ATLANTIC Division 1 - Shield Final (Part2),TYPE_RACE TYPE_RACE ,16,2024/04/23,1258415487,5,,1815308
,201,1,,3,4348394,15,0,Yardi Agresta ,0,1815308,4348394.15,35,542969400003,1428.621,1428.741,,,0.0,0,2873,,TEAM BMTR ,bbbbbb,000000,aaaaaa,0,WKG,167,us,170,178,0,1,53.5,3,0,10,Vet,0,,20,20,0,349.64,0,200,1.11,48,188,3.5,3.3,177,0,3.5,3.8,4.0,4.7,5.5,6.4,6.7,187.0,201.0,216.0,252.0,294.0,343.0,357.0,0,0,,1,,,,0,,-1,ZRL Finals 2023/24 - Open ATLANTIC Division 1 - Shield Final (Part1),TYPE_RACE TYPE_RACE ,15,2024/04/23,3765339356,5,,1815308
,233,0,,5,4343861,9,9,Blopa&reg;,0,1714370,4343861.9,0,542371200010,7322.683,7322.683,1.47,,0.0,1,2873,,TEAM BMTR ,bbbbbb,000000,aaaaaa,0,E,182,uy,120,166,0,1,67.0,3,1,1,Mas,0,,20,0,0,0,0,155,1.17,57,140,2.1,2.4,165,0,2.6,2.9,3.0,3.3,3.4,3.6,3.9,174.0,192.0,201.0,221.0,228.0,243.0,260.0,0,0,,1,,,,0,,-1,BanditZ Tronathon (Banded),TYPE_RIDE,48,2024/04/21,4009235104,,,1714370
,201,1,,3,4343837,14,14,Yardi Agresta ,0,1815308,4343837.14,43,542366100014,7200.006,7200.006,0.006,,0.0,0,2873,,TEAM BMTR ,bbbbbb,000000,aaaaaa,0,C,167,za,143,167,0,1,53.5,3,1,10,Vet,0,,20,20,0,0,0,125,0.86,62,123,2.3,2.4,128,0,2.5,2.7,2.7,2.8,3.0,3.3,3.3,135.0,143.0,147.0,151.0,158.0,176.0,176.0,0,0,,1,,,,0,,-1,BMTR Short Adventure,TYPE_RIDE,0,2024/04/21,3407362320,,7200,1815308
,201,1,,3,4341484,83,40,Yardi Agresta ,0,1815308,4341484.83,36,542030800040,5400.025,5400.085,0.025,,0.0,0,2873,,TEAM BMTR ,bbbbbb,000000,aaaaaa,0,C,167,za,143,165,0,1,53.5,3,1,10,Vet,0,,20,20,0,0,0,135,0.89,60,127,2.4,2.4,128,0,2.5,2.8,3.4,3.8,4.5,4.9,4.9,135.0,151.0,182.0,206.0,241.0,264.0,264.0,0,0,,1,,,,0,,-1,BMTR Short Adventure,TYPE_RIDE,0,2024/04/19,2207442179,,3600,1815308
,201,1,,1,4340233,12,5,Yardi Agresta ,0,1815308,4340233.12,30,541855200005,2740.112,2740.112,0.827,,0.0,0,2873,,TEAM BMTR ,bbbbbb,000000,aaaaaa,0,L,167,za,162,171,0,1,53.5,3,1,10,Vet,0,,20,20,0,0,0,178,1.07,49,174,3.3,3.1,167,0,3.3,3.5,3.6,4.0,4.5,5.3,5.5,176.0,185.0,192.0,215.0,243.0,285.0,293.0,0,1,,1,,,,0,,-1,5 Years of the WTRL Team Time Trial - Zone 11,TYPE_TEAM_TIME_TRIAL TYPE_RACE ,31,2024/04/18,1880443431,1,,1815308
,201,1,,5,4340219,4,4,Yardi Agresta ,0,1815308,4340219.4,26,541852700004,4200.0,4200.0,0.486,,0.0,0,2873,,TEAM BMTR ,bbbbbb,000000,aaaaaa,0,E,167,za,132,151,0,1,53.5,3,1,10,Vet,0,,20,20,0,0,0,117,0.87,61,115,2.2,2.0,112,0,2.2,2.4,2.6,3.0,3.3,3.4,3.4,118.0,126.0,137.0,159.0,177.0,180.0,180.0,0,0,,1,,,,0,,-1,"Striders and Riders of Zwift: Contenders, Pretenders, & Rear-Enders Social Ride",TYPE_RIDE,0,2024/04/18,1917017591,,4200,1815308
,201,1,,1,4340195,61,6,Yardi Agresta ,0,1815308,4340195.61,23,541846500006,2721.45,2721.45,0.558,,0.0,0,2873,,TEAM BMTR ,bbbbbb,000000,aaaaaa,0,L,167,za,165,176,0,1,53.5,3,1,10,Vet,0,,20,20,0,0,0,178,1.05,50,174,3.3,3.1,167,0,3.3,3.5,3.7,4.2,4.5,4.8,5.0,176.0,187.0,200.0,224.0,242.0,258.0,268.0,0,1,,1,,,,0,,-1,5 Years of the WTRL Team Time Trial - Zone 10,TYPE_TEAM_TIME_TRIAL TYPE_RACE ,31,2024/04/18,1880443431,1,,1815308
,201,1,,3,4338682,81,50,Yardi Agresta ,0,1815308,4338682.81,39,541642300050,3600.028,3600.088,0.028,,0.0,0,2873,,TEAM BMTR ,bbbbbb,000000,aaaaaa,0,C,167,za,139,160,0,1,53.5,3,1,10,Vet,0,,20,20,0,0,0,141,0.96,55,133,2.5,2.5,134,0,2.7,3.0,3.4,3.6,4.1,4.3,4.3,142.0,163.0,180.0,191.0,217.0,232.0,232.0,0,0,,1,,,,0,,-1,BMTR Short Adventure,TYPE_RIDE,0,2024/04/17,1880443431,,3600,1815308
,201,1,,2,4341297,60,29,Yardi Agresta ,0,1815308,4341297.60,50,541994200029,2201.702,2201.762,115.49,,0.0,0,2873,,TEAM BMTR ,bbbbbb,000000,aaaaaa,0,B,167,za,161,170,0,1,53.5,3,1,10,Vet,0,,20,20,0,0,0,176,1.09,49,175,3.3,3.0,165,0,3.3,3.5,3.7,3.9,4.2,4.4,4.4,174.0,188.0,196.0,207.0,225.0,238.0,238.0,0,0,,1,,,,0,,-1,ZRL Finals 2023/24 - Semi-Final 2,TYPE_TEAM_TIME_TRIAL TYPE_RACE ,25,2024/04/16,1776635757,1,,1815308
,201,1,,4,4337070,9,0,Yardi Agresta ,0,1815308,4337070.9,27,541446000009,3600.002,3600.002,0,,0.0,0,2873,,TEAM BMTR ,bbbbbb,000000,aaaaaa,0,N/A,167,us,145,157,0,1,53.5,3,1,10,Vet,0,,20,20,0,0,0,139,0.94,57,136,2.5,2.5,135,0,2.7,2.8,3.0,3.3,3.6,4.0,4.3,143.0,149.0,159.0,179.0,192.0,215.0,228.0,0,0,,1,,,,0,,-1,REVO Social SUB2,TYPE_RIDE,0,2024/04/16,1917017591,,3600,1815308
,201,1,,3,4341294,70,18,Yardi Agresta ,0,1815308,4341294.70,21,541993100018,2190.869,2190.989,69.157,,0.0,0,2873,,TEAM BMTR ,bbbbbb,000000,aaaaaa,0,C,167,za,165,174,0,1,53.5,3,1,10,Vet,0,,20,20,0,0,0,185,1.1,48,182,3.4,3.2,172,0,3.4,3.6,3.8,4.0,4.4,4.8,5.3,182.0,194.0,205.0,214.0,235.0,259.0,283.0,0,0,,1,,,,0,,-1,ZRL Finals 2023/24 - Semi-Final 2,TYPE_TEAM_TIME_TRIAL TYPE_RACE ,25,2024/04/16,1776635757,1,,1815308
,201,1,,3,4335272,24,2,Yardi Agresta ,0,1815308,4335272.24,27,541237800004,3600.001,3600.121,0.001,,0.0,0,2873,,TEAM BMTR ,bbbbbb,000000,aaaaaa,0,C,167,za,149,169,0,1,53.5,3,1,10,Vet,0,,20,20,0,0,0,153,0.96,55,143,2.7,2.8,151,0,3.0,3.4,3.7,4.3,5.4,5.9,5.9,159.0,183.0,198.0,230.0,287.0,314.0,314.0,0,0,,1,,,,0,,-1,BMTR Short Adventure,TYPE_RIDE,0,2024/04/15,1776635757,,3600,1815308
,201,1,,3,4311100,59,17,Yardi Agresta ,0,1815308,4311100.59,23,537937900017,1998.599,1998.719,61.126,,0.0,0,2873,,TEAM BMTR ,bbbbbb,000000,aaaaaa,0,C,167,za,164,174,0,1,53.5,3,1,10,Vet,0,,20,20,347.12,350.12,6.77,182,1.09,49,178,3.3,3.2,172,0,3.4,3.6,3.8,4.2,4.7,5.3,5.9,182.0,195.0,203.0,224.0,249.0,282.0,316.0,0,0,,1,,,,0,,-1,Stage 3: Lap It Up - Seaside Sprint,TYPE_RACE TYPE_RACE ,22,2024/04/15,3454338139,3,,1815308
,201,1,,3,4332401,41,41,Yardi Agresta ,0,1815308,4332401.41,28,540797400041,7200.031,7200.031,0.031,,0.0,0,2873,,TEAM BMTR ,bbbbbb,000000,aaaaaa,0,C,167,za,143,162,0,1,53.5,3,1,10,Vet,0,,20,20,0,0,0,134,0.92,57,132,2.5,2.5,135,0,2.7,2.8,3.0,3.1,3.3,3.4,3.4,143.0,148.0,158.0,166.0,174.0,182.0,182.0,0,0,,1,,,,0,,-1,BMTR Short Adventure,TYPE_RIDE,0,2024/04/14,1917017591,,7200,1815308
,201,1,,1,4308677,12,12,Yardi Agresta ,0,1815308,4308677.12,31,537484300012,4046.969,4046.969,587.874,,0.0,0,2873,,TEAM BMTR ,bbbbbb,000000,aaaaaa,0,A,167,za,0,0,0,0,53.5,3,1,10,Vet,0,,20,20,0,0,0,166,0.0,0,161,3.0,3.0,161,0,3.2,3.5,3.7,4.2,5.3,6.3,6.3,170.0,189.0,196.0,224.0,286.0,336.0,336.0,0,0,,1,,,,0,,-1,Stage 2 | The Zwift Big Spin 2024,TYPE_RIDE,36,2024/04/13,3569674525,1,,1815308
,201,1,,3,4329500,68,26,Yardi Agresta ,0,1815308,4329500.68,28,540381800026,5400.015,5400.075,0.507,,0.0,0,2873,,TEAM BMTR ,bbbbbb,000000,aaaaaa,0,C,167,za,141,152,0,1,53.5,3,1,10,Vet,0,,20,20,0,0,0,138,0.96,55,135,2.5,2.5,133,0,2.6,2.8,2.9,3.0,3.3,3.4,3.4,141.0,149.0,153.0,161.0,176.0,181.0,181.0,0,0,,1,,,,0,,-1,BMTR Short Adventure,TYPE_RIDE,0,2024/04/12,2128890027,,3600,1815308
,201,1,,3,4310993,43,21,Yardi Agresta ,0,1815308,4310993.43,30,537888400024,1787.976,1788.096,69.932,,0.0,0,2873,,TEAM BMTR ,bbbbbb,000000,aaaaaa,0,C,167,za,162,174,0,1,53.5,3,1,10,Vet,0,,20,20,488.54,350.13,0,178,1.07,49,174,3.3,3.1,166,0,3.3,3.5,3.8,4.2,4.6,5.1,5.5,175.0,185.0,203.0,225.0,245.0,272.0,295.0,0,0,,1,,,,0,,-1,Stage 2: Lap It Up - Glasgow Crit Circuit Reverse,TYPE_RACE TYPE_RACE ,19,2024/04/11,1258415487,6,,1815308
,201,1,,1,4327953,14,3,Yardi Agresta ,0,1815308,4327953.14,24,540183100003,3804.559,3804.559,0.42,,0.0,0,2873,,TEAM BMTR ,bbbbbb,000000,aaaaaa,0,A,167,za,159,172,0,1,53.5,3,1,10,Vet,0,,20,20,0,0,0,167,1.03,52,163,3.1,3.0,160,0,3.2,3.2,3.6,4.1,4.4,4.8,5.2,169.0,173.0,194.0,220.0,237.0,258.0,278.0,0,0,,1,,,,0,,-1,WTRL Team Time Trial - Zone 11,TYPE_TEAM_TIME_TRIAL TYPE_RACE ,43,2024/04/11,604330868,2,,1815308
,201,1,,1,4327918,58,5,Yardi Agresta ,0,1815308,4327918.58,21,540175000005,3868.568,3868.568,3.672,,0.0,0,2873,,TEAM BMTR ,bbbbbb,000000,aaaaaa,0,L,167,za,158,172,0,1,53.5,3,1,10,Vet,0,,20,20,0,0,0,167,1.02,52,161,3.0,2.9,159,0,3.1,3.3,3.8,4.2,4.9,5.2,5.3,168.0,179.0,201.0,225.0,264.0,278.0,286.0,0,1,,1,,,,0,,-1,WTRL Team Time Trial - Zone 10,TYPE_TEAM_TIME_TRIAL TYPE_RACE ,43,2024/04/11,604330868,2,,1815308
,201,1,,3,4326026,48,26,Yardi Agresta ,0,1815308,4326026.48,28,539885500026,3600.015,3600.075,0.015,,0.0,0,2873,,TEAM BMTR ,bbbbbb,000000,aaaaaa,0,C,167,za,145,170,0,1,53.5,3,1,10,Vet,0,,20,20,0,0,0,144,0.88,60,128,2.4,2.4,129,0,2.5,3.1,4.1,4.7,5.5,6.0,6.0,136.0,167.0,217.0,250.0,292.0,322.0,322.0,0,0,,1,,,,0,,-1,BMTR Short Adventure,TYPE_RIDE,0,2024/04/10,604330868,,3600,1815308
,201,1,,2,4308688,119,66,Yardi Agresta ,0,1815308,4308688.119,26,537486500066,1593.738,1593.798,132.643,,0.0,0,2873,,TEAM BMTR ,bbbbbb,000000,aaaaaa,0,B,167,za,160,174,0,1,53.5,3,1,10,Vet,0,,20,20,0,0,0,178,1.1,48,176,3.3,3.1,166,0,3.3,3.6,3.8,3.9,4.3,4.6,4.6,175.0,193.0,201.0,208.0,229.0,247.0,247.0,0,0,,1,,,,0,,-1,Stage 2 | The Zwift Big Spin 2024,TYPE_RIDE,36,2024/04/10,3569674525,1,,1815308
,201,1,,2,4331779,18,14,Yardi Agresta ,0,1815308,4331779.18,45,540675400014,2964.599,2964.659,54.658,,0.0,0,2873,,TEAM BMTR ,bbbbbb,000000,aaaaaa,0,B,167,za,175,184,0,1,53.5,3,1,10,Vet,0,,20,20,354.60,361.46,11.34,194,1.09,49,190,3.6,3.4,186,0,3.7,3.8,4.1,4.5,5.4,5.5,5.5,196.0,202.0,218.0,243.0,291.0,293.0,293.0,0,0,,1,,,,0,,-1,ZRL Finals 2023/24 - Womens EMEAE Division 1 Plate Semi-Final - Pool 1 (A;B;C;D),TYPE_RACE TYPE_RACE ,32,2024/04/09,46799750,3,,1815308
,201,1,,3,4321067,59,36,Yardi Agresta ,0,1815308,4321067.59,26,539352500036,3600.014,3600.134,0.014,,0.0,0,2873,,TEAM BMTR ,bbbbbb,000000,aaaaaa,0,C,167,za,147,167,0,1,53.5,3,1,10,Vet,0,,20,20,0,0,0,139,0.89,60,131,2.5,2.4,132,0,2.6,2.9,3.5,4.0,4.7,5.4,5.4,139.0,155.0,188.0,212.0,253.0,291.0,291.0,0,0,,1,,,,0,,-1,BMTR Short Adventure,TYPE_RIDE,0,2024/04/08,46799750,,3600,1815308
,201,1,,3,4319203,13,13,Yardi Agresta ,0,1815308,4319203.13,41,539125600013,7200.01,7200.01,0.009,,0.0,0,2873,,TEAM BMTR ,bbbbbb,000000,aaaaaa,0,C,167,za,145,162,0,1,53.5,3,1,10,Vet,0,,20,20,0,0,0,137,0.93,57,135,2.5,2.4,133,0,2.6,2.7,2.8,3.0,3.2,3.5,3.5,140.0,146.0,151.0,158.0,172.0,185.0,185.0,0,0,,1,,,,0,,-1,BMTR Short Adventure,TYPE_RIDE,0,2024/04/07,3356878261,,7200,1815308
,201,1,,3,4317876,49,18,Yardi Agresta ,0,1815308,4317876.49,38,538947700018,15419.082,15419.202,491.104,,0.0,0,2873,,TEAM BMTR ,bbbbbb,000000,aaaaaa,0,C,167,za,153,179,0,1,53.5,3,1,10,Vet,0,,20,20,0,0,0,155,0.96,55,147,2.8,3.0,164,0,3.2,3.5,4.0,4.8,6.0,7.3,7.3,173.0,188.0,214.0,256.0,322.0,391.0,391.0,0,0,,1,,,,0,,-1,BMTR Flat 100 (Miles),TYPE_RIDE,161,2024/04/06,1917017591,,,1815308
,201,1,,3,4316543,52,9,Yardi Agresta ,0,1815308,4316543.52,26,538775300009,5400.006,5400.066,0.005,,0.0,0,2873,,TEAM BMTR ,bbbbbb,000000,aaaaaa,0,C,167,za,151,174,0,1,53.5,3,1,10,Vet,0,,20,20,0,0,0,146,0.89,59,135,2.5,2.6,143,0,2.8,3.2,3.6,4.2,5.1,5.6,5.6,151.0,171.0,194.0,227.0,274.0,302.0,302.0,0,0,,1,,,,0,,-1,BMTR Short Adventure,TYPE_RIDE,0,2024/04/05,1064303857,,3600,1815308
,201,1,,1,4260281,73,73,Yardi Agresta ,0,1815308,4260281.73,28,531163100073,4777.515,4777.515,870.08,,0.0,0,2873,,TEAM BMTR ,bbbbbb,000000,aaaaaa,0,A,167,za,155,174,0,1,53.5,3,1,10,Vet,0,,20,20,0,0,0,156,0.97,54,151,2.8,2.8,152,0,3.0,3.3,3.6,4.3,4.8,4.9,4.9,160.0,179.0,193.0,231.0,257.0,261.0,261.0,0,0,,1,,,,0,,-1,Stage 4 | The Zwift Big Spin 2024,TYPE_RIDE,47,2024/04/04,3919912289,2,,1815308
,201,1,,3,4313137,91,41,Yardi Agresta ,0,1815308,4313137.91,37,538317700041,3600.019,3600.079,0.019,,0.0,0,2873,,TEAM BMTR ,bbbbbb,000000,aaaaaa,0,C,167,za,149,163,0,1,53.5,3,1,10,Vet,0,,20,20,0,0,0,135,0.88,60,131,2.5,2.3,125,0,2.5,2.6,2.8,3.2,4.7,5.2,5.2,132.0,140.0,152.0,171.0,250.0,278.0,278.0,0,0,,1,,,,0,,-1,BMTR Short Adventure,TYPE_RIDE,0,2024/04/03,1917017591,,3600,1815308
,201,1,,3,4310731,67,18,Yardi Agresta ,0,1815308,4310731.67,31,537760100021,2221.15,2221.27,84.624,,0.0,0,2873,,TEAM BMTR ,bbbbbb,000000,aaaaaa,0,C,167,za,168,180,0,1,53.5,3,1,10,Vet,0,,20,20,495.84,361.49,0,172,1.01,53,169,3.2,3.0,165,0,3.3,3.5,3.8,4.2,4.9,5.5,5.8,174.0,188.0,202.0,226.0,260.0,294.0,311.0,0,0,,1,,,,0,,-1,Stage 1: Lap It Up - Champs Elysees,TYPE_RACE TYPE_RACE ,23,2024/04/02,3364574135,3,,1815308
,201,1,,4,4310328,3,3,Yardi Agresta ,0,1815308,4310328.3,35,537676900023,26.958,3600.023,3.029,,0.0,0,2873,,TEAM BMTR ,bbbbbb,000000,aaaaaa,0,F,167,za,160,178,0,1,53.5,3,1,10,Vet,0,,20,20,0,0,0,154,0.93,57,148,2.8,2.7,149,0,2.9,3.2,3.8,4.2,5.3,6.2,6.2,157.0,172.0,201.0,226.0,285.0,332.0,332.0,0,0,,1,,,,0,,-1,GGCC Glasgow Green Cycle Club Tuesday Training Ride,TYPE_RIDE,0,2024/04/02,2474227587,,3600,1815308
,201,1,,3,4307785,39,18,Yardi Agresta ,0,1815308,4307785.39,33,537240800018,3600.008,3600.128,0.008,,0.0,0,2873,,TEAM BMTR ,bbbbbb,000000,aaaaaa,0,C,167,za,153,175,0,1,53.5,3,1,10,Vet,0,,20,20,0,0,0,147,0.91,58,139,2.6,2.5,138,0,2.7,3.3,3.7,3.8,4.2,4.6,4.6,146.0,175.0,199.0,203.0,227.0,248.0,248.0,0,0,,1,,,,0,,-1,BMTR Short Adventure,TYPE_RIDE,0,2024/04/01,3379779247,,3600,1815308
,201,1,,2,4260215,357,110,Yardi Agresta ,0,1815308,4260215.357,27,531150000110,2478.9,2478.96,203.684,,0.0,0,2873,,TEAM BMTR ,bbbbbb,000000,aaaaaa,0,B,167,za,161,171,0,1,53.5,3,1,10,Vet,0,,20,20,0,0,0,169,1.03,51,166,3.1,2.9,157,0,3.1,3.3,3.5,3.9,4.4,4.8,4.8,166.0,176.0,187.0,210.0,235.0,258.0,258.0,0,0,,1,,,,0,,-1,Stage 4 | The Zwift Big Spin 2024,TYPE_RIDE,47,2024/04/01,3919912289,2,,1815308
,201,1,,2,4260269,347,84,Yardi Agresta ,0,1815308,4260269.347,27,531160800084,2470.81,2470.87,189.439,,0.0,0,2873,,TEAM BMTR ,bbbbbb,000000,aaaaaa,0,B,167,za,166,172,0,1,53.5,3,1,10,Vet,0,,20,20,0,0,0,171,1.02,52,170,3.2,3.0,161,0,3.2,3.3,3.5,3.7,4.0,4.2,4.2,170.0,178.0,187.0,196.0,215.0,227.0,227.0,0,0,,1,,,,0,,-1,Stage 4 | The Zwift Big Spin 2024,TYPE_RIDE,47,2024/04/01,3919912289,2,,1815308
,201,1,,3,4305064,15,15,Yardi Agresta ,0,1815308,4305064.15,27,536671800015,7200.006,7200.006,0.006,,0.0,0,2873,,TEAM BMTR ,bbbbbb,000000,aaaaaa,0,C,167,za,136,159,0,1,53.5,3,1,10,Vet,0,,20,20,0,0,0,129,0.88,61,119,2.2,2.2,122,0,2.4,2.7,3.3,4.0,4.3,4.6,4.6,129.0,142.0,178.0,213.0,232.0,248.0,248.0,0,0,,1,,,,0,,-1,BMTR Short Adventure,TYPE_RIDE,0,2024/03/31,2653858696,,7200,1815308
,233,0,,3,4233734,83,0,Blopa&reg;,0,1714370,4233734.83,0,527879000041,1462.923,1463.043,0,,0.0,1,2873,,TEAM BMTR ,bbbbbb,000000,aaaaaa,0,HR,182,uy,0,0,0,0,67.0,3,1,1,Mas,0,,20,0,0,590.78,0,189,0.0,0,185,2.8,2.6,177,0,2.8,3.0,3.2,3.2,3.6,3.9,4.1,187.0,200.0,212.0,217.0,241.0,260.0,276.0,0,0,,1,,,,0,,-1,Stage 5 | Zwift Games Climb,TYPE_RACE TYPE_RACE ,17,2024/03/30,2663908549,1,,1714370
,201,1,,3,4302984,59,13,Yardi Agresta ,0,1815308,4302984.59,162,536418000013,15250.973,15251.093,112.868,,0.0,0,2873,,TEAM BMTR ,bbbbbb,000000,aaaaaa,0,C,167,za,153,174,0,1,53.5,3,1,10,Vet,0,,20,20,0,0,0,154,0.95,56,146,2.7,3.0,160,0,3.2,3.5,3.9,4.8,5.6,6.3,6.3,169.0,185.0,208.0,259.0,300.0,338.0,338.0,0,0,,1,,,,0,,-1,BMTR Flat 100 (Miles),TYPE_RIDE,161,2024/03/30,3407362320,,,1815308
,201,1,,3,4300995,94,57,Yardi Agresta ,0,1815308,4300995.94,33,536179900057,5400.031,5400.091,0.031,,0.0,0,2873,,TEAM BMTR ,bbbbbb,000000,aaaaaa,0,C,167,za,148,164,0,1,53.5,3,1,10,Vet,0,,20,20,0,0,0,134,0.89,60,131,2.5,2.4,132,0,2.6,2.7,3.0,3.1,3.5,3.6,3.6,139.0,145.0,161.0,165.0,187.0,192.0,192.0,0,0,,1,,,,0,,-1,BMTR Short Adventure,TYPE_RIDE,0,2024/03/29,2128890027,,3600,1815308
,233,0,,5,4299274,4,4,Blopa&reg;,0,1714370,4299274.4,0,535983200004,1800.012,1800.012,0.009,,0.0,1,2873,,TEAM BMTR ,bbbbbb,000000,aaaaaa,0,E,182,uy,0,0,0,0,67.0,3,1,1,Mas,0,,20,0,0,0,0,173,0.0,0,168,2.5,2.4,166,0,2.6,2.9,3.0,3.3,3.9,4.0,4.2,175.0,193.0,200.0,218.0,260.0,269.0,281.0,0,0,,1,,,,0,,-1,GTN Kit Unlock Ride,TYPE_RIDE,0,2024/03/28,1635842477,,1800,1714370
,201,1,,1,4299127,44,5,Yardi Agresta ,0,1815308,4299127.44,28,535945900005,3304.761,3304.761,0.195,,0.0,0,2873,,TEAM BMTR ,bbbbbb,000000,aaaaaa,0,L,167,za,170,178,0,1,53.5,3,1,10,Vet,0,,20,20,0,0,0,165,0.94,56,160,3.0,2.9,158,0,3.1,3.4,3.7,3.9,4.2,4.7,5.5,167.0,181.0,199.0,209.0,227.0,249.0,292.0,0,1,,1,,,,0,,-1,WTRL Team Time Trial - Zone 10,TYPE_TEAM_TIME_TRIAL TYPE_RACE ,37,2024/03/28,3994934674,3,,1815308
,201,1,,3,4297082,80,38,Yardi Agresta ,0,1815308,4297082.80,40,535673400038,3600.021,3600.081,0.021,,0.0,0,2873,,TEAM BMTR ,bbbbbb,000000,aaaaaa,0,C,167,za,146,158,0,1,53.5,3,1,10,Vet,0,,20,20,0,0,0,135,0.89,60,130,2.4,2.4,128,0,2.5,2.7,3.0,3.3,3.8,3.9,3.9,135.0,145.0,158.0,175.0,205.0,211.0,211.0,0,0,,1,,,,0,,-1,BMTR Short Adventure,TYPE_RIDE,0,2024/03/27,3994934674,,3600,1815308
,201,1,,3,4292969,57,47,Yardi Agresta ,0,1815308,4292969.57,47,535201300047,3600.03,3600.15,0.03,,0.0,0,2873,,TEAM BMTR ,bbbbbb,000000,aaaaaa,0,C,167,za,148,171,0,1,53.5,3,1,10,Vet,0,,20,20,0,0,0,146,0.93,57,137,2.6,2.7,149,0,2.9,3.2,3.7,3.8,4.0,4.3,4.3,157.0,171.0,196.0,206.0,214.0,231.0,231.0,0,0,,1,,,,0,,-1,BMTR Short Adventure,TYPE_RIDE,0,2024/03/25,3261167746,,3600,1815308
,201,1,,2,4260035,325,173,Yardi Agresta ,0,1815308,4260035.325,26,531114300173,2065.431,2065.491,336.268,,0.0,0,2873,,TEAM BMTR ,bbbbbb,000000,aaaaaa,0,B,167,za,164,174,0,1,53.5,3,1,10,Vet,0,,20,20,0,0,0,176,1.06,50,174,3.3,3.1,168,0,3.3,3.5,3.6,3.8,3.9,4.1,4.1,177.0,185.0,192.0,202.0,209.0,218.0,218.0,0,0,,1,,,,0,,-1,Stage 3 | The Zwift Big Spin 2024,TYPE_RIDE,37,2024/03/25,2372883204,1,,1815308
,201,1,,3,4290704,66,26,Yardi Agresta ,0,1815308,4290704.66,42,534923700055,7200.019,7200.019,0.019,,0.0,0,2873,,TEAM BMTR ,bbbbbb,000000,aaaaaa,0,D,167,za,136,165,0,1,53.5,3,1,10,Vet,0,,20,20,0,0,0,135,0.92,58,125,2.3,2.4,130,0,2.6,2.9,3.6,4.0,4.6,4.8,4.8,137.0,153.0,195.0,215.0,248.0,259.0,259.0,0,0,,1,,,,0,,-1,BMTR Short Adventure,TYPE_RIDE,0,2024/03/24,1917017591,,7200,1815308
,201,1,,3,4288706,70,15,Yardi Agresta ,0,1815308,4288706.70,162,534678600015,15331.452,15331.572,282.632,,0.0,0,2873,,TEAM BMTR ,bbbbbb,000000,aaaaaa,0,C,167,za,152,174,0,1,53.5,3,1,10,Vet,0,,20,20,0,0,0,146,0.92,58,140,2.6,2.9,159,0,3.1,3.3,3.6,3.9,4.3,4.5,4.5,168.0,178.0,193.0,209.0,231.0,243.0,243.0,0,0,,1,,,,0,,-1,BMTR Flat 100 (Miles),TYPE_RIDE,161,2024/03/23,986252325,,,1815308
,233,0,,3,4233357,266,0,Blopa&reg;,0,1714370,4233357.266,0,527729400092,4455.929,4456.049,0,,0.0,1,2873,,TEAM BMTR ,bbbbbb,000000,aaaaaa,0,HR,182,uy,0,0,0,0,67.0,3,1,1,Mas,0,,20,0,0,590.78,0,169,0.0,0,163,2.4,2.4,162,0,2.6,2.8,3.5,4.1,4.7,5.0,6.3,171.0,190.0,237.0,278.0,312.0,334.0,425.0,0,0,,1,,,,0,,-1,Stage 3 | Zwift Games 2024 - Epic,TYPE_RACE TYPE_RACE ,82,2024/03/23,762151244,1,,1714370
,201,1,,3,4286965,106,66,Yardi Agresta ,0,1815308,4286965.106,39,534465200066,5400.033,5400.093,0.033,,0.0,0,2873,,TEAM BMTR ,bbbbbb,000000,aaaaaa,0,C,167,za,149,174,0,1,53.5,3,1,10,Vet,0,,20,20,0,0,0,140,0.88,60,131,2.5,2.6,140,0,2.8,3.3,3.7,3.8,4.3,5.2,5.2,148.0,178.0,196.0,206.0,228.0,280.0,280.0,0,0,,1,,,,0,,-1,BMTR Short Adventure,TYPE_RIDE,0,2024/03/22,3367186349,,3600,1815308
,201,1,,3,4282998,63,26,Yardi Agresta ,0,1815308,4282998.63,28,533912900026,3600.013,3600.073,0.013,,0.0,0,2873,,TEAM BMTR ,bbbbbb,000000,aaaaaa,0,C,167,za,148,175,0,1,53.5,3,1,10,Vet,0,,20,20,0,0,0,139,0.86,61,128,2.4,2.3,127,0,2.5,3.0,3.5,4.5,5.1,6.5,6.5,134.0,162.0,187.0,241.0,274.0,347.0,347.0,0,0,,1,,,,0,,-1,BMTR Short Adventure,TYPE_RIDE,0,2024/03/20,1776635757,,3600,1815308
,201,1,,2,4139459,16,15,Yardi Agresta ,0,1815308,4139459.16,34,515934700015,2986.493,2986.553,163.645,,0.0,0,2873,,TEAM BMTR ,bbbbbb,000000,aaaaaa,0,B,167,za,170,181,0,1,53.5,3,1,10,Vet,0,,20,20,381.05,369.95,8.48,184,1.05,50,179,3.3,3.2,172,0,3.4,3.8,4.3,5.1,6.1,6.4,6.4,182.0,203.0,232.0,274.0,324.0,340.0,340.0,0,0,,1,,62,,0,,-1,Iceni Womens Series: Presented by Aeonian Race Team & The Warrior Games,TYPE_RACE TYPE_RACE ,28,2024/03/19,2905381067,1,,1815308
,233,0,,3,4281256,111,0,Blopa&reg;,0,1714370,4281256.111,0,533722500060,2835.079,2835.199,0,,0.0,1,2873,,TEAM BMTR ,bbbbbb,000000,aaaaaa,0,HR,182,uy,0,0,0,0,67.0,3,1,1,Mas,0,,20,0,0,590.78,0,182,0.0,0,177,2.6,2.5,173,0,2.7,3.0,3.1,3.5,4.3,4.9,6.3,183.0,203.0,210.0,237.0,288.0,326.0,423.0,0,0,,1,,,,0,,-1,Stage 1 | Loop de Loop - Sprint Race 1 |Zwift Games,TYPE_RACE TYPE_RACE ,13,2024/03/19,243949867,1,,1714370
,201,1,,3,4278336,51,37,Yardi Agresta ,0,1815308,4278336.51,29,533366300037,3600.023,3600.143,0.023,,0.0,0,2873,,TEAM BMTR ,bbbbbb,000000,aaaaaa,0,C,167,za,140,151,0,1,53.5,3,1,10,Vet,0,,20,20,0,0,0,132,0.92,58,129,2.4,2.3,127,0,2.5,2.7,2.8,3.0,3.6,4.1,4.1,134.0,143.0,151.0,159.0,191.0,222.0,222.0,0,0,,1,,,,0,,-1,BMTR Short Adventure,TYPE_RIDE,0,2024/03/18,3454338139,,3600,1815308
,201,1,,2,4259869,232,81,Yardi Agresta ,0,1815308,4259869.232,26,531081200081,1558.692,1558.752,140.839,,0.0,0,2873,,TEAM BMTR ,bbbbbb,000000,aaaaaa,0,B,167,za,163,171,0,1,53.5,3,1,10,Vet,0,,20,20,0,0,0,176,1.07,49,175,3.3,3.0,165,0,3.3,3.4,3.5,3.7,4.3,4.7,4.7,174.0,184.0,186.0,200.0,230.0,254.0,254.0,0,0,,1,,,,0,,-1,Stage 2 | The Zwift Big Spin 2024,TYPE_RIDE,36,2024/03/18,3569674525,1,,1815308
,201,1,,3,4275739,36,27,Yardi Agresta ,0,1815308,4275739.36,40,533045100053,7200.026,7200.026,0.026,,0.0,0,2873,,TEAM BMTR ,bbbbbb,000000,aaaaaa,0,C,167,za,145,165,0,1,53.5,3,1,10,Vet,0,,20,20,0,0,0,146,0.95,56,138,2.6,2.7,147,0,2.9,3.4,3.7,4.3,4.5,4.6,4.6,155.0,180.0,199.0,230.0,241.0,246.0,246.0,0,0,,1,,,,0,,-1,BMTR Short Adventure,TYPE_RIDE,0,2024/03/17,3453194200,,7200,1815308
,201,1,,3,4273419,49,5,Yardi Agresta ,0,1815308,4273419.49,53,532773300005,15290.839,15290.959,47.166,,0.0,0,2873,,TEAM BMTR ,bbbbbb,000000,aaaaaa,0,C,167,za,149,176,0,1,53.5,3,1,10,Vet,0,,20,20,0,0,0,150,0.98,54,146,2.7,2.8,153,0,3.0,3.3,3.6,4.0,4.8,5.8,5.8,162.0,174.0,192.0,215.0,259.0,310.0,310.0,0,0,,1,,,,0,,-1,BMTR Flat 100 (Miles),TYPE_RIDE,161,2024/03/16,1656629976,,,1815308
,233,0,,3,4233743,84,0,Blopa&reg;,0,1714370,4233743.84,0,527882600035,1569.979,1570.099,0,,0.0,1,2873,,TEAM BMTR ,bbbbbb,000000,aaaaaa,0,HR,182,uy,0,0,0,0,67.0,3,1,1,Mas,0,,20,0,0,590.78,0,213,0.0,0,206,3.1,2.8,193,0,3.0,3.4,3.8,4.4,4.8,6.1,6.9,204.0,225.0,253.0,298.0,324.0,408.0,462.0,0,0,,1,,,,0,,-1,Stage 4 | Glasgow Crit Circuit - Sprint Race 3 | Zwift Games,TYPE_RACE TYPE_RACE ,15,2024/03/15,3765339356,5,,1714370
,201,1,,3,4271399,38,3,Yardi Agresta ,0,1815308,4271399.38,29,532531000002,5400.0,5400.06,0,,0.0,0,2873,,TEAM BMTR ,bbbbbb,000000,aaaaaa,0,C,167,za,150,165,0,1,53.5,3,1,10,Vet,0,,20,20,0,0,0,141,0.92,58,138,2.6,2.5,135,0,2.7,2.8,2.9,3.2,3.7,3.9,3.9,143.0,150.0,156.0,172.0,198.0,208.0,208.0,0,0,,1,,,,0,,-1,BMTR Short Adventure,TYPE_RIDE,0,2024/03/15,1880443431,,3600,1815308
,201,1,,2,4259679,426,217,Yardi Agresta ,0,1815308,4259679.426,26,531043600217,1878.44,1878.5,312.795,,0.0,0,2873,,TEAM BMTR ,bbbbbb,000000,aaaaaa,0,B,167,za,136,157,0,1,53.5,3,1,10,Vet,0,,20,20,0,0,0,140,1.01,53,137,2.6,2.4,133,0,2.6,2.8,3.1,3.4,3.8,4.5,4.5,140.0,149.0,164.0,184.0,203.0,240.0,240.0,0,0,,1,,,,0,,-1,Stage 1 | The Zwift Big Spin 2024,TYPE_RIDE,34,2024/03/15,576953930,1,,1815308
,201,1,,1,4269743,5,5,Yardi Agresta ,0,1815308,4269743.5,27,532344300005,3179.99,3179.99,0.294,,0.0,0,2873,,TEAM BMTR ,bbbbbb,000000,aaaaaa,0,L,167,za,169,179,0,1,53.5,3,1,10,Vet,0,,20,20,0,0,0,168,0.98,54,165,3.1,3.0,161,0,3.2,3.3,3.6,3.9,4.4,4.8,5.4,170.0,179.0,193.0,207.0,237.0,257.0,287.0,0,1,,1,,,,0,,-1,WTRL Team Time Trial - Zone 11,TYPE_TEAM_TIME_TRIAL TYPE_RACE ,36,2024/03/14,3366225080,2,,1815308
,201,1,,1,4269440,45,3,Yardi Agresta ,0,1815308,4269440.45,29,532278900003,3175.523,3175.523,0.847,,0.0,0,2873,,TEAM BMTR ,bbbbbb,000000,aaaaaa,0,L,167,za,167,178,0,1,53.5,3,1,10,Vet,0,,20,20,0,0,0,170,0.99,54,165,3.1,3.0,162,0,3.2,3.4,3.8,4.1,4.6,5.0,5.0,171.0,181.0,204.0,219.0,247.0,265.0,265.0,0,1,,1,,,,0,,-1,WTRL Team Time Trial - Zone 10,TYPE_TEAM_TIME_TRIAL TYPE_RACE ,36,2024/03/14,3366225080,2,,1815308
,201,1,,3,4267082,43,13,Yardi Agresta ,0,1815308,4267082.43,57,531958700013,3600.012,3600.072,0.009,,0.0,0,2873,,TEAM BMTR ,bbbbbb,000000,aaaaaa,0,C,167,za,143,162,0,1,53.5,3,1,10,Vet,0,,20,20,0,0,0,135,0.92,57,132,2.5,2.4,132,0,2.6,3.0,3.3,3.4,3.6,3.9,3.9,139.0,162.0,174.0,183.0,194.0,211.0,211.0,0,0,,1,,,,0,,-1,BMTR Short Adventure,TYPE_RIDE,0,2024/03/13,3366225080,,3600,1815308
,201,1,,1,4259771,273,273,Yardi Agresta ,0,1815308,4259771.273,71,531061900273,4120.269,4120.269,505.173,,0.0,0,2873,,TEAM BMTR ,bbbbbb,000000,aaaaaa,0,A,167,za,159,167,0,1,53.5,3,1,10,Vet,0,,20,20,0,0,0,164,1.03,51,164,3.1,3.0,160,0,3.2,3.4,3.5,3.5,3.6,3.6,3.6,169.0,180.0,186.0,189.0,192.0,192.0,192.0,0,0,,1,,,,0,,-1,Stage 1 | The Zwift Big Spin 2024,TYPE_RIDE,34,2024/03/12,576953930,1,,1815308
,201,1,,2,4259723,331,86,Yardi Agresta ,0,1815308,4259723.331,26,531052400097,2626.57,2626.63,192.313,,0.0,0,2873,,TEAM BMTR ,bbbbbb,000000,aaaaaa,0,B,167,za,162,171,0,1,53.5,3,1,10,Vet,0,,20,20,0,0,0,168,1.02,52,165,3.1,2.9,159,0,3.1,3.3,3.5,3.6,4.0,4.5,4.5,168.0,175.0,189.0,194.0,212.0,239.0,239.0,0,0,,1,,,,0,,-1,Stage 1 | The Zwift Big Spin 2024,TYPE_RIDE,34,2024/03/12,576953930,1,,1815308
,201,1,,3,4233797,138,37,Yardi Agresta ,0,1815308,4233797.138,32,527904200041,1430.476,1430.596,64.102,,0.0,0,2873,,TEAM BMTR ,bbbbbb,000000,aaaaaa,0,C,167,za,172,180,0,1,53.5,3,1,10,Vet,0,,20,20,411.29,372.76,2.80,191,1.1,48,190,3.6,3.3,178,0,3.5,3.6,3.9,4.1,4.4,4.5,4.5,188.0,195.0,208.0,218.0,235.0,239.0,241.0,0,0,,1,,,,0,,-1,Stage 4 | Glasgow Crit Circuit - Sprint Race 3 | Zwift Games,TYPE_RACE TYPE_RACE ,15,2024/03/12,3765339356,5,,1815308
,201,1,,3,4261966,21,3,Yardi Agresta ,0,1815308,4261966.21,26,531357600003,3600.001,3600.121,0.001,,0.0,0,2873,,TEAM BMTR ,bbbbbb,000000,aaaaaa,0,C,167,za,146,172,0,1,53.5,3,1,10,Vet,0,,20,20,0,0,0,152,0.97,55,142,2.7,2.7,147,0,2.9,3.6,3.9,4.1,4.4,4.6,4.6,155.0,194.0,211.0,221.0,233.0,246.0,246.0,0,0,,1,,,,0,,-1,BMTR Short Adventure,TYPE_RIDE,0,2024/03/11,3023359358,,3600,1815308
,201,1,,3,4258705,64,16,Yardi Agresta ,0,1815308,4258705.64,49,530915600050,7200.02,7200.02,0.02,,0.0,0,2873,,TEAM BMTR ,bbbbbb,000000,aaaaaa,0,D,167,za,140,153,0,1,53.5,3,1,10,Vet,0,,20,20,0,0,0,135,0.95,56,133,2.5,2.4,131,0,2.6,2.7,2.9,3.0,3.2,3.3,3.3,138.0,146.0,154.0,160.0,173.0,175.0,175.0,0,0,,1,,,,0,,-1,BMTR Short Adventure,TYPE_RIDE,0,2024/03/10,1776635757,,7200,1815308
,201,1,,3,4256368,52,11,Yardi Agresta ,0,1815308,4256368.52,59,530635200011,15374.862,15374.982,228.042,,0.0,0,2873,,TEAM BMTR ,bbbbbb,000000,aaaaaa,0,C,167,za,0,0,0,0,53.5,3,1,10,Vet,0,,20,20,0,0,0,147,0.0,0,142,2.7,2.7,149,0,2.9,3.3,3.6,4.0,4.9,6.1,6.1,157.0,175.0,194.0,212.0,262.0,325.0,325.0,0,0,,1,,,,0,,-1,BMTR Flat 100 (Miles),TYPE_RIDE,161,2024/03/09,1776635757,,,1815308
,201,1,,2,4173498,16,11,Yardi Agresta ,0,1815308,4173498.16,27,520218900012,2558.636,2198.996,28.544,,0.0,0,2873,,TEAM BMTR ,bbbbbb,000000,aaaaaa,0,B,167,za,173,181,0,1,53.5,3,1,10,Vet,0,,20,20,288.23,396.53,27.41,195,1.12,47,193,3.6,3.5,187,0,3.7,3.9,4.0,4.2,4.4,4.5,4.9,197.0,208.0,216.0,224.0,233.0,239.0,261.0,0,0,,1,,,,0,,-1,International Womens Day Chasing the Dream,TYPE_RACE TYPE_RACE ,25,2024/03/08,4258943387,1,,1815308
,201,1,,3,4254243,90,43,Yardi Agresta ,0,1815308,4254243.90,27,530382500043,5400.021,5400.081,0.021,,0.0,0,2873,,TEAM BMTR ,bbbbbb,000000,aaaaaa,0,C,167,za,140,162,0,1,53.5,3,1,10,Vet,0,,20,20,0,0,0,136,0.92,58,129,2.4,2.4,128,0,2.5,2.8,3.5,4.1,4.8,5.2,5.2,135.0,150.0,186.0,220.0,255.0,277.0,277.0,0,0,,1,,,,0,,-1,BMTR Short Adventure,TYPE_RIDE,0,2024/03/08,46799750,,3600,1815308
,201,1,,1,4251989,4,4,Yardi Agresta ,0,1815308,4251989.4,22,530091200004,2193.873,2193.873,0.146,,0.0,0,2873,,TEAM BMTR ,bbbbbb,000000,aaaaaa,0,F,167,za,163,175,0,1,53.5,3,1,10,Vet,0,,20,20,0,0,0,171,1.01,53,164,3.1,3.0,163,0,3.2,3.4,3.9,4.1,4.4,5.0,5.4,172.0,183.0,207.0,217.0,234.0,265.0,288.0,0,1,,1,,,,0,,-1,WTRL Team Time Trial - Zone 11,TYPE_TEAM_TIME_TRIAL TYPE_RACE ,24,2024/03/07,3919912289,1,,1815308
,201,1,,5,4251984,38,38,Yardi Agresta ,0,1815308,4251984.38,28,530090400038,4200.019,4200.019,0.019,,0.0,0,2873,,TEAM BMTR ,bbbbbb,000000,aaaaaa,0,E,167,za,142,157,0,1,53.5,3,1,10,Vet,0,,20,20,0,0,0,130,0.89,59,127,2.4,2.4,130,0,2.6,2.7,2.9,3.0,3.2,3.4,3.4,137.0,145.0,153.0,158.0,171.0,182.0,182.0,0,0,,1,,,,0,,-1,"Striders and Riders of Zwift: Contenders, Pretenders, & Rear-Enders Social Ride",TYPE_RIDE,0,2024/03/07,1917017591,,4200,1815308
,201,1,,1,4251967,31,4,Yardi Agresta ,0,1815308,4251967.31,25,530085200004,2197.518,2197.518,0.272,,0.0,0,2873,,TEAM BMTR ,bbbbbb,000000,aaaaaa,0,L,167,za,166,177,0,1,53.5,3,1,10,Vet,0,,20,20,0,0,0,176,1.05,51,174,3.3,3.1,168,0,3.3,3.5,3.7,3.9,4.0,4.4,4.7,177.0,187.0,196.0,207.0,212.0,233.0,251.0,0,1,,1,,,,0,,-1,WTRL Team Time Trial - Zone 10,TYPE_TEAM_TIME_TRIAL TYPE_RACE ,24,2024/03/07,3919912289,1,,1815308
,233,0,,3,4233732,143,0,Blopa&reg;,0,1714370,4233732.143,0,527878200060,1961.604,1961.724,0,,0.0,1,2873,,TEAM BMTR ,bbbbbb,000000,aaaaaa,0,HR,182,uy,0,0,0,0,67.0,3,1,1,Mas,0,,20,0,0,0,0,206,0.0,0,202,3.0,2.8,192,0,3.0,3.3,3.9,4.3,5.3,6.1,6.9,203.0,219.0,262.0,289.0,358.0,412.0,460.0,0,0,,1,,,,0,,-1,Stage 2 | Jurassic Coast - Sprint Race 2 | Zwift Games,TYPE_RACE TYPE_RACE ,20,2024/03/06,4009130866,1,,1714370
,201,1,,3,4249254,95,62,Yardi Agresta ,0,1815308,4249254.95,26,529741500062,3600.031,3600.091,0.031,,0.0,0,2873,,TEAM BMTR ,bbbbbb,000000,aaaaaa,0,C,167,za,147,157,0,1,53.5,3,1,10,Vet,0,,20,20,0,0,0,131,0.88,60,129,2.4,2.4,128,0,2.5,2.7,2.8,2.9,3.1,3.4,3.4,135.0,142.0,149.0,156.0,166.0,183.0,183.0,0,0,,1,,,,0,,-1,BMTR Short Adventure,TYPE_RIDE,0,2024/03/06,387309391,,3600,1815308
,201,1,,3,4233528,256,57,Yardi Agresta ,0,1815308,4233528.256,25,527796600065,1859.576,1859.696,75.172,,0.0,0,2873,,TEAM BMTR ,bbbbbb,000000,aaaaaa,0,C,167,za,172,182,0,1,53.5,3,1,10,Vet,0,,20,20,438.25,396.52,0,180,1.04,51,179,3.3,3.1,170,0,3.3,3.6,3.7,4.1,4.5,4.9,5.0,179.0,194.0,198.0,217.0,242.0,262.0,268.0,0,0,,1,,,,0,,-1,Stage 2 | Jurassic Coast - Sprint Race 2 | Zwift Games,TYPE_RACE TYPE_RACE ,20,2024/03/05,4009130866,1,,1815308
,201,1,,3,4243738,101,69,Yardi Agresta ,0,1815308,4243738.101,27,529113900069,3600.03,3600.15,0.03,,0.0,0,2873,,TEAM BMTR ,bbbbbb,000000,aaaaaa,0,C,167,za,146,166,0,1,53.5,3,1,10,Vet,0,,20,20,0,0,0,147,0.96,55,140,2.6,2.5,137,0,2.7,3.1,3.6,3.8,4.1,4.4,4.4,145.0,167.0,193.0,203.0,219.0,238.0,238.0,0,0,,1,,,,0,,-1,BMTR Short Adventure,TYPE_RIDE,0,2024/03/04,2128890027,,3600,1815308
,201,1,,3,4240696,39,26,Yardi Agresta ,0,1815308,4240696.39,54,528750500055,7200.022,7200.022,0.021,,0.0,0,2873,,TEAM BMTR ,bbbbbb,000000,aaaaaa,0,C,167,za,146,173,0,1,53.5,3,1,10,Vet,0,,20,20,0,0,0,141,0.92,57,135,2.5,2.5,134,0,2.7,3.0,3.5,4.2,4.8,5.5,5.5,142.0,159.0,188.0,227.0,259.0,292.0,292.0,0,0,,1,,,,0,,-1,BMTR Short Adventure,TYPE_RIDE,0,2024/03/03,1453570384,,7200,1815308
,201,1,,3,4235864,50,8,Yardi Agresta ,0,1815308,4235864.50,31,528183900008,5400.004,5400.064,0.004,,0.0,0,2873,,TEAM BMTR ,bbbbbb,000000,aaaaaa,0,C,167,za,145,166,0,1,53.5,3,1,10,Vet,0,,20,20,0,0,0,141,0.92,58,133,2.5,2.5,135,0,2.7,3.1,3.6,3.8,4.5,5.0,5.0,143.0,166.0,193.0,201.0,243.0,270.0,270.0,0,0,,1,,,,0,,-1,BMTR Short Adventure,TYPE_RIDE,0,2024/03/01,1656629976,,3600,1815308
,201,1,,3,4233649,269,51,Yardi Agresta ,0,1815308,4233649.269,26,527845000057,2416.731,2416.851,121.314,,0.0,0,2873,,TEAM BMTR ,bbbbbb,000000,aaaaaa,0,C,167,za,167,177,0,1,53.5,3,1,10,Vet,0,,20,20,377.38,411.47,14.94,182,1.07,49,179,3.3,3.2,171,0,3.4,3.7,3.9,4.2,4.4,4.8,5.2,180.0,197.0,207.0,223.0,236.0,256.0,277.0,0,0,,1,,,,0,,-1,Stage 1 | Loop de Loop - Sprint Race 1 |Zwift Games,TYPE_RACE TYPE_RACE ,13,2024/03/01,243949867,1,,1815308
,201,1,,1,4232834,2,2,Yardi Agresta ,0,1815308,4232834.2,35,527630400002,2751.845,2751.845,0.039,,0.0,0,2873,,TEAM BMTR ,bbbbbb,000000,aaaaaa,0,L,167,za,165,174,0,1,53.5,3,1,10,Vet,0,,20,20,0,0,0,170,1.0,53,165,3.1,3.0,161,0,3.2,3.4,3.6,3.9,4.1,4.6,4.8,170.0,184.0,192.0,207.0,218.0,246.0,259.0,0,1,,1,,,,0,,-1,WTRL Team Time Trial - Zone 11,TYPE_TEAM_TIME_TRIAL TYPE_RACE ,29,2024/02/29,3312037616,4,,1815308
,201,1,,5,4232828,26,26,Yardi Agresta ,0,1815308,4232828.26,25,527629500026,4200.012,4200.012,0.012,,0.0,0,2873,,TEAM BMTR ,bbbbbb,000000,aaaaaa,0,E,167,za,136,150,0,1,53.5,3,1,10,Vet,0,,20,20,0,0,0,118,0.85,63,115,2.2,2.1,115,0,2.3,2.5,2.7,2.9,3.1,3.3,3.6,122.0,133.0,145.0,154.0,167.0,178.0,194.0,0,0,,1,,,,0,,-1,"Striders and Riders of Zwift: Contenders, Pretenders, & Rear-Enders Social Ride",TYPE_RIDE,0,2024/02/29,1917017591,,4200,1815308
,201,1,,3,4152815,63,11,Yardi Agresta ,0,1815308,4152815.63,24,517696800016,2502.641,2502.761,267.899,,0.0,0,2873,,TEAM BMTR ,bbbbbb,000000,aaaaaa,0,C,167,za,164,175,0,1,53.5,3,1,10,Vet,0,,20,20,507.82,411.45,0,168,1.01,52,166,3.1,3.0,163,0,3.2,3.4,3.5,4.1,4.4,5.0,5.3,172.0,180.0,187.0,217.0,233.0,270.0,284.0,0,0,,1,,,,0,,-1,Stage 4: Race Like A Champ - Knickerbocker,TYPE_RACE TYPE_RACE ,23,2024/02/29,2954366662,1,,1815308
,201,1,,3,4230203,114,78,Yardi Agresta ,0,1815308,4230203.114,43,527295300075,3600.032,3600.092,0.032,,0.0,0,2873,,TEAM BMTR ,bbbbbb,000000,aaaaaa,0,C,167,za,145,165,0,1,53.5,3,1,10,Vet,0,,20,20,0,0,0,135,0.88,60,128,2.4,2.3,126,0,2.5,3.3,3.8,3.9,4.0,4.5,4.5,133.0,177.0,201.0,210.0,216.0,240.0,240.0,0,0,,1,,,,0,,-1,BMTR Short Adventure,TYPE_RIDE,0,2024/02/28,1230300449,,3600,1815308
,201,1,,2,4226252,86,46,Yardi Agresta ,0,1815308,4226252.86,89,526818100046,4096.659,4096.719,382.299,,0.0,0,2873,,TEAM BMTR ,bbbbbb,000000,aaaaaa,0,B,167,za,0,0,0,0,53.5,3,1,10,Vet,0,,20,20,0,0,0,171,0.0,0,169,3.2,3.0,165,0,3.3,3.4,3.7,4.0,4.2,4.2,4.2,174.0,182.0,200.0,215.0,227.0,227.0,227.0,0,0,,1,,,,0,,-1,Zwift Racing League - Womens EMEAE Central 1,TYPE_TEAM_TIME_TRIAL,42,2024/02/27,2748657713,1,,1815308
,201,1,,3,4226312,76,5,Yardi Agresta ,0,1815308,4226312.76,30,526831500005,3949.195,3949.315,40.448,,0.0,0,2873,,TEAM BMTR ,bbbbbb,000000,aaaaaa,0,C,167,za,63,0,0,1,53.5,3,1,10,Vet,0,,20,20,0,0,0,175,0.0,0,171,3.2,3.2,171,0,3.4,3.6,3.7,3.9,4.2,4.5,4.7,181.0,191.0,198.0,209.0,224.0,239.0,252.0,0,0,,1,,,,0,,-1,Zwift Racing League - Open ATLANTIC Northern 1,TYPE_TEAM_TIME_TRIAL,42,2024/02/27,2748657713,1,,1815308
,201,1,,3,4223234,39,9,Yardi Agresta ,0,1815308,4223234.39,26,526115900008,3600.002,3600.122,0.09,,0.0,0,2873,,TEAM BMTR ,bbbbbb,000000,aaaaaa,0,C,167,za,71,0,0,1,53.5,3,1,10,Vet,0,,20,20,0,0,0,149,0.0,0,143,2.7,2.7,145,0,2.9,3.0,3.5,3.9,4.2,4.6,4.6,153.0,163.0,187.0,211.0,224.0,248.0,248.0,0,0,,1,,,,0,,-1,BMTR Short Adventure,TYPE_RIDE,0,2024/02/26,2748657713,,3600,1815308
,201,1,,3,4220182,29,15,Yardi Agresta ,0,1815308,4220182.29,42,525761900034,7200.008,7200.008,0.008,,0.0,0,2873,,TEAM BMTR ,bbbbbb,000000,aaaaaa,0,C,167,za,83,136,0,1,53.5,3,1,10,Vet,0,,20,20,0,0,0,144,0.0,0,134,2.5,2.7,149,0,2.9,3.2,3.8,4.0,4.6,5.3,5.3,157.0,172.0,203.0,213.0,246.0,285.0,285.0,0,0,,1,,,,0,,-1,BMTR Short Adventure,TYPE_RIDE,0,2024/02/25,3453194200,,7200,1815308
,201,1,,3,4217267,106,55,Yardi Agresta ,0,1815308,4217267.106,416,525422900055,16780.453,16780.573,1830.25,,0.0,0,2873,,TEAM BMTR ,bbbbbb,000000,aaaaaa,0,C,167,za,126,214,0,1,53.5,3,1,10,Vet,0,,20,20,0,0,0,127,0.92,58,116,2.2,2.5,134,0,2.7,3.0,3.4,4.5,5.0,5.9,5.9,142.0,161.0,182.0,239.0,270.0,316.0,316.0,0,0,,1,,,,0,,-1,BMTR Flat 100 (Miles),TYPE_RIDE,161,2024/02/24,928793662,,,1815308
,201,1,,5,4211032,92,92,Yardi Agresta ,0,1815308,4211032.92,48,524681600092,7464.427,7464.427,1733.731,,0.0,0,2873,,TEAM BMTR ,bbbbbb,000000,aaaaaa,0,E,167,za,146,165,0,1,53.5,3,1,10,Vet,0,,20,20,525.51,411.47,0,149,0.99,54,144,2.7,2.8,152,0,3.0,3.2,3.4,4.0,4.5,4.7,4.8,161.0,173.0,182.0,215.0,243.0,254.0,256.0,0,0,,1,,,,0,,-1,LEtape du Tour Main Stage: February,TYPE_RACE TYPE_RACE ,70,2024/02/23,3921412335,1,,1815308
,201,1,,3,4214868,82,39,Yardi Agresta ,0,1815308,4214868.82,28,525139400039,5400.027,5400.087,0.027,,0.0,0,2873,,TEAM BMTR ,bbbbbb,000000,aaaaaa,0,C,167,za,149,162,0,1,53.5,3,1,10,Vet,0,,20,20,0,0,0,138,0.91,58,136,2.5,2.5,136,0,2.7,2.7,2.8,3.0,3.4,3.8,3.8,144.0,147.0,152.0,158.0,183.0,204.0,204.0,0,0,,1,,,,0,,-1,BMTR Short Adventure,TYPE_RIDE,0,2024/02/23,1457923570,,3600,1815308
,201,1,,1,4212588,3,3,Yardi Agresta ,0,1815308,4212588.3,21,524867800003,2749.505,2749.505,0.228,,0.0,0,2873,,TEAM BMTR ,bbbbbb,000000,aaaaaa,0,A,167,za,168,177,0,1,53.5,3,1,10,Vet,0,,20,20,0,0,0,172,1.01,53,169,3.2,3.0,162,0,3.2,3.3,3.8,4.0,4.5,5.1,5.1,171.0,179.0,204.0,215.0,243.0,271.0,271.0,0,0,,1,,,,0,,-1,WTRL Team Time Trial - Zone 11,TYPE_TEAM_TIME_TRIAL TYPE_RACE ,29,2024/02/22,928793662,2,,1815308
,201,1,,5,4212582,50,50,Yardi Agresta ,0,1815308,4212582.50,26,524866900050,4200.032,4200.032,0.032,,0.0,0,2873,,TEAM BMTR ,bbbbbb,000000,aaaaaa,0,E,167,za,148,161,0,1,53.5,3,1,10,Vet,0,,20,20,0,0,0,133,0.87,61,129,2.4,2.3,126,0,2.5,2.7,3.0,3.3,3.8,4.4,4.4,133.0,146.0,159.0,179.0,204.0,235.0,235.0,0,0,,1,,,,0,,-1,"Striders and Riders of Zwift: Contenders, Pretenders, & Rear-Enders Social Ride",TYPE_RIDE,0,2024/02/22,1917017591,,4200,1815308
,201,1,,1,4212566,65,13,Yardi Agresta ,0,1815308,4212566.65,39,524862100013,2857.936,2857.936,106.838,,0.0,0,2873,,TEAM BMTR ,bbbbbb,000000,aaaaaa,0,A,167,za,162,174,0,1,53.5,3,1,10,Vet,0,,20,20,0,0,0,169,1.01,52,164,3.1,3.0,160,0,3.2,3.5,3.9,4.1,4.5,4.7,4.7,169.0,185.0,209.0,219.0,241.0,250.0,250.0,0,0,,1,,,,0,,-1,WTRL Team Time Trial - Zone 10,TYPE_TEAM_TIME_TRIAL TYPE_RACE ,29,2024/02/22,928793662,2,,1815308
,201,1,,3,4209803,47,14,Yardi Agresta ,0,1815308,4209803.47,26,524507400014,3600.004,3600.064,0.004,,0.0,0,2873,,TEAM BMTR ,bbbbbb,000000,aaaaaa,0,C,167,za,0,0,0,0,53.5,3,1,10,Vet,0,,20,20,0,0,0,143,0.0,0,141,2.6,2.6,139,0,2.7,2.9,2.9,3.1,3.3,3.5,3.5,147.0,153.0,157.0,165.0,175.0,187.0,187.0,0,0,,1,,,,0,,-1,BMTR Short Adventure,TYPE_RIDE,0,2024/02/21,2207442179,,3600,1815308
,201,1,,5,4140643,4,4,Yardi Agresta ,0,1815308,4140643.4,27,516055600004,2399.956,2399.956,0.379,,0.0,0,2873,,TEAM BMTR ,bbbbbb,000000,aaaaaa,0,E,167,za,0,0,0,0,53.5,3,1,10,Vet,0,,20,20,0,0,0,138,0.0,0,134,2.5,2.4,131,0,2.6,2.7,2.9,3.1,3.6,4.4,4.4,138.0,144.0,153.0,164.0,193.0,237.0,237.0,0,0,,1,,,,0,,-1,Black Celebration Series | KRT/QRT,TYPE_RIDE,0,2024/02/21,2474227587,,2400,1815308
,201,1,,3,4152980,54,0,Yardi Agresta ,0,1815308,4152980.54,197,517778900023,2446.038,2446.158,0,,0.0,0,2873,,TEAM BMTR ,bbbbbb,000000,aaaaaa,0,HR,167,us,0,0,0,0,53.5,3,1,10,Vet,0,,20,20,0,411.45,0,169,0.0,0,171,3.2,3.0,163,0,3.2,3.4,3.6,3.6,3.6,3.6,3.6,172.0,184.0,193.0,193.0,193.0,193.0,193.0,0,0,,1,,,,0,,-1,Stage 3: Race Like A Champ - The Muckle Yin,TYPE_RACE TYPE_RACE ,24,2024/02/20,3662705581,1,,1815308
,201,1,,5,4210964,111,111,Yardi Agresta ,0,1815308,4210964.111,117,524674800111,1675.001,1675.001,209.146,,0.0,0,2873,,TEAM BMTR ,bbbbbb,000000,aaaaaa,0,E,167,za,0,0,0,0,53.5,3,1,10,Vet,0,,20,20,452.07,412.20,0.73,175,0.0,0,174,3.3,3.0,164,0,3.2,3.6,4.1,4.2,4.2,4.2,4.2,173.0,192.0,217.0,225.0,225.0,225.0,225.0,0,0,,1,,,,0,,-1,LEtape du Tour Prologue,TYPE_RACE TYPE_RACE ,19,2024/02/20,1635842477,1,,1815308
,201,1,,3,4190506,74,44,Yardi Agresta ,0,1815308,4190506.74,30,522192000044,3600.024,3600.084,0.024,,0.0,0,2873,,TEAM BMTR ,bbbbbb,000000,aaaaaa,0,C,167,za,144,154,0,1,53.5,3,1,10,Vet,0,,20,20,0,0,0,131,0.89,60,128,2.4,2.3,127,0,2.5,2.6,2.7,3.0,3.5,3.9,3.9,134.0,139.0,147.0,160.0,186.0,210.0,210.0,0,0,,1,,,,0,,-1,BMTR Short Adventure,TYPE_RIDE,0,2024/02/14,240388043,,3600,1815308
,201,1,,4,4187688,25,22,Yardi Agresta ,0,1815308,4187688.25,96,521854900028,5400.018,5400.078,0.016,,0.0,0,2873,,TEAM BMTR ,bbbbbb,000000,aaaaaa,0,D,167,za,137,161,0,1,53.5,3,1,10,Vet,0,,20,20,0,0,0,124,0.86,62,118,2.2,2.2,120,0,2.4,2.6,3.1,3.5,3.6,3.6,3.6,127.0,140.0,165.0,188.0,190.0,190.0,190.0,0,0,,1,,,,0,,-1,Summit City Zwift League Endurance Ride,TYPE_RIDE,0,2024/02/13,4258943387,,5400,1815308
,201,1,,4,4187486,80,0,Yardi Agresta ,0,1815308,4187486.80,41,521818000080,3600.026,3600.026,0,,0.0,0,2873,,TEAM BMTR ,bbbbbb,000000,aaaaaa,0,N/A,167,us,131,156,0,1,53.5,3,1,10,Vet,0,,20,20,0,0,0,120,0.82,64,108,2.0,2.1,114,0,2.3,2.6,3.3,3.6,4.1,4.5,4.5,121.0,139.0,178.0,194.0,220.0,240.0,240.0,0,0,,1,,,,0,,-1,REVO Social SUB2,TYPE_RIDE,0,2024/02/13,3366225080,,3600,1815308
,201,1,,3,4152700,45,28,Yardi Agresta ,0,1815308,4152700.45,21,517640500028,1834.417,1834.537,205.784,,0.0,0,2873,,TEAM BMTR ,bbbbbb,000000,aaaaaa,0,C,167,za,151,165,0,1,53.5,3,1,10,Vet,0,,20,20,553.50,412.20,0,159,1.03,51,156,2.9,2.8,151,0,3.0,3.3,3.5,3.7,4.2,5.2,5.6,159.0,177.0,185.0,198.0,225.0,276.0,300.0,0,0,,1,,,,0,,-1,Stage 2: Race Like A Champ - Richmond Rollercoaster,TYPE_RACE TYPE_RACE ,17,2024/02/12,948831673,1,,1815308
,201,1,,3,4042215,164,25,Yardi Agresta ,0,1815308,4042215.164,34,503990600025,1861.843,1861.963,176.849,,0.0,0,2873,,TEAM BMTR ,bbbbbb,000000,aaaaaa,0,C,167,za,157,171,0,1,53.5,3,1,10,Vet,0,,20,20,0,0,0,167,1.04,51,163,3.1,2.9,156,0,3.1,3.3,3.5,3.9,4.7,5.0,5.0,165.0,174.0,185.0,208.0,253.0,267.0,267.0,0,0,,1,,,,0,,-1,Stage 3 | Ride | Tour de Zwift 2024,TYPE_RIDE,40,2024/02/12,890800649,1,,1815308
,201,1,,3,4184040,65,48,Yardi Agresta ,0,1815308,4184040.65,28,521441300048,3600.02,3600.14,0.02,,0.0,0,2873,,TEAM BMTR ,bbbbbb,000000,aaaaaa,0,C,167,za,161,180,0,1,53.5,3,1,10,Vet,0,,20,20,0,0,0,162,0.93,57,150,2.8,2.7,148,0,2.9,3.6,4.1,4.4,4.8,5.2,5.2,156.0,192.0,222.0,233.0,256.0,277.0,277.0,0,0,,1,,,,0,,-1,BMTR Short Adventure,TYPE_RIDE,0,2024/02/12,2592027600,,3600,1815308
,201,1,,3,4037131,216,23,Yardi Agresta ,0,1815308,4037131.216,27,503153900023,1664.299,1664.419,319.643,,0.0,0,2873,,TEAM BMTR ,bbbbbb,000000,aaaaaa,0,C,167,za,161,175,0,1,53.5,3,1,10,Vet,0,,20,20,0,0,0,170,1.04,51,167,3.1,2.9,159,0,3.1,3.3,3.6,3.9,4.0,4.3,4.3,168.0,175.0,193.0,209.0,214.0,230.0,230.0,0,0,,1,,,,0,,-1,Stage 8 | Ride | Tour de Zwift 2024 ,TYPE_RIDE,56,2024/02/11,3261167746,1,,1815308
,201,1,,3,4175587,70,27,Yardi Agresta ,0,1815308,4175587.70,53,520458100027,5400.015,5400.075,0.015,,0.0,0,2873,,TEAM BMTR ,bbbbbb,000000,aaaaaa,0,C,167,za,154,169,0,1,53.5,3,1,10,Vet,0,,20,20,0,0,0,136,0.85,62,131,2.5,2.5,136,0,2.7,2.8,3.1,3.5,3.8,4.2,4.2,144.0,151.0,168.0,188.0,203.0,223.0,223.0,0,0,,1,,,,0,,-1,BMTR Short Adventure,TYPE_RIDE,0,2024/02/09,2128890027,,3600,1815308
,201,1,,2,4166484,100,57,Yardi Agresta ,0,1815308,4166484.100,84,519355500057,2206.186,2206.246,109.887,,0.0,0,2873,,TEAM BMTR ,bbbbbb,000000,aaaaaa,0,B,167,za,166,173,0,1,53.5,3,1,10,Vet,0,,20,20,0,0,0,175,1.05,50,175,3.3,3.1,169,0,3.3,3.4,3.6,3.6,3.6,3.6,3.6,178.0,181.0,191.0,192.0,192.0,192.0,192.0,0,0,,1,,,,0,,-1,Zwift Racing League - Womens EMEAE Central 1,TYPE_TEAM_TIME_TRIAL,25,2024/02/06,1776635757,1,,1815308
,201,1,,4,4167392,53,0,Yardi Agresta ,0,1815308,4167392.53,29,519463400053,3600.011,3600.011,0,,0.0,0,2873,,TEAM BMTR ,bbbbbb,000000,aaaaaa,0,N/A,167,us,145,155,0,1,53.5,3,1,10,Vet,0,,20,20,0,0,0,116,0.79,67,115,2.2,2.0,111,0,2.2,2.4,2.5,2.6,2.8,2.9,2.9,117.0,126.0,132.0,141.0,149.0,156.0,156.0,0,0,,1,,,,0,,-1,REVO Social SUB2,TYPE_RIDE,0,2024/02/06,3366225080,,3600,1815308
,201,1,,3,4163364,84,9,Yardi Agresta ,0,1815308,4163364.84,27,518980900009,2139.051,2139.171,1.127,,0.0,0,2873,,TEAM BMTR ,bbbbbb,000000,aaaaaa,0,C,167,za,174,182,0,1,53.5,3,1,10,Vet,0,,20,20,0,0,0,182,1.03,51,180,3.4,3.2,174,0,3.4,3.6,3.8,4.1,4.3,4.8,5.4,184.0,191.0,202.0,217.0,231.0,256.0,288.0,0,0,,1,,,,0,,-1,Zwift Racing League - Open ATLANTIC Northern 1,TYPE_TEAM_TIME_TRIAL,25,2024/02/06,1776635757,1,,1815308
,201,1,,3,4164282,57,32,Yardi Agresta ,0,1815308,4164282.57,33,519116300034,3600.02,3600.14,0.02,,0.0,0,2873,,TEAM BMTR ,bbbbbb,000000,aaaaaa,0,C,167,za,149,164,0,1,53.5,3,1,10,Vet,0,,20,20,0,0,0,139,0.91,58,136,2.5,2.5,0,1,,2.8,3.2,3.2,3.4,3.6,3.7,,152.0,169.0,170.0,181.0,192.0,198.0,0,0,,1,,,,0,,-1,BMTR Short Adventure,TYPE_RIDE,0,2024/02/05,1776635757,,3600,1815308
,201,1,,3,4160808,49,49,Yardi Agresta ,0,1815308,4160808.49,62,518670200049,7200.013,7200.013,0.013,,0.0,0,2873,,TEAM BMTR ,bbbbbb,000000,aaaaaa,0,C,167,za,141,154,0,1,53.5,3,1,10,Vet,0,,20,20,0,0,0,131,0.91,58,129,2.4,2.4,130,0,2.6,2.6,2.7,2.8,2.9,2.9,2.9,137.0,139.0,145.0,151.0,157.0,157.0,157.0,0,0,,1,,,,0,,-1,BMTR Short Adventure,TYPE_RIDE,0,2024/02/04,1064303857,,7200,1815308
,201,1,,3,4157780,138,66,Yardi Agresta ,0,1815308,4157780.138,348,518320300066,17017.479,17017.599,2075.876,,0.0,0,2873,,TEAM BMTR ,bbbbbb,000000,aaaaaa,0,C,167,za,135,179,0,1,53.5,3,1,10,Vet,0,,20,20,0,0,0,128,0.87,61,117,2.2,2.5,135,0,2.7,3.2,3.7,4.8,5.8,5.9,5.9,143.0,170.0,197.0,259.0,309.0,316.0,316.0,0,0,,1,,,,0,,-1,BMTR Flat 100 (Miles),TYPE_RIDE,161,2024/02/03,1917017591,,,1815308
,201,1,,3,4155141,95,58,Yardi Agresta ,0,1815308,4155141.95,68,518015200058,5400.03,5400.09,0.03,,0.0,0,2873,,TEAM BMTR ,bbbbbb,000000,aaaaaa,0,C,167,za,151,175,0,1,53.5,3,1,10,Vet,0,,20,20,0,0,0,149,0.93,57,140,2.6,2.8,151,0,3.0,3.6,3.8,4.0,4.5,4.9,4.9,159.0,194.0,203.0,214.0,241.0,264.0,264.0,0,0,,1,,,,0,,-1,BMTR Short Adventure,TYPE_RIDE,0,2024/02/02,3261167746,,3600,1815308
,201,1,,3,4037045,616,117,Yardi Agresta ,0,1815308,4037045.616,59,503120100117,1829.114,1829.234,343.428,,0.0,0,2873,,TEAM BMTR ,bbbbbb,000000,aaaaaa,0,C,167,za,148,165,0,1,53.5,3,1,10,Vet,0,,20,20,0,0,0,151,0.97,55,144,2.7,2.5,138,0,2.7,2.9,3.2,4.0,5.4,6.5,6.5,146.0,153.0,170.0,215.0,287.0,346.0,346.0,0,0,,1,,,,0,,-1,Stage 7 | Ride | Tour de Zwift 2024 ,TYPE_RIDE,34,2024/02/02,1327665278,1,,1815308
,201,1,,2,4037092,409,145,Yardi Agresta ,0,1815308,4037092.409,72,503138800145,2569.169,2569.229,605.669,,0.0,0,2873,,TEAM BMTR ,bbbbbb,000000,aaaaaa,0,B,167,za,154,170,0,1,53.5,3,1,10,Vet,0,,20,20,0,0,0,155,0.97,55,149,2.8,2.8,151,0,3.0,3.3,3.4,3.6,3.8,4.0,4.0,159.0,176.0,180.0,190.0,206.0,213.0,213.0,0,0,,1,,,,0,,-1,Stage 7 | Ride | Tour de Zwift 2024 ,TYPE_RIDE,34,2024/02/02,1327665278,1,,1815308
,201,1,,1,4152016,8,4,Yardi Agresta ,0,1815308,4152016.8,21,517462200004,2717.931,2717.931,0.144,,0.0,0,2873,,TEAM BMTR ,bbbbbb,000000,aaaaaa,0,L,167,za,164,174,0,1,53.5,3,1,10,Vet,0,,20,20,0,0,0,170,1.02,52,167,3.1,3.0,162,0,3.2,3.4,3.7,4.0,4.2,5.3,6.2,171.0,184.0,196.0,214.0,225.0,281.0,333.0,0,1,,1,,,,0,,-1,WTRL Team Time Trial - Zone 11,TYPE_TEAM_TIME_TRIAL TYPE_RACE ,30,2024/02/01,3382019812,1,,1815308
,201,1,,5,4152009,20,20,Yardi Agresta ,0,1815308,4152009.20,27,517461200020,4200.02,4200.02,0.019,,0.0,0,2873,,TEAM BMTR ,bbbbbb,000000,aaaaaa,0,E,167,za,134,151,0,1,53.5,3,1,10,Vet,0,,20,20,0,0,0,110,0.81,66,108,2.0,1.9,106,0,2.1,2.3,2.4,2.6,2.7,3.1,3.1,112.0,124.0,129.0,137.0,147.0,165.0,165.0,0,0,,1,,,,0,,-1,"Striders and Riders of Zwift: Contenders, Pretenders, & Rear-Enders Social Ride",TYPE_RIDE,0,2024/02/01,1917017591,,4200,1815308
,201,1,,1,4151992,32,2,Yardi Agresta ,0,1815308,4151992.32,39,517456000002,2696.62,2696.62,0.216,,0.0,0,2873,,TEAM BMTR ,bbbbbb,000000,aaaaaa,0,L,167,za,166,176,0,1,53.5,3,1,10,Vet,0,,20,20,0,0,0,176,1.03,51,171,3.2,3.1,167,0,3.3,3.6,3.8,4.3,4.4,4.7,4.9,176.0,191.0,202.0,231.0,237.0,252.0,261.0,0,1,,1,,,,0,,-1,WTRL Team Time Trial - Zone 10,TYPE_TEAM_TIME_TRIAL TYPE_RACE ,30,2024/02/01,3382019812,1,,1815308
,201,1,,3,4148792,83,48,Yardi Agresta ,0,1815308,4148792.83,37,517023500048,3600.03,3600.09,0.03,,0.0,0,2873,,TEAM BMTR ,bbbbbb,000000,aaaaaa,0,C,167,za,141,154,0,1,53.5,3,1,10,Vet,0,,20,20,0,0,0,138,0.95,56,134,2.5,2.4,131,0,2.6,2.8,2.8,3.4,3.8,4.7,4.7,138.0,149.0,152.0,183.0,205.0,251.0,251.0,0,0,,1,,,,0,,-1,BMTR Short Adventure,TYPE_RIDE,0,2024/01/31,1917017591,,3600,1815308
,201,1,,4,4148753,4,4,Yardi Agresta ,0,1815308,4148753.4,29,517015800004,3600.0,3600.0,0,,0.0,0,2873,,TEAM BMTR ,bbbbbb,000000,aaaaaa,0,D,167,za,149,175,0,1,53.5,3,1,10,Vet,0,,20,20,0,0,0,156,0.95,56,141,2.6,2.5,137,0,2.7,3.1,3.6,4.5,5.6,6.5,6.5,145.0,164.0,194.0,241.0,300.0,347.0,347.0,0,0,,1,,,,0,,-1,RO4H Wednesday Spin,TYPE_RIDE,0,2024/01/31,2569385980,,3600,1815308
,201,1,,3,4044809,53,22,Yardi Agresta ,0,1815308,4044809.53,28,504395800024,1582.45,1582.57,28.846,,0.0,0,2873,,TEAM BMTR ,bbbbbb,000000,aaaaaa,0,C,167,za,160,176,0,1,53.5,3,1,10,Vet,0,,20,20,511.52,412.20,0,175,1.08,49,172,3.2,3.0,162,0,3.2,3.5,3.8,3.9,4.0,4.1,4.4,171.0,189.0,203.0,207.0,213.0,221.0,235.0,0,0,,1,,,,0,,-1,Stage 5: Flat is Fast - Greater London Flat,TYPE_RACE TYPE_RACE ,17,2024/01/30,928793662,1,,1815308
,201,1,,4,4145326,2,2,Yardi Agresta ,0,1815308,4145326.2,50,516590800025,17.86,3600.032,2.516,,0.0,0,2873,,TEAM BMTR ,bbbbbb,000000,aaaaaa,0,F,167,za,151,173,0,1,53.5,3,1,10,Vet,0,,20,20,0,0,0,156,0.97,54,147,2.8,2.6,142,0,2.8,3.1,3.5,4.2,5.7,7.2,7.2,150.0,164.0,185.0,223.0,307.0,386.0,386.0,0,0,,1,,,,0,,-1,GGCC Glasgow Green Cycle Club Tuesday Training Ride,TYPE_RIDE,0,2024/01/30,1236439870,,3600,1815308
,201,1,,3,4141890,71,51,Yardi Agresta ,0,1815308,4141890.71,28,516194800051,3600.032,3600.152,0.032,,0.0,0,2873,,TEAM BMTR ,bbbbbb,000000,aaaaaa,0,C,167,za,147,159,0,1,53.5,3,1,10,Vet,0,,20,20,0,0,0,132,0.88,60,130,2.4,2.4,128,0,2.5,2.7,2.8,3.1,3.5,3.7,3.7,135.0,143.0,150.0,165.0,188.0,196.0,196.0,0,0,,1,,,,0,,-1,BMTR Short Adventure,TYPE_RIDE,0,2024/01/29,2140131142,,3600,1815308
,201,1,,3,4044664,61,21,Yardi Agresta ,0,1815308,4044664.61,29,504324900024,1546.68,1546.8,9.098,,0.0,0,2873,,TEAM BMTR ,bbbbbb,000000,aaaaaa,0,C,167,za,163,173,0,1,53.5,3,1,10,Vet,0,,20,20,423.43,412.38,6.46,174,1.06,50,172,3.2,3.0,161,0,3.2,3.4,3.6,3.9,4.4,4.6,4.6,170.0,183.0,190.0,211.0,233.0,244.0,248.0,0,0,,1,,,,0,,-1,Stage 5: Flat is Fast - Greater London Flat,TYPE_RACE TYPE_RACE ,17,2024/01/29,928793662,1,,1815308
,201,1,,3,4036868,257,65,Yardi Agresta ,0,1815308,4036868.257,42,503050500066,2602.17,2602.29,421.851,,0.0,0,2873,,TEAM BMTR ,bbbbbb,000000,aaaaaa,0,C,167,za,156,174,0,1,53.5,3,1,10,Vet,0,,20,20,0,0,0,163,1.02,52,159,3.0,2.8,153,0,3.0,3.2,3.5,4.0,5.0,5.8,5.8,162.0,172.0,189.0,213.0,266.0,311.0,311.0,0,0,,1,,,,0,,-1,Stage 6 | Ride | Tour de Zwift 2024,TYPE_RIDE,44,2024/01/29,1115260805,1,,1815308
,201,1,,3,4137578,82,82,Yardi Agresta ,0,1815308,4137578.82,58,515409700082,7200.068,7200.068,0.068,,0.0,0,2873,,TEAM BMTR ,bbbbbb,000000,aaaaaa,0,C,167,za,142,171,0,1,53.5,3,1,10,Vet,0,,20,20,0,0,0,134,0.89,60,126,2.4,2.5,138,0,2.7,3.0,3.7,4.3,4.5,4.8,4.8,146.0,162.0,198.0,228.0,241.0,256.0,256.0,0,0,,1,,,,0,,-1,BMTR Short Adventure,TYPE_RIDE,0,2024/01/28,1917017591,,7200,1815308
,201,1,,3,4133987,130,63,Yardi Agresta ,0,1815308,4133987.130,443,515001400063,16704.66,16704.78,1702.51,,0.0,0,2873,,TEAM BMTR ,bbbbbb,000000,aaaaaa,0,C,167,za,133,167,0,1,53.5,3,1,10,Vet,0,,20,20,0,0,0,129,0.89,59,119,2.2,2.4,129,0,2.5,2.9,3.5,4.2,4.9,5.2,5.2,136.0,156.0,188.0,224.0,264.0,278.0,278.0,0,0,,1,,,,0,,-1,BMTR Flat 100 (Miles),TYPE_RIDE,161,2024/01/27,3407362320,,,1815308
,201,1,,3,4130473,35,9,Yardi Agresta ,0,1815308,4130473.35,46,514584500009,5400.003,5400.063,0.003,,0.0,0,2873,,TEAM BMTR ,bbbbbb,000000,aaaaaa,0,C,167,za,144,157,0,1,53.5,3,1,10,Vet,0,,20,20,0,0,0,132,0.9,59,130,2.4,2.4,130,0,2.6,2.7,2.7,2.8,3.0,3.1,3.1,137.0,142.0,144.0,148.0,159.0,168.0,168.0,0,0,,1,,,,0,,-1,BMTR Short Adventure,TYPE_RIDE,0,2024/01/26,1917017591,,3600,1815308
,201,1,,3,3994539,99,58,Yardi Agresta ,0,1815308,3994539.99,28,497740500058,5404.959,5405.079,779.055,,0.0,0,2873,,TEAM BMTR ,bbbbbb,000000,aaaaaa,0,C,167,za,149,164,0,1,53.5,3,1,10,Vet,0,,20,20,0,0,0,150,0.98,54,146,2.7,2.7,148,0,2.9,3.3,3.4,3.6,3.9,4.2,4.2,156.0,176.0,180.0,191.0,209.0,227.0,227.0,0,0,,1,,,,0,,-1,Zwift Fondo Series: The New Year,TYPE_RIDE,98,2024/01/26,242381847,1,,1815308
,201,1,,4,4127490,11,11,Yardi Agresta ,0,1815308,4127490.11,70,514258200012,5400.005,5400.005,0.005,,0.0,0,2873,,TEAM BMTR ,bbbbbb,000000,aaaaaa,0,D,167,za,135,163,0,1,53.5,3,1,10,Vet,0,,20,20,0,0,0,136,0.93,57,126,2.4,2.4,132,0,2.6,3.1,3.6,4.2,5.0,5.6,5.6,139.0,165.0,191.0,226.0,266.0,302.0,302.0,0,0,,1,,,,0,,-1,Summit City Zwift League Endurance Ride,TYPE_RIDE,0,2024/01/25,3261167746,,5400,1815308
,201,1,,3,4045110,56,24,Yardi Agresta ,0,1815308,4045110.56,29,504542600025,2199.916,2200.036,7.8,,0.0,0,2873,,TEAM BMTR ,bbbbbb,000000,aaaaaa,0,C,167,za,162,175,0,1,53.5,3,1,10,Vet,0,,20,20,465.59,412.38,0,171,1.03,51,167,3.1,3.0,164,0,3.2,3.5,3.7,4.1,5.1,5.8,6.1,173.0,186.0,197.0,217.0,272.0,308.0,326.0,0,0,,1,,,,0,,-1,Stage 4: Flat is Fast - Douce France,TYPE_RACE TYPE_RACE ,25,2024/01/25,986252325,1,,1815308
,201,1,,3,4036832,310,62,Yardi Agresta ,0,1815308,4036832.310,29,503037600062,1781.288,1781.408,325.494,,0.0,0,2873,,TEAM BMTR ,bbbbbb,000000,aaaaaa,0,C,167,za,161,178,0,1,53.5,3,1,10,Vet,0,,20,20,0,0,0,172,1.04,51,167,3.1,3.0,161,0,3.2,3.5,3.7,4.2,4.4,4.8,4.8,170.0,187.0,199.0,224.0,233.0,258.0,258.0,0,0,,1,,,,0,,-1,Stage 5 | Ride | Tour de Zwift 2024 ,TYPE_RIDE,47,2024/01/25,4009235104,1,,1815308
,201,1,,3,4124044,77,50,Yardi Agresta ,0,1815308,4124044.77,75,513828900050,3600.02,3600.08,0.02,,0.0,0,2873,,TEAM BMTR ,bbbbbb,000000,aaaaaa,0,C,167,za,142,161,0,1,53.5,3,1,10,Vet,0,,20,20,0,0,0,135,0.92,58,131,2.5,2.3,127,0,2.5,2.9,3.2,3.9,4.6,5.0,5.0,134.0,153.0,170.0,208.0,246.0,269.0,269.0,0,0,,1,,,,0,,-1,BMTR Short Adventure,TYPE_RIDE,0,2024/01/24,3261167746,,3600,1815308
,201,1,,3,4044891,63,11,Yardi Agresta ,0,1815308,4044891.63,29,504436400011,2228.493,2228.613,8.173,,0.0,0,2873,,TEAM BMTR ,bbbbbb,000000,aaaaaa,0,C,167,za,162,179,0,1,53.5,3,1,10,Vet,0,,20,20,468.51,412.38,0,173,1.04,51,169,3.2,3.0,165,0,3.3,3.4,3.9,4.3,4.5,4.7,4.7,174.0,181.0,209.0,229.0,243.0,253.0,253.0,0,0,,1,,,,0,,-1,Stage 4: Flat is Fast - Douce France,TYPE_RACE TYPE_RACE ,25,2024/01/24,986252325,1,,1815308
,201,1,,4,4124003,26,26,Yardi Agresta ,0,1815308,4124003.26,29,513820700027,3600.022,3600.022,0.022,,0.0,0,2873,,TEAM BMTR ,bbbbbb,000000,aaaaaa,0,D,167,za,123,166,0,1,53.5,3,1,10,Vet,0,,20,20,0,0,0,131,0.83,64,102,1.9,2.0,110,0,2.2,2.6,3.6,4.5,5.8,6.7,6.7,116.0,141.0,191.0,240.0,313.0,357.0,357.0,0,0,,1,,,,0,,-1,RO4H Wednesday Spin,TYPE_RIDE,0,2024/01/24,2569385980,,3600,1815308
,201,1,,2,4123251,107,58,Yardi Agresta ,0,1815308,4123251.107,105,513727800058,1881.56,1881.62,90.355,,0.0,0,2873,,TEAM BMTR ,bbbbbb,000000,aaaaaa,0,B,167,za,172,180,0,1,53.5,3,1,10,Vet,0,,20,20,503.90,412.38,0,187,1.08,49,186,3.5,3.3,180,0,3.6,3.7,4.0,4.3,4.3,4.3,4.3,190.0,198.0,212.0,229.0,229.0,229.0,229.0,0,0,,1,,,,0,,-1,Zwift Racing League - Womens EMEAE Central 1,TYPE_RACE TYPE_RACE ,19,2024/01/23,1386460176,1,,1815308
,201,1,,4,4120266,2,2,Yardi Agresta ,0,1815308,4120266.2,79,513393300026,16.728,3600.027,1.428,,0.0,0,2873,,TEAM BMTR ,bbbbbb,000000,aaaaaa,0,F,167,za,153,174,0,1,53.5,3,1,10,Vet,0,,20,20,0,0,0,154,0.95,56,146,2.7,2.7,144,0,2.8,3.0,3.4,4.1,5.3,6.1,6.1,152.0,162.0,182.0,221.0,283.0,324.0,324.0,0,0,,1,,,,0,,-1,GGCC Glasgow Green Cycle Club Tuesday Training Ride,TYPE_RIDE TYPE_RACE ,0,2024/01/23,1638640398,,3600,1815308
,201,1,,3,4116553,88,55,Yardi Agresta ,0,1815308,4116553.88,28,512970900055,3600.023,3600.143,0.023,,0.0,0,2873,,TEAM BMTR ,bbbbbb,000000,aaaaaa,0,C,167,za,146,158,0,1,53.5,3,1,10,Vet,0,,20,20,0,0,0,135,0.92,58,134,2.5,2.4,129,0,2.5,2.6,2.7,2.8,2.9,3.1,3.1,136.0,141.0,146.0,149.0,157.0,168.0,168.0,0,0,,1,,,,0,,-1,BMTR Short Adventure,TYPE_RIDE,0,2024/01/22,1386460176,,3600,1815308
,201,1,,3,4112916,61,61,Yardi Agresta ,0,1815308,4112916.61,91,512569000061,7200.02,7200.02,0.02,,0.0,0,2873,,TEAM BMTR ,bbbbbb,000000,aaaaaa,0,C,167,za,146,162,0,1,53.5,3,1,10,Vet,0,,20,20,0,0,0,140,0.95,56,139,2.6,2.5,138,0,2.7,2.8,2.9,2.9,2.9,2.9,2.9,146.0,150.0,153.0,156.0,156.0,156.0,156.0,0,0,,1,,,,0,,-1,BMTR Short Adventure,TYPE_RIDE,0,2024/01/21,2474227587,,7200,1815308
,201,1,,3,4105909,50,21,Yardi Agresta ,0,1815308,4105909.50,47,511776700021,5400.02,5400.08,0.02,,0.0,0,2873,,TEAM BMTR ,bbbbbb,000000,aaaaaa,0,C,167,za,147,167,0,1,53.5,3,1,10,Vet,0,,20,20,0,0,0,149,0.97,55,143,2.7,2.9,156,0,3.1,3.4,3.7,3.9,4.1,4.3,4.3,165.0,183.0,199.0,208.0,218.0,232.0,232.0,0,0,,1,,,,0,,-1,BMTR Short Adventure,TYPE_RIDE,0,2024/01/19,1880443431,,3600,1815308
,201,1,,3,4036617,604,43,Yardi Agresta ,0,1815308,4036617.604,29,502954600043,1587.917,1588.037,133.909,,0.0,0,2873,,TEAM BMTR ,bbbbbb,000000,aaaaaa,0,C,167,za,153,169,0,1,53.5,3,1,10,Vet,0,,20,20,0,0,0,167,1.08,49,165,3.1,2.9,156,0,3.1,3.3,3.4,3.9,4.6,5.0,5.0,165.0,179.0,184.0,211.0,248.0,266.0,266.0,0,0,,1,,,,0,,-1,Stage 4 | Ride | Tour de Zwift 2024 ,TYPE_RIDE,62,2024/01/19,2852153296,1,,1815308
,201,1,,1,4102895,189,49,Yardi Agresta ,0,1815308,4102895.189,120,511431600049,3293.879,3293.879,135.848,,0.0,0,2873,,TEAM BMTR ,bbbbbb,000000,aaaaaa,0,A,167,za,162,173,0,1,53.5,3,1,10,Vet,0,,20,20,0,0,0,164,1.0,53,162,3.0,2.9,159,0,3.1,3.3,3.5,3.6,3.6,3.6,3.6,168.0,176.0,186.0,192.0,192.0,192.0,192.0,0,0,,1,,,,0,,-1,WTRL Team Time Trial - Zone 18,TYPE_TEAM_TIME_TRIAL TYPE_RACE ,37,2024/01/18,1397026382,3,,1815308
,201,1,,1,4102801,11,6,Yardi Agresta ,0,1815308,4102801.11,37,511408000006,3281.703,3281.703,2.569,,0.0,0,2873,,TEAM BMTR ,bbbbbb,000000,aaaaaa,0,A,167,za,162,176,0,1,53.5,3,1,10,Vet,0,,20,20,0,0,0,173,1.04,51,168,3.1,3.0,162,0,3.2,3.4,3.8,4.0,4.3,4.6,5.4,171.0,180.0,205.0,213.0,229.0,248.0,291.0,0,0,,1,,,,0,,-1,WTRL Team Time Trial - Zone 11,TYPE_TEAM_TIME_TRIAL TYPE_RACE ,37,2024/01/18,1397026382,3,,1815308
,201,1,,4,4102796,15,15,Yardi Agresta ,0,1815308,4102796.15,162,511407200015,3600.008,3600.008,0.007,,0.0,0,2873,,TEAM BMTR ,bbbbbb,000000,aaaaaa,0,D,167,za,142,149,0,1,53.5,3,1,10,Vet,0,,20,20,0,0,0,130,0.91,58,129,2.4,2.3,123,0,2.4,2.5,2.7,2.8,3.0,3.2,3.4,130.0,135.0,143.0,152.0,161.0,172.0,184.0,0,0,,1,,,,0,,-1,AEO Fun Ride p/b Stolen Goat,TYPE_RIDE,0,2024/01/18,3366225080,,3600,1815308
,201,1,,1,4102778,47,2,Yardi Agresta ,0,1815308,4102778.47,176,511401800002,3376.654,3376.654,1.579,,0.0,0,2873,,TEAM BMTR ,bbbbbb,000000,aaaaaa,0,A,167,za,162,170,0,1,53.5,3,1,10,Vet,0,,20,20,0,0,0,171,1.04,51,169,3.2,3.1,166,0,3.3,3.4,3.6,3.8,4.0,4.0,4.0,175.0,182.0,195.0,204.0,214.0,214.0,214.0,0,0,,1,,,,0,,-1,WTRL Team Time Trial - Zone 10,TYPE_TEAM_TIME_TRIAL TYPE_RACE ,37,2024/01/18,1397026382,3,,1815308
,201,1,,3,4099574,88,59,Yardi Agresta ,0,1815308,4099574.88,146,511022000059,3600.032,3600.092,0.032,,0.0,0,2873,,TEAM BMTR ,bbbbbb,000000,aaaaaa,0,C,167,za,140,159,0,1,53.5,3,1,10,Vet,0,,20,20,0,0,0,139,0.97,55,136,2.5,2.5,134,0,2.7,2.9,3.2,3.6,4.1,4.1,4.1,142.0,155.0,172.0,194.0,218.0,218.0,218.0,0,0,,1,,,,0,,-1,BMTR Short Adventure,TYPE_RIDE,0,2024/01/17,3366225080,,3600,1815308
,201,1,,4,4099535,1,1,Yardi Agresta ,0,1815308,4099535.1,223,511014600001,3600.0,3600.0,0,,0.0,0,2873,,TEAM BMTR ,bbbbbb,000000,aaaaaa,0,D,167,za,150,177,0,1,53.5,3,1,10,Vet,0,,20,20,0,0,0,151,0.96,55,144,2.7,2.7,145,0,2.9,3.1,3.6,4.3,5.1,5.4,5.4,153.0,168.0,192.0,232.0,272.0,289.0,289.0,0,0,,1,,,,0,,-1,RO4H Wednesday Spin,TYPE_RIDE,0,2024/01/17,2569385980,,3600,1815308
,201,1,,3,4045129,70,19,Yardi Agresta ,0,1815308,4045129.70,156,504552100019,2230.555,2230.675,12.353,,0.0,0,2873,,TEAM BMTR ,bbbbbb,000000,aaaaaa,0,C,167,za,163,177,0,1,53.5,3,1,10,Vet,0,,20,20,349.51,434.67,22.30,170,1.04,51,169,3.2,3.0,160,0,3.2,3.5,3.6,3.8,4.0,4.8,5.1,169.0,187.0,195.0,203.0,215.0,256.0,271.0,0,0,,1,,,,0,,-1,Stage 3: Flat is Fast - Volcano Flat,TYPE_RACE TYPE_RACE ,25,2024/01/16,3994934674,2,,1815308
,201,1,,3,4044691,90,22,Yardi Agresta ,0,1815308,4044691.90,90,504338000025,2251.556,2251.676,4.183,,0.0,0,2873,,TEAM BMTR ,bbbbbb,000000,aaaaaa,0,C,167,za,165,177,0,1,53.5,3,1,10,Vet,0,,20,20,425.27,443.02,8.33,175,1.05,51,173,3.2,3.0,162,0,3.2,3.5,3.7,3.9,4.4,4.6,4.7,171.0,186.0,199.0,210.0,236.0,246.0,253.0,0,0,,1,,,,0,,-1,Stage 3: Flat is Fast - Volcano Flat,TYPE_RACE TYPE_RACE ,25,2024/01/16,3994934674,2,,1815308
,201,1,,4,4096144,1,1,Yardi Agresta ,0,1815308,4096144.1,173,510633800063,13.06,3600.029,0,,0.0,0,2873,,TEAM BMTR ,bbbbbb,000000,aaaaaa,0,F,167,za,155,176,0,1,53.5,3,1,10,Vet,0,,20,20,0,0,0,162,1.0,53,155,2.9,2.8,153,0,3.0,3.4,4.1,4.8,5.3,5.5,5.5,162.0,180.0,217.0,257.0,286.0,294.0,294.0,0,0,,1,,,,0,,-1,GGCC Glasgow Green Cycle Club Tuesday Training Ride,TYPE_RIDE,0,2024/01/16,3453194200,,3600,1815308
,201,1,,3,4092744,35,9,Yardi Agresta ,0,1815308,4092744.35,148,510271000009,3600.008,3600.128,0.008,,0.0,0,2873,,TEAM BMTR ,bbbbbb,000000,aaaaaa,0,C,167,za,145,171,0,1,53.5,3,1,10,Vet,0,,20,20,0,0,0,149,0.97,55,140,2.6,2.8,150,0,3.0,3.6,3.8,3.8,3.8,4.0,4.0,158.0,190.0,202.0,205.0,205.0,214.0,214.0,0,0,,1,,,,0,,-1,BMTR Short Adventure,TYPE_RIDE,0,2024/01/15,2207442179,,3600,1815308
,201,1,,3,4089517,83,83,Yardi Agresta ,0,1815308,4089517.83,112,509914900083,7200.031,7200.031,0.031,,0.0,0,2873,,TEAM BMTR ,bbbbbb,000000,aaaaaa,0,C,167,za,140,162,0,1,53.5,3,1,10,Vet,0,,20,20,0,0,0,139,0.97,55,136,2.5,2.5,135,0,2.7,3.0,3.4,4.1,4.1,4.1,4.1,143.0,159.0,184.0,220.0,220.0,220.0,220.0,0,0,,1,,,,0,,-1,BMTR Short Adventure,TYPE_RIDE,0,2024/01/14,1880443431,,7200,1815308
,201,1,,3,4083010,60,26,Yardi Agresta ,0,1815308,4083010.60,28,509178600026,5400.01,5400.07,0.01,,0.0,0,2873,,TEAM BMTR ,bbbbbb,000000,aaaaaa,0,C,167,za,153,176,0,1,53.5,3,1,10,Vet,0,,20,20,0,0,0,152,0.93,57,143,2.7,2.8,151,0,3.0,3.4,3.9,4.1,4.5,4.9,4.9,159.0,182.0,208.0,217.0,242.0,261.0,261.0,0,0,,1,,,,0,,-1,BMTR Short Adventure,TYPE_RIDE,0,2024/01/12,1656629976,,3600,1815308
,201,1,,5,4080075,20,20,Yardi Agresta ,0,1815308,4080075.20,34,508839700020,4200.018,4200.018,0.018,,0.0,0,2873,,TEAM BMTR ,bbbbbb,000000,aaaaaa,0,E,167,za,143,162,0,1,53.5,3,1,10,Vet,0,,20,20,0,0,0,151,1.01,52,145,2.7,2.6,143,0,2.8,3.2,3.4,3.8,4.3,4.7,4.7,151.0,170.0,184.0,204.0,229.0,250.0,250.0,0,0,,1,,,,0,,-1,"Striders and Riders of Zwift: Contenders, Pretenders, & Rear-Enders Social Ride",TYPE_RIDE,0,2024/01/11,1064303857,,4200,1815308
,201,1,,4,4080031,26,26,Yardi Agresta ,0,1815308,4080031.26,46,508828700026,3600.033,3600.033,0.033,,0.0,0,2873,,TEAM BMTR ,bbbbbb,000000,aaaaaa,0,D,167,za,126,157,0,1,53.5,3,1,10,Vet,0,,20,20,0,0,0,125,0.9,59,114,2.1,2.1,114,0,2.3,2.6,3.2,3.6,4.4,5.6,5.6,121.0,140.0,172.0,194.0,236.0,301.0,301.0,0,0,,1,,,,0,,-1,TeamZF Mid-Week Mix It Up,TYPE_RIDE,0,2024/01/11,1880443431,,3600,1815308
,201,1,,3,4077111,86,57,Yardi Agresta ,0,1815308,4077111.86,38,508489300057,3600.028,3600.088,0.028,,0.0,0,2873,,TEAM BMTR ,bbbbbb,000000,aaaaaa,0,C,167,za,144,167,0,1,53.5,3,1,10,Vet,0,,20,20,0,0,0,145,0.95,56,137,2.6,2.6,139,0,2.7,3.0,3.6,4.3,4.7,5.1,5.1,147.0,160.0,194.0,228.0,249.0,272.0,272.0,0,0,,1,,,,0,,-1,BMTR Short Adventure,TYPE_RIDE,0,2024/01/10,2980619755,,3600,1815308
,201,1,,4,4077074,48,48,Yardi Agresta ,0,1815308,4077074.48,34,508482000048,3600.029,3600.029,0.028,,0.0,0,2873,,TEAM BMTR ,bbbbbb,000000,aaaaaa,0,D,167,za,153,171,0,1,53.5,3,1,10,Vet,0,,20,20,0,0,0,153,0.96,55,147,2.8,2.7,144,0,2.8,3.0,3.4,3.9,4.9,5.8,5.8,152.0,161.0,181.0,207.0,262.0,308.0,308.0,0,0,,1,,,,0,,-1,RO4H Wednesday Spin,TYPE_RIDE,0,2024/01/10,2569385980,,3600,1815308
,201,1,,3,4045090,65,24,Yardi Agresta ,0,1815308,4045090.65,30,504533000026,1790.928,1791.048,10.07,,0.0,0,2873,,TEAM BMTR ,bbbbbb,000000,aaaaaa,0,C,167,za,169,179,0,1,53.5,3,1,10,Vet,0,,20,20,499.20,443.02,0,171,1.0,53,169,3.2,3.0,161,0,3.2,3.4,3.7,3.9,4.3,4.6,4.8,170.0,184.0,198.0,210.0,229.0,245.0,258.0,0,0,,1,,,,0,,-1,Stage 2: Flat is Fast - The Fan Flats,TYPE_RACE TYPE_RACE ,19,2024/01/09,1638640398,3,,1815308
,201,1,,3,4044736,87,31,Yardi Agresta ,0,1815308,4044736.87,31,504360500033,1844.571,1844.691,95.55,,0.0,0,2873,,TEAM BMTR ,bbbbbb,000000,aaaaaa,0,C,167,za,167,176,0,1,53.5,3,1,10,Vet,0,,20,20,584.34,443.02,0,168,0.99,53,166,3.1,2.9,159,0,3.1,3.2,3.4,3.6,4.3,5.1,5.2,168.0,173.0,183.0,194.0,230.0,272.0,278.0,0,0,,1,,,,0,,-1,Stage 2: Flat is Fast - The Fan Flats,TYPE_RACE TYPE_RACE ,19,2024/01/09,1638640398,3,,1815308
,201,1,,4,4073944,1,1,Yardi Agresta ,0,1815308,4073944.1,42,508127900028,14.927,3600.02,0,,0.0,0,2873,,TEAM BMTR ,bbbbbb,000000,aaaaaa,0,F,167,za,161,182,0,1,53.5,3,1,10,Vet,0,,20,20,0,0,0,157,0.94,57,151,2.8,2.8,150,0,3.0,3.3,3.7,4.4,5.3,5.8,5.8,158.0,178.0,199.0,237.0,281.0,312.0,312.0,0,0,,1,,,,0,,-1,GGCC Glasgow Green Cycle Club Tuesday Training Ride,TYPE_RIDE,0,2024/01/09,1776635757,,3600,1815308
,201,1,,3,4070631,44,35,Yardi Agresta ,0,1815308,4070631.44,37,507767100035,3600.023,3600.143,0.023,,0.0,0,2873,,TEAM BMTR ,bbbbbb,000000,aaaaaa,0,C,167,za,151,171,0,1,53.5,3,1,10,Vet,0,,20,20,0,0,0,151,0.95,56,143,2.7,2.6,140,0,2.8,3.3,3.5,3.9,4.7,5.4,5.4,148.0,176.0,187.0,211.0,253.0,287.0,287.0,0,0,,1,,,,0,,-1,BMTR Short Adventure,TYPE_RIDE,0,2024/01/08,604330868,,3600,1815308
,201,1,,3,4044797,72,25,Yardi Agresta ,0,1815308,4044797.72,37,504389800026,1759.236,1759.356,7.755,,0.0,0,2873,,TEAM BMTR ,bbbbbb,000000,aaaaaa,0,C,167,za,163,174,0,1,53.5,3,1,10,Vet,0,,20,20,461.04,437.76,1.17,174,1.06,50,172,3.2,3.0,162,0,3.2,3.4,3.6,4.0,4.1,4.7,5.0,171.0,183.0,192.0,216.0,219.0,250.0,265.0,0,0,,1,,,,0,,-1,Stage 2: Flat is Fast - The Fan Flats,TYPE_RACE TYPE_RACE ,19,2024/01/08,1638640398,3,,1815308
,201,1,,2,4038301,274,107,Yardi Agresta ,0,1815308,4038301.274,36,503426800107,2927.146,2927.206,385.69,,0.0,0,2873,,TEAM BMTR ,bbbbbb,000000,aaaaaa,0,B,167,za,157,176,0,1,53.5,3,1,10,Vet,0,,20,20,0,0,0,163,1.03,52,161,3.0,2.8,153,0,3.0,3.3,3.6,3.9,4.4,4.5,4.5,162.0,175.0,192.0,210.0,234.0,239.0,239.0,0,0,,1,,,,0,,-1,Stage 2 | Ride  | Tour de Zwift 2024 ,TYPE_RIDE,47,2024/01/08,3662705581,2,,1815308
,201,1,,3,4068174,51,51,Yardi Agresta ,0,1815308,4068174.51,93,507490700051,7200.019,7200.019,0.019,,0.0,0,2873,,TEAM BMTR ,bbbbbb,000000,aaaaaa,0,C,167,za,142,169,0,1,53.5,3,1,10,Vet,0,,20,20,0,0,0,137,0.93,57,132,2.5,2.4,132,0,2.6,3.0,3.3,3.9,3.9,3.9,3.9,139.0,160.0,177.0,209.0,211.0,211.0,211.0,0,0,,1,,,,0,,-1,BMTR Short Adventure,TYPE_RIDE,0,2024/01/07,890800649,,7200,1815308
,201,1,,2,4066088,45,25,Yardi Agresta ,0,1815308,4066088.45,213,507238000025,14829.881,14829.881,1100.938,,0.0,0,2873,,TEAM BMTR ,bbbbbb,000000,aaaaaa,0,B,167,za,153,173,0,1,53.5,3,1,10,Vet,0,,20,20,0,0,0,151,0.93,57,143,2.7,3.0,160,0,3.2,3.5,3.6,3.7,3.7,3.7,3.7,169.0,188.0,190.0,196.0,200.0,200.0,200.0,0,0,,1,,,,0,,-1,BMTR Flat 100 (Miles),TYPE_RIDE,161,2024/01/06,3914529041,,,1815308
,201,1,,3,4045115,50,21,Yardi Agresta ,0,1815308,4045115.50,58,504545100025,1782.167,1782.287,42.916,,0.0,0,2873,,TEAM BMTR ,bbbbbb,000000,aaaaaa,0,C,167,za,162,174,0,1,53.5,3,1,10,Vet,0,,20,20,490.55,428.25,0,165,1.02,52,165,3.1,2.9,156,0,3.1,3.2,3.4,3.6,3.7,3.7,3.7,165.0,173.0,181.0,190.0,200.0,200.0,200.0,0,0,,1,,,,0,,-1,Stage 1: Flat is Fast - Tempus Fugit,TYPE_RACE TYPE_RACE ,20,2024/01/06,2128890027,1,,1815308
,201,1,,3,4063638,85,57,Yardi Agresta ,0,1815308,4063638.85,37,506949600057,5400.03,5400.09,0.03,,0.0,0,2873,,TEAM BMTR ,bbbbbb,000000,aaaaaa,0,C,167,za,148,158,0,1,53.5,3,1,10,Vet,0,,20,20,0,0,0,137,0.92,58,136,2.5,2.5,133,0,2.6,2.8,2.9,3.0,3.1,3.2,3.2,141.0,151.0,154.0,158.0,166.0,169.0,169.0,0,0,,1,,,,0,,-1,BMTR Short Adventure,TYPE_RIDE,0,2024/01/05,54700404,,3600,1815308
,201,1,,3,4044665,80,24,Yardi Agresta ,0,1815308,4044665.80,35,504325400026,1734.016,1734.136,5.168,,0.0,0,2873,,TEAM BMTR ,bbbbbb,000000,aaaaaa,0,C,167,za,158,172,0,1,53.5,3,1,10,Vet,0,,20,20,466.91,428.25,0,171,1.08,49,170,3.2,2.9,159,0,3.1,3.3,3.6,3.8,4.4,4.6,4.6,168.0,178.0,192.0,206.0,233.0,247.0,248.0,0,0,,1,,,,0,,-1,Stage 1: Flat is Fast - Tempus Fugit,TYPE_RACE TYPE_RACE ,20,2024/01/05,2128890027,1,,1815308
,201,1,,2,4036275,402,162,Yardi Agresta ,0,1815308,4036275.402,54,502858200162,3032.251,3032.311,765.989,,0.0,0,2873,,TEAM BMTR ,bbbbbb,000000,aaaaaa,0,B,167,za,150,161,0,1,53.5,3,1,10,Vet,0,,20,20,0,0,0,154,1.01,52,152,2.8,2.8,150,0,3.0,3.2,3.3,3.4,3.7,4.1,4.1,158.0,169.0,175.0,183.0,200.0,218.0,218.0,0,0,,1,,,,0,,-1,Stage 1 | Ride | Tour de Zwift 2024,TYPE_RIDE,41,2024/01/05,4210048937,1,,1815308
,201,1,,1,4061307,104,12,Yardi Agresta ,0,1815308,4061307.104,107,506677700060,2762.666,2762.666,24.763,,0.0,0,2873,,TEAM BMTR ,bbbbbb,000000,aaaaaa,0,F,167,za,160,168,0,1,53.5,3,1,10,Vet,0,,20,20,0,0,0,164,1.01,52,162,3.0,2.9,159,0,3.1,3.3,3.6,3.8,3.8,3.8,3.8,168.0,178.0,190.0,202.0,202.0,202.0,202.0,0,1,,1,,,,0,,-1,WTRL Team Time Trial - Zone 17,TYPE_TEAM_TIME_TRIAL TYPE_RACE ,31,2024/01/04,3395698268,3,,1815308
,201,1,,1,4061238,12,7,Yardi Agresta ,0,1815308,4061238.12,37,506658400007,2632.591,2632.591,0.736,,0.0,0,2873,,TEAM BMTR ,bbbbbb,000000,aaaaaa,0,F,167,za,171,180,0,1,53.5,3,1,10,Vet,0,,20,20,0,0,0,179,1.04,51,177,3.3,3.2,171,0,3.4,3.7,3.9,4.1,4.3,4.5,4.5,181.0,196.0,209.0,221.0,229.0,241.0,241.0,0,1,,1,,,,0,,-1,WTRL Team Time Trial - Zone 11,TYPE_TEAM_TIME_TRIAL TYPE_RACE ,31,2024/01/04,3395698268,3,,1815308
,201,1,,4,4061234,22,22,Yardi Agresta ,0,1815308,4061234.22,32,506657700022,3600.015,3600.015,0.015,,0.0,0,2873,,TEAM BMTR ,bbbbbb,000000,aaaaaa,0,D,167,za,150,159,0,1,53.5,3,1,10,Vet,0,,20,20,0,0,0,134,0.87,61,131,2.5,2.3,127,0,2.5,2.6,2.9,3.0,3.3,3.6,3.6,134.0,141.0,154.0,161.0,177.0,192.0,192.0,0,0,,1,,,,0,,-1,AEO Fun Ride p/b Stolen Goat,TYPE_RIDE,0,2024/01/04,3366225080,,3600,1815308
,201,1,,1,4061219,37,8,Yardi Agresta ,0,1815308,4061219.37,39,506653000008,2634.164,2634.164,2.074,,0.0,0,2873,,TEAM BMTR ,bbbbbb,000000,aaaaaa,0,L,167,za,173,181,0,1,53.5,3,1,10,Vet,0,,20,20,0,0,0,184,1.05,51,181,3.4,3.2,175,0,3.5,3.7,3.8,3.9,4.4,4.6,4.9,185.0,198.0,203.0,209.0,233.0,247.0,261.0,0,1,,1,,,,0,,-1,WTRL Team Time Trial - Zone 10,TYPE_TEAM_TIME_TRIAL TYPE_RACE ,31,2024/01/04,3395698268,3,,1815308
,201,1,,3,4058075,99,60,Yardi Agresta ,0,1815308,4058075.99,27,506087700059,3600.026,3600.086,0.026,,0.0,0,2873,,TEAM BMTR ,bbbbbb,000000,aaaaaa,0,C,167,za,0,0,0,0,53.5,3,1,10,Vet,0,,20,20,0,0,0,142,0.0,0,135,2.5,2.6,140,0,2.8,3.0,3.2,3.8,4.4,4.9,4.9,148.0,158.0,172.0,203.0,234.0,261.0,261.0,0,0,,1,,,,0,,-1,BMTR Short Adventure,TYPE_RIDE,0,2024/01/03,910684583,,3600,1815308
,233,0,,5,4045385,39,39,Blopa&reg;,0,1714370,4045385.39,0,504611800063,2339.143,2369.982,0.505,,0.0,1,2873,,TEAM BMTR ,bbbbbb,000000,aaaaaa,0,E,182,uy,0,0,0,0,67.0,3,1,1,Mas,0,,20,0,0,0,0,171,0.0,0,161,2.4,2.5,168,0,2.6,2.9,3.0,3.1,3.1,3.2,3.4,177.0,196.0,204.0,208.0,211.0,213.0,230.0,0,0,,1,,,,0,,-1,Lets Get Moving | Fitness Jumpstart ,TYPE_WORKOUT TYPE_WORKOUT,0,2024/01/02,3742187716,,2340,1714370
,201,1,,3,4053221,306,177,Yardi Agresta ,0,1815308,4053221.306,30,505529900177,9901.808,9901.928,845.909,,0.0,0,2873,,TEAM BMTR ,bbbbbb,000000,aaaaaa,0,C,167,za,133,170,0,1,53.5,3,1,10,Vet,0,,20,20,0,0,0,133,0.9,59,120,2.2,2.2,120,0,2.4,2.7,3.2,4.5,5.8,6.7,6.7,127.0,144.0,172.0,243.0,308.0,358.0,358.0,0,0,,1,,,,0,,-1,BMTR New Years Day 100 (KM),TYPE_RIDE,100,2024/01/01,2128890027,,,1815308
,201,1,,3,4051538,63,63,Yardi Agresta ,0,1815308,4051538.63,47,505331200063,7200.019,7200.019,0.019,,0.0,0,2873,,TEAM BMTR ,bbbbbb,000000,aaaaaa,0,C,167,za,148,161,0,1,53.5,3,1,10,Vet,0,,20,20,0,0,0,139,0.92,58,136,2.5,2.6,140,0,2.8,2.9,3.0,3.1,3.3,3.4,3.4,148.0,154.0,162.0,167.0,177.0,183.0,183.0,0,0,,1,,,,0,,-1,BMTR Short Adventure,TYPE_RIDE,0,2023/12/31,986252325,,7200,1815308
,201,1,,3,4047102,81,29,Yardi Agresta ,0,1815308,4047102.81,35,504801700029,5400.013,5400.073,0.013,,0.0,0,2873,,TEAM BMTR ,bbbbbb,000000,aaaaaa,0,C,167,za,153,177,0,1,53.5,3,1,10,Vet,0,,20,20,0,0,0,153,0.93,57,143,2.7,2.8,153,0,3.0,3.5,3.7,4.2,4.8,5.2,5.2,162.0,187.0,200.0,226.0,259.0,276.0,276.0,0,0,,1,,,,0,,-1,BMTR Short Adventure,TYPE_RIDE,0,2023/12/29,46799750,,3600,1815308
,201,1,,3,4040008,67,26,Yardi Agresta ,0,1815308,4040008.67,31,503619900029,3600.009,3600.069,0.009,,0.0,0,2873,,TEAM BMTR ,bbbbbb,000000,aaaaaa,0,C,167,za,150,174,0,1,53.5,3,1,10,Vet,0,,20,20,0,0,0,148,0.91,58,137,2.6,2.7,146,0,2.9,3.2,3.7,4.2,4.9,5.3,5.3,154.0,173.0,199.0,226.0,261.0,285.0,285.0,0,0,,1,,,,0,,-1,BMTR Short Adventure,TYPE_RIDE,0,2023/12/27,3382019812,,3600,1815308
,201,1,,2,4021023,190,139,Yardi Agresta ,0,1815308,4021023.190,40,500864400139,2804.398,2804.458,317.357,,0.0,0,2873,,TEAM BMTR ,bbbbbb,000000,aaaaaa,0,B,167,za,156,165,0,1,53.5,3,1,10,Vet,0,,20,20,0,0,0,151,0.96,56,149,2.8,2.7,146,0,2.9,3.0,3.2,3.3,3.5,3.6,3.6,154.0,163.0,169.0,178.0,187.0,191.0,191.0,0,0,,1,,,,0,,-1,Rapha Festive 500 Group Ride ,TYPE_RIDE,29,2023/12/26,2207442179,1,,1815308
,201,1,,3,3956042,96,30,Yardi Agresta ,0,1815308,3956042.96,32,492921500034,2250.639,2250.759,19.997,,0.0,0,2873,,TEAM BMTR ,bbbbbb,000000,aaaaaa,0,C,167,za,165,178,0,1,53.5,3,1,10,Vet,0,,20,20,493.73,396.93,0,175,1.04,51,171,3.2,3.1,168,0,3.3,3.7,3.8,4.2,5.4,6.4,6.5,177.0,196.0,205.0,225.0,288.0,344.0,350.0,0,0,,1,,,,0,,-1,Stage 4: Best Of - R.G.V.,TYPE_RACE TYPE_RACE ,25,2023/12/26,1776635757,1,,1815308
,201,1,,3,3956059,48,16,Yardi Agresta ,0,1815308,3956059.48,32,492930000021,2228.189,2228.309,10.353,,0.0,0,2873,,TEAM BMTR ,bbbbbb,000000,aaaaaa,0,C,167,za,168,178,0,1,53.5,3,1,10,Vet,0,,20,20,455.73,396.93,0,180,1.05,50,177,3.3,3.1,170,0,3.3,3.6,3.8,4.2,4.8,5.4,5.7,179.0,190.0,206.0,225.0,256.0,288.0,307.0,0,0,,1,,,,0,,-1,Stage 4: Best Of - R.G.V.,TYPE_RACE TYPE_RACE ,25,2023/12/26,1776635757,1,,1815308
,201,1,,2,4020984,113,68,Yardi Agresta ,0,1815308,4020984.113,27,500846900068,2619.721,2619.781,218.693,,0.0,0,2873,,TEAM BMTR ,bbbbbb,000000,aaaaaa,0,B,167,za,151,161,0,1,53.5,3,1,10,Vet,0,,20,20,0,0,0,153,1.0,53,151,2.8,2.7,146,0,2.9,3.0,3.3,3.7,4.1,4.2,4.2,154.0,162.0,178.0,197.0,220.0,226.0,226.0,0,0,,1,,,,0,,-1,Rapha Festive 500 Group Ride ,TYPE_RIDE,28,2023/12/25,1064303857,1,,1815308
,233,0,,5,4029269,25,25,Blopa&reg;,0,1714370,4029269.25,0,502000500025,4351.059,4351.059,4.682,,0.0,1,2873,,TEAM BMTR ,bbbbbb,000000,aaaaaa,0,E,182,uy,0,0,0,0,67.0,3,1,1,Mas,0,,20,0,0,0,0,175,0.0,0,163,2.4,2.5,172,0,2.7,3.0,3.2,3.4,3.4,3.6,3.7,182.0,201.0,216.0,226.0,230.0,238.0,249.0,0,0,,1,,,,0,,-1,BanditZ Tronathon (Banded),TYPE_RIDE,18,2023/12/24,2663908549,,,1714370
,201,1,,3,4029251,35,35,Yardi Agresta ,0,1815308,4029251.35,57,501996900035,7200.011,7200.011,0.011,,0.0,0,2873,,TEAM BMTR ,bbbbbb,000000,aaaaaa,0,C,167,za,145,159,0,1,53.5,3,1,10,Vet,0,,20,20,0,0,0,140,0.95,56,138,2.6,2.5,137,0,2.7,2.8,2.9,3.1,3.3,3.3,3.3,145.0,149.0,154.0,168.0,176.0,176.0,176.0,0,0,,1,,,,0,,-1,BMTR Short Adventure - VenTop Edition,TYPE_RIDE,0,2023/12/24,2573468147,,7200,1815308
,201,1,,2,4026564,46,28,Yardi Agresta ,0,1815308,4026564.46,176,501682900028,14599.456,14599.456,976.173,,0.0,0,2873,,TEAM BMTR ,bbbbbb,000000,aaaaaa,0,B,167,za,155,180,0,1,53.5,3,1,10,Vet,0,,20,20,0,0,0,159,0.97,55,150,2.8,2.9,158,0,3.1,3.5,3.8,4.6,5.3,5.4,5.4,167.0,186.0,205.0,247.0,286.0,291.0,291.0,0,0,,1,,,,0,,-1,BMTR Flat 100 (Miles),TYPE_RIDE,161,2023/12/23,1776635757,,,1815308
,201,1,,3,4024278,54,6,Yardi Agresta ,0,1815308,4024278.54,51,501410100007,5400.001,5400.061,0.001,,0.0,0,2873,,TEAM BMTR ,bbbbbb,000000,aaaaaa,0,C,167,za,143,159,0,1,53.5,3,1,10,Vet,0,,20,20,0,0,0,137,0.95,56,136,2.5,2.5,135,0,2.7,2.7,2.8,2.9,2.9,3.0,3.0,143.0,146.0,149.0,154.0,157.0,160.0,160.0,0,0,,1,,,,0,,-1,BMTR Short Adventure,TYPE_RIDE,0,2023/12/22,3866241330,,3600,1815308
,201,1,,1,4021817,208,58,Yardi Agresta ,0,1815308,4021817.208,51,501025800060,3885.251,3885.251,349.429,,0.0,0,2873,,TEAM BMTR ,bbbbbb,000000,aaaaaa,0,L,167,za,154,168,0,1,53.5,3,1,10,Vet,0,,20,20,0,0,0,160,1.02,52,157,2.9,3.1,166,0,3.3,3.5,3.6,3.7,3.8,3.8,3.8,175.0,185.0,192.0,197.0,201.0,201.0,201.0,0,1,,1,,,,0,,-1,WTRL Team Time Trial Christmas Special - Zone 17,TYPE_TEAM_TIME_TRIAL TYPE_RACE ,32,2023/12/21,2843604888,,,1815308
,201,1,,1,4021748,4,4,Yardi Agresta ,0,1815308,4021748.4,22,501007000004,3746.826,3746.826,0.431,,0.0,0,2873,,TEAM BMTR ,bbbbbb,000000,aaaaaa,0,F,167,za,160,170,0,1,53.5,3,1,10,Vet,0,,20,20,0,0,0,164,1.01,52,162,3.0,3.0,162,0,3.2,3.4,3.6,3.6,4.2,4.7,5.1,171.0,182.0,190.0,194.0,224.0,252.0,273.0,0,1,,1,,,,0,,-1,WTRL Team Time Trial Christmas Special - Zone 11,TYPE_TEAM_TIME_TRIAL TYPE_RACE ,32,2023/12/21,2843604888,,,1815308
,201,1,,1,4021727,16,10,Yardi Agresta ,0,1815308,4021727.16,25,501001000010,3719.484,3719.484,405.513,,0.0,0,2873,,TEAM BMTR ,bbbbbb,000000,aaaaaa,0,F,167,za,161,172,0,1,53.5,3,1,10,Vet,0,,20,20,0,0,0,170,1.03,51,166,3.1,3.0,164,0,3.2,3.6,3.7,3.8,4.3,4.9,5.2,173.0,190.0,197.0,205.0,231.0,260.0,276.0,0,1,,1,,,,0,,-1,WTRL Team Time Trial Christmas Special - Zone 10,TYPE_TEAM_TIME_TRIAL TYPE_RACE ,32,2023/12/21,2843604888,,,1815308
,201,1,,3,4019060,93,51,Yardi Agresta ,0,1815308,4019060.93,25,500613500051,3600.016,3600.076,0.016,,0.0,0,2873,,TEAM BMTR ,bbbbbb,000000,aaaaaa,0,C,167,za,133,156,0,1,53.5,3,1,10,Vet,0,,20,20,0,0,0,134,0.97,55,129,2.4,2.3,127,0,2.5,2.6,3.1,3.7,4.1,4.4,4.4,134.0,141.0,165.0,197.0,221.0,234.0,234.0,0,0,,1,,,,0,,-1,BMTR Short Adventure,TYPE_RIDE,0,2023/12/20,387309391,,3600,1815308
,201,1,,2,4020989,97,49,Yardi Agresta ,0,1815308,4020989.97,74,500848900049,3400.144,3400.204,347.552,,0.0,0,2873,,TEAM BMTR ,bbbbbb,000000,aaaaaa,0,B,167,za,156,164,0,1,53.5,3,1,10,Vet,0,,20,20,0,0,0,160,1.01,52,158,3.0,2.9,158,0,3.1,3.3,3.4,3.6,3.7,3.7,3.7,167.0,177.0,183.0,194.0,198.0,198.0,198.0,0,0,,1,,,,0,,-1,Zwift Racing League - Womens EMEAE Central 1,TYPE_TEAM_TIME_TRIAL TYPE_RACE ,36,2023/12/19,3453194200,1,,1815308
,201,1,,4,4016279,1,1,Yardi Agresta ,0,1815308,4016279.1,53,500292400013,25.757,3600.004,0,,0.0,0,2873,,TEAM BMTR ,bbbbbb,000000,aaaaaa,0,F,167,za,154,172,0,1,53.5,3,1,10,Vet,0,,20,20,0,0,0,159,0.99,53,153,2.9,2.8,150,0,3.0,3.2,3.7,4.2,5.2,5.7,5.7,158.0,170.0,197.0,226.0,278.0,305.0,305.0,0,0,,1,,,,0,,-1,GGCC Glasgow Green Cycle Club Tuesday Training Ride,TYPE_RIDE,0,2023/12/19,2569385980,,3600,1815308
,201,1,,3,4013190,67,21,Yardi Agresta ,0,1815308,4013190.67,26,499960700021,3600.007,3600.067,0.007,,0.0,0,2873,,TEAM BMTR ,bbbbbb,000000,aaaaaa,0,C,167,za,152,170,0,1,53.5,3,1,10,Vet,0,,20,20,0,0,0,151,0.94,56,143,2.7,2.7,149,0,2.9,3.2,3.6,3.8,4.8,5.2,5.2,157.0,171.0,195.0,206.0,259.0,280.0,280.0,0,0,,1,,,,0,,-1,BMTR Short Adventure,TYPE_RIDE,0,2023/12/18,3453194200,,3600,1815308
,201,1,,3,3955935,86,24,Yardi Agresta ,0,1815308,3955935.86,24,492868400024,2160.502,2160.622,87.561,,0.0,0,2873,,TEAM BMTR ,bbbbbb,000000,aaaaaa,0,C,167,za,167,175,0,1,53.5,3,1,10,Vet,0,,20,20,533.11,396.91,0,174,1.02,52,171,3.2,3.1,168,0,3.3,3.5,3.7,4.2,4.8,5.3,5.3,177.0,185.0,197.0,227.0,259.0,281.0,283.0,0,0,,1,,,,0,,-1,Stage 3: Best Of - Rolling Highlands,TYPE_RACE TYPE_RACE ,23,2023/12/18,46799750,2,,1815308
,201,1,,3,4010036,51,51,Yardi Agresta ,0,1815308,4010036.51,76,499612000054,7200.018,7200.018,0.017,,0.0,0,2873,,TEAM BMTR ,bbbbbb,000000,aaaaaa,0,C,167,za,145,166,0,1,53.5,3,1,10,Vet,0,,20,20,0,0,0,140,0.93,57,135,2.5,2.6,140,0,2.8,3.3,3.4,3.6,4.4,5.0,5.0,148.0,177.0,181.0,195.0,235.0,269.0,269.0,0,0,,1,,,,0,,-1,BMTR Short Adventure,TYPE_RIDE,0,2023/12/17,3453194200,,7200,1815308
,201,1,,3,4004504,81,42,Yardi Agresta ,0,1815308,4004504.81,28,498974000042,5400.015,5400.075,0.015,,0.0,0,2873,,TEAM BMTR ,bbbbbb,000000,aaaaaa,0,C,167,za,131,156,0,1,53.5,3,1,10,Vet,0,,20,20,0,0,0,131,0.97,55,127,2.4,2.3,125,0,2.5,2.7,3.3,4.0,4.2,4.2,4.2,132.0,145.0,175.0,215.0,224.0,227.0,227.0,0,0,,1,,,,0,,-1,BMTR Short Adventure,TYPE_RIDE,0,2023/12/15,3382019812,,3600,1815308
,233,0,,3,3902394,160,0,Blopa&reg;,0,1714370,3902394.160,0,485830900068,2123.319,2123.439,0,,0.0,1,2873,,TEAM BMTR ,bbbbbb,000000,aaaaaa,0,HR,182,uy,0,0,0,0,67.0,3,1,1,Mas,0,,20,0,0,0,0,200,0.0,0,185,2.8,2.6,180,0,2.8,3.3,3.6,4.3,5.1,5.3,5.5,190.0,221.0,244.0,289.0,343.0,356.0,367.0,0,0,,1,,,,0,,-1,Race #2 | Cobbled Climbs | ZA 2023,TYPE_RACE TYPE_RACE ,27,2023/12/15,1545087483,3,,1714370
,201,1,,1,4002007,184,27,Yardi Agresta ,0,1815308,4002007.184,91,498667400047,3927.265,3927.265,259.595,,0.0,0,2873,,TEAM BMTR ,bbbbbb,000000,aaaaaa,0,L,167,za,155,168,0,1,53.5,3,1,10,Vet,0,,20,20,0,0,0,162,1.02,52,158,3.0,3.0,162,0,3.2,3.3,3.5,3.8,3.9,4.0,4.0,171.0,178.0,187.0,201.0,210.0,215.0,215.0,0,1,,1,,,,0,,-1,WTRL Team Time Trial - Zone 18,TYPE_TEAM_TIME_TRIAL TYPE_RACE ,43,2023/12/14,604330868,2,,1815308
,201,1,,1,4001924,11,6,Yardi Agresta ,0,1815308,4001924.11,48,498644900006,3790.695,3790.695,0.639,,0.0,0,2873,,TEAM BMTR ,bbbbbb,000000,aaaaaa,0,L,167,za,162,173,0,1,53.5,3,1,10,Vet,0,,20,20,0,0,0,170,1.03,51,167,3.1,3.0,163,0,3.2,3.5,3.7,3.8,4.1,4.5,5.0,172.0,186.0,196.0,206.0,222.0,243.0,267.0,0,1,,1,,,,0,,-1,WTRL Team Time Trial - Zone 11,TYPE_TEAM_TIME_TRIAL TYPE_RACE ,43,2023/12/14,604330868,2,,1815308
,201,1,,1,4001903,9,2,Yardi Agresta ,0,1815308,4001903.9,24,498638900008,3748.173,3748.173,0.039,,0.0,0,2873,,TEAM BMTR ,bbbbbb,000000,aaaaaa,0,F,167,za,164,176,0,1,53.5,3,1,10,Vet,0,,20,20,0,0,0,177,1.06,50,174,3.3,3.2,173,0,3.4,3.7,3.8,4.0,4.5,4.6,4.9,183.0,198.0,201.0,215.0,241.0,248.0,261.0,0,1,,1,,,,0,,-1,WTRL Team Time Trial - Zone 10,TYPE_TEAM_TIME_TRIAL TYPE_RACE ,43,2023/12/14,604330868,2,,1815308
,201,1,,3,3999221,55,21,Yardi Agresta ,0,1815308,3999221.55,27,498272800021,3600.005,3600.065,0.005,,0.0,0,2873,,TEAM BMTR ,bbbbbb,000000,aaaaaa,0,C,167,za,0,0,0,0,53.5,3,1,10,Vet,0,,20,20,0,0,0,140,0.0,0,134,2.5,2.5,138,0,2.7,3.1,3.6,4.1,4.5,4.8,4.8,146.0,168.0,194.0,219.0,242.0,258.0,258.0,0,0,,1,,,,0,,-1,BMTR Short Adventure,TYPE_RIDE,0,2023/12/13,1386460176,,3600,1815308
,201,1,,2,4001273,100,46,Yardi Agresta ,0,1815308,4001273.100,58,498518000046,2302.701,2302.761,138.595,,0.0,0,2873,,TEAM BMTR ,bbbbbb,000000,aaaaaa,0,B,167,za,170,178,0,1,53.5,3,1,10,Vet,0,,20,20,407.07,402.38,5.53,190,1.11,48,188,3.5,3.3,181,0,3.6,3.8,4.1,4.3,4.5,4.5,4.5,191.0,202.0,221.0,230.0,243.0,243.0,243.0,0,0,,1,,,,0,,-1,Zwift Racing League - Womens EMEAE Central 1,TYPE_RACE TYPE_RACE ,24,2023/12/12,3662705581,1,,1815308
,233,0,,3,3902298,102,0,Blopa&reg;,0,1714370,3902298.102,0,485792800035,1418.485,1418.605,0,,0.0,1,2873,,TEAM BMTR ,bbbbbb,000000,aaaaaa,0,HR,182,uy,0,0,0,0,67.0,3,1,1,Mas,0,,20,0,0,0,0,208,0.0,0,200,3.0,2.9,194,0,3.1,3.3,3.6,4.1,4.6,5.3,5.7,205.0,223.0,244.0,275.0,309.0,356.0,380.0,0,0,,1,,,,0,,-1,Race #1 | Rolling Highlands | ZA 2023,TYPE_RACE TYPE_RACE ,23,2023/12/12,46799750,2,,1714370
,201,1,,3,3993467,84,40,Yardi Agresta ,0,1815308,3993467.84,27,497612700040,3600.03,3600.09,0.03,,0.0,0,2873,,TEAM BMTR ,bbbbbb,000000,aaaaaa,0,C,167,za,140,160,0,1,53.5,3,1,10,Vet,0,,20,20,0,0,0,140,0.96,55,135,2.5,2.5,135,0,2.7,3.0,3.4,3.6,3.9,4.2,4.2,143.0,163.0,182.0,195.0,209.0,223.0,223.0,0,0,,1,,,,0,,-1,BMTR Short Adventure,TYPE_RIDE,0,2023/12/11,3662705581,,3600,1815308
,201,1,,3,3990549,62,62,Yardi Agresta ,0,1815308,3990549.62,43,497291800062,7200.017,7200.017,0.017,,0.0,0,2873,,TEAM BMTR ,bbbbbb,000000,aaaaaa,0,C,167,za,0,0,0,0,53.5,3,1,10,Vet,0,,20,20,0,0,0,139,0.0,0,134,2.5,2.6,141,0,2.8,2.9,3.2,3.7,4.2,4.7,4.7,149.0,157.0,173.0,198.0,226.0,252.0,252.0,0,0,,1,,,,0,,-1,BMTR Short Adventure,TYPE_RIDE,0,2023/12/10,3914529041,,7200,1815308
,201,1,,2,3987630,54,43,Yardi Agresta ,0,1815308,3987630.54,67,496956400043,14840.429,14840.429,1459.515,,0.0,0,2873,,TEAM BMTR ,bbbbbb,000000,aaaaaa,0,B,167,za,150,166,0,1,53.5,3,1,10,Vet,0,,20,20,0,0,0,154,1.01,53,151,2.8,2.9,158,0,3.1,3.2,3.4,3.8,4.5,4.7,4.7,167.0,173.0,182.0,205.0,241.0,254.0,254.0,0,0,,1,,,,0,,-1,BMTR Flat 100 (Miles),TYPE_RIDE,161,2023/12/09,3407362320,,,1815308
,201,1,,3,3984976,108,53,Yardi Agresta ,0,1815308,3984976.108,36,496649800053,5400.032,5400.092,0.032,,0.0,0,2873,,TEAM BMTR ,bbbbbb,000000,aaaaaa,0,C,167,za,143,152,0,1,53.5,3,1,10,Vet,0,,20,20,0,0,0,145,0.99,53,142,2.7,2.6,141,0,2.8,3.0,3.0,3.2,3.5,3.7,3.7,149.0,158.0,161.0,171.0,185.0,197.0,197.0,0,0,,1,,,,0,,-1,BMTR Short Adventure,TYPE_RIDE,0,2023/12/08,4258943387,,3600,1815308
,201,1,,1,3982594,178,39,Yardi Agresta ,0,1815308,3982594.178,49,496365300058,2516.015,2516.015,118.095,,0.0,0,2873,,TEAM BMTR ,bbbbbb,000000,aaaaaa,0,L,167,za,159,174,0,1,53.5,3,1,10,Vet,0,,20,20,0,0,0,170,1.05,50,167,3.1,3.0,161,0,3.2,3.5,3.8,3.8,4.0,4.0,4.0,170.0,188.0,201.0,205.0,214.0,214.0,214.0,0,1,,1,,,,0,,-1,WTRL Team Time Trial - Zone 16,TYPE_TEAM_TIME_TRIAL,28,2023/12/07,2595459121,,,1815308
,201,1,,1,3982528,14,7,Yardi Agresta ,0,1815308,3982528.14,16,496347700007,2470.693,2470.693,0.505,,0.0,0,2873,,TEAM BMTR ,bbbbbb,000000,aaaaaa,0,L,167,za,166,176,0,1,53.5,3,1,10,Vet,0,,20,20,0,0,0,179,1.07,50,177,3.3,3.2,171,0,3.4,3.6,3.8,4.1,4.2,4.7,5.2,180.0,194.0,205.0,219.0,227.0,250.0,277.0,0,1,,1,,,,0,,-1,WTRL Team Time Trial - Zone 11,TYPE_TEAM_TIME_TRIAL,28,2023/12/07,2595459121,,,1815308
,201,1,,5,3973027,41,41,Yardi Agresta ,0,1815308,3973027.41,82,495213400041,3600.026,3600.026,0.026,,0.0,0,2873,,TEAM BMTR ,bbbbbb,000000,aaaaaa,0,E,167,za,126,144,0,1,53.5,3,1,10,Vet,0,,20,20,0,0,0,112,0.84,63,106,2.0,2.1,115,0,2.3,2.4,2.6,2.7,2.8,3.2,3.2,122.0,128.0,137.0,142.0,151.0,170.0,170.0,0,0,,1,,,,0,,-1,"Striders and Riders of Zwift: Contenders, Pretenders, & Rear-Enders Social Ride",TYPE_RIDE,0,2023/12/07,1064303857,,3600,1815308
,201,1,,3,3955680,52,14,Yardi Agresta ,0,1815308,3955680.52,26,492741700015,2164.047,2164.167,73.169,,0.0,0,2873,,TEAM BMTR ,bbbbbb,000000,aaaaaa,0,C,167,za,157,170,0,1,53.5,3,1,10,Vet,0,,20,20,542.93,402.43,0,171,1.07,50,168,3.1,3.0,165,0,3.3,3.5,3.8,4.0,4.8,5.5,5.6,174.0,185.0,203.0,216.0,255.0,294.0,298.0,0,0,,1,,,,0,,-1,Stage 1: Best Of - Sand and Sequoias,TYPE_RACE TYPE_RACE ,23,2023/12/07,604330868,1,,1815308
,201,1,,3,3979827,55,22,Yardi Agresta ,0,1815308,3979827.55,26,496023000019,3600.006,3600.066,0.006,,0.0,0,2873,,TEAM BMTR ,bbbbbb,000000,aaaaaa,0,C,167,za,148,168,0,1,53.5,3,1,10,Vet,0,,20,20,0,0,0,148,0.97,55,143,2.7,2.6,142,0,2.8,3.3,3.6,3.8,4.1,4.1,4.1,150.0,174.0,194.0,204.0,219.0,221.0,221.0,0,0,,1,,,,0,,-1,BMTR Short Adventure,TYPE_RIDE,0,2023/12/06,3742187716,,3600,1815308
,201,1,,2,3974280,109,52,Yardi Agresta ,0,1815308,3974280.109,112,495372400052,3597.122,3597.182,262.864,,0.0,0,2873,,TEAM BMTR ,bbbbbb,000000,aaaaaa,0,B,167,za,165,174,0,1,53.5,3,1,10,Vet,0,,20,20,487.20,402.47,0,180,1.08,49,179,3.3,3.3,177,0,3.5,3.7,3.8,3.9,4.0,4.0,4.0,187.0,197.0,204.0,209.0,214.0,214.0,214.0,0,0,,1,,,,0,,-1,Zwift Racing League - Womens EMEAE Central 1,TYPE_RACE TYPE_RACE ,37,2023/12/05,3367186349,2,,1815308
,201,1,,5,3953798,50,50,Yardi Agresta ,0,1815308,3953798.50,30,492492400050,2281.374,2281.374,273.525,,0.0,0,2873,,TEAM BMTR ,bbbbbb,000000,aaaaaa,0,E,167,za,155,170,0,1,53.5,3,1,10,Vet,0,,20,20,0,0,0,167,1.05,50,163,3.1,2.9,159,0,3.1,3.4,3.6,4.1,4.5,5.2,5.2,168.0,180.0,195.0,217.0,243.0,280.0,280.0,0,0,,1,,,,0,,-1,ZRS: Rewind Stage 1 ,TYPE_RIDE,23,2023/12/05,211138252,2,,1815308
,201,1,,3,3974091,62,38,Yardi Agresta ,0,1815308,3974091.62,27,495337100038,3600.018,3600.078,0.018,,0.0,0,2873,,TEAM BMTR ,bbbbbb,000000,aaaaaa,0,C,167,za,145,165,0,1,53.5,3,1,10,Vet,0,,20,20,0,0,0,145,0.94,56,137,2.6,2.6,139,0,2.7,2.9,3.4,3.9,4.4,4.9,4.9,147.0,155.0,180.0,208.0,236.0,260.0,260.0,0,0,,1,,,,0,,-1,BMTR Short Adventure,TYPE_RIDE,0,2023/12/04,3367186349,,3600,1815308
,201,1,,3,3971156,9,9,Yardi Agresta ,0,1815308,3971156.9,61,495004600009,7200.002,7200.002,0.002,,0.0,0,2873,,TEAM BMTR ,bbbbbb,000000,aaaaaa,0,C,167,za,143,154,0,1,53.5,3,1,10,Vet,0,,20,20,0,0,0,135,0.93,57,133,2.5,2.4,133,0,2.6,2.7,2.8,2.9,3.1,3.2,3.2,140.0,144.0,149.0,154.0,167.0,170.0,170.0,0,0,,1,,,,0,,-1,BMTR Short Adventure,TYPE_RIDE,0,2023/12/03,986252325,,7200,1815308
,201,1,,2,3968470,68,44,Yardi Agresta ,0,1815308,3968470.68,118,494692100044,14611.617,14611.617,1187.701,,0.0,0,2873,,TEAM BMTR ,bbbbbb,000000,aaaaaa,0,B,167,za,157,177,0,1,53.5,3,1,10,Vet,0,,20,20,0,0,0,151,0.94,56,148,2.8,2.8,152,0,3.0,3.1,3.4,3.7,4.1,4.3,4.3,161.0,167.0,182.0,200.0,221.0,232.0,232.0,0,0,,1,,,,0,,-1,BMTR Flat 100 (Miles),TYPE_RIDE,161,2023/12/02,2128890027,,,1815308
,201,1,,3,3966090,38,1,Yardi Agresta ,0,1815308,3966090.38,42,494413000001,5400.0,5400.06,0,,0.0,0,2873,,TEAM BMTR ,bbbbbb,000000,aaaaaa,0,C,167,za,144,156,0,1,53.5,3,1,10,Vet,0,,20,20,0,0,0,136,0.93,57,134,2.5,2.5,134,0,2.7,2.7,2.8,3.0,3.2,3.4,3.4,142.0,147.0,151.0,158.0,171.0,182.0,182.0,0,0,,1,,,,0,,-1,BMTR Short Adventure,TYPE_RIDE,0,2023/12/01,604330868,,3600,1815308
,201,1,,1,3964012,230,63,Yardi Agresta ,0,1815308,3964012.230,75,494167600067,2264.259,2264.259,186.07,,0.0,0,2873,,TEAM BMTR ,bbbbbb,000000,aaaaaa,0,L,167,za,161,169,0,1,53.5,3,1,10,Vet,0,,20,20,0,0,0,166,1.02,52,164,3.1,2.9,159,0,3.1,3.3,3.5,3.7,3.8,3.8,3.8,168.0,176.0,186.0,198.0,203.0,203.0,203.0,0,1,,1,,,,0,,-1,WTRL Team Time Trial - Zone 18,TYPE_TEAM_TIME_TRIAL TYPE_RACE ,25,2023/11/30,1453570384,1,,1815308
,201,1,,1,3963927,7,7,Yardi Agresta ,0,1815308,3963927.7,30,494144000008,2161.478,2161.478,5.308,,0.0,0,2873,,TEAM BMTR ,bbbbbb,000000,aaaaaa,0,L,167,za,164,174,0,1,53.5,3,1,10,Vet,0,,20,20,0,0,0,178,1.07,50,175,3.3,3.2,171,0,3.4,3.6,3.6,3.9,4.1,4.6,4.8,181.0,190.0,194.0,207.0,222.0,248.0,258.0,0,1,,1,,,,0,,-1,WTRL Team Time Trial - Zone 11,TYPE_TEAM_TIME_TRIAL TYPE_RACE ,25,2023/11/30,1453570384,1,,1815308
,201,1,,5,3962600,26,26,Yardi Agresta ,0,1815308,3962600.26,26,493987000028,3600.016,3600.016,0.016,,0.0,0,2873,,TEAM BMTR ,bbbbbb,000000,aaaaaa,0,E,167,za,140,150,0,1,53.5,3,1,10,Vet,0,,20,20,0,0,0,132,0.93,57,130,2.4,2.3,127,0,2.5,2.6,2.7,2.9,3.0,3.3,3.3,134.0,139.0,146.0,155.0,162.0,178.0,178.0,0,0,,1,,,,0,,-1,"Striders and Riders of Zwift: Contenders, Pretenders, & Rear-Enders Social Ride",TYPE_RIDE,0,2023/11/30,1064303857,,3600,1815308
,201,1,,1,3963897,52,5,Yardi Agresta ,0,1815308,3963897.52,49,494137000005,2128.206,2128.206,0.34,,0.0,0,2873,,TEAM BMTR ,bbbbbb,000000,aaaaaa,0,L,167,za,163,173,0,1,53.5,3,1,10,Vet,0,,20,20,0,0,0,178,1.08,49,176,3.3,3.1,170,0,3.3,3.5,3.7,3.9,4.3,4.4,4.4,179.0,189.0,196.0,210.0,228.0,234.0,234.0,0,1,,1,,,,0,,-1,WTRL Team Time Trial - Zone 10,TYPE_TEAM_TIME_TRIAL TYPE_RACE ,25,2023/11/30,1453570384,1,,1815308
,201,1,,3,3960786,97,62,Yardi Agresta ,0,1815308,3960786.97,41,493519900062,3600.024,3600.084,0.024,,0.0,0,2873,,TEAM BMTR ,bbbbbb,000000,aaaaaa,0,C,167,za,141,160,0,1,53.5,3,1,10,Vet,0,,20,20,0,0,0,142,0.96,55,135,2.5,2.5,134,0,2.7,3.0,3.4,3.8,4.3,5.1,5.1,142.0,162.0,183.0,206.0,231.0,274.0,274.0,0,0,,1,,,,0,,-1,BMTR Short Adventure,TYPE_RIDE,0,2023/11/29,2569385980,,3600,1815308
,201,1,,4,3960747,54,54,Yardi Agresta ,0,1815308,3960747.54,28,493512300054,3600.027,3600.027,0.027,,0.0,0,2873,,TEAM BMTR ,bbbbbb,000000,aaaaaa,0,D,167,za,148,170,0,1,53.5,3,1,10,Vet,0,,20,20,0,0,0,156,1.01,52,150,2.8,2.7,147,0,2.9,3.0,3.4,4.1,5.1,6.1,6.1,155.0,163.0,182.0,220.0,272.0,326.0,326.0,0,0,,1,,,,0,,-1,RO4H Wednesday Spin,TYPE_RIDE,0,2023/11/29,2569385980,,3600,1815308
,201,1,,2,3958425,76,32,Yardi Agresta ,0,1815308,3958425.76,186,493239900032,2415.935,2415.995,87.591,,0.0,0,2873,,TEAM BMTR ,bbbbbb,000000,aaaaaa,0,B,167,za,163,167,0,1,53.5,3,1,10,Vet,0,,20,20,0,0,0,181,1.11,48,181,3.4,3.2,171,0,3.4,3.5,3.5,3.7,3.7,3.7,3.7,181.0,187.0,189.0,196.0,196.0,196.0,196.0,0,0,,1,,,,0,,-1,Zwift Racing League - Womens EMEAE Central 1,TYPE_TEAM_TIME_TRIAL TYPE_RACE ,28,2023/11/28,1064303857,1,,1815308
,201,1,,4,3958181,66,0,Yardi Agresta ,0,1815308,3958181.66,26,493190200066,3600.026,3600.026,0,,0.0,0,2873,,TEAM BMTR ,bbbbbb,000000,aaaaaa,0,N/A,167,us,146,157,0,1,53.5,3,1,10,Vet,0,,20,20,0,0,0,135,0.92,58,134,2.5,2.4,128,0,2.5,2.7,2.9,3.0,3.1,3.3,3.3,135.0,144.0,153.0,158.0,168.0,177.0,177.0,0,0,,1,,,,0,,-1,REVO Social SUB2,TYPE_RIDE,0,2023/11/28,2128890027,,3600,1815308
,201,1,,3,3958398,66,4,Yardi Agresta ,0,1815308,3958398.66,26,493232200004,2439.812,2439.932,2.119,,0.0,0,2873,,TEAM BMTR ,bbbbbb,000000,aaaaaa,0,C,167,za,169,179,0,1,53.5,3,1,10,Vet,0,,20,20,0,0,0,183,1.07,49,181,3.4,3.3,176,0,3.5,3.6,3.8,4.1,4.5,4.7,4.7,186.0,193.0,203.0,220.0,240.0,249.0,251.0,0,0,,1,,,,0,,-1,Zwift Racing League - Open ATLANTIC Northern 1,TYPE_TEAM_TIME_TRIAL TYPE_RACE ,28,2023/11/28,1064303857,1,,1815308
,201,1,,3,3954906,63,35,Yardi Agresta ,0,1815308,3954906.63,26,492612100035,3600.02,3600.08,0.02,,0.0,0,2873,,TEAM BMTR ,bbbbbb,000000,aaaaaa,0,C,167,za,147,165,0,1,53.5,3,1,10,Vet,0,,20,20,0,0,0,145,0.95,56,139,2.6,2.7,146,0,2.9,3.5,3.6,3.8,4.1,4.4,4.4,154.0,186.0,191.0,203.0,221.0,233.0,233.0,0,0,,1,,,,0,,-1,BMTR Short Adventure,TYPE_RIDE,0,2023/11/27,1064303857,,3600,1815308
,201,1,,3,3894771,54,19,Yardi Agresta ,0,1815308,3894771.54,19,484546500021,2292.554,2292.674,86.382,,0.0,0,2873,,TEAM BMTR ,bbbbbb,000000,aaaaaa,0,C,167,za,162,172,0,1,53.5,3,1,10,Vet,0,,20,20,488.79,396.38,0,172,1.04,51,169,3.2,3.0,162,0,3.2,3.4,3.6,3.8,4.4,5.4,5.9,171.0,182.0,194.0,203.0,237.0,287.0,317.0,0,0,,1,,,,0,,-1,Stage 4: Neokyo Nights - Sprinters Playground,TYPE_RACE TYPE_RACE ,25,2023/11/27,3356878261,2,,1815308
,201,1,,3,3951477,48,48,Yardi Agresta ,0,1815308,3951477.48,47,492240800048,5400.009,5400.009,0.009,,0.0,0,2873,,TEAM BMTR ,bbbbbb,000000,aaaaaa,0,C,167,za,162,177,0,1,53.5,3,1,10,Vet,0,,20,20,0,0,0,162,0.98,54,159,3.0,2.9,155,0,3.1,3.3,3.4,3.9,4.7,4.9,4.9,164.0,174.0,182.0,208.0,249.0,260.0,260.0,0,0,,1,,,,0,,-1,BMTR Short Adventure,TYPE_RIDE,0,2023/11/26,3453194200,,5400,1815308
,201,1,,3,3948850,63,18,Yardi Agresta ,0,1815308,3948850.63,59,491929000018,15753.939,15754.059,604.73,,0.0,0,2873,,TEAM BMTR ,bbbbbb,000000,aaaaaa,0,C,167,za,158,175,0,1,53.5,3,1,10,Vet,0,,20,20,0,0,0,150,0.92,58,145,2.7,3.0,163,0,3.2,3.6,3.7,3.7,4.3,4.6,4.6,172.0,193.0,200.0,200.0,230.0,244.0,244.0,0,0,,1,,,,0,,-1,BMTR Flat 100 (Miles),TYPE_RIDE,161,2023/11/25,1064303857,,,1815308
,201,1,,3,3946577,34,4,Yardi Agresta ,0,1815308,3946577.34,27,491637600004,5400.0,5400.06,0,,0.0,0,2873,,TEAM BMTR ,bbbbbb,000000,aaaaaa,0,C,167,za,0,0,0,0,53.5,3,1,10,Vet,0,,20,20,0,0,0,144,0.0,0,135,2.5,2.5,136,0,2.7,3.0,3.7,4.2,5.1,5.9,5.9,144.0,163.0,198.0,226.0,275.0,318.0,318.0,0,0,,1,,,,0,,-1,BMTR Short Adventure,TYPE_RIDE,0,2023/11/24,1230300449,,3600,1815308
,201,1,,3,3933415,72,72,Yardi Agresta ,0,1815308,3933415.72,45,489876000072,5400.017,5400.017,0.017,,0.0,0,2873,,TEAM BMTR ,bbbbbb,000000,aaaaaa,0,C,167,za,145,156,0,1,53.5,3,1,10,Vet,0,,20,20,0,0,0,137,0.93,57,135,2.5,2.4,131,0,2.6,2.7,2.8,2.9,3.1,3.3,3.3,138.0,147.0,152.0,155.0,164.0,177.0,177.0,0,0,,1,,,,0,,-1,BMTR Short Adventure,TYPE_RIDE,0,2023/11/19,1064303857,,5400,1815308
,201,1,,3,3930929,78,29,Yardi Agresta ,0,1815308,3930929.78,43,489552100029,15680.428,15680.548,572.403,,0.0,0,2873,,TEAM BMTR ,bbbbbb,000000,aaaaaa,0,C,167,za,157,182,0,1,53.5,3,1,10,Vet,0,,20,20,0,0,0,150,0.94,57,147,2.8,2.9,156,0,3.1,3.2,3.8,4.0,4.2,4.6,4.6,165.0,172.0,202.0,213.0,227.0,247.0,247.0,0,0,,1,,,,0,,-1,BMTR Flat 100 (Miles),TYPE_RIDE,161,2023/11/18,3453194200,,,1815308
,233,0,,3,3901962,21,7,Blopa&reg;,0,1714370,3901962.21,0,485664400016,5159.069,2640.091,0.355,,0.0,1,2873,,TEAM BMTR ,bbbbbb,000000,aaaaaa,0,C,182,uy,0,0,0,0,67.0,3,1,1,Mas,0,,20,0,0,0,0,184,0.0,0,166,2.5,2.6,177,0,2.8,3.4,3.5,3.6,3.8,3.9,4.0,187.0,231.0,235.0,243.0,254.0,259.0,266.0,0,0,,1,,,,0,,-1,Workout #2 | Fatigue Fighter | ZA 2023,TYPE_WORKOUT TYPE_WORKOUT,0,2023/11/17,3662705581,,5160,1714370
,201,1,,3,3928958,98,69,Yardi Agresta ,0,1815308,3928958.98,27,489312000070,5400.032,5400.092,0.032,,0.0,0,2873,,TEAM BMTR ,bbbbbb,000000,aaaaaa,0,C,167,za,151,162,0,1,53.5,3,1,10,Vet,0,,20,20,0,0,0,133,0.87,61,131,2.5,2.4,132,0,2.6,2.8,2.9,2.9,3.0,3.0,3.0,139.0,150.0,153.0,157.0,162.0,163.0,163.0,0,0,,1,,,,0,,-1,BMTR Short Adventure,TYPE_RIDE,0,2023/11/17,46799750,,3600,1815308
,201,1,,1,3927160,93,27,Yardi Agresta ,0,1815308,3927160.93,53,489097900072,3236.432,3236.432,228.315,,0.0,0,2873,,TEAM BMTR ,bbbbbb,000000,aaaaaa,0,F,167,za,161,172,0,1,53.5,3,1,10,Vet,0,,20,20,0,0,0,165,1.0,53,161,3.0,3.0,164,0,3.2,3.4,3.6,4.0,4.5,4.5,4.5,173.0,184.0,192.0,214.0,241.0,241.0,241.0,0,1,,1,,,,0,,-1,WTRL Team Time Trial - Zone 17,TYPE_TEAM_TIME_TRIAL TYPE_RACE ,32,2023/11/16,2196019512,2,,1815308
,201,1,,1,3927090,16,6,Yardi Agresta ,0,1815308,3927090.16,23,489078700006,3125.179,3125.179,22.635,,0.0,0,2873,,TEAM BMTR ,bbbbbb,000000,aaaaaa,0,L,167,za,169,179,0,1,53.5,3,1,10,Vet,0,,20,20,0,0,0,166,0.96,55,162,3.0,3.0,160,0,3.2,3.5,3.7,4.1,4.5,5.0,5.4,169.0,188.0,198.0,218.0,242.0,265.0,287.0,0,1,,1,,,,0,,-1,WTRL Team Time Trial - Zone 11,TYPE_TEAM_TIME_TRIAL TYPE_RACE ,32,2023/11/16,2196019512,2,,1815308
,201,1,,4,3927083,17,17,Yardi Agresta ,0,1815308,3927083.17,26,489077700017,3600.005,3600.005,0.005,,0.0,0,2873,,TEAM BMTR ,bbbbbb,000000,aaaaaa,0,D,167,za,155,175,0,1,53.5,3,1,10,Vet,0,,20,20,0,0,0,139,0.83,64,129,2.4,2.3,127,0,2.5,2.7,3.2,4.2,5.3,5.9,5.9,134.0,144.0,170.0,227.0,286.0,316.0,317.0,0,0,,1,,,,0,,-1,AEO Fun Ride p/b Stolen Goat,TYPE_RIDE,0,2023/11/16,986252325,,3600,1815308
,201,1,,1,3927062,41,6,Yardi Agresta ,0,1815308,3927062.41,26,489072000006,3084.408,3084.408,7.293,,0.0,0,2873,,TEAM BMTR ,bbbbbb,000000,aaaaaa,0,L,167,za,172,184,0,1,53.5,3,1,10,Vet,0,,20,20,0,0,0,176,0.99,54,170,3.2,3.1,168,0,3.3,3.6,4.0,4.3,5.0,5.4,5.4,177.0,191.0,212.0,232.0,269.0,290.0,290.0,0,1,,1,,,,0,,-1,WTRL Team Time Trial - Zone 10,TYPE_TEAM_TIME_TRIAL TYPE_RACE ,32,2023/11/16,2196019512,2,,1815308
,201,1,,3,3924673,78,49,Yardi Agresta ,0,1815308,3924673.78,26,488779500049,3600.024,3600.084,0.024,,0.0,0,2873,,TEAM BMTR ,bbbbbb,000000,aaaaaa,0,C,167,za,153,182,0,1,53.5,3,1,10,Vet,0,,20,20,0,0,0,145,0.86,62,131,2.5,2.5,135,0,2.7,2.9,3.3,4.3,5.5,5.8,5.8,143.0,154.0,178.0,232.0,292.0,312.0,312.0,0,0,,1,,,,0,,-1,BMTR Short Adventure,TYPE_RIDE,0,2023/11/15,3407362320,,3600,1815308
,201,1,,2,3932815,117,63,Yardi Agresta ,0,1815308,3932815.117,122,489763500063,3265.897,3265.957,362.743,,0.0,0,2873,,TEAM BMTR ,bbbbbb,000000,aaaaaa,0,B,167,za,170,179,0,1,53.5,3,1,10,Vet,0,,20,20,536.55,396.40,0,176,1.02,52,174,3.3,3.2,174,0,3.4,3.8,4.0,4.1,4.2,4.2,4.2,184.0,201.0,212.0,220.0,225.0,225.0,225.0,0,0,,1,,,,0,,-1,Zwift Racing League - Womens EMEAE Central 1,TYPE_RACE TYPE_RACE ,30,2023/11/14,1788889233,2,,1815308
,201,1,,3,3894493,71,32,Yardi Agresta ,0,1815308,3894493.71,49,484407500036,1840.182,1840.302,5.955,,0.0,0,2873,,TEAM BMTR ,bbbbbb,000000,aaaaaa,0,C,167,za,170,181,0,1,53.5,3,1,10,Vet,0,,20,20,492.30,396.40,0,176,1.02,52,174,3.3,3.0,164,0,3.2,3.3,3.6,3.8,4.7,5.2,5.5,173.0,179.0,190.0,205.0,250.0,279.0,292.0,0,0,,1,,,,0,,-1,Stage 2: Neokyo Nights - Twilight Harbor,TYPE_RACE TYPE_RACE ,21,2023/11/13,1457923570,3,,1815308
,201,1,,3,3919926,41,7,Yardi Agresta ,0,1815308,3919926.41,26,488236900007,3600.003,3600.063,0.003,,0.0,0,2873,,TEAM BMTR ,bbbbbb,000000,aaaaaa,0,C,167,za,148,174,0,1,53.5,3,1,10,Vet,0,,20,20,0,0,0,144,0.89,60,131,2.5,2.4,131,0,2.6,3.0,4.1,4.2,4.4,5.0,5.0,138.0,162.0,217.0,226.0,237.0,265.0,265.0,0,0,,1,,,,0,,-1,BMTR Short Adventure,TYPE_RIDE,0,2023/11/13,1788889233,,3600,1815308
,201,1,,3,3912634,69,27,Yardi Agresta ,0,1815308,3912634.69,28,487272900027,5400.021,5400.081,0.021,,0.0,0,2873,,TEAM BMTR ,bbbbbb,000000,aaaaaa,0,C,167,za,154,175,0,1,53.5,3,1,10,Vet,0,,20,20,0,0,0,135,0.82,65,126,2.4,2.4,130,0,2.6,2.8,3.4,3.8,4.4,4.6,4.6,137.0,152.0,184.0,201.0,236.0,248.0,248.0,0,0,,1,,,,0,,-1,BMTR Short Adventure,TYPE_RIDE,0,2023/11/10,2569385980,,3600,1815308
,233,0,,2,3917336,53,39,Blopa&reg;,0,1714370,3917336.53,0,487881700039,3908.803,3908.863,756.072,,0.0,1,2873,,TEAM BMTR ,bbbbbb,000000,aaaaaa,0,B,182,uy,0,0,0,0,67.0,3,1,1,Mas,0,,20,0,0,0,0,169,0.0,0,158,2.4,2.3,156,0,2.5,2.9,3.8,4.5,4.8,6.4,9.2,165.0,193.0,253.0,299.0,324.0,430.0,614.0,0,0,,1,,,,0,,-1,Tour of Watopia Ride 2023 | Stage 2,TYPE_RIDE,54,2023/11/07,2746475460,1,,1714370
,201,1,,3,3894855,82,25,Yardi Agresta ,0,1815308,3894855.82,24,484585700028,1681.158,1681.278,6.771,,0.0,0,2873,,TEAM BMTR ,bbbbbb,000000,aaaaaa,0,C,167,za,167,177,0,1,53.5,3,1,10,Vet,0,,20,20,487.56,396.40,0,177,1.05,51,175,3.3,3.0,164,0,3.2,3.4,3.7,3.8,4.2,4.9,5.3,173.0,184.0,197.0,205.0,224.0,263.0,286.0,0,0,,1,,,,0,,-1,Stage 1: Neokyo Nights - Sleepless City,TYPE_RACE TYPE_RACE ,19,2023/11/07,3302953739,2,,1815308
,201,1,,3,3894841,91,19,Yardi Agresta ,0,1815308,3894841.91,26,484578700021,1729.748,1729.868,9.724,,0.0,0,2873,,TEAM BMTR ,bbbbbb,000000,aaaaaa,0,C,167,za,164,175,0,1,53.5,3,1,10,Vet,0,,20,20,480.17,396.40,0,171,1.03,51,169,3.2,3.0,161,0,3.2,3.4,3.6,3.9,4.6,5.7,6.1,170.0,183.0,195.0,210.0,246.0,306.0,324.0,0,0,,1,,,,0,,-1,Stage 1: Neokyo Nights - Sleepless City,TYPE_RACE TYPE_RACE ,19,2023/11/07,3302953739,2,,1815308
,201,1,,4,3906318,2,2,Yardi Agresta ,0,1815308,3906318.2,28,486464800005,16.528,3351.194,1.049,,0.0,0,2873,,TEAM BMTR ,bbbbbb,000000,aaaaaa,0,F,167,za,145,174,0,1,53.5,3,1,10,Vet,0,,20,20,0,0,0,157,0.98,54,142,2.7,2.7,148,0,2.9,3.2,3.9,4.2,5.2,6.2,6.2,156.0,172.0,210.0,227.0,276.0,332.0,332.0,0,0,,1,,,,0,,-1,GGCC Glasgow Green Cycle Club Tuesday Training Ride,TYPE_RIDE,33,2023/11/07,54700404,1,,1815308
,201,1,,5,3896236,117,117,Yardi Agresta ,0,1815308,3896236.117,30,484881700117,3600.014,3600.014,2.235,,0.0,0,2873,,TEAM BMTR ,bbbbbb,000000,aaaaaa,0,E,167,za,152,170,0,1,53.5,3,1,10,Vet,0,,20,20,0,0,0,157,1.0,53,152,2.8,2.7,145,0,2.9,3.2,3.5,4.1,4.9,5.4,5.4,153.0,173.0,187.0,222.0,260.0,289.0,289.0,0,0,,1,,,,0,,-1,Stage 1:  World Tour - Movistar Team,TYPE_RIDE,0,2023/11/06,2196019512,,3600,1815308
,201,1,,3,3904276,35,21,Yardi Agresta ,0,1815308,3904276.35,28,486225300021,3600.019,3600.079,0.019,,0.0,0,2873,,TEAM BMTR ,bbbbbb,000000,aaaaaa,0,C,167,za,139,167,0,1,53.5,3,1,10,Vet,0,,20,20,0,0,0,145,0.96,55,134,2.5,2.5,136,0,2.7,3.5,3.6,4.3,4.8,5.6,5.6,144.0,186.0,194.0,232.0,255.0,299.0,299.0,0,0,,1,,,,0,,-1,BMTR Short Adventure,TYPE_RIDE,0,2023/11/06,387309391,,3600,1815308
,201,1,,3,3900971,26,26,Yardi Agresta ,0,1815308,3900971.26,51,485477300026,5400.014,5400.014,0.014,,0.0,0,2873,,TEAM BMTR ,bbbbbb,000000,aaaaaa,0,C,167,za,145,178,0,1,53.5,3,1,10,Vet,0,,20,20,0,0,0,149,0.91,58,132,2.5,2.6,140,0,2.8,3.3,4.1,4.7,5.7,6.2,6.2,148.0,175.0,222.0,252.0,305.0,330.0,330.0,0,0,,1,,,,0,,-1,BMTR Short Adventure,TYPE_RIDE,0,2023/11/05,3366225080,,5400,1815308
,201,1,,3,3898909,85,46,Yardi Agresta ,0,1815308,3898909.85,383,485208100046,17259.972,17260.092,1497.329,,0.0,0,2873,,TEAM BMTR ,bbbbbb,000000,aaaaaa,0,C,167,za,133,176,0,1,53.5,3,1,10,Vet,0,,20,20,0,0,0,131,0.87,61,116,2.2,2.3,127,0,2.5,2.8,3.7,5.0,5.8,6.2,6.2,134.0,149.0,197.0,265.0,309.0,334.0,334.0,0,0,,1,,,,0,,-1,BMTR Flat 100 (Miles),TYPE_RIDE,161,2023/11/04,1064303857,,,1815308
,201,1,,3,3897210,53,11,Yardi Agresta ,0,1815308,3897210.53,32,484993600011,5400.007,5400.067,0.007,,0.0,0,2873,,TEAM BMTR ,bbbbbb,000000,aaaaaa,0,C,167,za,140,167,0,1,53.5,3,1,10,Vet,0,,20,20,0,0,0,137,0.92,58,129,2.4,2.5,133,0,2.6,3.1,3.8,4.3,4.5,4.7,4.7,141.0,167.0,202.0,229.0,241.0,250.0,250.0,0,0,,1,,,,0,,-1,BMTR Short Adventure,TYPE_RIDE,0,2023/11/03,1880443431,,3600,1815308
,201,1,,4,3894051,6,6,Yardi Agresta ,0,1815308,3894051.6,61,484285900011,5400.013,5400.013,0.008,,0.0,0,2873,,TEAM BMTR ,bbbbbb,000000,aaaaaa,0,D,167,za,138,171,0,1,53.5,3,1,10,Vet,0,,20,20,0,0,0,140,0.96,55,133,2.5,2.5,138,0,2.7,3.1,3.9,4.1,4.3,4.3,4.3,146.0,167.0,207.0,222.0,232.0,232.0,232.0,0,0,,1,,,,0,,-1,Summit City Zwift League Endurance Ride,TYPE_RIDE,0,2023/11/02,576953930,,5400,1815308
,201,1,,1,3893862,27,6,Yardi Agresta ,0,1815308,3893862.27,26,484237800006,2147.273,2147.273,66.826,,0.0,0,2873,,TEAM BMTR ,bbbbbb,000000,aaaaaa,0,A,167,za,160,169,0,1,53.5,3,1,10,Vet,0,,20,20,0,0,0,168,1.02,52,163,3.1,3.0,162,0,3.2,3.3,3.5,3.7,4.1,4.4,4.9,171.0,179.0,188.0,198.0,222.0,235.0,263.0,0,0,,1,,,,0,,-1,WTRL Team Time Trial - Zone 11,TYPE_TEAM_TIME_TRIAL TYPE_RACE ,25,2023/11/02,986252325,1,,1815308
,233,0,,3,3895395,342,111,Blopa&reg;,0,1714370,3895395.342,0,484745900111,2924.987,2925.107,585.081,,0.0,1,2873,,TEAM BMTR ,bbbbbb,000000,aaaaaa,0,C,182,uy,0,0,0,0,67.0,3,1,1,Mas,0,,20,0,0,0,0,183,0.0,0,166,2.5,2.4,163,0,2.6,3.1,3.5,4.7,6.3,8.6,8.8,172.0,207.0,236.0,315.0,423.0,574.0,592.0,0,0,,1,,,,0,,-1,Tour of Watopia Ride 2023 | Stage 5,TYPE_RIDE,51,2023/11/02,1656629976,1,,1714370
,201,1,,1,3893828,75,4,Yardi Agresta ,0,1815308,3893828.75,24,484230200004,2102.189,2102.189,1.304,,0.0,0,2873,,TEAM BMTR ,bbbbbb,000000,aaaaaa,0,A,167,za,164,176,0,1,53.5,3,1,10,Vet,0,,20,20,0,0,0,177,1.07,50,175,3.3,3.1,166,0,3.3,3.4,3.7,4.2,4.8,4.9,5.0,175.0,182.0,197.0,227.0,259.0,263.0,268.0,0,0,,1,,,,0,,-1,WTRL Team Time Trial - Zone 10,TYPE_TEAM_TIME_TRIAL TYPE_RACE ,25,2023/11/02,986252325,1,,1815308
,201,1,,3,3892182,58,32,Yardi Agresta ,0,1815308,3892182.58,32,484018400032,3600.016,3600.076,0.016,,0.0,0,2873,,TEAM BMTR ,bbbbbb,000000,aaaaaa,0,C,167,za,154,175,0,1,53.5,3,1,10,Vet,0,,20,20,0,0,0,166,1.04,51,160,3.0,2.9,156,0,3.1,3.5,4.1,4.4,5.0,5.3,5.3,165.0,185.0,218.0,235.0,268.0,286.0,286.0,0,0,,1,,,,0,,-1,BMTR Short Adventure,TYPE_RIDE,0,2023/11/01,986252325,,3600,1815308
,201,1,,4,3890561,25,21,Yardi Agresta ,0,1815308,3890561.25,64,483833300024,5400.021,5400.081,0.021,,0.0,0,2873,,TEAM BMTR ,bbbbbb,000000,aaaaaa,0,D,167,za,154,173,0,1,53.5,3,1,10,Vet,0,,20,20,0,0,0,165,1.03,51,159,3.0,3.0,163,0,3.2,3.5,3.7,4.2,5.3,6.1,6.1,172.0,189.0,198.0,226.0,283.0,327.0,327.0,0,0,,1,,,,0,,-1,Summit City Zwift League Endurance Ride,TYPE_RIDE,0,2023/10/31,1656629976,,5400,1815308
,201,1,,3,3886804,9,3,Yardi Agresta ,0,1815308,3886804.9,37,483213600003,321.73,1089.221,48.293,597.27,226.73000000000002,0,2873,,TEAM BMTR ,bbbbbb,000000,aaaaaa,0,C,167,za,158,174,0,1,53.5,3,1,10,Vet,0,,20,20,504.96,396.32,0,162,0.97,55,153,2.9,2.6,0,1,,3.5,3.6,3.9,4.1,4.5,4.7,,188.0,194.0,207.0,221.0,240.0,249.0,0,0,,1,,,,0,,-1,Zwift Hill Climb Racing Club - New York KQOM (Forwards),TYPE_RACE TYPE_RACE ,9,2023/10/31,3687251774,,,1815308
,201,1,,3,3895251,87,25,Yardi Agresta ,0,1815308,3895251.87,34,484681200026,1648.376,1648.496,5.419,,0.0,0,2873,,TEAM BMTR ,bbbbbb,000000,aaaaaa,0,C,167,za,171,182,0,1,53.5,3,1,10,Vet,0,,20,20,424.35,398.46,2.08,186,1.08,49,185,3.5,3.2,173,0,3.4,3.6,4.0,4.2,4.5,4.9,5.0,183.0,195.0,212.0,227.0,242.0,262.0,270.0,0,0,,1,,,,0,,-1,Stage 5: Race Watopia - Going Coastal,TYPE_RACE TYPE_RACE ,19,2023/10/31,1635842477,1,,1815308
,201,1,,3,3888552,47,37,Yardi Agresta ,0,1815308,3888552.47,40,483580200037,3600.029,3600.089,0.029,,0.0,0,2873,,TEAM BMTR ,bbbbbb,000000,aaaaaa,0,C,167,za,140,170,0,1,53.5,3,1,10,Vet,0,,20,20,0,0,0,142,0.91,58,127,2.4,2.4,132,0,2.6,3.1,3.6,4.6,5.8,6.5,6.5,139.0,168.0,195.0,248.0,312.0,346.0,346.0,0,0,,1,,,,0,,-1,BMTR Short Adventure,TYPE_RIDE,0,2023/10/30,240388043,,3600,1815308
,201,1,,3,3886370,11,11,Yardi Agresta ,0,1815308,3886370.11,75,483143200011,5400.002,5400.002,0.002,,0.0,0,2873,,TEAM BMTR ,bbbbbb,000000,aaaaaa,0,C,167,za,138,164,0,1,53.5,3,1,10,Vet,0,,20,20,0,0,0,138,0.94,56,130,2.4,2.5,137,0,2.7,3.2,4.1,4.2,5.0,5.3,5.3,145.0,169.0,219.0,225.0,265.0,282.0,282.0,0,0,,1,,,,0,,-1,BMTR Short Adventure,TYPE_RIDE,0,2023/10/29,1064303857,,5400,1815308
,201,1,,1,3884719,32,32,Yardi Agresta ,0,1815308,3884719.32,150,482931000032,17109.829,17109.829,3001.796,,0.0,0,2873,,TEAM BMTR ,bbbbbb,000000,aaaaaa,0,A,167,za,146,181,0,1,53.5,3,1,10,Vet,0,,20,20,0,0,0,144,0.87,61,127,2.4,2.5,136,0,2.7,3.4,3.8,5.2,6.7,7.1,7.1,144.0,180.0,206.0,280.0,359.0,382.0,382.0,0,0,,1,,,,0,,-1,The BMTR Fundo,TYPE_RIDE,161,2023/10/28,2136907048,,,1815308
,201,1,,3,3883342,28,28,Yardi Agresta ,0,1815308,3883342.28,42,482750700028,5400.017,5400.017,0.017,,0.0,0,2873,,TEAM BMTR ,bbbbbb,000000,aaaaaa,0,C,167,za,139,154,0,1,53.5,3,1,10,Vet,0,,20,20,0,0,0,129,0.91,58,127,2.4,2.4,130,0,2.6,2.7,2.7,2.8,3.0,3.1,3.1,137.0,143.0,145.0,149.0,160.0,168.0,168.0,0,0,,1,,,,0,,-1,BMTR Short Adventure,TYPE_RIDE,0,2023/10/27,910684583,,5400,1815308
,201,1,,1,3882075,36,4,Yardi Agresta ,0,1815308,3882075.36,21,482589300004,2516.166,2516.166,0.92,,0.0,0,2873,,TEAM BMTR ,bbbbbb,000000,aaaaaa,0,F,167,za,166,179,0,1,53.5,3,1,10,Vet,0,,20,20,0,0,0,184,1.08,49,180,3.4,3.2,175,0,3.5,3.7,3.9,4.1,4.3,4.8,5.0,185.0,198.0,210.0,219.0,231.0,258.0,268.0,0,1,,1,,,,0,,-1,WTRL Team Time Trial - Zone 22,TYPE_TEAM_TIME_TRIAL TYPE_RACE ,27,2023/10/26,2737483381,3,,1815308
,201,1,,4,3881876,19,7,Yardi Agresta ,0,1815308,3881876.19,24,482540700015,2517.284,2517.464,-153.361,,0.0,0,2873,,TEAM BMTR ,bbbbbb,000000,aaaaaa,0,L,167,za,170,180,0,1,53.5,3,1,10,Vet,0,,20,20,0,0,0,184,1.07,49,182,3.4,3.2,175,0,3.5,3.7,4.0,4.1,4.3,4.4,4.4,185.0,198.0,213.0,222.0,230.0,235.0,235.0,0,1,,1,,,,0,,-1,WTRL Team Time Trial - Zone 9,TYPE_TEAM_TIME_TRIAL TYPE_RACE ,27,2023/10/26,2737483381,3,,1815308
,201,1,,4,3881864,56,56,Yardi Agresta ,0,1815308,3881864.56,28,482538200053,3600.023,3600.023,0.023,,0.0,0,2873,,TEAM BMTR ,bbbbbb,000000,aaaaaa,0,D,167,za,141,157,0,1,53.5,3,1,10,Vet,0,,20,20,0,0,0,121,0.84,63,118,2.2,2.1,113,0,2.2,2.4,2.6,2.8,3.3,3.4,3.5,119.0,127.0,138.0,149.0,175.0,182.0,189.0,0,0,,1,,,,0,,-1,AEO Fun Ride p/b Stolen Goat,TYPE_RIDE,0,2023/10/26,3407362320,,3600,1815308
,201,1,,1,3881840,21,5,Yardi Agresta ,0,1815308,3881840.21,26,482532200005,2542.94,2542.94,0.321,,0.0,0,2873,,TEAM BMTR ,bbbbbb,000000,aaaaaa,0,F,167,za,171,179,0,1,53.5,3,1,10,Vet,0,,20,20,0,0,0,185,1.05,50,180,3.4,3.3,177,0,3.5,3.8,4.3,4.6,4.6,4.8,5.0,187.0,203.0,231.0,246.0,248.0,255.0,266.0,0,1,,1,,,,0,,-1,WTRL Team Time Trial - Zone 8,TYPE_TEAM_TIME_TRIAL TYPE_RACE ,34,2023/10/26,576953930,1,,1815308
,233,0,,2,3848193,161,91,Blopa&reg;,0,1714370,3848193.161,0,477829000091,3524.652,3524.712,760.798,,0.0,1,2873,,TEAM BMTR ,bbbbbb,000000,aaaaaa,0,B,182,uy,0,0,0,0,67.0,3,1,1,Mas,0,,20,0,0,0,0,186,0.0,0,180,2.7,2.6,177,0,2.8,3.0,3.2,3.5,4.6,5.9,9.5,187.0,200.0,213.0,236.0,307.0,396.0,636.0,0,0,,1,,,,0,,-1,Tour of Watopia Ride 2023 | Stage 4,TYPE_RIDE,42,2023/10/26,2947111049,1,,1714370
,201,1,,3,3880067,52,24,Yardi Agresta ,0,1815308,3880067.52,34,482299900024,3600.013,3600.073,0.013,,0.0,0,2873,,TEAM BMTR ,bbbbbb,000000,aaaaaa,0,C,167,za,157,168,0,1,53.5,3,1,10,Vet,0,,20,20,0,0,0,159,1.01,53,158,3.0,2.8,152,0,3.0,3.2,3.3,3.6,4.0,4.5,4.5,161.0,169.0,178.0,193.0,213.0,243.0,243.0,0,0,,1,,,,0,,-1,BMTR Short Adventure,TYPE_RIDE,0,2023/10/25,1064303857,,3600,1815308
,201,1,,4,3880037,24,24,Yardi Agresta ,0,1815308,3880037.24,30,482292800025,3600.014,3600.014,0.014,,0.0,0,2873,,TEAM BMTR ,bbbbbb,000000,aaaaaa,0,D,167,za,139,155,0,1,53.5,3,1,10,Vet,0,,20,20,0,0,0,139,0.98,54,136,2.5,2.4,133,0,2.6,2.7,3.1,3.7,4.2,4.3,4.3,140.0,146.0,164.0,199.0,227.0,231.0,231.0,0,0,,1,,,,0,,-1,RO4H Wednesday Spin,TYPE_RIDE,0,2023/10/25,1064303857,,3600,1815308
,233,0,,4,3878655,1,0,Blopa&reg;,0,1714370,3878655.1,0,482131700001,4069.42,4069.42,0,,0.0,1,2873,,TEAM BMTR ,bbbbbb,000000,aaaaaa,0,N/A,182,uy,0,0,0,0,67.0,3,1,1,Mas,0,,20,0,0,0,0,162,0.0,0,133,2.0,2.1,140,0,2.2,3.4,4.3,5.6,6.9,9.1,9.5,148.0,226.0,285.0,374.0,460.0,608.0,634.0,0,0,,1,,,,0,,-1,PACK SUB2 Americas,TYPE_RIDE,36,2023/10/24,3366225080,2,,1714370
,201,1,,3,3843981,81,27,Yardi Agresta ,0,1815308,3843981.81,25,476963100028,2013.973,2014.093,136.891,,0.0,0,2873,,TEAM BMTR ,bbbbbb,000000,aaaaaa,0,C,167,za,158,171,0,1,53.5,3,1,10,Vet,0,,20,20,511.90,389.93,0,169,1.06,50,167,3.1,2.9,159,0,3.1,3.4,3.5,3.9,4.2,4.9,5.2,168.0,183.0,189.0,211.0,227.0,261.0,277.0,0,0,,1,,,,0,,-1,Stage 4: Race Watopia - Volcano Circuit CCW,TYPE_RACE TYPE_RACE ,21,2023/10/24,3866241330,4,,1815308
,201,1,,3,3844020,81,30,Yardi Agresta ,0,1815308,3844020.81,31,476982600032,2029.475,2029.595,131.504,,0.0,0,2873,,TEAM BMTR ,bbbbbb,000000,aaaaaa,0,C,167,za,157,170,0,1,53.5,3,1,10,Vet,0,,20,20,552.18,389.93,0,170,1.07,50,168,3.1,3.0,162,0,3.2,3.4,3.7,3.9,4.1,4.6,5.0,171.0,180.0,199.0,209.0,218.0,245.0,266.0,0,0,,1,,,,0,,-1,Stage 4: Race Watopia - Volcano Circuit CCW,TYPE_RACE TYPE_RACE ,21,2023/10/24,3866241330,4,,1815308
,201,1,,4,3878424,1,1,Yardi Agresta ,0,1815308,3878424.1,31,482087200007,15.928,3600.004,0,,0.0,0,2873,,TEAM BMTR ,bbbbbb,000000,aaaaaa,0,F,167,za,147,161,0,1,53.5,3,1,10,Vet,0,,20,20,0,0,0,153,1.01,52,149,2.8,2.7,148,0,2.9,3.2,3.3,3.8,4.7,5.6,5.6,156.0,170.0,179.0,205.0,252.0,299.0,299.0,0,0,,1,,,,0,,-1,GGCC Glasgow Green Cycle Club Tuesday Training Ride,TYPE_RIDE TYPE_RACE ,0,2023/10/24,910684583,,3600,1815308
,201,1,,4,3876944,16,16,Yardi Agresta ,0,1815308,3876944.16,31,481925100016,3600.019,3600.019,0.019,,0.0,0,2873,,TEAM BMTR ,bbbbbb,000000,aaaaaa,0,D,167,za,141,158,0,1,53.5,3,1,10,Vet,0,,20,20,0,0,0,137,0.94,56,133,2.5,2.5,136,0,2.7,2.9,3.1,3.3,4.4,5.8,5.8,144.0,157.0,165.0,174.0,236.0,308.0,308.0,0,0,,1,,,,0,,-1,BMTR Misfits Social,TYPE_RIDE,0,2023/10/23,3302953739,,3600,1815308
,201,1,,3,3876793,40,33,Yardi Agresta ,0,1815308,3876793.40,27,481895700033,3600.025,3600.085,0.025,,0.0,0,2873,,TEAM BMTR ,bbbbbb,000000,aaaaaa,0,C,167,za,135,164,0,1,53.5,3,1,10,Vet,0,,20,20,0,0,0,135,0.93,57,125,2.3,2.5,133,0,2.6,2.9,3.5,4.2,4.8,5.2,5.2,141.0,155.0,185.0,226.0,257.0,276.0,276.0,0,0,,1,,,,0,,-1,BMTR Short Adventure,TYPE_RIDE,0,2023/10/23,604330868,,3600,1815308
,201,1,,3,3875188,69,69,Yardi Agresta ,0,1815308,3875188.69,39,481698800067,5400.031,5400.031,0.031,,0.0,0,2873,,TEAM BMTR ,bbbbbb,000000,aaaaaa,0,C,167,za,143,172,0,1,53.5,3,1,10,Vet,0,,20,20,0,0,0,143,0.96,55,137,2.6,2.5,138,0,2.7,3.0,3.5,4.4,4.9,5.1,5.1,146.0,161.0,189.0,233.0,264.0,271.0,271.0,0,0,,1,,,,0,,-1,BMTR Short Adventure,TYPE_RIDE,0,2023/10/22,1776635757,,5400,1815308
,201,1,,5,3830055,18,18,Yardi Agresta ,0,1815308,3830055.18,147,474689100018,8100.022,8100.022,0.021,,0.0,0,2873,,TEAM BMTR ,bbbbbb,000000,aaaaaa,0,E,167,za,129,144,0,1,53.5,3,1,10,Vet,0,,20,20,0,0,0,120,0.9,59,116,2.2,2.2,118,0,2.3,2.5,2.6,2.9,3.0,3.2,3.2,125.0,132.0,140.0,153.0,162.0,172.0,172.0,0,0,,1,,,,0,,-1,Cycle Nation 24 hour ride,TYPE_RIDE,0,2023/10/21,2128890027,,8100,1815308
,201,1,,5,3830051,43,43,Yardi Agresta ,0,1815308,3830051.43,41,474688400043,8100.032,8100.032,0.031,,0.0,0,2873,,TEAM BMTR ,bbbbbb,000000,aaaaaa,0,E,167,za,117,139,0,1,53.5,3,1,10,Vet,0,,20,20,0,0,0,86,0.68,78,80,1.5,1.5,81,0,1.6,1.8,2.1,2.7,3.2,4.1,4.1,86.0,96.0,112.0,147.0,172.0,219.0,219.0,0,0,,1,,,,0,,-1,Cycle Nation 24 hour ride,TYPE_RIDE,0,2023/10/21,2128890027,,8100,1815308
,201,1,,5,3830049,50,50,Yardi Agresta ,0,1815308,3830049.50,93,474687900050,8100.031,8100.031,0.031,,0.0,0,2873,,TEAM BMTR ,bbbbbb,000000,aaaaaa,0,E,167,za,133,160,0,1,53.5,3,1,10,Vet,0,,20,20,0,0,0,120,0.84,63,112,2.1,2.3,123,0,2.4,3.0,3.2,3.6,4.8,5.6,5.6,130.0,162.0,173.0,193.0,258.0,299.0,299.0,0,0,,1,,,,0,,-1,Cycle Nation 24 hour ride,TYPE_RIDE,0,2023/10/21,2128890027,,8100,1815308
,201,1,,5,3830048,80,80,Yardi Agresta ,0,1815308,3830048.80,113,474687800080,8100.031,8100.031,0.031,,0.0,0,2873,,TEAM BMTR ,bbbbbb,000000,aaaaaa,0,E,167,za,138,155,0,1,53.5,3,1,10,Vet,0,,20,20,0,0,0,124,0.87,61,120,2.2,2.3,125,0,2.5,2.6,3.0,3.3,3.5,3.5,3.5,132.0,140.0,159.0,175.0,186.0,186.0,186.0,0,0,,1,,,,0,,-1,Cycle Nation 24 hour ride,TYPE_RIDE,0,2023/10/21,2128890027,,8100,1815308
,201,1,,5,3830046,67,67,Yardi Agresta ,0,1815308,3830046.67,149,474687300068,8100.032,8100.032,0.032,,0.0,0,2873,,TEAM BMTR ,bbbbbb,000000,aaaaaa,0,E,167,za,131,159,0,1,53.5,3,1,10,Vet,0,,20,20,0,0,0,121,0.87,61,114,2.1,2.2,121,0,2.4,2.9,3.6,3.8,4.2,4.5,4.5,128.0,153.0,191.0,206.0,223.0,239.0,239.0,0,0,,1,,,,0,,-1,Cycle Nation 24 hour ride,TYPE_RIDE,0,2023/10/21,2128890027,,8100,1815308
,201,1,,5,3830045,122,122,Yardi Agresta ,0,1815308,3830045.122,54,474687200124,8100.031,8100.031,0.031,,0.0,0,2873,,TEAM BMTR ,bbbbbb,000000,aaaaaa,0,E,167,za,131,154,0,1,53.5,3,1,10,Vet,0,,20,20,0,0,0,123,0.91,58,119,2.2,2.3,123,0,2.4,2.6,2.9,3.4,4.1,4.6,4.6,130.0,140.0,155.0,183.0,217.0,245.0,245.0,0,0,,1,,,,0,,-1,Cycle Nation 24 hour ride,TYPE_RIDE,0,2023/10/21,2128890027,,8100,1815308
,201,1,,3,3872681,52,52,Yardi Agresta ,0,1815308,3872681.52,26,481360900052,5400.016,5400.016,0.016,,0.0,0,2873,,TEAM BMTR ,bbbbbb,000000,aaaaaa,0,C,167,za,139,167,0,1,53.5,3,1,10,Vet,0,,20,20,0,0,0,127,0.86,61,120,2.2,2.5,133,0,2.6,3.0,3.6,4.0,4.2,4.6,4.6,141.0,159.0,193.0,214.0,225.0,244.0,244.0,0,0,,1,,,,0,,-1,BMTR Short Adventure,TYPE_RIDE,0,2023/10/20,2128890027,,5400,1815308
,201,1,,1,3871498,18,6,Yardi Agresta ,0,1815308,3871498.18,35,481195000006,3115.205,3115.205,3.381,,0.0,0,2873,,TEAM BMTR ,bbbbbb,000000,aaaaaa,0,F,167,za,166,177,0,1,53.5,3,1,10,Vet,0,,20,20,0,0,0,171,1.01,52,168,3.1,3.0,163,0,3.2,3.5,3.7,4.0,4.4,4.6,4.8,172.0,186.0,200.0,212.0,234.0,248.0,258.0,0,1,,1,,,,0,,-1,WTRL Team Time Trial - Zone 9,TYPE_TEAM_TIME_TRIAL TYPE_RACE ,34,2023/10/19,576953930,1,,1815308
,201,1,,4,3871488,23,23,Yardi Agresta ,0,1815308,3871488.23,41,481193000023,3600.015,3600.015,0.015,,0.0,0,2873,,TEAM BMTR ,bbbbbb,000000,aaaaaa,0,D,167,za,146,170,0,1,53.5,3,1,10,Vet,0,,20,20,0,0,0,131,0.87,61,127,2.4,2.3,125,0,2.5,2.9,3.3,3.8,4.2,4.4,4.4,132.0,153.0,176.0,205.0,223.0,238.0,238.0,0,0,,1,,,,0,,-1,AEO Fun Ride p/b Stolen Goat,TYPE_RIDE,0,2023/10/19,3407362320,,3600,1815308
,201,1,,1,3871464,12,2,Yardi Agresta ,0,1815308,3871464.12,28,481187000002,3199.521,3199.521,1.04,,0.0,0,2873,,TEAM BMTR ,bbbbbb,000000,aaaaaa,0,F,167,za,165,176,0,1,53.5,3,1,10,Vet,0,,20,20,0,0,0,167,0.99,53,164,3.1,3.0,160,0,3.2,3.5,3.6,3.8,3.9,4.2,4.4,169.0,188.0,195.0,201.0,210.0,224.0,238.0,0,1,,1,,,,0,,-1,WTRL Team Time Trial - Zone 8,TYPE_TEAM_TIME_TRIAL TYPE_RACE ,34,2023/10/19,576953930,1,,1815308
,201,1,,3,3870050,68,41,Yardi Agresta ,0,1815308,3870050.68,27,480994300041,3600.022,3600.082,0.022,,0.0,0,2873,,TEAM BMTR ,bbbbbb,000000,aaaaaa,0,C,167,za,144,162,0,1,53.5,3,1,10,Vet,0,,20,20,0,0,0,140,0.94,56,136,2.5,2.6,142,0,2.8,3.1,3.4,3.6,3.8,3.8,3.8,150.0,164.0,184.0,193.0,201.0,205.0,205.0,0,0,,1,,,,0,,-1,BMTR Short Adventure,TYPE_RIDE,0,2023/10/18,928793662,,3600,1815308
,201,1,,4,3870018,32,32,Yardi Agresta ,0,1815308,3870018.32,28,480987300032,3600.024,3600.024,0.024,,0.0,0,2873,,TEAM BMTR ,bbbbbb,000000,aaaaaa,0,D,167,za,143,157,0,1,53.5,3,1,10,Vet,0,,20,20,0,0,0,139,0.96,55,137,2.6,2.5,133,0,2.6,2.7,2.9,3.1,3.4,3.8,3.8,141.0,144.0,154.0,166.0,184.0,203.0,203.0,0,0,,1,,,,0,,-1,RO4H Wednesday Spin,TYPE_RIDE,0,2023/10/18,1064303857,,3600,1815308
,201,1,,3,3859304,219,49,Yardi Agresta ,0,1815308,3859304.219,87,479412900049,2792.75,2792.87,116.163,,0.0,0,2873,,TEAM BMTR ,bbbbbb,000000,aaaaaa,0,C,167,za,163,169,0,1,53.5,3,1,10,Vet,0,,20,20,0,0,0,172,1.06,50,172,3.2,3.1,166,0,3.3,3.4,3.6,3.7,3.8,3.8,3.8,175.0,184.0,190.0,199.0,206.0,206.0,206.0,0,0,,1,,,,0,,-1,Zwift Racing League | WTRL - Open EMEAE North Division 1,TYPE_TEAM_TIME_TRIAL,31,2023/10/17,1880443431,1,,1815308
,201,1,,4,3868654,16,0,Yardi Agresta ,0,1815308,3868654.16,27,480806600016,3600.006,3600.006,0,,0.0,0,2873,,TEAM BMTR ,bbbbbb,000000,aaaaaa,0,N/A,167,us,134,148,0,1,53.5,3,1,10,Vet,0,,20,20,0,0,0,116,0.86,62,115,2.2,2.0,110,0,2.2,2.2,2.4,2.7,2.9,3.0,3.0,116.0,120.0,131.0,145.0,156.0,159.0,159.0,0,0,,1,,,,0,,-1,REVO Social SUB2,TYPE_RIDE,0,2023/10/17,2128890027,,3600,1815308
,201,1,,3,3859288,136,31,Yardi Agresta ,0,1815308,3859288.136,26,479406500031,2786.654,2786.774,124.188,,0.0,0,2873,,TEAM BMTR ,bbbbbb,000000,aaaaaa,0,C,167,za,162,173,0,1,53.5,3,1,10,Vet,0,,20,20,0,0,0,175,1.07,50,173,3.2,3.1,166,0,3.3,3.5,3.8,4.0,4.4,4.6,4.8,175.0,187.0,205.0,214.0,233.0,247.0,258.0,0,0,,1,,,,0,,-1,Zwift Racing League | WTRL - Open Asia East Division 1,TYPE_TEAM_TIME_TRIAL,31,2023/10/17,1880443431,1,,1815308
,201,1,,4,3868627,2,2,Yardi Agresta ,0,1815308,3868627.2,29,480801100018,15.03,3600.018,0.756,,0.0,0,2873,,TEAM BMTR ,bbbbbb,000000,aaaaaa,0,F,167,za,147,173,0,1,53.5,3,1,10,Vet,0,,20,20,0,0,0,157,0.99,53,146,2.7,2.7,149,0,2.9,3.2,3.7,4.8,6.0,6.4,6.4,157.0,172.0,197.0,256.0,319.0,340.0,340.0,0,0,,1,,,,0,,-1,GGCC Glasgow Green Cycle Club Tuesday Training Ride,TYPE_RIDE,0,2023/10/17,1776635757,,3600,1815308
,201,1,,4,3867892,27,27,Yardi Agresta ,0,1815308,3867892.27,26,480716100027,3600.016,3600.016,0.016,,0.0,0,2873,,TEAM BMTR ,bbbbbb,000000,aaaaaa,0,D,167,za,151,173,0,1,53.5,3,1,10,Vet,0,,20,20,0,0,0,150,0.97,55,146,2.7,2.6,143,0,2.8,3.0,3.6,3.9,4.3,5.0,5.0,151.0,163.0,195.0,209.0,231.0,266.0,266.0,0,0,,1,,,,0,,-1,BMTR Misfits Social,TYPE_RIDE,0,2023/10/16,1776635757,,3600,1815308
,201,1,,3,3843913,38,18,Yardi Agresta ,0,1815308,3843913.38,32,476929900022,1398.733,1398.853,76.095,,0.0,0,2873,,TEAM BMTR ,bbbbbb,000000,aaaaaa,0,C,167,za,161,172,0,1,53.5,3,1,10,Vet,0,,20,20,499.37,389.81,0,178,1.08,49,174,3.3,3.0,165,0,3.3,3.4,3.6,4.1,4.5,5.3,5.6,174.0,182.0,193.0,220.0,241.0,286.0,301.0,0,0,,1,,,,0,,-1,Stage 3: Race Watopia - Two Bridges Loop,TYPE_RACE TYPE_RACE ,15,2023/10/16,3312037616,2,,1815308
,201,1,,3,3866861,24,15,Yardi Agresta ,0,1815308,3866861.24,27,480475700015,3600.009,3600.069,0.009,,0.0,0,2873,,TEAM BMTR ,bbbbbb,000000,aaaaaa,0,C,167,za,145,168,0,1,53.5,3,1,10,Vet,0,,20,20,0,0,0,139,0.87,61,126,2.4,2.3,124,0,2.4,2.9,3.4,4.1,5.8,6.4,6.4,131.0,157.0,183.0,222.0,310.0,342.0,342.0,0,0,,1,,,,0,,-1,BMTR Short Adventure,TYPE_RIDE,0,2023/10/16,1880443431,,3600,1815308
,201,1,,3,3848113,232,61,Yardi Agresta ,0,1815308,3848113.232,37,477797700061,2236.975,2237.095,278.458,,0.0,0,2873,,TEAM BMTR ,bbbbbb,000000,aaaaaa,0,C,167,za,164,173,0,1,53.5,3,1,10,Vet,0,,20,20,0,0,0,170,1.03,51,169,3.2,3.0,162,0,3.2,3.4,3.5,3.8,4.2,4.4,4.4,171.0,183.0,188.0,201.0,224.0,238.0,238.0,0,0,,1,,,,0,,-1,Tour of Watopia Ride 2023 | Stage 3,TYPE_RIDE,28,2023/10/16,1766405776,1,,1815308
,233,0,,5,3865439,4,4,Blopa&reg;,0,1714370,3865439.4,0,480290700004,4325.887,4325.887,2.353,,0.0,1,2873,,TEAM BMTR ,bbbbbb,000000,aaaaaa,0,E,182,uy,0,0,0,0,67.0,3,1,1,Mas,0,,20,0,0,0,0,169,0.0,0,157,2.3,2.5,171,0,2.7,3.0,3.4,3.6,3.7,3.9,4.3,180.0,203.0,231.0,243.0,250.0,259.0,287.0,0,0,,1,,,,0,,-1,BanditZ Tronathon (Banded),TYPE_RIDE,18,2023/10/15,2663908549,,,1714370
,201,1,,3,3865418,61,61,Yardi Agresta ,0,1815308,3865418.61,43,480286500061,5400.027,5400.027,0.027,,0.0,0,2873,,TEAM BMTR ,bbbbbb,000000,aaaaaa,0,C,167,za,146,179,0,1,53.5,3,1,10,Vet,0,,20,20,0,0,0,140,0.86,62,125,2.3,2.4,130,0,2.6,3.0,3.7,4.7,5.8,6.8,6.8,137.0,161.0,199.0,253.0,309.0,362.0,362.0,0,0,,1,,,,0,,-1,BMTR Short Adventure,TYPE_RIDE,0,2023/10/15,3366225080,,5400,1815308
,201,1,,1,3864254,56,56,Yardi Agresta ,0,1815308,3864254.56,54,480122400056,15959.904,15959.904,2624.044,,0.0,0,2873,,TEAM BMTR ,bbbbbb,000000,aaaaaa,0,A,167,za,144,180,0,1,53.5,3,1,10,Vet,0,,20,20,0,0,0,142,0.93,57,134,2.5,2.6,140,0,2.8,3.2,3.9,4.3,5.4,6.3,6.3,148.0,171.0,209.0,229.0,291.0,338.0,338.0,0,0,,1,,,,0,,-1,The BMTR Fundo,TYPE_RIDE,161,2023/10/14,986252325,,,1815308
,201,1,,3,3847853,165,18,Yardi Agresta ,0,1815308,3847853.165,27,477696100018,1817.02,1817.14,227.771,,0.0,0,2873,,TEAM BMTR ,bbbbbb,000000,aaaaaa,0,C,167,za,148,165,0,1,53.5,3,1,10,Vet,0,,20,20,0,0,0,156,1.02,52,151,2.8,2.6,142,0,2.8,3.1,3.4,3.7,3.9,4.1,4.1,150.0,168.0,182.0,200.0,210.0,220.0,220.0,0,0,,1,,,,0,,-1,Tour of Watopia Ride 2023 | Stage 2,TYPE_RIDE,54,2023/10/13,2746475460,1,,1815308
,201,1,,3,3863192,31,31,Yardi Agresta ,0,1815308,3863192.31,26,479974500031,5400.018,5400.018,0.018,,0.0,0,2873,,TEAM BMTR ,bbbbbb,000000,aaaaaa,0,C,167,za,143,169,0,1,53.5,3,1,10,Vet,0,,20,20,0,0,0,143,0.93,57,133,2.5,2.4,133,0,2.6,2.9,3.4,4.2,5.4,6.5,6.5,140.0,154.0,184.0,226.0,289.0,347.0,347.0,0,0,,1,,,,0,,-1,BMTR Short Adventure,TYPE_RIDE,0,2023/10/13,3407362320,,5400,1815308
,201,1,,2,3847953,171,80,Yardi Agresta ,0,1815308,3847953.171,53,477736000080,3388.721,3388.781,364.435,,0.0,0,2873,,TEAM BMTR ,bbbbbb,000000,aaaaaa,0,B,167,za,158,175,0,1,53.5,3,1,10,Vet,0,,20,20,0,0,0,160,1.0,53,158,3.0,2.8,154,0,3.0,3.4,3.5,3.8,4.1,4.1,4.1,163.0,180.0,187.0,205.0,221.0,221.0,221.0,0,0,,1,,,,0,,-1,Tour of Watopia Ride 2023 | Stage 2,TYPE_RIDE,54,2023/10/12,2746475460,1,,1815308
,201,1,,1,3862080,71,5,Yardi Agresta ,0,1815308,3862080.71,35,479808500005,3396.724,3396.724,0.174,,0.0,0,2873,,TEAM BMTR ,bbbbbb,000000,aaaaaa,0,L,167,za,164,174,0,1,53.5,3,1,10,Vet,0,,20,20,0,0,0,166,0.99,53,163,3.1,3.0,160,0,3.2,3.4,3.8,4.0,4.1,4.9,4.9,169.0,183.0,201.0,214.0,222.0,261.0,261.0,0,1,,1,,,,0,,-1,WTRL Team Time Trial - Zone 8,TYPE_TEAM_TIME_TRIAL TYPE_RACE ,37,2023/10/12,3994934674,3,,1815308
,201,1,,3,3860872,58,37,Yardi Agresta ,0,1815308,3860872.58,26,479637500037,3600.022,3600.082,0.022,,0.0,0,2873,,TEAM BMTR ,bbbbbb,000000,aaaaaa,0,C,167,za,158,169,0,1,53.5,3,1,10,Vet,0,,20,20,0,0,0,159,0.99,54,156,2.9,2.8,152,0,3.0,3.3,3.4,3.8,4.0,4.3,4.3,161.0,174.0,184.0,201.0,212.0,228.0,228.0,0,0,,1,,,,0,,-1,BMTR Short Adventure,TYPE_RIDE,0,2023/10/11,3994934674,,3600,1815308
,233,0,,3,3847979,246,28,Blopa&reg;,0,1714370,3847979.246,0,477746200028,1799.371,1799.491,140.356,,0.0,1,2873,,TEAM BMTR ,bbbbbb,000000,aaaaaa,0,C,182,uy,0,0,0,0,67.0,3,1,1,Mas,0,,20,0,0,0,0,195,0.0,0,188,2.8,2.7,182,0,2.9,3.4,4.1,4.4,4.8,5.1,5.7,192.0,230.0,272.0,295.0,319.0,341.0,381.0,0,0,,1,,,,0,,-1,Tour of Watopia Ride 2023 | Stage 2,TYPE_RIDE,54,2023/10/10,2746475460,1,,1714370
,201,1,,3,3843774,52,14,Yardi Agresta ,0,1815308,3843774.52,22,476861600014,1896.713,1896.833,2.547,,0.0,0,2873,,TEAM BMTR ,bbbbbb,000000,aaaaaa,0,C,167,za,163,177,0,1,53.5,3,1,10,Vet,0,,20,20,434.77,389.94,0,175,1.05,51,171,3.2,3.0,163,0,3.2,3.7,4.0,4.1,5.2,5.5,5.8,172.0,196.0,214.0,218.0,276.0,294.0,311.0,0,0,,1,,,,0,,-1,Stage 2: Race Watopia - Watopia Flat Route,TYPE_RACE TYPE_RACE ,20,2023/10/10,3395698268,2,,1815308
,201,1,,3,3857929,122,30,Yardi Agresta ,0,1815308,3857929.122,33,479214700030,3519.337,3519.457,179.467,,0.0,0,2873,,TEAM BMTR ,bbbbbb,000000,aaaaaa,0,C,167,za,170,180,0,1,53.5,3,1,10,Vet,0,,20,20,419.34,389.92,0,182,1.05,50,179,3.3,3.2,174,0,3.4,3.8,4.0,4.1,4.6,4.7,4.7,184.0,205.0,212.0,222.0,247.0,251.0,253.0,0,0,,1,,,,0,,-1,Zwift Racing League | WTRL - Open Asia East Division 1,TYPE_RACE TYPE_RACE ,33,2023/10/10,2896159042,1,,1815308
,233,0,,5,3856766,21,21,Blopa&reg;,0,1714370,3856766.21,0,479065000021,8719.724,8719.724,3.633,,0.0,1,2873,,TEAM BMTR ,bbbbbb,000000,aaaaaa,0,E,182,uy,0,0,0,0,67.0,3,1,1,Mas,0,,20,0,0,0,0,155,0.0,0,141,2.1,2.3,159,0,2.5,2.6,2.9,3.0,3.2,3.3,4.0,168.0,177.0,192.0,199.0,216.0,220.0,267.0,0,0,,1,,,,0,,-1,BanditZ Tronathon (Banded),TYPE_RIDE,46,2023/10/08,2969952077,1,,1714370
,201,1,,3,3856746,38,38,Yardi Agresta ,0,1815308,3856746.38,28,479060700038,5400.026,5400.026,0.026,,0.0,0,2873,,TEAM BMTR ,bbbbbb,000000,aaaaaa,0,C,167,za,150,174,0,1,53.5,3,1,10,Vet,0,,20,20,0,0,0,154,0.93,57,140,2.6,2.7,144,0,2.8,3.4,3.6,4.3,5.0,5.5,5.5,152.0,182.0,194.0,229.0,268.0,295.0,295.0,0,0,,1,,,,0,,-1,BMTR Short Adventure,TYPE_RIDE,0,2023/10/08,928793662,,5400,1815308
,201,1,,1,3855696,36,36,Yardi Agresta ,0,1815308,3855696.36,126,478907100036,16212.739,16212.739,2261.14,,0.0,0,2873,,TEAM BMTR ,bbbbbb,000000,aaaaaa,0,A,167,za,136,173,0,1,53.5,3,1,10,Vet,0,,20,20,0,0,0,139,0.95,56,129,2.4,2.6,139,0,2.7,3.3,4.3,4.6,5.1,5.6,5.6,147.0,178.0,232.0,245.0,272.0,298.0,298.0,0,0,,1,,,,0,,-1,The BMTR Fundo - Dave Schoepel Hits 100k Zwift Miles!,TYPE_RIDE,161,2023/10/07,3453194200,,,1815308
,201,1,,3,3854798,3,3,Yardi Agresta ,0,1815308,3854798.3,51,478774700003,5400.002,5400.002,0.001,,0.0,0,2873,,TEAM BMTR ,bbbbbb,000000,aaaaaa,0,C,167,za,133,148,0,1,53.5,3,1,10,Vet,0,,20,20,0,0,0,126,0.93,57,124,2.3,2.3,125,0,2.5,2.5,2.7,2.8,3.1,3.3,3.3,132.0,136.0,147.0,152.0,165.0,179.0,179.0,0,0,,1,,,,0,,-1,BMTR Short Adventure,TYPE_RIDE,0,2023/10/06,986252325,,5400,1815308
,201,1,,1,3854001,27,3,Yardi Agresta ,0,1815308,3854001.27,26,478677000019,2902.542,2902.542,0.616,,0.0,0,2873,,TEAM BMTR ,bbbbbb,000000,aaaaaa,0,F,167,za,153,163,0,1,53.5,3,1,10,Vet,0,,20,20,0,0,0,163,1.03,52,157,2.9,2.8,152,0,3.0,3.3,3.6,3.9,4.6,5.3,5.4,160.0,178.0,190.0,207.0,246.0,281.0,287.0,0,1,,1,,,,0,,-1,WTRL Team Time Trial - Zone 22,TYPE_TEAM_TIME_TRIAL TYPE_RACE ,31,2023/10/05,1880443431,1,,1815308
,201,1,,1,3853807,24,6,Yardi Agresta ,0,1815308,3853807.24,31,478628700006,2767.384,2767.384,0.847,,0.0,0,2873,,TEAM BMTR ,bbbbbb,000000,aaaaaa,0,L,167,za,163,176,0,1,53.5,3,1,10,Vet,0,,20,20,0,0,0,169,1.01,52,165,3.1,3.0,162,0,3.2,3.5,3.7,3.9,4.4,5.3,5.7,171.0,186.0,200.0,208.0,234.0,282.0,305.0,0,1,,1,,,,0,,-1,WTRL Team Time Trial - Zone 9,TYPE_TEAM_TIME_TRIAL TYPE_RACE ,31,2023/10/05,1880443431,1,,1815308
,201,1,,4,3853798,35,35,Yardi Agresta ,0,1815308,3853798.35,28,478626800035,3600.017,3600.017,0.017,,0.0,0,2873,,TEAM BMTR ,bbbbbb,000000,aaaaaa,0,D,167,za,149,170,0,1,53.5,3,1,10,Vet,0,,20,20,0,0,0,149,0.93,57,139,2.6,2.6,142,0,2.8,3.4,3.6,4.0,4.7,5.0,5.1,150.0,180.0,192.0,214.0,252.0,268.0,273.0,0,0,,1,,,,0,,-1,AEO Fun Ride p/b Stolen Goat,TYPE_RIDE,0,2023/10/05,986252325,,3600,1815308
,201,1,,1,3853778,27,4,Yardi Agresta ,0,1815308,3853778.27,41,478621600008,2647.844,2647.844,1.318,,0.0,0,2873,,TEAM BMTR ,bbbbbb,000000,aaaaaa,0,F,167,za,171,180,0,1,53.5,3,1,10,Vet,0,,20,20,0,0,0,180,1.04,51,178,3.3,3.1,169,0,3.3,3.5,3.7,4.0,4.7,4.9,5.1,178.0,187.0,198.0,213.0,250.0,264.0,274.0,0,1,,1,,,,0,,-1,WTRL Team Time Trial - Zone 8,TYPE_TEAM_TIME_TRIAL TYPE_RACE ,31,2023/10/05,1880443431,1,,1815308
,233,0,,3,3847727,196,26,Blopa&reg;,0,1714370,3847727.196,0,477648400026,2092.598,2092.718,348.583,,0.0,1,2873,,TEAM BMTR ,bbbbbb,000000,aaaaaa,0,C,182,uy,0,0,0,0,67.0,3,1,1,Mas,0,,20,0,0,0,0,191,0.0,0,183,2.7,2.6,179,0,2.8,3.2,3.6,3.9,5.0,6.1,7.8,189.0,212.0,238.0,259.0,332.0,410.0,522.0,0,0,,1,,,,0,,-1,Tour of Watopia Ride 2023 | Stage 1,TYPE_RIDE,38,2023/10/04,2627606248,1,,1714370
,201,1,,4,3852519,13,13,Yardi Agresta ,0,1815308,3852519.13,28,478418900013,3600.012,3600.012,0.011,,0.0,0,2873,,TEAM BMTR ,bbbbbb,000000,aaaaaa,0,D,167,za,139,165,0,1,53.5,3,1,10,Vet,0,,20,20,0,0,0,146,1.01,53,140,2.6,2.6,143,0,2.8,3.0,3.5,4.2,5.1,5.7,5.7,151.0,161.0,187.0,223.0,273.0,306.0,306.0,0,0,,1,,,,0,,-1,RO4H Wednesday Spin,TYPE_RIDE,0,2023/10/04,1064303857,,3600,1815308
,201,1,,3,3853400,225,42,Yardi Agresta ,0,1815308,3853400.225,88,478549400045,2227.592,2227.712,123.559,,0.0,0,2873,,TEAM BMTR ,bbbbbb,000000,aaaaaa,0,C,167,za,175,182,0,1,53.5,3,1,10,Vet,0,,20,20,381.09,402.19,12.24,192,1.08,49,189,3.5,3.3,181,0,3.6,4.0,4.2,4.3,4.4,4.4,4.4,191.0,213.0,224.0,230.0,234.0,234.0,234.0,0,0,,1,,,,0,,-1,Zwift Racing League | WTRL - Open EMEAE North Division 1,TYPE_RACE TYPE_RACE ,21,2023/10/03,1086718516,2,,1815308
,201,1,,4,3851346,26,0,Yardi Agresta ,0,1815308,3851346.26,47,478265800026,3600.016,3600.016,0,,0.0,0,2873,,TEAM BMTR ,bbbbbb,000000,aaaaaa,0,N/A,167,us,133,166,0,1,53.5,3,1,10,Vet,0,,20,20,0,0,0,132,0.92,57,123,2.3,2.3,127,0,2.5,2.7,3.6,4.1,4.2,4.4,4.4,134.0,147.0,195.0,219.0,223.0,234.0,234.0,0,0,,1,,,,0,,-1,REVO Social SUB2,TYPE_RIDE,0,2023/10/03,2128890027,,3600,1815308
,201,1,,3,3849744,23,6,Yardi Agresta ,0,1815308,3849744.23,26,478075900006,3600.001,3600.061,0.001,,0.0,0,2873,,TEAM BMTR ,bbbbbb,000000,aaaaaa,0,C,167,za,146,162,0,1,53.5,3,1,10,Vet,0,,20,20,0,0,0,138,0.88,61,128,2.4,2.3,126,0,2.5,2.8,3.3,3.4,4.1,4.9,4.9,133.0,150.0,177.0,183.0,222.0,260.0,260.0,0,0,,1,,,,0,,-1,BMTR Short Adventure,TYPE_RIDE,0,2023/10/02,1086718516,,3600,1815308
,201,1,,3,3843626,88,21,Yardi Agresta ,0,1815308,3843626.88,18,476790400022,2314.445,2314.565,9.563,,0.0,0,2873,,TEAM BMTR ,bbbbbb,000000,aaaaaa,0,C,167,za,164,180,0,1,53.5,3,1,10,Vet,0,,20,20,352.81,425.02,22.83,180,1.07,50,175,3.3,3.1,166,0,3.3,3.6,4.1,4.3,4.7,5.1,5.5,175.0,193.0,219.0,228.0,251.0,275.0,295.0,0,0,,1,,,,0,,-1,Stage 1: Race Watopia - Beach Island Loop,TYPE_RACE TYPE_RACE ,26,2023/10/02,2474227587,2,,1815308
,201,1,,3,3843603,94,37,Yardi Agresta ,0,1815308,3843603.94,18,476778900040,2463.836,2463.956,175.923,,0.0,0,2873,,TEAM BMTR ,bbbbbb,000000,aaaaaa,0,C,167,za,162,177,0,1,53.5,3,1,10,Vet,0,,20,20,502.18,425.02,0,179,1.08,49,175,3.3,3.1,168,0,3.3,3.6,3.9,4.3,5.2,5.3,5.4,177.0,191.0,210.0,228.0,278.0,284.0,291.0,0,0,,1,,,,0,,-1,Stage 1: Race Watopia - Beach Island Loop,TYPE_RACE TYPE_RACE ,26,2023/10/02,2474227587,2,,1815308
,233,0,,5,3846884,16,16,Blopa&reg;,0,1714370,3846884.16,0,477412000016,4184.673,4184.673,5.184,,0.0,1,2873,,TEAM BMTR ,bbbbbb,000000,aaaaaa,0,E,182,uy,0,0,0,0,67.4,3,1,1,Mas,0,,20,0,0,0,0,170,0.0,0,162,2.4,2.5,169,0,2.6,2.8,3.1,3.3,3.4,3.5,3.8,178.0,192.0,211.0,220.0,227.0,236.0,258.0,0,0,,1,,,,0,,-1,BanditZ Tronathon (Banded),TYPE_RIDE,18,2023/10/01,2663908549,,,1714370
,201,1,,3,3846867,27,27,Yardi Agresta ,0,1815308,3846867.27,27,477408300027,5400.016,5400.016,0.015,,0.0,0,2873,,TEAM BMTR ,bbbbbb,000000,aaaaaa,0,C,167,za,152,165,0,1,53.5,3,1,10,Vet,0,,20,20,0,0,0,159,1.02,52,155,2.9,2.9,155,0,3.1,3.3,3.4,3.7,4.5,5.6,5.6,164.0,176.0,182.0,200.0,243.0,299.0,299.0,0,0,,1,,,,0,,-1,BMTR Short Adventure,TYPE_RIDE,0,2023/10/01,3994934674,,5400,1815308
,201,1,,1,3845812,31,31,Yardi Agresta ,0,1815308,3845812.31,164,477253700031,16364.299,16364.299,2586.445,,0.0,0,2873,,TEAM BMTR ,bbbbbb,000000,aaaaaa,0,A,167,za,129,168,0,1,53.5,3,1,10,Vet,0,,20,20,0,0,0,126,0.91,58,118,2.2,2.4,128,0,2.5,2.9,3.5,4.1,4.6,4.9,4.9,135.0,157.0,188.0,221.0,245.0,263.0,263.0,0,0,,1,,,,0,,-1,The BMTR Fundo,TYPE_RIDE,161,2023/09/30,1064303857,,,1815308
,233,0,,5,3816522,9,9,Blopa&reg;,0,1714370,3816522.9,0,472523100009,2700.01,2700.01,0.009,,0.0,1,2873,,TEAM BMTR ,bbbbbb,000000,aaaaaa,0,E,182,uy,0,0,0,0,67.4,3,1,1,Mas,0,,20,0,0,0,0,184,0.0,0,162,2.4,2.4,165,0,2.6,3.0,3.6,4.7,6.2,7.9,8.1,174.0,202.0,243.0,317.0,415.0,532.0,548.0,0,0,,1,,,,0,,-1,Stage 4: ZRS - PretzelFest,TYPE_RIDE,0,2023/09/29,2592027600,,2700,1714370
,201,1,,3,3844769,14,14,Yardi Agresta ,0,1815308,3844769.14,27,477096600013,5400.003,5400.003,0.003,,0.0,0,2873,,TEAM BMTR ,bbbbbb,000000,aaaaaa,0,C,167,za,136,160,0,1,53.5,3,1,10,Vet,0,,20,20,0,0,0,131,0.9,59,122,2.3,2.3,125,0,2.5,2.9,3.4,3.6,4.3,5.3,5.3,132.0,156.0,183.0,195.0,232.0,285.0,285.0,0,0,,1,,,,0,,-1,BMTR Short Adventure,TYPE_RIDE,0,2023/09/29,1776635757,,5400,1815308
,201,1,,5,3851914,163,163,Yardi Agresta ,0,1815308,3851914.163,27,478344900163,1800.014,1800.014,37.076,,0.0,0,2873,,TEAM BMTR ,bbbbbb,000000,aaaaaa,0,E,167,za,136,157,0,1,53.5,3,1,10,Vet,0,,20,20,0,0,0,141,1.01,53,137,2.6,2.4,129,0,2.5,2.8,3.3,3.9,4.5,4.6,4.6,136.0,151.0,175.0,208.0,239.0,246.0,246.0,0,0,,1,,,,0,,-1,Tour of Watopia Welcome Ride 2023,TYPE_RIDE,0,2023/09/29,2128890027,,1800,1815308
,201,1,,4,3843266,16,10,Yardi Agresta ,0,1815308,3843266.16,17,476707200010,3776.318,3776.498,794.027,,0.0,0,2873,,TEAM BMTR ,bbbbbb,000000,aaaaaa,0,F,167,za,141,169,0,1,53.5,3,1,10,Vet,0,,20,20,0,0,0,126,0.83,64,117,2.2,2.4,130,0,2.6,3.3,3.6,3.8,4.1,4.7,5.5,137.0,178.0,195.0,203.0,221.0,249.0,295.0,0,1,,1,,,,0,,-1,WTRL Team Time Trial - Zone 9,TYPE_TEAM_TIME_TRIAL TYPE_RACE ,36,2023/09/28,3453194200,1,,1815308
,201,1,,4,3843257,1,1,Yardi Agresta ,0,1815308,3843257.1,24,476704700001,3600.0,3600.0,0,,0.0,0,2873,,TEAM BMTR ,bbbbbb,000000,aaaaaa,0,D,167,za,143,160,0,1,53.5,3,1,10,Vet,0,,20,20,0,0,0,121,0.83,64,118,2.2,2.2,117,0,2.3,2.5,2.5,2.7,3.5,4.1,4.1,124.0,135.0,136.0,145.0,185.0,220.0,220.0,0,0,,1,,,,0,,-1,AEO Fun Ride p/b Stolen Goat,TYPE_RIDE,0,2023/09/28,986252325,,3600,1815308
,201,1,,1,3843237,50,2,Yardi Agresta ,0,1815308,3843237.50,27,476699500002,3152.087,3152.087,1.386,,0.0,0,2873,,TEAM BMTR ,bbbbbb,000000,aaaaaa,0,L,167,za,169,177,0,1,53.5,3,1,10,Vet,0,,20,20,0,0,0,176,1.03,51,174,3.3,3.1,169,0,3.3,3.4,3.8,4.1,4.4,5.0,5.0,178.0,183.0,203.0,219.0,238.0,265.0,265.0,0,1,,1,,,,0,,-1,WTRL Team Time Trial - Zone 8,TYPE_TEAM_TIME_TRIAL TYPE_RACE ,36,2023/09/28,3453194200,1,,1815308
,201,1,,3,3841992,73,45,Yardi Agresta ,0,1815308,3841992.73,146,476522800045,3600.019,3600.079,0.019,,0.0,0,2873,,TEAM BMTR ,bbbbbb,000000,aaaaaa,0,C,167,za,158,171,0,1,53.5,3,1,10,Vet,0,,20,20,0,0,0,155,0.93,57,147,2.8,2.8,152,0,3.0,3.3,3.7,4.1,4.8,5.3,5.3,161.0,177.0,198.0,220.0,255.0,284.0,284.0,0,0,,1,,,,0,,-1,BMTR Short Adventure,TYPE_RIDE,0,2023/09/27,3453194200,,3600,1815308
,201,1,,4,3841963,32,32,Yardi Agresta ,0,1815308,3841963.32,26,476515800032,3600.018,3600.018,0.018,,0.0,0,2873,,TEAM BMTR ,bbbbbb,000000,aaaaaa,0,D,167,za,139,160,0,1,53.5,3,1,10,Vet,0,,20,20,0,0,0,134,0.94,57,130,2.4,2.5,133,0,2.6,2.9,3.3,4.0,4.7,4.9,4.9,141.0,157.0,175.0,215.0,249.0,262.0,262.0,0,0,,1,,,,0,,-1,RO4H Wednesday Spin,TYPE_RIDE,0,2023/09/27,1064303857,,3600,1815308
,201,1,,3,3840318,238,58,Yardi Agresta ,0,1815308,3840318.238,62,476280200058,2626.959,2627.079,120.198,,0.0,0,2873,,TEAM BMTR ,bbbbbb,000000,aaaaaa,0,C,167,za,175,185,0,1,53.5,3,1,10,Vet,0,,20,20,0,0,0,178,1.01,53,176,3.3,3.2,171,0,3.4,3.5,3.7,3.8,3.9,3.9,3.9,181.0,189.0,196.0,204.0,209.0,209.0,209.0,0,0,,1,,,,0,,-1,Zwift Racing League | WTRL - Open EMEAE North Division 1,TYPE_TEAM_TIME_TRIAL,27,2023/09/26,872351836,1,,1815308
,201,1,,4,3840788,20,0,Yardi Agresta ,0,1815308,3840788.20,26,476355500020,3600.008,3600.008,0,,0.0,0,2873,,TEAM BMTR ,bbbbbb,000000,aaaaaa,0,N/A,167,us,153,166,0,1,53.5,3,1,10,Vet,0,,20,20,0,0,0,117,0.73,73,111,2.1,2.0,111,0,2.2,2.8,2.9,3.0,3.2,3.3,3.3,117.0,148.0,153.0,163.0,173.0,175.0,175.0,0,0,,1,,,,0,,-1,REVO Social SUB2,TYPE_RIDE,0,2023/09/26,2128890027,,3600,1815308
,201,1,,3,3840303,127,31,Yardi Agresta ,0,1815308,3840303.127,26,476274500031,2669.893,2670.013,215.705,,0.0,0,2873,,TEAM BMTR ,bbbbbb,000000,aaaaaa,0,C,167,za,177,184,0,1,53.5,3,1,10,Vet,0,,20,20,0,0,0,176,0.98,54,174,3.3,3.2,171,0,3.4,3.7,3.8,4.0,4.4,4.5,4.7,181.0,196.0,204.0,216.0,233.0,240.0,249.0,0,0,,1,,,,0,,-1,Zwift Racing League | WTRL - Open Asia East Division 1,TYPE_TEAM_TIME_TRIAL,27,2023/09/26,872351836,1,,1815308
,201,1,,3,3838178,47,47,Yardi Agresta ,0,1815308,3838178.47,28,475975100047,5400.024,5400.024,0.024,,0.0,0,2873,,TEAM BMTR ,bbbbbb,000000,aaaaaa,0,C,167,za,0,0,0,0,53.5,3,1,10,Vet,0,,20,20,0,0,0,126,0.0,0,119,2.2,2.2,117,0,2.3,2.8,3.4,3.7,4.2,4.8,4.8,124.0,151.0,183.0,196.0,225.0,255.0,255.0,0,0,,1,,,,0,,-1,BMTR Short Adventure,TYPE_RIDE,0,2023/09/24,2128890027,,5400,1815308
,233,0,,5,3816357,10,10,Blopa&reg;,0,1714370,3816357.10,0,472506600010,2700.008,2700.008,0.008,,0.0,1,2873,,TEAM BMTR ,bbbbbb,000000,aaaaaa,0,E,182,uy,0,0,0,0,67.4,3,1,1,Mas,0,,20,0,0,0,0,192,0.0,0,185,2.7,2.7,186,0,2.9,3.3,3.4,3.7,4.3,4.4,4.8,196.0,220.0,229.0,249.0,287.0,298.0,325.0,0,0,,1,,,,0,,-1,Stage 3: ZRS - PretzelFest,TYPE_RIDE,0,2023/09/23,1475638265,,2700,1714370
,201,1,,1,3837128,27,27,Yardi Agresta ,0,1815308,3837128.27,122,475822500027,16472.587,16472.587,2539.98,,0.0,0,2873,,TEAM BMTR ,bbbbbb,000000,aaaaaa,0,A,167,za,0,0,0,0,53.5,3,1,10,Vet,0,,20,20,0,0,0,140,0.0,0,132,2.5,2.7,146,0,2.9,3.6,3.8,4.2,5.1,5.7,5.7,154.0,191.0,206.0,226.0,275.0,306.0,306.0,0,0,,1,,,,0,,-1,The BMTR Fundo,TYPE_RIDE,161,2023/09/23,3914529041,,,1815308
,201,1,,3,3836246,51,51,Yardi Agresta ,0,1815308,3836246.51,28,475693000051,5400.023,5400.023,0.023,,0.0,0,2873,,TEAM BMTR ,bbbbbb,000000,aaaaaa,0,C,167,za,0,0,0,0,53.5,3,1,10,Vet,0,,20,20,0,0,0,127,0.0,0,125,2.3,2.3,124,0,2.4,2.6,2.7,2.8,3.1,3.2,3.2,131.0,137.0,142.0,152.0,165.0,172.0,172.0,0,0,,1,,,,0,,-1,BMTR Short Adventure,TYPE_RIDE,0,2023/09/22,928793662,,5400,1815308
,201,1,,1,3835209,28,6,Yardi Agresta ,0,1815308,3835209.28,24,475526100006,3242.782,3242.782,7.953,,0.0,0,2873,,TEAM BMTR ,bbbbbb,000000,aaaaaa,0,L,167,za,0,0,0,0,53.5,3,1,10,Vet,0,,20,20,0,0,0,165,0.0,0,162,3.0,3.0,163,0,3.2,3.4,3.5,3.8,3.9,4.2,4.5,172.0,180.0,189.0,201.0,209.0,224.0,239.0,0,1,,1,,,,0,,-1,WTRL Team Time Trial - Zone 9,TYPE_TEAM_TIME_TRIAL TYPE_RACE ,34,2023/09/21,1509089537,3,,1815308
,201,1,,4,3835199,18,18,Yardi Agresta ,0,1815308,3835199.18,25,475523800018,3600.007,3600.007,0.007,,0.0,0,2873,,TEAM BMTR ,bbbbbb,000000,aaaaaa,0,D,167,za,0,0,0,0,53.5,3,1,10,Vet,0,,20,20,0,0,0,140,0.0,0,134,2.5,2.4,130,0,2.6,2.8,3.3,3.9,5.0,5.6,5.9,137.0,149.0,175.0,210.0,265.0,302.0,316.0,0,0,,1,,,,0,,-1,AEO Fun Ride p/b Stolen Goat,TYPE_RIDE,0,2023/09/21,986252325,,3600,1815308
,201,1,,1,3835178,23,5,Yardi Agresta ,0,1815308,3835178.23,26,475518500005,3155.055,3155.055,2.181,,0.0,0,2873,,TEAM BMTR ,bbbbbb,000000,aaaaaa,0,F,167,za,0,0,0,0,53.5,3,1,10,Vet,0,,20,20,0,0,0,178,0.0,0,174,3.3,3.1,168,0,3.3,3.6,3.9,4.2,4.7,5.2,5.2,177.0,195.0,207.0,225.0,254.0,279.0,279.0,0,1,,1,,,,0,,-1,WTRL Team Time Trial - Zone 8,TYPE_TEAM_TIME_TRIAL TYPE_RACE ,34,2023/09/21,1509089537,3,,1815308
,201,1,,3,3834011,78,53,Yardi Agresta ,0,1815308,3834011.78,38,475339800053,3600.032,3600.092,0.032,,0.0,0,2873,,TEAM BMTR ,bbbbbb,000000,aaaaaa,0,C,167,za,71,0,0,1,53.5,3,1,10,Vet,0,,20,20,0,0,0,131,0.0,0,124,2.3,2.3,126,0,2.5,2.8,3.7,3.8,4.0,4.1,4.1,133.0,148.0,197.0,206.0,214.0,220.0,220.0,0,0,,1,,,,0,,-1,BMTR Short Adventure,TYPE_RIDE,0,2023/09/20,986252325,,3600,1815308
,201,1,,4,3833985,45,45,Yardi Agresta ,0,1815308,3833985.45,29,475333400045,3600.028,3600.028,0.027,,0.0,0,2873,,TEAM BMTR ,bbbbbb,000000,aaaaaa,0,D,167,za,71,0,0,1,53.5,3,1,10,Vet,0,,20,20,0,0,0,151,0.0,0,147,2.8,2.6,142,0,2.8,3.1,3.4,3.7,4.3,4.6,4.6,150.0,167.0,182.0,200.0,232.0,245.0,245.0,0,0,,1,,,,0,,-1,RO4H Wednesday Spin,TYPE_RIDE,0,2023/09/20,1064303857,,3600,1815308
,201,1,,4,3832809,33,33,Yardi Agresta ,0,1815308,3832809.33,87,475157700033,3600.031,3600.031,0.031,,0.0,0,2873,,TEAM BMTR ,bbbbbb,000000,aaaaaa,0,D,167,za,243,247,0,1,53.5,3,1,10,Vet,0,,20,20,0,0,0,141,0.56,95,136,2.5,2.5,136,0,2.7,2.9,3.2,3.3,4.0,4.3,4.3,144.0,155.0,169.0,176.0,215.0,228.0,228.0,0,0,,1,,,,0,,-1,Nosco Foundation Social Ride p/b Liv Cycling,TYPE_RIDE,0,2023/09/19,3366225080,,3600,1815308
,201,1,,4,3832790,53,0,Yardi Agresta ,0,1815308,3832790.53,55,475153500053,3600.021,3600.021,0,,0.0,0,2873,,TEAM BMTR ,bbbbbb,000000,aaaaaa,0,N/A,167,us,130,163,0,1,53.5,3,1,10,Vet,0,,20,20,0,0,0,112,0.85,63,110,2.1,2.0,110,0,2.2,2.4,2.5,2.6,2.7,2.9,2.9,116.0,128.0,135.0,137.0,147.0,155.0,155.0,0,0,,1,,,,0,,-1,REVO Social SUB2,TYPE_RIDE,0,2023/09/19,2128890027,,3600,1815308
,201,1,,4,3838603,144,144,Yardi Agresta ,0,1815308,3838603.144,42,476048700144,2700.007,2700.007,0.007,,0.0,0,2873,,TEAM BMTR ,bbbbbb,000000,aaaaaa,0,D,167,za,124,147,0,1,53.5,3,1,10,Vet,0,,20,20,0,0,0,128,1.02,52,127,2.4,2.3,124,0,2.4,2.5,2.6,2.7,3.0,3.1,3.1,131.0,133.0,139.0,143.0,160.0,165.0,165.0,0,0,,1,,,,0,,-1,Sepp Kuss Victory Ride // Team Jumbo-Visma,TYPE_RIDE,0,2023/09/19,686828068,,2700,1815308
,201,1,,3,3831390,49,23,Yardi Agresta ,0,1815308,3831390.49,27,474977300023,3600.02,3600.08,0.02,,0.0,0,2873,,TEAM BMTR ,bbbbbb,000000,aaaaaa,0,C,167,za,195,248,0,1,53.5,3,1,10,Vet,0,,20,20,0,0,0,131,0.65,82,126,2.4,2.3,123,0,2.4,2.7,3.3,3.6,3.6,3.8,3.8,130.0,147.0,176.0,190.0,193.0,202.0,202.0,0,0,,1,,,,0,,-1,BMTR Short Adventure,TYPE_RIDE,0,2023/09/18,890800649,,3600,1815308
,201,1,,3,3812921,74,28,Yardi Agresta ,0,1815308,3812921.74,17,471969800029,1556.186,1556.306,54.874,,0.0,0,2873,,TEAM BMTR ,bbbbbb,000000,aaaaaa,0,C,167,za,181,234,0,1,53.5,3,1,10,Vet,0,,20,20,467.37,409.00,0,182,0.99,54,179,3.3,3.1,170,0,3.3,3.6,3.7,4.2,5.1,5.3,5.8,179.0,190.0,199.0,225.0,271.0,285.0,311.0,0,0,,1,,,,0,,-1,Stage 3: Get Rolling - London Classique,TYPE_RACE TYPE_RACE ,17,2023/09/18,2694166390,2,,1815308
,201,1,,3,3832384,1,1,Yardi Agresta ,0,1815308,3832384.1,28,475101100001,5400.0,5400.0,0,,0.0,0,2873,,TEAM BMTR ,bbbbbb,000000,aaaaaa,0,C,167,za,140,165,0,1,53.5,3,1,10,Vet,0,,20,20,0,0,0,124,0.87,61,122,2.3,2.2,120,0,2.4,2.5,2.7,2.8,3.1,3.3,3.3,127.0,134.0,142.0,151.0,166.0,177.0,177.0,0,0,,1,,,,0,,-1,BMTR Short Adventure,TYPE_RIDE,0,2023/09/17,1064303857,,5400,1815308
,233,0,,5,3816236,21,21,Blopa&reg;,0,1714370,3816236.21,0,472494500021,2700.016,2700.016,0.015,,0.0,1,2873,,TEAM BMTR ,bbbbbb,000000,aaaaaa,0,E,182,uy,0,0,0,0,67.4,3,1,1,Mas,0,,20,0,0,0,0,184,0.0,0,178,2.6,2.5,173,0,2.7,2.9,3.3,3.9,5.0,5.6,7.1,183.0,196.0,221.0,265.0,336.0,378.0,478.0,0,0,,1,,,,0,,-1,Stage 2: ZRS - PretzelFest,TYPE_RIDE,0,2023/09/17,163688809,,2700,1714370
,201,1,,1,3828879,31,31,Yardi Agresta ,0,1815308,3828879.31,161,474503000031,16517.624,16517.624,2818.779,,0.0,0,2873,,TEAM BMTR ,bbbbbb,000000,aaaaaa,0,A,167,za,127,164,0,1,53.5,3,1,10,Vet,0,,20,20,0,0,0,120,0.9,59,114,2.1,2.4,128,0,2.5,2.7,3.0,4.0,5.2,5.6,5.6,135.0,144.0,163.0,212.0,277.0,299.0,299.0,0,0,,1,,,,0,,-1,The BMTR Fundo,TYPE_RIDE,161,2023/09/16,2128890027,,,1815308
,201,1,,3,3828095,1,1,Yardi Agresta ,0,1815308,3828095.1,26,474360900001,5400.0,5400.0,0,,0.0,0,2873,,TEAM BMTR ,bbbbbb,000000,aaaaaa,0,C,167,za,137,163,0,1,53.5,3,1,10,Vet,0,,20,20,0,0,0,137,0.95,56,130,2.4,2.4,130,0,2.6,2.9,3.6,4.1,4.5,5.1,5.1,137.0,157.0,191.0,219.0,242.0,271.0,271.0,0,0,,1,,,,0,,-1,BMTR Short Adventure,TYPE_RIDE,0,2023/09/15,3366225080,,5400,1815308
,201,1,,4,3827307,11,11,Yardi Agresta ,0,1815308,3827307.11,28,474231900011,3633.196,3633.376,771.06,,0.0,0,2873,,TEAM BMTR ,bbbbbb,000000,aaaaaa,0,F,167,za,152,172,0,1,53.5,3,1,10,Vet,0,,20,20,0,0,0,147,0.95,56,144,2.7,2.7,144,0,2.8,3.1,3.4,4.0,4.2,4.3,4.4,152.0,164.0,182.0,214.0,225.0,229.0,234.0,0,1,,1,,,,0,,-1,WTRL Team Time Trial - Zone 9,TYPE_TEAM_TIME_TRIAL TYPE_RACE ,30,2023/09/14,3701568815,1,,1815308
,201,1,,4,3827297,7,7,Yardi Agresta ,0,1815308,3827297.7,27,474229300007,3600.002,3600.002,0.002,,0.0,0,2873,,TEAM BMTR ,bbbbbb,000000,aaaaaa,0,D,167,za,148,168,0,1,53.5,3,1,10,Vet,0,,20,20,0,0,0,152,1.0,53,148,2.8,2.7,146,0,2.9,3.0,3.4,4.0,4.9,5.9,5.9,154.0,161.0,181.0,216.0,264.0,317.0,317.0,0,0,,1,,,,0,,-1,AEO Fun Ride p/b Stolen Goat,TYPE_RIDE,0,2023/09/14,986252325,,3600,1815308
,201,1,,1,3827277,18,6,Yardi Agresta ,0,1815308,3827277.18,44,474224100006,3349.324,3349.324,360.118,,0.0,0,2873,,TEAM BMTR ,bbbbbb,000000,aaaaaa,0,F,167,za,162,174,0,1,53.5,3,1,10,Vet,0,,20,20,0,0,0,172,1.04,51,168,3.1,3.2,172,0,3.4,3.6,3.8,3.9,4.0,4.4,4.6,182.0,193.0,201.0,211.0,216.0,234.0,246.0,0,1,,1,,,,0,,-1,WTRL Team Time Trial - Zone 8,TYPE_TEAM_TIME_TRIAL TYPE_RACE ,30,2023/09/14,3701568815,1,,1815308
,201,1,,3,3826218,76,47,Yardi Agresta ,0,1815308,3826218.76,26,474054300047,3600.022,3600.082,0.022,,0.0,0,2873,,TEAM BMTR ,bbbbbb,000000,aaaaaa,0,C,167,za,145,170,0,1,53.5,3,1,10,Vet,0,,20,20,0,0,0,143,0.95,56,138,2.6,2.8,151,0,3.0,3.3,3.6,3.8,4.4,5.0,5.0,159.0,174.0,194.0,205.0,238.0,270.0,270.0,0,0,,1,,,,0,,-1,BMTR Short Adventure,TYPE_RIDE,0,2023/09/13,3356878261,,3600,1815308
,201,1,,4,3826190,33,33,Yardi Agresta ,0,1815308,3826190.33,26,474047400033,3600.02,3600.02,0.02,,0.0,0,2873,,TEAM BMTR ,bbbbbb,000000,aaaaaa,0,D,167,za,131,160,0,1,53.5,3,1,10,Vet,0,,20,20,0,0,0,140,1.05,51,137,2.6,2.5,137,0,2.7,3.0,3.3,3.5,3.9,4.4,4.4,145.0,159.0,177.0,185.0,207.0,235.0,235.0,0,0,,1,,,,0,,-1,RO4H Wednesday Spin,TYPE_RIDE,0,2023/09/13,1064303857,,3600,1815308
,201,1,,3,3828599,258,72,Yardi Agresta ,0,1815308,3828599.258,75,474437600072,3000.904,3001.024,141.751,,0.0,0,2873,,TEAM BMTR ,bbbbbb,000000,aaaaaa,0,C,167,za,169,180,0,1,53.5,3,1,10,Vet,0,,20,20,518.16,391.29,0,185,1.09,49,184,3.4,3.3,178,0,3.5,3.8,4.0,4.3,4.5,4.6,4.6,188.0,202.0,212.0,230.0,241.0,244.0,244.0,0,0,,1,,,,0,,-1,Zwift Racing League | WTRL - Open EMEAE North Division 1,TYPE_RACE TYPE_RACE ,32,2023/09/12,46799750,3,,1815308
,201,1,,4,3825180,28,0,Yardi Agresta ,0,1815308,3825180.28,27,473900600028,3600.01,3600.01,0,,0.0,0,2873,,TEAM BMTR ,bbbbbb,000000,aaaaaa,0,N/A,167,us,141,169,0,1,53.5,3,1,10,Vet,0,,20,20,0,0,0,136,0.94,57,132,2.5,2.4,133,0,2.6,3.0,3.5,4.0,4.3,4.7,4.7,140.0,158.0,185.0,213.0,229.0,254.0,254.0,0,0,,1,,,,0,,-1,REVO Social SUB2,TYPE_RIDE,0,2023/09/12,2128890027,,3600,1815308
,201,1,,4,3825155,3,3,Yardi Agresta ,0,1815308,3825155.3,28,473895300021,15.928,3600.022,2.807,,0.0,0,2873,,TEAM BMTR ,bbbbbb,000000,aaaaaa,0,F,167,za,151,175,0,1,53.5,3,1,10,Vet,0,,20,20,0,0,0,158,0.99,54,149,2.8,2.8,152,0,3.0,3.4,3.7,4.6,5.4,6.1,6.1,160.0,183.0,200.0,247.0,291.0,324.0,324.0,0,0,,1,,,,0,,-1,GGCC Glasgow Green Cycle Club Tuesday Training Ride,TYPE_RIDE,0,2023/09/12,1776635757,,3600,1815308
,201,1,,3,3824103,31,15,Yardi Agresta ,0,1815308,3824103.31,26,473758100015,3600.009,3600.069,0.009,,0.0,0,2873,,TEAM BMTR ,bbbbbb,000000,aaaaaa,0,C,167,za,153,171,0,1,53.5,3,1,10,Vet,0,,20,20,0,0,0,125,0.8,66,123,2.3,2.2,120,0,2.4,2.6,2.9,2.9,3.0,3.3,3.3,127.0,141.0,153.0,155.0,162.0,174.0,174.0,0,0,,1,,,,0,,-1,BMTR Short Adventure,TYPE_RIDE,0,2023/09/11,46799750,,3600,1815308
,201,1,,5,3816171,56,56,Yardi Agresta ,0,1815308,3816171.56,28,472488000056,2700.029,2700.029,0.029,,0.0,0,2873,,TEAM BMTR ,bbbbbb,000000,aaaaaa,0,E,167,za,148,160,0,1,53.5,3,1,10,Vet,0,,20,20,0,0,0,145,0.94,56,139,2.6,2.5,138,0,2.7,2.9,3.2,3.9,5.2,6.6,6.6,146.0,153.0,171.0,207.0,280.0,352.0,352.0,0,0,,1,,,,0,,-1,Stage 2: ZRS - PretzelFest,TYPE_RIDE,0,2023/09/11,163688809,,2700,1815308
,201,1,,3,3812743,65,22,Yardi Agresta ,0,1815308,3812743.65,17,471882600022,1352.468,1352.588,58.932,,0.0,0,2873,,TEAM BMTR ,bbbbbb,000000,aaaaaa,0,C,167,za,165,172,0,1,53.5,3,1,10,Vet,0,,20,20,442.34,391.35,0,185,1.12,47,184,3.4,3.2,173,0,3.4,3.7,3.8,3.9,4.3,5.1,5.5,183.0,197.0,201.0,211.0,231.0,275.0,297.0,0,0,,1,,,,0,,-1,Stage 2: Get Rolling - Two Villages Loop,TYPE_RACE TYPE_RACE ,13,2023/09/11,2653858696,1,,1815308
,201,1,,1,3821941,16,16,Yardi Agresta ,0,1815308,3821941.16,365,473319500016,16812.748,16812.748,2621.512,,0.0,0,2873,,TEAM BMTR ,bbbbbb,000000,aaaaaa,0,A,167,za,139,176,0,1,53.5,3,1,10,Vet,0,,20,20,0,0,0,141,0.92,58,128,2.4,2.6,139,0,2.7,3.4,3.8,4.8,5.6,6.5,6.5,147.0,180.0,204.0,259.0,300.0,350.0,350.0,0,0,,1,,,,0,,-1,The BMTR Fundo,TYPE_RIDE,161,2023/09/09,1776635757,,,1815308
,233,0,,5,3815943,3,3,Blopa&reg;,0,1714370,3815943.3,26,472465200003,2700.003,2700.003,0.002,,0.0,1,2873,,TEAM BMTR ,bbbbbb,000000,aaaaaa,0,E,182,uy,0,0,0,0,67.4,3,1,1,Mas,0,,20,0,0,0,0,158,0.0,0,153,2.3,2.2,152,0,2.4,2.6,2.8,3.1,3.3,4.0,4.3,160.0,175.0,191.0,207.0,223.0,272.0,290.0,0,0,,1,,,,0,,-1,Stage 1: ZRS - PretzelFest,TYPE_RIDE,0,2023/09/08,3848492017,,2700,1714370
,201,1,,4,3813520,18,18,Yardi Agresta ,0,1815308,3813520.18,26,472113100018,3600.019,3600.019,0.019,,0.0,0,2873,,TEAM BMTR ,bbbbbb,000000,aaaaaa,0,D,167,za,0,0,0,0,53.5,3,1,10,Vet,0,,20,20,0,0,0,151,0.0,0,148,2.8,2.6,143,0,2.8,3.1,3.3,3.8,4.4,4.9,4.9,151.0,167.0,179.0,202.0,234.0,260.0,260.0,0,0,,1,,,,0,,-1,Bicycle Way of Life Fri-yay Ride,TYPE_RIDE,0,2023/09/08,246712730,,3600,1815308
,201,1,,3,3821173,26,26,Yardi Agresta ,0,1815308,3821173.26,26,473191500026,5400.017,5400.017,0.017,,0.0,0,2873,,TEAM BMTR ,bbbbbb,000000,aaaaaa,0,C,167,za,0,0,0,0,53.5,3,1,10,Vet,0,,20,20,0,0,0,145,0.0,0,143,2.7,2.6,143,0,2.8,2.9,3.1,3.2,3.3,3.4,3.4,151.0,156.0,164.0,172.0,174.0,180.0,180.0,0,0,,1,,,,0,,-1,BMTR Short Adventure,TYPE_RIDE,0,2023/09/08,3453194200,,5400,1815308
,201,1,,1,3820328,17,3,Yardi Agresta ,0,1815308,3820328.17,18,473059300003,2641.644,2641.644,8.107,,0.0,0,2873,,TEAM BMTR ,bbbbbb,000000,aaaaaa,0,F,167,za,0,0,0,0,53.5,3,1,10,Vet,0,,20,20,0,0,0,171,0.0,0,168,3.1,3.0,160,0,3.2,3.5,3.8,3.9,4.4,4.6,4.9,169.0,186.0,202.0,210.0,238.0,246.0,264.0,0,1,,1,,,,0,,-1,WTRL Team Time Trial - Zone 9,TYPE_TEAM_TIME_TRIAL TYPE_RACE ,27,2023/09/07,872351836,1,,1815308
,201,1,,1,3820298,20,5,Yardi Agresta ,0,1815308,3820298.20,18,473051800005,2558.186,2558.186,65.995,,0.0,0,2873,,TEAM BMTR ,bbbbbb,000000,aaaaaa,0,F,167,za,0,0,0,0,53.5,3,1,10,Vet,0,,20,20,0,0,0,184,0.0,0,181,3.4,3.2,175,0,3.5,3.7,3.9,4.1,4.5,4.7,5.3,185.0,197.0,209.0,218.0,241.0,254.0,281.0,0,1,,1,,,,0,,-1,WTRL Team Time Trial - Zone 8,TYPE_TEAM_TIME_TRIAL TYPE_RACE ,27,2023/09/07,872351836,1,,1815308
,201,1,,3,3819252,35,10,Yardi Agresta ,0,1815308,3819252.35,26,472898000010,3600.006,3600.066,0.006,,0.0,0,2873,,TEAM BMTR ,bbbbbb,000000,aaaaaa,0,C,167,za,0,0,0,0,53.5,3,1,10,Vet,0,,20,20,0,0,0,155,0.0,0,152,2.8,2.8,154,0,3.0,3.2,3.5,4.2,4.9,5.4,5.4,163.0,171.0,188.0,224.0,264.0,290.0,290.0,0,0,,1,,,,0,,-1,BMTR Short Adventure,TYPE_RIDE,0,2023/09/06,2128890027,,3600,1815308
,201,1,,4,3818095,3,3,Yardi Agresta ,0,1815308,3818095.3,27,472725400020,12.83,3600.019,1.721,,0.0,0,2873,,TEAM BMTR ,bbbbbb,000000,aaaaaa,0,F,167,za,0,0,0,0,53.5,3,1,10,Vet,0,,20,20,0,0,0,159,0.0,0,154,2.9,2.8,151,0,3.0,3.3,3.7,4.1,4.9,5.1,5.1,159.0,176.0,199.0,222.0,262.0,274.0,274.0,0,0,,1,,,,0,,-1,GGCC Glasgow Green Cycle Club Tuesday Training Ride,TYPE_RIDE TYPE_RACE ,0,2023/09/05,928793662,,3600,1815308
,201,1,,3,3812637,52,17,Yardi Agresta ,0,1815308,3812637.52,17,471829600017,955.135,955.255,18.496,,0.0,0,2873,,TEAM BMTR ,bbbbbb,000000,aaaaaa,0,C,167,za,130,175,0,1,53.5,3,1,10,Vet,0,,20,20,404.42,378.91,0,187,1.43,37,186,3.5,3.1,0,1,,3.6,4.0,4.2,4.6,5.2,5.6,,192.0,212.0,227.0,247.0,277.0,298.0,0,0,,1,,,,0,,-1,Stage 1: Get Rolling - Watopia Flat Reverse,TYPE_RACE TYPE_RACE ,10,2023/09/04,3811569265,1,,1815308
,201,1,,3,3816878,42,30,Yardi Agresta ,0,1815308,3816878.42,27,472649800030,3600.021,3600.021,0.021,,0.0,0,2873,,TEAM BMTR ,bbbbbb,000000,aaaaaa,0,C,167,za,149,181,0,1,53.5,3,1,10,Vet,0,,20,20,0,0,0,139,0.85,63,126,2.4,2.5,134,0,2.7,3.1,3.8,5.0,6.0,6.6,6.6,142.0,167.0,202.0,269.0,320.0,351.0,351.0,0,0,,1,,,,0,,-1,BMTR Short Adventure,TYPE_RIDE,0,2023/09/04,3366225080,,3600,1815308
,201,1,,4,3815169,12,12,Yardi Agresta ,0,1815308,3815169.12,27,472370400012,3600.006,3600.006,0.006,,0.0,0,2873,,TEAM BMTR ,bbbbbb,000000,aaaaaa,0,D,167,za,161,179,0,1,53.5,3,1,10,Vet,0,,20,20,0,0,0,150,0.91,58,147,2.8,2.6,142,0,2.8,3.0,3.5,3.9,4.4,4.4,4.4,150.0,160.0,186.0,211.0,234.0,236.0,236.0,0,0,,1,,,,0,,-1, BMTR Short Adventure,TYPE_RIDE,0,2023/09/03,2128890027,,3600,1815308
,201,1,,1,3814264,14,14,Yardi Agresta ,0,1815308,3814264.14,329,472230100014,16947.728,16947.728,2600.168,,0.0,0,2873,,TEAM BMTR ,bbbbbb,000000,aaaaaa,0,A,167,za,149,183,0,1,53.5,3,1,10,Vet,0,,20,20,0,0,0,142,0.87,61,130,2.4,2.6,140,0,2.8,3.2,3.8,4.7,5.9,6.4,6.4,148.0,172.0,203.0,254.0,315.0,342.0,342.0,0,0,,1,,,,0,,-1,The BMTR Fundo,TYPE_RIDE,161,2023/09/02,3453194200,,,1815308
,201,1,,3,3813500,37,37,Yardi Agresta ,0,1815308,3813500.37,27,472158700037,5400.022,5400.022,0.022,,0.0,0,2873,,TEAM BMTR ,bbbbbb,000000,aaaaaa,0,C,167,za,153,175,0,1,53.5,3,1,10,Vet,0,,20,20,0,0,0,139,0.88,61,134,2.5,2.5,136,0,2.7,2.9,3.4,3.9,4.0,4.2,4.2,144.0,154.0,180.0,210.0,215.0,226.0,226.0,0,0,,1,,,,0,,-1,BMTR Short Adventure,TYPE_RIDE,0,2023/09/01,2128890027,,5400,1815308
,201,1,,4,3812161,21,6,Yardi Agresta ,0,1815308,3812161.21,27,471732300007,3660.011,3660.011,0.01,,0.0,0,2873,,TEAM BMTR ,bbbbbb,000000,aaaaaa,0,D,167,za,144,178,0,1,53.5,3,1,10,Vet,0,,20,20,0,0,0,138,0.89,60,128,2.4,2.3,125,0,2.5,2.8,3.5,4.1,5.0,5.4,5.4,132.0,152.0,189.0,218.0,266.0,289.0,289.0,0,0,,1,,,,0,,-1,CRYO-GEN Tempo Thursday Group Ride (C or D),TYPE_RIDE,0,2023/08/31,986252325,,3600,1815308
,201,1,,3,3811482,75,39,Yardi Agresta ,0,1815308,3811482.75,29,471619100039,3600.017,3600.077,0.017,,0.0,0,2873,,TEAM BMTR ,bbbbbb,000000,aaaaaa,0,C,167,za,156,173,0,1,53.5,3,1,10,Vet,0,,20,20,0,0,0,141,0.88,60,138,2.6,2.5,137,0,2.7,2.8,3.1,3.7,4.2,4.2,4.2,145.0,151.0,168.0,198.0,223.0,225.0,225.0,0,0,,1,,,,0,,-1,BMTR Short Adventure,TYPE_RIDE,0,2023/08/30,3742187716,,3600,1815308
,201,1,,4,3811452,33,33,Yardi Agresta ,0,1815308,3811452.33,26,471612000033,3600.019,3600.019,0.019,,0.0,0,2873,,TEAM BMTR ,bbbbbb,000000,aaaaaa,0,D,167,za,152,173,0,1,53.5,3,1,10,Vet,0,,20,20,0,0,0,148,0.95,56,144,2.7,2.6,142,0,2.8,3.3,3.6,3.8,3.9,4.1,4.1,150.0,176.0,191.0,201.0,211.0,221.0,221.0,0,0,,1,,,,0,,-1,RO4H Wednesday Spin,TYPE_RIDE,0,2023/08/30,1064303857,,3600,1815308
,201,1,,4,3810168,3,3,Yardi Agresta ,0,1815308,3810168.3,27,471441900024,19.224,3600.022,2.275,,0.0,0,2873,,TEAM BMTR ,bbbbbb,000000,aaaaaa,0,F,167,za,167,183,0,1,53.5,3,1,10,Vet,0,,20,20,0,0,0,164,0.95,56,159,3.0,2.9,159,0,3.1,3.4,3.7,4.5,5.5,6.4,6.4,168.0,181.0,199.0,240.0,296.0,340.0,340.0,0,0,,1,,,,0,,-1,GGCC Glasgow Green Cycle Club Tuesday Training Ride,TYPE_RIDE,0,2023/08/29,910684583,,3600,1815308
,201,1,,4,3808173,22,22,Yardi Agresta ,0,1815308,3808173.22,41,471170200021,5400.01,5400.01,0.01,,0.0,0,2873,,TEAM BMTR ,bbbbbb,000000,aaaaaa,0,D,167,za,147,167,0,1,53.5,3,1,10,Vet,0,,20,20,0,0,0,148,0.97,55,143,2.7,2.7,144,0,2.8,3.1,3.3,4.0,4.8,5.5,5.5,152.0,166.0,178.0,213.0,259.0,297.0,297.0,0,0,,1,,,,0,,-1,Cycle Nation Sunday Bumble,TYPE_RIDE,0,2023/08/27,1064303857,,5400,1815308
,201,1,,4,3806523,42,42,Yardi Agresta ,0,1815308,3806523.42,120,470906600042,3600.024,3600.024,0.024,,0.0,0,2873,,TEAM BMTR ,bbbbbb,000000,aaaaaa,0,D,167,za,149,165,0,1,53.5,3,1,10,Vet,0,,20,20,0,0,0,147,0.93,57,139,2.6,2.6,140,0,2.8,2.9,3.2,3.8,4.6,4.7,4.7,148.0,157.0,170.0,206.0,245.0,254.0,254.0,0,0,,1,,,,0,,-1,Ascenders Team Rise and Shine Ride,TYPE_RIDE,0,2023/08/25,3662705581,,3600,1815308
,201,1,,4,3806509,81,81,Yardi Agresta ,0,1815308,3806509.81,28,470904100081,3600.031,3600.031,0.031,,0.0,0,2873,,TEAM BMTR ,bbbbbb,000000,aaaaaa,0,D,167,za,157,174,0,1,53.5,3,1,10,Vet,0,,20,20,0,0,0,160,0.98,54,154,2.9,2.9,159,0,3.1,3.6,4.1,4.7,6.0,6.7,6.7,168.0,195.0,220.0,250.0,323.0,356.0,356.0,0,0,,1,,,,0,,-1,BMTR Short Adventure,TYPE_RIDE,0,2023/08/25,2474227587,,3600,1815308
,201,1,,4,3805609,25,25,Yardi Agresta ,0,1815308,3805609.25,25,470764700025,3600.032,3600.032,0.031,,0.0,0,2873,,TEAM BMTR ,bbbbbb,000000,aaaaaa,0,D,167,za,146,164,0,1,53.5,3,1,10,Vet,0,,20,20,0,0,0,133,0.89,60,130,2.4,2.4,128,0,2.5,2.7,2.9,3.4,4.4,5.3,5.3,135.0,144.0,155.0,180.0,233.0,284.0,284.0,0,0,,1,,,,0,,-1,Virginias Blue Ridge TWENTY24 Road to Paris,TYPE_RIDE,0,2023/08/24,1638640398,,3600,1815308
,201,1,,4,3805597,21,21,Yardi Agresta ,0,1815308,3805597.21,26,470761800017,3600.007,3600.007,0.007,,0.0,0,2873,,TEAM BMTR ,bbbbbb,000000,aaaaaa,0,D,167,za,150,170,0,1,53.5,3,1,10,Vet,0,,20,20,0,0,0,136,0.88,60,132,2.5,2.4,128,0,2.5,2.7,3.1,3.9,4.4,4.8,4.8,135.0,147.0,168.0,211.0,237.0,256.0,256.0,0,0,,1,,,,0,,-1,AEO Fun Ride p/b Stolen Goat,TYPE_RIDE,0,2023/08/24,986252325,,3600,1815308
,201,1,,1,3805577,14,8,Yardi Agresta ,0,1815308,3805577.14,27,470756600008,2349.386,2349.386,179.64,,0.0,0,2873,,TEAM BMTR ,bbbbbb,000000,aaaaaa,0,F,167,za,166,178,0,1,53.5,3,1,10,Vet,0,,20,20,0,0,0,166,0.99,54,164,3.1,3.0,162,0,3.2,3.3,3.5,3.9,4.4,4.7,4.7,171.0,178.0,187.0,209.0,236.0,252.0,252.0,0,1,,1,,,,0,,-1,WTRL Team Time Trial - Zone 8,TYPE_TEAM_TIME_TRIAL,24,2023/08/24,3919912289,1,,1815308
,201,1,,3,3804568,55,34,Yardi Agresta ,0,1815308,3804568.55,26,470604000034,3600.032,3600.092,0.032,,0.0,0,2873,,TEAM BMTR ,bbbbbb,000000,aaaaaa,0,C,167,za,155,162,0,1,53.5,3,1,10,Vet,0,,20,20,0,0,0,142,0.9,59,140,2.6,2.5,137,0,2.7,2.8,3.0,3.0,3.2,3.5,3.5,145.0,152.0,161.0,161.0,173.0,186.0,186.0,0,0,,1,,,,0,,-1,BMTR Short Adventure,TYPE_RIDE,0,2023/08/23,3407362320,,3600,1815308
,201,1,,4,3804539,41,41,Yardi Agresta ,0,1815308,3804539.41,27,470597000041,3600.032,3600.032,0.032,,0.0,0,2873,,TEAM BMTR ,bbbbbb,000000,aaaaaa,0,D,167,za,145,166,0,1,53.5,3,1,10,Vet,0,,20,20,0,0,0,145,0.96,55,139,2.6,2.5,138,0,2.7,3.0,3.6,4.0,4.5,4.7,4.7,146.0,160.0,190.0,216.0,239.0,251.0,251.0,0,0,,1,,,,0,,-1,RO4H Wednesday Spin,TYPE_RIDE,0,2023/08/23,1064303857,,3600,1815308
,201,1,,4,3803573,2,2,Yardi Agresta ,0,1815308,3803573.2,27,470463300010,14.628,3600.01,0.89,,0.0,0,2873,,TEAM BMTR ,bbbbbb,000000,aaaaaa,0,F,167,za,154,176,0,1,53.5,3,1,10,Vet,0,,20,20,0,0,0,163,1.02,52,157,2.9,2.9,155,0,3.1,3.6,3.9,4.9,5.6,5.8,5.8,164.0,190.0,208.0,261.0,298.0,313.0,313.0,0,0,,1,,,,0,,-1,GGCC Glasgow Green Cycle Club Tuesday Training Ride,TYPE_RIDE,0,2023/08/22,1776635757,,3600,1815308
,201,1,,4,3802736,15,15,Yardi Agresta ,0,1815308,3802736.15,161,470356900015,3600.006,3600.006,0.006,,0.0,0,2873,,TEAM BMTR ,bbbbbb,000000,aaaaaa,0,D,167,za,0,0,0,0,53.5,3,1,10,Vet,0,,20,20,0,0,0,155,0.0,0,148,2.8,2.8,153,0,3.0,3.2,3.5,3.7,4.0,4.1,4.1,162.0,172.0,185.0,196.0,213.0,220.0,220.0,0,0,,1,,,,0,,-1,RO4H Restoration Ride,TYPE_RIDE,0,2023/08/21,3453194200,,3600,1815308
,201,1,,4,3802590,16,16,Yardi Agresta ,0,1815308,3802590.16,26,470327200016,3600.006,3600.006,0.006,,0.0,0,2873,,TEAM BMTR ,bbbbbb,000000,aaaaaa,0,D,167,za,136,152,0,1,53.5,3,1,10,Vet,0,,20,20,0,0,0,129,0.91,58,124,2.3,2.4,128,0,2.5,2.8,3.0,3.0,3.3,3.7,3.7,135.0,151.0,161.0,162.0,178.0,200.0,200.0,0,0,,1,,,,0,,-1,BMTR Short Adventure,TYPE_RIDE,0,2023/08/21,910684583,,3600,1815308
,233,0,,5,3801524,1,1,Blopa&reg;,0,1714370,3801524.1,0,470188600001,3381.724,3381.724,0,,0.0,1,2873,,TEAM BMTR ,bbbbbb,000000,aaaaaa,0,E,182,uy,0,0,0,0,67.4,3,1,1,Mas,0,,20,0,0,0,0,179,0.0,0,163,2.4,2.4,161,0,2.5,3.1,3.7,4.7,6.1,7.6,9.3,170.0,208.0,248.0,320.0,414.0,510.0,625.0,0,0,,1,,,,0,,-1,Bikealicious Easy Like Sunday Morning,TYPE_RIDE,29,2023/08/20,928793662,2,,1714370
,201,1,,1,3800660,15,15,Yardi Agresta ,0,1815308,3800660.15,373,470054200015,16581.636,16581.636,2951.709,,0.0,0,2873,,TEAM BMTR ,bbbbbb,000000,aaaaaa,0,A,167,za,147,169,0,1,53.5,3,1,10,Vet,0,,20,20,0,0,0,137,0.89,60,131,2.5,2.5,136,0,2.7,3.0,3.2,3.8,4.6,4.8,4.8,144.0,159.0,171.0,206.0,247.0,257.0,257.0,0,0,,1,,,,0,,-1,The BMTR Fundo,TYPE_RIDE,161,2023/08/19,3407362320,,,1815308
,201,1,,4,3799886,81,81,Yardi Agresta ,0,1815308,3799886.81,26,469933800081,3600.026,3600.026,0.026,,0.0,0,2873,,TEAM BMTR ,bbbbbb,000000,aaaaaa,0,D,167,za,162,172,0,1,53.5,3,1,10,Vet,0,,20,20,0,0,0,156,0.94,57,152,2.8,3.0,160,0,3.2,3.5,3.7,4.2,4.5,4.6,4.6,169.0,186.0,200.0,227.0,242.0,247.0,247.0,0,0,,1,,,,0,,-1,BMTR Short Adventure,TYPE_RIDE,0,2023/08/18,1064303857,,3600,1815308
,201,1,,4,3798890,59,59,Yardi Agresta ,0,1815308,3798890.59,25,469754300057,3600.029,3600.029,0.029,,0.0,0,2873,,TEAM BMTR ,bbbbbb,000000,aaaaaa,0,D,167,za,156,163,0,1,53.5,3,1,10,Vet,0,,20,20,0,0,0,131,0.83,64,130,2.4,2.3,125,0,2.5,2.5,2.6,2.8,3.0,3.2,3.2,132.0,136.0,141.0,148.0,162.0,173.0,173.0,0,0,,1,,,,0,,-1,AEO Fun Ride p/b Stolen Goat,TYPE_RIDE,0,2023/08/17,3282611437,,3600,1815308
,201,1,,1,3798869,35,6,Yardi Agresta ,0,1815308,3798869.35,18,469748600006,2652.249,2652.249,0.869,,0.0,0,2873,,TEAM BMTR ,bbbbbb,000000,aaaaaa,0,L,167,za,171,181,0,1,53.5,3,1,10,Vet,0,,20,20,0,0,0,176,1.01,53,172,3.2,3.1,167,0,3.3,3.5,3.7,4.0,4.4,4.9,5.0,176.0,188.0,200.0,216.0,238.0,261.0,265.0,0,1,,1,,,,0,,-1,WTRL Team Time Trial - Zone 8,TYPE_TEAM_TIME_TRIAL,31,2023/08/17,3395698268,3,,1815308
,201,1,,3,3797870,67,36,Yardi Agresta ,0,1815308,3797870.67,27,469600200036,3600.029,3600.089,0.029,,0.0,0,2873,,TEAM BMTR ,bbbbbb,000000,aaaaaa,0,C,167,za,154,165,0,1,53.5,3,1,10,Vet,0,,20,20,0,0,0,137,0.87,61,134,2.5,2.5,135,0,2.7,2.8,3.0,3.0,3.7,4.3,4.3,143.0,150.0,159.0,163.0,199.0,230.0,230.0,0,0,,1,,,,0,,-1,BMTR Short Adventure,TYPE_RIDE,0,2023/08/16,1064303857,,3600,1815308
,201,1,,4,3796817,29,0,Yardi Agresta ,0,1815308,3796817.29,26,469454300029,3600.016,3600.016,0,,0.0,0,2873,,TEAM BMTR ,bbbbbb,000000,aaaaaa,0,N/A,167,us,125,148,0,1,53.5,3,1,10,Vet,0,,20,20,0,0,0,114,0.88,60,110,2.1,2.0,112,0,2.2,2.4,2.8,3.4,3.7,4.9,4.9,118.0,127.0,148.0,182.0,198.0,263.0,263.0,0,0,,1,,,,0,,-1,REVO Social SUB2,TYPE_RIDE,0,2023/08/15,2128890027,,3600,1815308
,201,1,,4,3796796,5,5,Yardi Agresta ,0,1815308,3796796.5,26,469449700021,16.894,3600.027,2.924,,0.0,0,2873,,TEAM BMTR ,bbbbbb,000000,aaaaaa,0,F,167,za,158,166,0,1,53.5,3,1,10,Vet,0,,20,20,0,0,0,157,0.99,54,156,2.9,2.8,150,0,3.0,3.0,3.2,3.5,4.0,4.1,4.1,158.0,162.0,171.0,186.0,212.0,220.0,220.0,0,0,,1,,,,0,,-1,GGCC Glasgow Green Cycle Club Tuesday Training Ride,TYPE_RIDE,0,2023/08/15,3407362320,,3600,1815308
,201,1,,4,3795481,17,17,Yardi Agresta ,0,1815308,3795481.17,27,469138700017,3600.009,3600.009,0.009,,0.0,0,2873,,TEAM BMTR ,bbbbbb,000000,aaaaaa,0,D,167,za,152,165,0,1,53.5,3,1,10,Vet,0,,20,20,0,0,0,147,0.95,56,145,2.7,2.6,141,0,2.8,3.0,3.2,3.3,3.7,4.1,4.1,149.0,158.0,169.0,179.0,199.0,222.0,222.0,0,0,,1,,,,0,,-1,RO4H Restoration Ride,TYPE_RIDE,0,2023/08/14,3453194200,,3600,1815308
,201,1,,4,3795335,54,54,Yardi Agresta ,0,1815308,3795335.54,28,469108700054,3600.021,3600.021,0.021,,0.0,0,2873,,TEAM BMTR ,bbbbbb,000000,aaaaaa,0,D,167,za,162,175,0,1,53.5,3,1,10,Vet,0,,20,20,0,0,0,166,1.01,52,164,3.1,2.9,157,0,3.1,3.3,3.5,3.9,4.3,4.4,4.4,166.0,177.0,185.0,210.0,232.0,238.0,238.0,0,0,,1,,,,0,,-1,BMTR Short Adventure,TYPE_RIDE,0,2023/08/14,1064303857,,3600,1815308
,201,1,,4,3788933,65,0,Yardi Agresta ,0,1815308,3788933.65,149,468095800065,3600.031,3600.031,0,,0.0,0,2873,,TEAM BMTR ,bbbbbb,000000,aaaaaa,0,N/A,167,us,153,175,0,1,53.5,3,1,10,Vet,0,,20,20,0,0,0,140,0.87,61,133,2.5,2.5,134,0,2.7,2.9,3.3,4.1,5.2,5.7,5.7,142.0,156.0,178.0,221.0,277.0,307.0,307.0,0,0,,1,,,,0,,-1,REVO Social SUB2,TYPE_RIDE,0,2023/08/08,2128890027,,3600,1815308
,201,1,,1,3783850,49,6,Yardi Agresta ,0,1815308,3783850.49,22,467259900006,2692.196,2692.196,0.771,,0.0,0,2873,,TEAM BMTR ,bbbbbb,000000,aaaaaa,0,A,167,za,174,182,0,1,53.5,3,1,10,Vet,0,,20,20,0,0,0,173,0.97,55,169,3.2,3.0,165,0,3.3,3.6,3.8,4.2,4.4,4.9,5.2,174.0,192.0,204.0,224.0,236.0,264.0,278.0,0,0,,1,,,,0,,-1,WTRL Team Time Trial - Zone 8,TYPE_TEAM_TIME_TRIAL TYPE_RACE ,30,2023/08/03,553661379,1,,1815308
,201,1,,3,3782782,54,22,Yardi Agresta ,0,1815308,3782782.54,26,467105600022,3600.016,3600.076,0.016,,0.0,0,2873,,TEAM BMTR ,bbbbbb,000000,aaaaaa,0,C,167,za,0,0,0,0,52.6,3,1,10,Vet,0,,20,20,0,0,0,137,0.0,0,135,2.6,2.4,130,0,2.6,2.8,3.0,3.1,3.1,3.3,3.3,137.0,147.0,156.0,161.0,164.0,173.0,173.0,0,0,,1,,,,0,,-1,BMTR Short Adventure,TYPE_RIDE,0,2023/08/02,986252325,,3600,1815308
,201,1,,4,3781635,95,95,Yardi Agresta ,0,1815308,3781635.95,26,466938200095,3600.025,3600.025,0.025,,0.0,0,2873,,TEAM BMTR ,bbbbbb,000000,aaaaaa,0,D,167,za,138,151,0,1,52.6,3,1,10,Vet,0,,20,20,0,0,0,132,0.93,56,129,2.5,2.4,130,0,2.6,2.7,2.8,3.1,3.5,4.1,4.1,137.0,142.0,148.0,161.0,184.0,217.0,217.0,0,0,,1,,,,0,,-1,Cycle Nation Joburg Sundowner,TYPE_RIDE,0,2023/08/01,686828068,,3600,1815308
,201,1,,4,3781567,4,4,Yardi Agresta ,0,1815308,3781567.4,26,466923000030,16.427,3600.025,1.426,,0.0,0,2873,,TEAM BMTR ,bbbbbb,000000,aaaaaa,0,F,167,za,154,166,0,1,52.6,3,1,10,Vet,0,,20,20,0,0,0,150,0.95,55,146,2.8,2.8,147,0,2.9,3.0,3.3,3.7,4.1,4.5,4.5,155.0,159.0,173.0,196.0,217.0,238.0,238.0,0,0,,1,,,,0,,-1,GGCC Glasgow Green Cycle Club Tuesday Training Ride,TYPE_RIDE,0,2023/08/01,3407362320,,3600,1815308
,201,1,,3,3773282,89,23,Yardi Agresta ,0,1815308,3773282.89,17,465407000026,1204.436,1204.556,47.141,,0.0,0,2873,,TEAM BMTR ,bbbbbb,000000,aaaaaa,0,C,167,za,166,175,0,1,52.6,3,1,10,Vet,0,,20,20,401.91,301.96,0,185,1.11,47,184,3.5,3.3,0,1,,3.6,3.9,4.4,4.4,4.6,4.8,,188.0,207.0,229.0,234.0,242.0,252.0,0,0,,1,,,,0,,-1,Stage 1: Race the Worlds—Rolling Highlands,TYPE_RACE TYPE_RACE ,14,2023/07/31,46799750,1,,1815308
,201,1,,1,3778487,31,31,Yardi Agresta ,0,1815308,3778487.31,388,466480800031,16069.746,16069.746,2638.225,,0.0,0,2873,,TEAM BMTR ,bbbbbb,000000,aaaaaa,0,A,167,za,139,165,0,1,52.6,3,1,10,Vet,0,,20,20,0,0,0,133,0.89,58,124,2.4,2.6,139,0,2.8,3.0,3.3,4.0,4.5,4.9,4.9,147.0,158.0,172.0,211.0,238.0,257.0,257.0,0,0,,1,,,,0,,-1,The BMTR Fundo,TYPE_RIDE,161,2023/07/29,3453194200,,,1815308
,201,1,,4,3776885,2,2,Yardi Agresta ,0,1815308,3776885.2,42,466260000002,5400.003,5400.003,0.001,,0.0,0,2873,,TEAM BMTR ,bbbbbb,000000,aaaaaa,0,D,167,za,151,172,0,1,52.6,3,1,10,Vet,0,,20,20,0,0,0,139,0.89,59,134,2.6,2.5,135,0,2.7,2.9,3.1,3.7,4.3,5.4,5.4,143.0,150.0,165.0,194.0,228.0,284.0,284.0,0,0,,1,,,,0,,-1,Summit City Zwift League Endurance Ride,TYPE_RIDE,0,2023/07/27,910684583,,5400,1815308
,201,1,,3,3779745,51,10,Yardi Agresta ,0,1815308,3779745.51,33,466679700011,2299.743,2299.863,48.205,,0.0,0,2873,,TEAM BMTR ,bbbbbb,000000,aaaaaa,0,C,167,za,172,183,0,1,52.6,3,1,10,Vet,0,,20,20,409.49,301.99,0,180,1.03,51,177,3.4,3.2,169,0,3.4,3.6,4.0,4.5,5.4,6.2,6.6,178.0,192.0,212.0,238.0,282.0,325.0,346.0,0,0,,1,,,,0,,-1,STAGE 4: Beach Party—Turf N Surf,TYPE_RACE TYPE_RACE ,25,2023/07/27,4258943387,1,,1815308
,201,1,,1,3769927,25,25,Yardi Agresta ,0,1815308,3769927.25,394,464918500025,16732.784,16732.784,2936.945,,0.0,0,2873,,TEAM BMTR ,bbbbbb,000000,aaaaaa,0,A,167,za,150,179,0,1,52.6,3,1,10,Vet,0,,20,20,0,0,0,135,0.83,63,124,2.4,2.6,141,0,2.8,3.5,3.9,4.2,5.2,5.9,5.9,149.0,182.0,206.0,220.0,272.0,309.0,309.0,0,0,,1,,,,0,,-1,The BMTR Fundo,TYPE_RIDE,161,2023/07/22,3914529041,,,1815308
,201,1,,4,3769013,66,66,Yardi Agresta ,0,1815308,3769013.66,26,464783000065,3600.018,3600.018,0.018,,0.0,0,2873,,TEAM BMTR ,bbbbbb,000000,aaaaaa,0,D,167,za,167,180,0,1,52.6,3,1,10,Vet,0,,20,20,0,0,0,169,0.98,53,164,3.1,3.0,161,0,3.2,3.6,3.9,4.5,5.2,5.4,5.4,170.0,189.0,204.0,235.0,272.0,284.0,284.0,0,0,,1,,,,0,,-1,BMTR Short Adventure,TYPE_RIDE,0,2023/07/21,3366225080,,3600,1815308
,201,1,,4,3768077,32,32,Yardi Agresta ,0,1815308,3768077.32,27,464636800032,3600.016,3600.016,0.016,,0.0,0,2873,,TEAM BMTR ,bbbbbb,000000,aaaaaa,0,D,167,za,160,178,0,1,52.6,3,1,10,Vet,0,,20,20,0,0,0,149,0.91,57,146,2.8,2.8,148,0,3.0,3.5,3.6,3.9,4.1,4.6,4.6,156.0,183.0,191.0,204.0,216.0,242.0,242.0,0,0,,1,,,,0,,-1,AEO Fun Ride p/b Stolen Goat,TYPE_RIDE,0,2023/07/20,928793662,,3600,1815308
,201,1,,3,3749748,41,19,Yardi Agresta ,0,1815308,3749748.41,18,461644700021,2431.512,2431.632,345.801,,0.0,0,2873,,TEAM BMTR ,bbbbbb,000000,aaaaaa,0,C,167,za,174,181,0,1,52.6,3,1,10,Vet,0,,20,20,466.96,301.97,0,156,0.88,59,153,2.9,2.8,151,0,3.0,3.3,3.6,3.8,3.9,4.2,4.6,159.0,175.0,187.0,201.0,205.0,223.0,241.0,0,0,,1,,,,0,,-1,STAGE 3: Beach Party—Mech Isle Loop,TYPE_RACE TYPE_RACE ,20,2023/07/17,1366943680,5,,1815308
,201,1,,3,3747586,36,36,Yardi Agresta ,0,1815308,3747586.36,26,461183800036,4500.026,4500.026,0.026,,0.0,0,2873,,TEAM BMTR ,bbbbbb,000000,aaaaaa,0,C,167,za,144,160,0,1,52.6,3,1,10,Vet,0,,20,20,0,0,0,144,0.98,53,141,2.7,2.5,134,0,2.7,2.9,3.1,3.6,4.2,4.6,4.6,142.0,154.0,162.0,190.0,222.0,241.0,241.0,0,0,,1,,,,0,,-1,ZZRC Friday Latte 2-2.5 Social Ride,TYPE_RIDE,0,2023/06/30,3994934674,,4500,1815308
,201,1,,1,3745997,9,7,Yardi Agresta ,0,1815308,3745997.9,18,460958900007,2562.385,2562.385,165.198,,0.0,0,2873,,TEAM BMTR ,bbbbbb,000000,aaaaaa,0,A,167,za,161,171,0,1,52.6,3,1,10,Vet,0,,20,20,0,0,0,172,1.04,50,168,3.2,3.1,165,0,3.3,3.6,3.9,4.1,4.5,5.6,5.7,174.0,188.0,205.0,218.0,237.0,295.0,300.0,0,0,,1,,,,0,,-1,WTRL Team Time Trial - Zone 9,TYPE_TEAM_TIME_TRIAL TYPE_RACE ,29,2023/06/29,928793662,2,,1815308
,201,1,,1,3745966,50,7,Yardi Agresta ,0,1815308,3745966.50,21,460950900007,2455.039,2455.039,1.864,,0.0,0,2873,,TEAM BMTR ,bbbbbb,000000,aaaaaa,0,A,167,za,163,175,0,1,52.6,3,1,10,Vet,0,,20,20,0,0,0,178,1.07,49,174,3.3,3.1,167,0,3.3,3.6,3.9,4.4,4.8,5.1,5.1,176.0,188.0,204.0,229.0,254.0,266.0,267.0,0,0,,1,,,,0,,-1,WTRL Team Time Trial - Zone 8,TYPE_TEAM_TIME_TRIAL TYPE_RACE ,29,2023/06/29,928793662,2,,1815308
,201,1,,3,3745035,42,18,Yardi Agresta ,0,1815308,3745035.42,27,460811800018,3600.011,3600.071,0.011,,0.0,0,2873,,TEAM BMTR ,bbbbbb,000000,aaaaaa,0,C,167,za,152,166,0,1,52.6,3,1,10,Vet,0,,20,20,0,0,0,141,0.91,57,139,2.6,2.5,134,0,2.7,2.9,3.0,3.5,3.9,4.5,4.5,142.0,153.0,159.0,185.0,206.0,235.0,235.0,0,0,,1,,,,0,,-1,BMTR Short Adventure,TYPE_RIDE,0,2023/06/28,3302953739,,3600,1815308
,201,1,,3,3745022,6,3,Yardi Agresta ,0,1815308,3745022.6,26,460808200003,3600.005,3600.005,0.003,,0.0,0,2873,,TEAM BMTR ,bbbbbb,000000,aaaaaa,0,C,167,za,154,169,0,1,52.6,3,1,10,Vet,0,,20,20,0,0,0,145,0.91,57,140,2.7,2.7,145,0,2.9,3.1,3.4,3.8,4.7,5.5,5.5,153.0,161.0,177.0,201.0,248.0,288.0,288.0,0,0,,1,,,,0,,-1,Thomson Bike Tours Endurance Ride,TYPE_RIDE,0,2023/06/28,3366225080,,3600,1815308
,201,1,,4,3744035,5,5,Yardi Agresta ,0,1815308,3744035.5,26,460669900003,3600.001,3600.001,0,,0.0,0,2873,,TEAM BMTR ,bbbbbb,000000,aaaaaa,0,D,167,za,146,165,0,1,52.6,3,1,10,Vet,0,,20,20,0,0,0,143,0.95,55,138,2.6,2.6,137,0,2.8,2.9,3.3,3.6,4.2,4.8,4.8,145.0,154.0,176.0,190.0,219.0,254.0,254.0,0,0,,1,,,,0,,-1,Cycle Nation Joburg Sundowner,TYPE_RIDE,0,2023/06/27,3364574135,,3600,1815308
,201,1,,3,3744025,31,13,Yardi Agresta ,0,1815308,3744025.31,21,460667900013,2978.669,2978.789,30.702,,0.0,0,2873,,TEAM BMTR ,bbbbbb,000000,aaaaaa,0,C,167,za,165,178,0,1,52.6,3,1,10,Vet,0,,20,20,386.99,302.01,0,174,1.04,50,171,3.3,3.1,166,0,3.3,3.5,4.0,4.3,5.1,6.1,7.0,175.0,186.0,208.0,227.0,269.0,323.0,367.0,0,0,,1,,,,0,,-1,DBR Tuesday Race ,TYPE_RACE TYPE_RACE ,33,2023/06/27,54700404,1,,1815308
,201,1,,3,3742935,8,8,Yardi Agresta ,0,1815308,3742935.8,27,460521900008,4500.008,4500.008,0.008,,0.0,0,2873,,TEAM BMTR ,bbbbbb,000000,aaaaaa,0,C,167,za,144,167,0,1,52.6,3,1,10,Vet,0,,20,20,0,0,0,138,0.91,57,131,2.5,2.4,130,0,2.6,2.9,3.4,4.3,5.1,5.2,5.2,137.0,150.0,179.0,225.0,266.0,276.0,276.0,0,0,,1,,,,0,,-1,ZZRC Monday Latte 2-2.5 Social Ride,TYPE_RIDE,0,2023/06/26,3407362320,,4500,1815308
,201,1,,3,3715854,53,24,Yardi Agresta ,0,1815308,3715854.53,17,456488200025,1714.808,1714.928,221.168,,0.0,0,2873,,TEAM BMTR ,bbbbbb,000000,aaaaaa,0,C,167,za,164,173,0,1,52.6,3,1,10,Vet,0,,20,20,466.63,301.99,0,171,1.02,51,168,3.2,3.0,160,0,3.2,3.6,3.8,3.9,4.2,4.7,4.7,169.0,187.0,198.0,207.0,220.0,247.0,247.0,0,0,,1,,,,0,,-1,STAGE 4: OG Racing — London Loop,TYPE_RACE TYPE_RACE ,15,2023/06/26,913172163,1,,1815308
,201,1,,3,3740301,24,24,Yardi Agresta ,0,1815308,3740301.24,27,460134900024,4500.019,4500.019,0.019,,0.0,0,2873,,TEAM BMTR ,bbbbbb,000000,aaaaaa,0,C,167,za,149,169,0,1,52.6,3,1,10,Vet,0,,20,20,0,0,0,149,0.95,55,141,2.7,2.6,140,0,2.8,3.0,3.4,4.2,5.5,6.6,6.6,148.0,158.0,180.0,219.0,288.0,346.0,346.0,0,0,,1,,,,0,,-1,ZZRC Friday Latte 2-2.5 Social Ride,TYPE_RIDE,0,2023/06/23,3599973269,,4500,1815308
,201,1,,4,3739631,25,25,Yardi Agresta ,0,1815308,3739631.25,26,460039700030,5400.031,5400.031,0.031,,0.0,0,2873,,TEAM BMTR ,bbbbbb,000000,aaaaaa,0,D,167,za,143,159,0,1,52.6,3,1,10,Vet,0,,20,20,0,0,0,145,0.99,53,141,2.7,2.6,140,0,2.8,3.0,3.3,3.6,3.9,4.2,4.2,148.0,157.0,176.0,187.0,207.0,222.0,222.0,0,0,,1,,,,0,,-1,Summit City Zwift League Endurance Ride,TYPE_RIDE,0,2023/06/22,3453194200,,5400,1815308
,201,1,,4,3739452,23,23,Yardi Agresta ,0,1815308,3739452.23,25,459993200023,3600.027,3600.027,0.027,,0.0,0,2873,,TEAM BMTR ,bbbbbb,000000,aaaaaa,0,D,167,za,145,162,0,1,52.6,3,1,10,Vet,0,,20,20,0,0,0,133,0.88,59,128,2.4,2.4,126,0,2.5,2.8,3.0,3.6,4.7,5.6,5.6,133.0,145.0,159.0,189.0,247.0,293.0,293.0,0,0,,1,,,,0,,-1,Virginias Blue Ridge TWENTY24 Road to Paris,TYPE_RIDE,0,2023/06/22,1638640398,,3600,1815308
,201,1,,4,3739440,3,3,Yardi Agresta ,0,1815308,3739440.3,27,459990300002,3600.001,3600.001,0,,0.0,0,2873,,TEAM BMTR ,bbbbbb,000000,aaaaaa,0,D,167,za,143,164,0,1,52.6,3,1,10,Vet,0,,20,20,0,0,0,133,0.88,59,126,2.4,2.2,120,0,2.4,2.7,3.0,3.6,4.5,5.1,5.1,127.0,143.0,158.0,190.0,237.0,266.0,266.0,0,0,,1,,,,0,,-1,AEO Fun Ride p/b Stolen Goat,TYPE_RIDE,0,2023/06/22,928793662,,3600,1815308
,201,1,,1,3739418,18,2,Yardi Agresta ,0,1815308,3739418.18,26,459984100002,2636.653,2636.653,0.171,,0.0,0,2873,,TEAM BMTR ,bbbbbb,000000,aaaaaa,0,F,167,za,169,180,0,1,52.6,3,1,10,Vet,0,,20,20,0,0,0,180,1.04,50,176,3.3,3.2,170,0,3.4,3.6,3.9,4.4,4.8,5.1,5.5,179.0,191.0,205.0,230.0,253.0,266.0,288.0,0,1,,1,,,,0,,-1,WTRL Team Time Trial - Zone 8,TYPE_TEAM_TIME_TRIAL TYPE_RACE ,30,2023/06/22,3382019812,1,,1815308
,201,1,,4,3737333,6,6,Yardi Agresta ,0,1815308,3737333.6,26,459667600006,3600.006,3600.006,0.006,,0.0,0,2873,,TEAM BMTR ,bbbbbb,000000,aaaaaa,0,D,167,za,130,142,0,1,52.6,3,1,10,Vet,0,,20,20,0,0,0,111,0.83,63,108,2.1,2.0,106,0,2.1,2.3,2.5,2.6,2.8,3.2,3.2,112.0,122.0,130.0,139.0,145.0,170.0,170.0,0,0,,1,,,,0,,-1,Nosco Foundation Social Ride p/b Liv Cycling,TYPE_RIDE,0,2023/06/20,3366225080,,3600,1815308
,201,1,,4,3729334,2,2,Yardi Agresta ,0,1815308,3729334.2,27,458429800002,3600.001,3600.001,0.001,,0.0,0,2873,,TEAM BMTR ,bbbbbb,000000,aaaaaa,0,D,167,za,144,167,0,1,52.6,3,1,10,Vet,0,,20,20,0,0,0,149,0.99,53,142,2.7,2.7,143,0,2.9,3.4,3.7,4.6,5.1,5.6,5.6,151.0,177.0,194.0,241.0,269.0,294.0,294.0,0,0,,1,,,,0,,-1,HCC Wellness Ride p/b Pinarello,TYPE_RIDE,0,2023/06/19,1776635757,,3600,1815308
,201,1,,4,3736270,67,67,Yardi Agresta ,0,1815308,3736270.67,52,459522200067,3600.025,3600.025,0.025,,0.0,0,2873,,TEAM BMTR ,bbbbbb,000000,aaaaaa,0,D,167,za,140,165,0,1,52.6,3,1,10,Vet,0,,20,20,0,0,0,140,0.94,55,132,2.5,2.5,133,0,2.7,2.9,3.4,4.2,5.4,5.9,5.9,141.0,151.0,178.0,223.0,285.0,313.0,313.0,0,0,,1,,,,0,,-1,BMTR Short Adventure,TYPE_RIDE,0,2023/06/19,2140131142,,3600,1815308
,201,1,,3,3715777,41,13,Yardi Agresta ,0,1815308,3715777.41,20,456449700013,1560.264,1560.384,63.024,,0.0,0,2873,,TEAM BMTR ,bbbbbb,000000,aaaaaa,0,C,167,za,164,178,0,1,52.6,3,1,10,Vet,0,,20,20,353.96,301.99,0,186,1.1,47,180,3.4,3.3,173,0,3.5,3.8,4.2,4.7,5.3,5.9,6.4,183.0,199.0,220.0,249.0,280.0,312.0,335.0,0,0,,1,,,,0,,-1,STAGE 3: OG Racing — Richmond UCI,TYPE_RACE TYPE_RACE ,16,2023/06/19,2196019512,1,,1815308
,201,1,,5,3735839,8,8,Yardi Agresta ,0,1815308,3735839.8,61,459466800009,3102.946,3102.946,473.823,,0.0,0,2873,,TEAM BMTR ,bbbbbb,000000,aaaaaa,0,E,167,za,147,164,0,1,52.6,3,1,10,Vet,0,,20,20,0,0,0,148,0.96,54,141,2.7,2.7,143,0,2.9,3.2,3.4,3.6,4.0,4.3,4.3,151.0,167.0,180.0,191.0,210.0,228.0,228.0,0,0,,1,,,,0,,-1,Bike MS: Zwift Community Climbs,TYPE_RIDE,23,2023/06/18,1993374659,3,,1815308
,201,1,,1,3734419,22,22,Yardi Agresta ,0,1815308,3734419.22,334,459259500022,16186.07,16186.07,2733.372,,0.0,0,2873,,TEAM BMTR ,bbbbbb,000000,aaaaaa,0,A,167,za,138,173,0,1,52.6,3,1,10,Vet,0,,20,20,0,0,0,140,0.91,58,125,2.4,2.6,139,0,2.8,3.3,3.9,4.9,6.0,6.8,6.8,147.0,174.0,205.0,260.0,316.0,360.0,360.0,0,0,,1,,,,0,,-1,The BMTR Fundo,TYPE_RIDE,161,2023/06/17,1776635757,,,1815308
,201,1,,3,3312024,21,6,Yardi Agresta ,0,1815308,3312024.21,17,405162400011,2421.494,2421.494,164.524,,0.0,0,2873,,TEAM BMTR ,bbbbbb,000000,aaaaaa,0,C,167,za,171,178,0,1,52.6,3,1,10,Vet,0,,20,20,485.43,301.96,0,171,0.98,53,167,3.2,3.1,163,0,3.3,3.4,3.6,3.9,4.4,4.8,5.0,172.0,181.0,192.0,207.0,229.0,252.0,261.0,0,0,,1,,,,0,,-1,Vatternrundan E-RACE	,TYPE_RACE TYPE_RACE ,24,2023/06/15,3662705581,1,,1815308
,201,1,,4,3732792,4,4,Yardi Agresta ,0,1815308,3732792.4,26,458995600004,3600.001,3600.001,0.001,,0.0,0,2873,,TEAM BMTR ,bbbbbb,000000,aaaaaa,0,D,167,za,148,161,0,1,52.6,3,1,10,Vet,0,,20,20,0,0,0,141,0.93,56,138,2.6,2.5,134,0,2.7,2.8,3.1,3.5,4.1,4.2,4.2,142.0,147.0,162.0,185.0,214.0,223.0,223.0,0,0,,1,,,,0,,-1,Virginias Blue Ridge TWENTY24 Road to Paris,TYPE_RIDE,0,2023/06/15,1638640398,,3600,1815308
,201,1,,4,3732781,11,11,Yardi Agresta ,0,1815308,3732781.11,27,458992800010,3600.005,3600.005,0.005,,0.0,0,2873,,TEAM BMTR ,bbbbbb,000000,aaaaaa,0,D,167,za,161,172,0,1,52.6,3,1,10,Vet,0,,20,20,0,0,0,155,0.93,56,149,2.8,2.7,143,0,2.9,3.2,3.4,3.7,4.3,4.8,4.8,151.0,170.0,180.0,195.0,226.0,254.0,254.0,0,0,,1,,,,0,,-1,AEO Fun Ride p/b Stolen Goat,TYPE_RIDE,0,2023/06/15,3407362320,,3600,1815308
,201,1,,1,3732760,19,9,Yardi Agresta ,0,1815308,3732760.19,24,458987100009,2287.608,2287.608,11.383,,0.0,0,2873,,TEAM BMTR ,bbbbbb,000000,aaaaaa,0,F,167,za,172,180,0,1,52.6,3,1,10,Vet,0,,20,20,0,0,0,178,1.01,52,174,3.3,3.2,168,0,3.4,3.7,3.8,4.1,4.4,5.2,5.2,177.0,194.0,200.0,217.0,232.0,271.0,274.0,0,1,,1,,,,0,,-1,WTRL Team Time Trial - Zone 8,TYPE_TEAM_TIME_TRIAL TYPE_RACE ,26,2023/06/15,3282611437,2,,1815308
,201,1,,3,3715657,146,65,Yardi Agresta ,0,1815308,3715657.146,18,456390100067,1967.81,1967.93,85.576,,0.0,0,2873,,TEAM BMTR ,bbbbbb,000000,aaaaaa,0,C,167,za,158,170,0,1,52.6,3,1,10,Vet,0,,20,20,466.23,301.96,0,169,1.06,49,168,3.2,3.0,159,0,3.2,3.5,3.6,3.9,4.4,4.8,5.0,168.0,184.0,190.0,206.0,232.0,254.0,261.0,0,0,,1,,,,0,,-1,STAGE 2: OG Racing — London Classique,TYPE_RACE TYPE_RACE ,22,2023/06/13,2694166390,3,,1815308
,201,1,,4,3730406,23,0,Yardi Agresta ,0,1815308,3730406.23,26,458567100023,3600.011,3600.011,0,,0.0,0,2873,,TEAM BMTR ,bbbbbb,000000,aaaaaa,0,N/A,167,us,157,176,0,1,52.6,3,1,10,Vet,0,,20,20,0,0,0,154,0.95,55,149,2.8,2.8,148,0,3.0,3.4,3.6,4.2,4.9,5.2,5.2,156.0,178.0,188.0,221.0,259.0,274.0,274.0,0,0,,1,,,,0,,-1,REVO Social SUB2,TYPE_RIDE,0,2023/06/13,2128890027,,3600,1815308
,201,1,,2,3699253,12,8,Yardi Agresta ,0,1815308,3699253.12,24,453830800008,3804.069,3804.129,1.261,,0.0,0,2873,,TEAM BMTR ,bbbbbb,000000,aaaaaa,0,B,167,za,165,182,0,1,52.6,3,1,10,Vet,0,,20,20,387.87,301.99,0,174,1.01,51,167,3.2,3.1,166,0,3.3,4.1,4.5,4.8,5.1,5.2,5.7,175.0,215.0,239.0,254.0,266.0,276.0,300.0,0,0,,1,,375,,0,,-1,Zwift Womens Racing Series,TYPE_RACE TYPE_RACE ,38,2023/06/13,2627606248,1,,1815308
,201,1,,1,3711210,59,59,Yardi Agresta ,0,1815308,3711210.59,26,455596800059,2700.032,2700.032,0.032,,0.0,0,2873,,TEAM BMTR ,bbbbbb,000000,aaaaaa,0,A,167,za,150,164,0,1,52.6,3,1,10,Vet,0,,20,20,0,0,0,150,0.97,54,146,2.8,2.7,145,0,2.9,3.1,3.4,3.7,4.3,5.0,5.0,153.0,165.0,177.0,193.0,227.0,265.0,265.0,0,0,,1,,,,0,,-1,Stage 2 - Zwift Ride Series: Coastal Cruise,TYPE_RIDE,0,2023/06/12,2140131142,,2700,1815308
,201,1,,3,3715656,47,17,Yardi Agresta ,0,1815308,3715656.47,24,456389600019,1955.847,1955.967,1.882,,0.0,0,2873,,TEAM BMTR ,bbbbbb,000000,aaaaaa,0,C,167,za,162,177,0,1,52.6,3,1,10,Vet,0,,20,20,422.55,302.01,0,181,1.08,48,175,3.3,3.1,167,0,3.3,3.7,3.9,4.4,5.1,6.4,7.2,176.0,194.0,207.0,234.0,269.0,337.0,377.0,0,0,,1,,,,0,,-1,STAGE 2: OG Racing — London Classique,TYPE_RACE TYPE_RACE ,22,2023/06/12,2694166390,3,,1815308
,201,1,,4,3725880,14,14,Yardi Agresta ,0,1815308,3725880.14,25,457914200014,3600.014,3600.014,0.014,,0.0,0,2873,,TEAM BMTR ,bbbbbb,000000,aaaaaa,0,D,167,za,143,155,0,1,52.6,3,1,10,Vet,0,,20,20,0,0,0,128,0.88,59,126,2.4,2.3,122,0,2.5,2.6,2.7,2.9,3.4,3.9,3.9,129.0,137.0,142.0,151.0,177.0,206.0,206.0,0,0,,1,,,,0,,-1,Virginias Blue Ridge TWENTY24 Road to Paris,TYPE_RIDE,0,2023/06/08,1638640398,,3600,1815308
,201,1,,4,3725868,27,27,Yardi Agresta ,0,1815308,3725868.27,30,457911300027,3600.019,3600.019,0.017,,0.0,0,2873,,TEAM BMTR ,bbbbbb,000000,aaaaaa,0,D,167,za,149,159,0,1,52.6,3,1,10,Vet,0,,20,20,0,0,0,140,0.93,56,139,2.6,2.5,133,0,2.7,2.8,2.9,3.2,3.8,4.2,4.2,141.0,147.0,153.0,169.0,198.0,222.0,222.0,0,0,,1,,,,0,,-1,AEO Fun Ride p/b Stolen Goat,TYPE_RIDE,0,2023/06/08,3407362320,,3600,1815308
,201,1,,1,3725847,49,1,Yardi Agresta ,0,1815308,3725847.49,59,457905600001,3157.771,3157.771,0,,0.0,0,2873,,TEAM BMTR ,bbbbbb,000000,aaaaaa,0,L,167,za,166,178,0,1,52.6,3,1,10,Vet,0,,20,20,0,0,0,175,1.04,50,172,3.3,3.1,167,0,3.3,3.6,3.7,4.2,4.6,5.0,5.1,176.0,187.0,196.0,221.0,242.0,262.0,267.0,0,1,,1,,,,0,,-1,WTRL Team Time Trial - Zone 8,TYPE_TEAM_TIME_TRIAL TYPE_RACE ,36,2023/06/08,3453194200,1,,1815308
,201,1,,5,3723340,15,15,Yardi Agresta ,0,1815308,3723340.15,26,457556900019,2700.008,2700.008,0.008,,0.0,0,2873,,TEAM BMTR ,bbbbbb,000000,aaaaaa,0,E,167,za,156,175,0,1,52.6,3,1,10,Vet,0,,20,20,0,0,0,162,1.01,51,158,3.0,2.9,156,0,3.1,3.5,3.7,4.0,4.7,5.2,5.2,165.0,186.0,194.0,212.0,248.0,276.0,276.0,0,0,,1,,,,0,,-1,Pride On Ride 2023,TYPE_RIDE,0,2023/06/08,3407362320,,2700,1815308
,201,1,,1,3711005,16,16,Yardi Agresta ,0,1815308,3711005.16,28,455556200017,2700.019,2700.019,0.019,,0.0,0,2873,,TEAM BMTR ,bbbbbb,000000,aaaaaa,0,A,167,za,150,168,0,1,52.6,3,1,10,Vet,0,,20,20,0,0,0,151,0.97,54,146,2.8,2.6,140,0,2.8,3.1,3.6,3.8,4.2,4.5,4.5,148.0,165.0,187.0,201.0,222.0,236.0,236.0,0,0,,1,,,,0,,-1,Stage 1 - Zwift Ride Series: Coastal Cruise,TYPE_RIDE,0,2023/06/07,2474227587,,2700,1815308
,201,1,,2,3711108,47,11,Yardi Agresta ,0,1815308,3711108.47,26,455576900012,1800.018,1800.018,0.017,,0.0,0,2873,,TEAM BMTR ,bbbbbb,000000,aaaaaa,0,B,167,za,152,166,0,1,52.6,3,1,10,Vet,0,,20,20,0,0,0,147,0.95,55,144,2.7,2.5,135,0,2.7,2.9,3.3,3.7,4.6,5.5,5.5,143.0,153.0,174.0,193.0,242.0,290.0,290.0,0,0,,1,,,,0,,-1,Stage 1 - Zwift Ride Series: Coastal Cruise,TYPE_RIDE,0,2023/06/07,2474227587,,2700,1815308
,201,1,,3,3715582,46,12,Yardi Agresta ,0,1815308,3715582.46,18,456353000012,1721.447,1721.567,62.948,,0.0,0,2873,,TEAM BMTR ,bbbbbb,000000,aaaaaa,0,C,167,za,164,176,0,1,52.6,3,1,10,Vet,0,,20,20,365.05,302.01,0,180,1.07,49,176,3.3,3.2,168,0,3.4,3.9,4.2,4.7,5.0,6.4,7.3,177.0,203.0,223.0,246.0,264.0,339.0,382.0,0,0,,1,,,,0,,-1,STAGE 1: OG Racing — Watopia Hilly,TYPE_RACE TYPE_RACE ,18,2023/06/07,2737483381,2,,1815308
,201,1,,2,3699249,25,14,Yardi Agresta ,0,1815308,3699249.25,56,453829100014,3297.174,3297.234,138.848,,0.0,0,2873,,TEAM BMTR ,bbbbbb,000000,aaaaaa,0,B,167,za,166,178,0,1,52.6,3,1,10,Vet,0,,20,20,345.53,301.96,0,179,1.02,51,170,3.2,3.2,170,0,3.4,3.7,4.0,4.6,5.8,7.3,7.3,179.0,195.0,208.0,244.0,307.0,386.0,386.0,0,0,,1,,1048,,0,,-1,Zwift Womens Racing Series,TYPE_RACE TYPE_RACE ,32,2023/06/06,2196019512,2,,1815308
,201,1,,4,3723822,21,21,Yardi Agresta ,0,1815308,3723822.21,26,457620100021,3600.031,3600.031,0.03,,0.0,0,2873,,TEAM BMTR ,bbbbbb,000000,aaaaaa,0,D,167,za,135,151,0,1,52.6,3,1,10,Vet,0,,20,20,0,0,0,114,0.81,65,109,2.1,2.0,107,0,2.1,2.6,2.7,2.8,2.9,3.1,3.1,113.0,138.0,141.0,147.0,155.0,163.0,163.0,0,0,,1,,,,0,,-1,Nosco Foundation Social Ride p/b Liv Cycling,TYPE_RIDE,0,2023/06/06,3366225080,,3600,1815308
,201,1,,4,3723805,42,0,Yardi Agresta ,0,1815308,3723805.42,26,457616200042,3600.026,3600.026,0,,0.0,0,2873,,TEAM BMTR ,bbbbbb,000000,aaaaaa,0,N/A,167,us,137,152,0,1,52.6,3,1,10,Vet,0,,20,20,0,0,0,115,0.82,63,113,2.2,2.1,112,0,2.2,2.4,2.6,2.6,2.9,3.2,3.2,118.0,125.0,136.0,139.0,154.0,168.0,168.0,0,0,,1,,,,0,,-1,REVO Social SUB2,TYPE_RIDE,0,2023/06/06,2128890027,,3600,1815308
,201,1,,3,3705832,10,4,Yardi Agresta ,0,1815308,3705832.10,53,454768700001,160.044,989.688,36.578,816.956,67.04399999999998,0,2873,,TEAM BMTR ,bbbbbb,000000,aaaaaa,0,C,167,za,160,173,0,1,52.6,3,1,10,Vet,0,,20,20,257.16,316.16,14.17,175,1.06,49,169,3.2,2.9,0,1,,3.5,4.1,4.6,5.0,5.2,5.8,,185.0,217.0,241.0,263.0,274.0,303.0,0,0,,1,,,,0,,-1,Zwift Hill Climb Racing Club,TYPE_RACE TYPE_RACE ,9,2023/06/06,2737483381,1,,1815308
,201,1,,2,3699248,10,6,Yardi Agresta ,0,1815308,3699248.10,21,453828900006,3431.071,3431.131,73.726,,0.0,0,2873,,TEAM BMTR ,bbbbbb,000000,aaaaaa,0,B,167,za,170,185,0,1,52.6,3,1,10,Vet,0,,20,20,328.26,316.16,0,182,1.0,52,170,3.2,3.2,171,0,3.4,3.9,4.5,4.9,6.6,7.6,7.9,180.0,206.0,238.0,257.0,349.0,398.0,417.0,0,0,,1,,1141,,0,,-1,Zwift Womens Racing Series,TYPE_RACE TYPE_RACE ,32,2023/06/06,2196019512,2,,1815308
,233,0,,3,3706104,40,6,Blopa&reg;,0,1714370,3706104.40,0,454877200007,3037.487,3037.487,150.706,,0.0,1,2873,,TEAM BMTR ,bbbbbb,000000,aaaaaa,0,C,182,uy,0,0,0,0,67.4,3,1,1,Mas,0,,20,0,429.17,0,34.17,209,0.0,0,205,3.0,3.0,205,0,3.2,3.4,3.6,4.3,4.8,5.2,5.8,216.0,232.0,245.0,287.0,324.0,351.0,392.0,0,0,,1,,,,0,,-1,Campeonato Preparacion de elequipo - Etapa 1,TYPE_RACE TYPE_RACE ,32,2023/06/03,742057576,4,,1714370
,201,1,,5,3682205,24,24,Yardi Agresta ,0,1815308,3682205.24,57,451469800024,4783.957,4783.957,246.111,,0.0,0,2873,,TEAM BMTR ,bbbbbb,000000,aaaaaa,0,E,167,za,139,148,0,1,52.6,3,1,10,Vet,0,,20,20,0,0,0,135,0.96,54,133,2.5,2.5,133,0,2.7,2.8,2.9,3.0,3.1,3.4,3.4,141.0,145.0,152.0,157.0,162.0,181.0,181.0,0,0,,1,,,,0,,-1,WBR500 Ride 2 ,TYPE_RIDE,50,2023/06/03,2128890027,,,1815308
,201,1,,5,3680920,59,59,Yardi Agresta ,0,1815308,3680920.59,27,451304600059,4791.347,4791.347,310.294,,0.0,0,2873,,TEAM BMTR ,bbbbbb,000000,aaaaaa,0,E,167,za,142,160,0,1,52.6,3,1,10,Vet,0,,20,20,0,0,0,139,0.96,54,136,2.6,2.6,136,0,2.7,3.1,3.3,3.5,4.2,4.7,4.7,144.0,162.0,172.0,183.0,219.0,249.0,249.0,0,0,,1,,,,0,,-1,WBR500 Ride 1 ,TYPE_RIDE,50,2023/06/03,2128890027,,,1815308
,201,1,,3,3719973,24,24,Yardi Agresta ,0,1815308,3719973.24,28,457096700024,7200.026,7200.026,0.026,,0.0,0,2873,,TEAM BMTR ,bbbbbb,000000,aaaaaa,0,C,167,za,147,160,0,1,52.6,3,1,10,Vet,0,,20,20,0,0,0,148,0.98,53,144,2.7,2.7,143,0,2.9,3.1,3.2,3.4,3.7,4.0,4.0,151.0,163.0,171.0,180.0,195.0,210.0,210.0,0,0,,1,,,,0,,-1,AHDR FAB Rolls p/b JetBlack,TYPE_RIDE,0,2023/06/02,5745690,,7200,1815308
,201,1,,3,3719051,14,5,Yardi Agresta ,0,1815308,3719051.14,21,456945300005,667.934,667.934,64.161,,0.0,0,2873,,TEAM BMTR ,bbbbbb,000000,aaaaaa,0,C,167,za,160,165,0,1,52.6,3,1,10,Vet,0,,20,20,398.94,306.05,0,179,1.11,47,178,3.4,2.9,0,1,,3.4,3.5,3.7,4.0,4.4,4.5,,180.0,186.0,196.0,213.0,234.0,238.0,0,0,,1,,,,0,,-1,Flipados Race THREE of 3 by PETA-Z,TYPE_RACE TYPE_RACE ,7,2023/06/01,3101693166,,,1815308
,201,1,,3,3719025,14,4,Yardi Agresta ,0,1815308,3719025.14,21,456936400004,614.942,614.942,33.754,,0.0,0,2873,,TEAM BMTR ,bbbbbb,000000,aaaaaa,0,C,167,za,163,174,0,1,52.6,3,1,10,Vet,0,,20,20,0,306.05,0,184,1.11,47,181,3.4,2.9,0,1,,3.6,3.9,4.0,4.0,4.3,4.3,,191.0,204.0,210.0,213.0,224.0,228.0,0,0,,1,,,,0,,-1,Flipados Race TWO of 3 by PETA-Z,TYPE_RACE TYPE_RACE ,6,2023/06/01,3691918883,,,1815308
,201,1,,3,3719013,12,4,Yardi Agresta ,0,1815308,3719013.12,19,456933300004,697.107,697.107,15.054,,0.0,0,2873,,TEAM BMTR ,bbbbbb,000000,aaaaaa,0,C,167,za,165,174,0,1,52.6,3,1,10,Vet,0,,20,20,377.28,306.05,0,189,1.13,46,186,3.5,3.0,0,1,,3.6,3.8,4.3,4.7,5.1,5.1,,189.0,202.0,224.0,248.0,267.0,269.0,0,0,,1,,,,0,,-1,Flipados Race ONE of 3 by PETA-Z,TYPE_RACE TYPE_RACE ,8,2023/06/01,3312037616,1,,1815308
,201,1,,4,3718957,61,61,Yardi Agresta ,0,1815308,3718957.61,26,456919500061,3600.029,3600.029,0.029,,0.0,0,2873,,TEAM BMTR ,bbbbbb,000000,aaaaaa,0,D,167,za,158,174,0,1,52.6,3,1,10,Vet,0,,20,20,0,0,0,162,0.99,52,157,3.0,3.0,158,0,3.2,3.4,3.5,4.2,4.6,5.1,5.1,167.0,177.0,184.0,219.0,242.0,266.0,266.0,0,0,,1,,,,0,,-1,AEO Fun Ride p/b Stolen Goat,TYPE_RIDE,0,2023/06/01,3407362320,,3600,1815308
,201,1,,3,3718955,10,2,Yardi Agresta ,0,1815308,3718955.10,21,456919000002,742.208,742.328,0.458,-104.208,676.208,0,2873,,TEAM BMTR ,bbbbbb,000000,aaaaaa,0,C,167,za,158,173,0,1,52.6,3,1,10,Vet,0,,20,20,0,306.06,0,174,1.08,48,171,3.3,2.8,0,1,,3.7,3.9,4.1,4.3,4.4,4.4,,193.0,207.0,216.0,226.0,233.0,233.0,0,0,,1,,,,0,,-1,Micro Mountain Massif - Race 3,TYPE_RACE TYPE_RACE ,6,2023/06/01,2663908549,,,1815308
,201,1,,3,3718945,9,1,Yardi Agresta ,0,1815308,3718945.9,22,456916300001,822.637,822.757,0,-295.637,769.637,0,2873,,TEAM BMTR ,bbbbbb,000000,aaaaaa,0,C,167,za,162,169,0,1,52.6,3,1,10,Vet,0,,20,20,0,306.05,0,177,1.08,48,175,3.3,2.9,0,1,,3.5,3.7,3.9,4.4,4.8,4.9,,183.0,197.0,205.0,231.0,253.0,258.0,0,0,,1,,,,0,,-1,Micro Mountain Massif - Race 2,TYPE_RACE TYPE_RACE ,5,2023/06/01,3707791029,,,1815308
,201,1,,3,3718934,12,1,Yardi Agresta ,0,1815308,3718934.12,18,456913100001,543.812,543.932,0,0,0.0,0,2873,,TEAM BMTR ,bbbbbb,000000,aaaaaa,0,C,167,za,163,169,0,1,52.6,3,1,10,Vet,0,,20,20,0,306.05,0,188,1.15,45,187,3.6,0.0,0,1,,3.6,3.8,3.9,4.2,4.5,4.7,,189.0,198.0,206.0,223.0,239.0,248.0,0,0,,1,,,,0,,-1,Micro Mountain Massif - Race 1,TYPE_RACE TYPE_RACE ,3,2023/06/01,3603635554,,,1815308
,201,1,,3,3714149,5,3,Yardi Agresta ,0,1815308,3714149.5,26,456062400003,459.765,459.885,39.23,-17.765,414.765,0,2873,,TEAM BMTR ,bbbbbb,000000,aaaaaa,0,C,167,za,160,164,0,1,52.6,3,1,10,Vet,0,,20,20,0,306.05,0,184,1.16,45,185,3.5,0.0,0,1,,3.5,3.7,3.7,4.0,4.3,4.3,,182.0,195.0,197.0,210.0,228.0,228.0,0,0,,1,,,,0,,-1,Zwift TT Club Racing Series / June / Week One,TYPE_TIME_TRIAL TYPE_RACE ,4,2023/05/31,1366943680,1,,1815308
,201,1,,3,3717902,74,48,Yardi Agresta ,0,1815308,3717902.74,28,456763200048,3600.031,3600.091,0.03,,0.0,0,2873,,TEAM BMTR ,bbbbbb,000000,aaaaaa,0,C,167,za,157,178,0,1,52.6,3,1,10,Vet,0,,20,20,0,0,0,154,0.94,55,148,2.8,2.8,148,0,3.0,3.3,3.9,4.6,5.1,5.2,5.2,156.0,176.0,204.0,242.0,269.0,274.0,274.0,0,0,,1,,,,0,,-1,BMTR Short Adventure,TYPE_RIDE,0,2023/05/31,3282611437,,3600,1815308
,201,1,,2,3699246,12,6,Yardi Agresta ,0,1815308,3699246.12,16,453827800006,1257.723,1257.783,2.649,,0.0,0,2873,,TEAM BMTR ,bbbbbb,000000,aaaaaa,0,B,167,za,167,179,0,1,52.6,3,1,10,Vet,0,,20,20,313.29,309.00,2.94,182,1.07,49,178,3.4,3.2,168,0,3.4,3.6,4.0,4.6,5.0,5.6,6.0,177.0,190.0,213.0,242.0,265.0,293.0,314.0,0,0,,1,,,,0,,-1,Zwift Womens Racing Series,TYPE_RACE TYPE_RACE ,14,2023/05/30,46799750,1,,1815308
,201,1,,2,3699244,35,21,Yardi Agresta ,0,1815308,3699244.35,21,453827100021,1227.239,1227.299,10.797,,0.0,0,2873,,TEAM BMTR ,bbbbbb,000000,aaaaaa,0,B,167,za,171,181,0,1,52.6,3,1,10,Vet,0,,20,20,342.66,309.32,0,190,1.08,48,184,3.5,3.3,0,1,,3.8,4.1,4.9,5.2,5.4,5.5,,202.0,215.0,256.0,272.0,286.0,292.0,0,0,,1,,,,0,,-1,Zwift Womens Racing Series,TYPE_RACE TYPE_RACE ,14,2023/05/30,46799750,1,,1815308
,201,1,,4,3716809,15,15,Yardi Agresta ,0,1815308,3716809.15,25,456614600015,3600.02,3600.02,0.016,,0.0,0,2873,,TEAM BMTR ,bbbbbb,000000,aaaaaa,0,D,167,za,150,166,0,1,52.6,3,1,10,Vet,0,,20,20,0,0,0,132,0.86,61,129,2.5,2.4,128,0,2.6,2.7,2.9,3.5,3.7,3.7,3.7,135.0,143.0,155.0,183.0,193.0,196.0,196.0,0,0,,1,,,,0,,-1,Nosco Foundation Social Ride p/b Liv Cycling,TYPE_RIDE,0,2023/05/30,3366225080,,3600,1815308
,201,1,,4,3716763,3,3,Yardi Agresta ,0,1815308,3716763.3,18,456604600032,44.616,3600.029,10.825,,0.0,0,2873,,TEAM BMTR ,bbbbbb,000000,aaaaaa,0,F,167,za,155,168,0,1,52.6,3,1,10,Vet,0,,20,20,0,0,0,139,0.88,59,136,2.6,2.5,133,0,2.7,2.9,3.0,3.4,3.9,4.4,4.6,140.0,151.0,159.0,177.0,203.0,234.0,244.0,0,0,,1,,,,0,,-1,GGCC Glasgow Green Cycle Club Tuesday Training Ride,TYPE_RIDE,0,2023/05/30,1064303857,,3600,1815308
,201,1,,2,3699243,16,9,Yardi Agresta ,0,1815308,3699243.16,19,453826500009,1278.801,1278.861,3.664,,0.0,0,2873,,TEAM BMTR ,bbbbbb,000000,aaaaaa,0,B,167,za,172,185,0,1,52.6,3,1,10,Vet,0,,20,20,362.39,309.00,0,188,1.06,49,182,3.5,3.2,171,0,3.4,3.7,4.2,4.9,5.3,5.5,5.7,181.0,193.0,220.0,258.0,281.0,289.0,302.0,0,0,,1,,,,0,,-1,Zwift Womens Racing Series,TYPE_RACE TYPE_RACE ,14,2023/05/30,46799750,1,,1815308
,201,1,,3,3710606,25,9,Yardi Agresta ,0,1815308,3710606.25,24,455487800009,657.065,657.185,113.667,-323.065,623.065,0,2873,,TEAM BMTR ,bbbbbb,000000,aaaaaa,0,C,167,za,153,158,0,1,52.6,3,1,10,Vet,0,,20,20,554.88,309.00,0,151,0.99,53,151,2.9,2.4,0,1,,2.9,3.0,3.1,3.3,3.6,3.8,,154.0,158.0,164.0,175.0,192.0,199.0,0,0,,1,,,,0,,-1,Micro Mountain Massif - Race 3,TYPE_RACE TYPE_RACE ,3,2023/05/25,3603635554,,,1815308
,201,1,,3,3710589,19,4,Yardi Agresta ,0,1815308,3710589.19,21,455482900004,730.765,730.885,65.401,-186.765,678.765,0,2873,,TEAM BMTR ,bbbbbb,000000,aaaaaa,0,C,167,za,157,162,0,1,52.6,3,1,10,Vet,0,,20,20,498.77,309.00,0,162,1.02,51,160,3.0,2.6,0,1,,3.2,3.3,3.4,3.7,3.9,4.2,,168.0,173.0,178.0,193.0,206.0,219.0,0,0,,1,,,,0,,-1,Micro Mountain Massif - Race 2,TYPE_RACE TYPE_RACE ,5,2023/05/25,4107749591,,,1815308
,201,1,,3,3710559,21,6,Yardi Agresta ,0,1815308,3710559.21,18,455472900006,744.552,744.672,109.491,-200.552,692.552,0,2873,,TEAM BMTR ,bbbbbb,000000,aaaaaa,0,C,167,za,163,170,0,1,52.6,3,1,10,Vet,0,,20,20,536.38,309.00,0,165,1.0,52,163,3.1,2.7,0,1,,3.3,3.5,3.6,3.8,4.3,4.6,,174.0,183.0,190.0,202.0,226.0,241.0,0,0,,1,,,,0,,-1,Micro Mountain Massif - Race 1,TYPE_RACE TYPE_RACE ,5,2023/05/25,156457316,,,1815308
,201,1,,4,3710510,12,12,Yardi Agresta ,0,1815308,3710510.12,16,455461000012,2663.965,2664.145,190.327,,0.0,0,2873,,TEAM BMTR ,bbbbbb,000000,aaaaaa,0,F,167,za,167,180,0,1,52.6,3,1,10,Vet,0,,20,20,0,0,0,166,0.97,54,162,3.1,3.0,159,0,3.2,3.4,3.5,3.8,4.5,4.9,5.3,168.0,180.0,183.0,199.0,238.0,260.0,277.0,0,1,,1,,,,0,,-1,WTRL Team Time Trial - Zone 9,TYPE_TEAM_TIME_TRIAL TYPE_RACE ,26,2023/05/25,3853654821,1,,1815308
,201,1,,4,3710500,21,21,Yardi Agresta ,0,1815308,3710500.21,24,455458400021,3600.013,3600.013,0.013,,0.0,0,2873,,TEAM BMTR ,bbbbbb,000000,aaaaaa,0,D,167,za,148,165,0,1,52.6,3,1,10,Vet,0,,20,20,0,0,0,139,0.91,58,134,2.6,2.5,133,0,2.7,2.8,3.1,3.6,4.4,4.8,4.8,140.0,149.0,165.0,190.0,234.0,255.0,255.0,0,0,,1,,,,0,,-1,AEO Fun Ride p/b Stolen Goat,TYPE_RIDE,0,2023/05/25,3407362320,,3600,1815308
,201,1,,4,3710478,37,30,Yardi Agresta ,0,1815308,3710478.37,24,455452900032,2621.928,2622.108,-185.219,,0.0,0,2873,,TEAM BMTR ,bbbbbb,000000,aaaaaa,0,F,167,za,166,178,0,1,52.6,3,1,10,Vet,0,,20,20,0,0,0,174,1.01,51,168,3.2,3.2,168,0,3.4,3.6,4.0,4.2,4.4,4.5,5.0,177.0,192.0,211.0,223.0,229.0,238.0,261.0,0,1,,1,,,,0,,-1,WTRL Team Time Trial - Zone 8,TYPE_TEAM_TIME_TRIAL TYPE_RACE ,26,2023/05/25,3853654821,1,,1815308
,201,1,,3,3682290,62,13,Yardi Agresta ,0,1815308,3682290.62,21,451492000013,3293.321,3293.321,390.378,,0.0,0,2873,,TEAM BMTR ,bbbbbb,000000,aaaaaa,0,C,167,za,157,177,0,1,52.6,3,1,10,Vet,0,,20,20,384.95,309.00,0,158,0.97,54,152,2.9,2.8,150,0,3.0,3.3,3.8,4.4,5.4,5.9,6.1,158.0,173.0,201.0,229.0,282.0,310.0,320.0,0,0,,1,,,,0,,-1,Chasing Tour | Chasing Pink - Stage 14,TYPE_RACE TYPE_RACE ,36,2023/05/24,986252325,,,1815308
,201,1,,2,3699235,27,18,Yardi Agresta ,0,1815308,3699235.27,22,453824600018,859.414,859.474,29.635,,0.0,0,2873,,TEAM BMTR ,bbbbbb,000000,aaaaaa,0,B,167,za,172,179,0,1,52.6,3,1,10,Vet,0,,20,20,392.87,309.00,0,191,1.1,47,189,3.6,3.2,0,1,,3.8,4.3,4.9,5.1,5.5,5.6,,198.0,224.0,258.0,268.0,290.0,293.0,0,0,,1,,,,0,,-1,Zwift Womens Racing Series,TYPE_RACE TYPE_RACE ,9,2023/05/23,2737483381,1,,1815308
,201,1,,4,3708242,14,0,Yardi Agresta ,0,1815308,3708242.14,42,455134900014,3600.009,3600.009,0,,0.0,0,2873,,TEAM BMTR ,bbbbbb,000000,aaaaaa,0,N/A,167,us,136,150,0,1,52.6,3,1,10,Vet,0,,20,20,0,0,0,110,0.79,66,107,2.0,2.0,108,0,2.2,2.3,2.4,2.5,2.8,3.2,3.8,114.0,121.0,124.0,129.0,146.0,166.0,202.0,0,0,,1,,,,0,,-1,REVO Social SUB2,TYPE_RIDE,0,2023/05/23,2128890027,,3600,1815308
,201,1,,2,3699232,13,6,Yardi Agresta ,0,1815308,3699232.13,17,453824000006,877.327,877.387,1.615,,0.0,0,2873,,TEAM BMTR ,bbbbbb,000000,aaaaaa,0,B,167,za,174,180,0,1,52.6,3,1,10,Vet,0,,20,20,357.72,309.00,0,197,1.11,47,193,3.7,3.2,0,1,,3.9,4.4,4.8,5.2,5.2,5.9,,206.0,231.0,251.0,272.0,275.0,313.0,0,0,,1,,,,0,,-1,Zwift Womens Racing Series,TYPE_RACE TYPE_RACE ,9,2023/05/23,2737483381,1,,1815308
,201,1,,4,3708216,3,3,Yardi Agresta ,0,1815308,3708216.3,18,455129100040,15.33,3600.027,2.797,,0.0,0,2873,,TEAM BMTR ,bbbbbb,000000,aaaaaa,0,F,167,za,161,178,0,1,52.6,3,1,10,Vet,0,,20,20,0,0,0,145,0.86,61,138,2.6,2.6,138,0,2.8,3.1,3.5,4.1,5.0,5.4,5.8,146.0,161.0,185.0,214.0,261.0,285.0,304.0,0,0,,1,,,,0,,-1,GGCC Glasgow Green Cycle Club Tuesday Training Ride,TYPE_RIDE,0,2023/05/23,1776635757,,3600,1815308
,201,1,,3,3706993,6,2,Yardi Agresta ,0,1815308,3706993.6,18,454977800002,2588.556,2588.556,256.528,-1281.556,2456.556,0,2873,,TEAM BMTR ,bbbbbb,000000,aaaaaa,0,C,167,za,162,170,0,1,52.6,3,1,10,Vet,0,,20,20,0,309.00,0,164,0.99,52,161,3.1,3.0,161,0,3.2,3.3,3.5,3.8,4.1,4.4,4.7,170.0,176.0,183.0,198.0,218.0,234.0,248.0,0,0,,1,,,,0,,-1,Mondays Mountain Massif TT,TYPE_RACE TYPE_RACE ,12,2023/05/22,3219074012,,,1815308
,201,1,,3,3671783,75,24,Yardi Agresta ,0,1815308,3671783.75,16,450080000028,1447.355,1447.475,7.54,,0.0,0,2873,,TEAM BMTR ,bbbbbb,000000,aaaaaa,0,C,167,za,167,176,0,1,52.6,3,1,10,Vet,0,,20,20,478.05,309.34,0,177,1.05,49,176,3.3,3.1,166,0,3.3,3.5,3.8,3.9,4.2,4.4,5.0,175.0,183.0,198.0,203.0,221.0,234.0,261.0,0,0,,1,,,,0,,-1,STAGE 4: Crit Club — Neokyo Crit Course,TYPE_RACE TYPE_RACE ,16,2023/05/22,1127056801,4,,1815308
,201,1,,3,3702804,7,7,Yardi Agresta ,0,1815308,3702804.7,16,454331300007,594.083,594.203,90.828,-260.083,560.0830000000001,0,2873,,TEAM BMTR ,bbbbbb,000000,aaaaaa,0,C,167,za,158,162,0,1,52.6,3,1,10,Vet,0,,20,20,489.28,309.00,0,177,1.11,47,176,3.3,0.0,0,1,,3.4,3.5,3.6,3.7,4.2,4.5,,179.0,182.0,189.0,196.0,222.0,238.0,0,0,,1,,,,0,,-1,Micro Mountain Massif - Race 3,TYPE_RACE TYPE_RACE ,3,2023/05/18,3603635554,,,1815308
,201,1,,3,3702799,10,5,Yardi Agresta ,0,1815308,3702799.10,16,454330400005,531.763,531.883,83.036,-197.763,497.76300000000003,0,2873,,TEAM BMTR ,bbbbbb,000000,aaaaaa,0,C,167,za,158,162,0,1,52.6,3,1,10,Vet,0,,20,20,395.41,309.00,0,179,1.13,46,178,3.4,0.0,0,1,,3.4,3.5,3.6,3.8,4.1,4.3,,178.0,182.0,192.0,198.0,214.0,225.0,0,0,,1,,,,0,,-1,Micro Mountain Massif - Race 2,TYPE_RACE TYPE_RACE ,3,2023/05/18,2573468147,,,1815308
,201,1,,3,3702791,13,7,Yardi Agresta ,0,1815308,3702791.13,15,454328200007,409.895,410.015,63.576,-75.895,375.895,0,2873,,TEAM BMTR ,bbbbbb,000000,aaaaaa,0,C,167,za,158,163,0,1,52.6,3,1,10,Vet,0,,20,20,422.52,309.00,0,183,1.16,45,183,3.5,0.0,0,1,,3.5,3.7,3.8,4.1,4.4,4.8,,183.0,193.0,202.0,218.0,231.0,254.0,0,0,,1,,,,0,,-1,Micro Mountain Massif - Race 1,TYPE_RACE TYPE_RACE ,3,2023/05/18,2737483381,,,1815308
,201,1,,1,3702666,21,6,Yardi Agresta ,0,1815308,3702666.21,32,454294800039,2527.649,2527.649,0.349,,0.0,0,2873,,TEAM BMTR ,bbbbbb,000000,aaaaaa,0,F,167,za,167,176,0,1,52.6,3,1,10,Vet,0,,20,20,0,0,0,178,1.04,50,174,3.3,3.2,170,0,3.4,3.6,4.0,4.5,4.7,5.2,5.5,179.0,192.0,212.0,237.0,249.0,275.0,287.0,0,1,,1,,,,0,,-1,WTRL Team Time Trial - Zone 14,TYPE_TEAM_TIME_TRIAL TYPE_RACE ,27,2023/05/18,2737483381,3,,1815308
,201,1,,3,3702663,10,1,Yardi Agresta ,0,1815308,3702663.10,21,454294300001,390.196,390.316,0,-55.196,355.196,0,2873,,TEAM BMTR ,bbbbbb,000000,aaaaaa,0,C,167,za,166,171,0,1,52.6,3,1,10,Vet,0,,20,20,0,309.01,0,192,1.13,46,188,3.6,0.0,0,1,,3.7,3.9,4.1,4.3,4.4,4.7,,193.0,204.0,214.0,228.0,234.0,248.0,0,0,,1,,,,0,,-1,Micro Mountain Massif - Race 1,TYPE_RACE TYPE_RACE ,3,2023/05/18,2737483381,,,1815308
,201,1,,4,3702618,34,34,Yardi Agresta ,0,1815308,3702618.34,26,454282900034,3600.031,3600.031,0.03,,0.0,0,2873,,TEAM BMTR ,bbbbbb,000000,aaaaaa,0,D,167,za,148,160,0,1,52.6,3,1,10,Vet,0,,20,20,0,0,0,139,0.93,56,137,2.6,2.5,134,0,2.7,2.8,2.9,3.3,3.8,4.2,4.2,142.0,149.0,153.0,172.0,202.0,222.0,222.0,0,0,,1,,,,0,,-1,Virginias Blue Ridge TWENTY24 Road to Paris,TYPE_RIDE,0,2023/05/18,1638640398,,3600,1815308
,201,1,,1,3702585,19,5,Yardi Agresta ,0,1815308,3702585.19,21,454274300005,2452.372,2452.372,0.456,,0.0,0,2873,,TEAM BMTR ,bbbbbb,000000,aaaaaa,0,F,167,za,169,178,0,1,52.6,3,1,10,Vet,0,,20,20,0,0,0,187,1.08,48,182,3.5,3.3,178,0,3.6,3.8,4.1,4.4,4.8,5.0,5.1,188.0,201.0,215.0,233.0,250.0,261.0,269.0,0,1,,1,,,,0,,-1,WTRL Team Time Trial - Zone 8,TYPE_TEAM_TIME_TRIAL TYPE_RACE ,27,2023/05/18,2737483381,3,,1815308
,201,1,,3,3702583,14,3,Yardi Agresta ,0,1815308,3702583.14,25,454273600003,397.001,397.121,32.012,-62.001,362.001,0,2873,,TEAM BMTR ,bbbbbb,000000,aaaaaa,0,C,167,za,165,169,0,1,52.6,3,1,10,Vet,0,,20,20,453.09,309.34,0,196,1.18,44,194,3.7,0.0,0,1,,3.7,4.0,4.2,4.4,4.7,4.8,,196.0,210.0,221.0,233.0,248.0,253.0,0,0,,1,,,,0,,-1,Micro Mountain Massif - Race 1,TYPE_RACE TYPE_RACE ,3,2023/05/18,2737483381,,,1815308
,201,1,,3,3682249,99,31,Yardi Agresta ,0,1815308,3682249.99,23,451479600031,3410.47,3410.47,495.306,,0.0,0,2873,,TEAM BMTR ,bbbbbb,000000,aaaaaa,0,C,167,za,152,164,0,1,52.6,3,1,10,Vet,0,,20,20,496.49,309.34,0,151,0.98,53,149,2.8,2.7,145,0,2.9,3.1,3.3,3.7,4.1,4.5,4.9,153.0,161.0,176.0,193.0,216.0,236.0,259.0,0,0,,1,,,,0,,-1,Chasing Tour | Chasing Pink - Stage 7,TYPE_RACE TYPE_RACE ,34,2023/05/16,576953930,1,,1815308
,201,1,,2,3699225,19,11,Yardi Agresta ,0,1815308,3699225.19,26,453821300011,1528.746,1528.806,125.708,218.254,1352.746,0,2873,,TEAM BMTR ,bbbbbb,000000,aaaaaa,0,B,167,za,166,171,0,1,52.6,3,1,10,Vet,0,,20,20,437.82,309.00,0,183,1.1,47,183,3.5,3.3,173,0,3.5,3.6,3.9,4.0,4.3,4.5,4.5,183.0,192.0,203.0,212.0,225.0,238.0,238.0,0,0,,1,,,,0,,-1,Zwift Womens Racing Series,TYPE_TIME_TRIAL TYPE_RACE ,16,2023/05/16,742057576,2,,1815308
,201,1,,1,3696122,18,18,Yardi Agresta ,0,1815308,3696122.18,331,453417300018,16555.449,16555.449,2756.569,,0.0,0,2873,,TEAM BMTR ,bbbbbb,000000,aaaaaa,0,A,167,za,148,176,0,1,52.6,3,1,10,Vet,0,,20,20,0,0,0,142,0.88,59,130,2.5,2.7,143,0,2.9,3.5,3.9,4.8,5.8,6.0,6.0,151.0,182.0,204.0,251.0,304.0,316.0,316.0,0,0,,1,,,,0,,-1,The BMTR Fundo,TYPE_RIDE,161,2023/05/13,2136907048,,,1815308
,201,1,,3,3682237,83,20,Yardi Agresta ,0,1815308,3682237.83,21,451476000020,3732.547,3732.547,678.525,,0.0,0,2873,,TEAM BMTR ,bbbbbb,000000,aaaaaa,0,C,167,za,156,168,0,1,52.6,3,1,10,Vet,0,,20,20,390.95,309.00,0,159,1.01,52,157,3.0,2.9,155,0,3.1,3.2,3.5,3.8,4.3,4.7,4.8,164.0,169.0,184.0,201.0,227.0,246.0,250.0,0,0,,1,,,,0,,-1,Chasing Tour | Chasing Pink - Stage 4,TYPE_RACE TYPE_RACE ,28,2023/05/12,3023359358,1,,1815308
,201,1,,1,3693724,9,9,Yardi Agresta ,0,1815308,3693724.9,17,453050100009,3155.139,3155.139,89.832,,0.0,0,2873,,TEAM BMTR ,bbbbbb,000000,aaaaaa,0,F,167,za,163,173,0,1,52.6,3,1,10,Vet,0,,20,20,0,0,0,163,0.98,53,160,3.0,2.9,152,0,3.1,3.3,3.5,4.2,5.3,5.5,5.6,161.0,173.0,186.0,221.0,280.0,292.0,294.0,0,1,,1,,,,0,,-1,WTRL Team Time Trial - Zone 9,TYPE_TEAM_TIME_TRIAL TYPE_RACE ,37,2023/05/11,2128890027,2,,1815308
,201,1,,3,3693710,17,2,Yardi Agresta ,0,1815308,3693710.17,18,453047100002,716.195,716.315,12.008,0,0.0,0,2873,,TEAM BMTR ,bbbbbb,000000,aaaaaa,0,C,167,za,171,180,0,1,52.6,3,1,10,Vet,0,,20,20,328.07,309.47,0.46,194,1.13,46,193,3.7,3.1,0,1,,3.8,4.0,4.2,4.5,4.6,4.7,,201.0,213.0,223.0,237.0,243.0,245.0,0,0,,1,,,,0,,-1,Micro Mountain Massif - Race 3,TYPE_RACE TYPE_RACE ,6,2023/05/11,2663908549,,,1815308
,201,1,,3,3693701,9,1,Yardi Agresta ,0,1815308,3693701.9,18,453044500001,709.288,709.408,0,-59.288,648.288,0,2873,,TEAM BMTR ,bbbbbb,000000,aaaaaa,0,C,167,za,173,183,0,1,52.6,3,1,10,Vet,0,,20,20,304.16,316.10,6.63,199,1.14,46,197,3.7,3.2,0,1,,3.9,4.1,4.3,4.6,4.9,5.2,,207.0,218.0,226.0,242.0,259.0,276.0,0,0,,1,,,,0,,-1,Micro Mountain Massif - Race 2,TYPE_RACE TYPE_RACE ,6,2023/05/11,2966818006,,,1815308
,201,1,,3,3693692,15,1,Yardi Agresta ,0,1815308,3693692.15,16,453042200001,464.955,465.075,0,-21.955,418.955,0,2873,,TEAM BMTR ,bbbbbb,000000,aaaaaa,0,C,167,za,174,180,0,1,52.6,3,1,10,Vet,0,,20,20,315.03,322.70,6.28,204,1.14,46,199,3.8,0.0,0,1,,3.9,4.1,4.4,4.6,4.7,5.0,,207.0,218.0,234.0,240.0,249.0,262.0,0,0,,1,,,,0,,-1,Micro Mountain Massif - Race 1,TYPE_RACE TYPE_RACE ,4,2023/05/11,2737483381,,,1815308
,201,1,,3,3682229,77,14,Yardi Agresta ,0,1815308,3682229.77,28,451472600014,3556.722,3556.722,476.702,,0.0,0,2873,,TEAM BMTR ,bbbbbb,000000,aaaaaa,0,C,167,za,157,169,0,1,52.6,3,1,10,Vet,0,,20,20,320.15,328.19,5.51,165,1.04,50,163,3.1,3.0,161,0,3.2,3.6,3.8,3.9,4.0,4.5,5.1,170.0,188.0,199.0,204.0,212.0,237.0,268.0,0,0,,1,,,,0,,-1,Chasing Tour | Chasing Pink - Stage 2,TYPE_RACE TYPE_RACE ,35,2023/05/10,2866480562,1,,1815308
,201,1,,2,3590287,48,23,Yardi Agresta ,0,1815308,3590287.48,40,439440100023,2352.68,2352.74,169.009,,0.0,0,2873,,TEAM BMTR ,bbbbbb,000000,aaaaaa,0,B,167,za,170,177,0,1,52.6,3,1,10,Vet,0,,20,20,389.12,327.84,0,185,1.06,49,181,3.4,3.3,176,0,3.5,3.7,4.0,4.4,4.8,5.3,5.6,186.0,195.0,212.0,229.0,254.0,281.0,296.0,0,0,,1,,712,,0,,-1,Zwift Womens Racing Series,TYPE_RACE TYPE_RACE ,24,2023/05/09,3662705581,1,,1815308
,201,1,,4,3691021,33,0,Yardi Agresta ,0,1815308,3691021.33,18,452685900033,3600.013,3600.013,0,,0.0,0,2873,,TEAM BMTR ,bbbbbb,000000,aaaaaa,0,N/A,167,us,137,153,0,1,52.6,3,1,10,Vet,0,,20,20,0,0,0,112,0.8,66,109,2.1,2.0,109,0,2.2,2.4,2.5,2.9,3.3,3.4,3.5,115.0,124.0,134.0,151.0,172.0,181.0,183.0,0,0,,1,,,,0,,-1,REVO Social SUB2,TYPE_RIDE,0,2023/05/09,2128890027,,3600,1815308
,201,1,,2,3590286,12,7,Yardi Agresta ,0,1815308,3590286.12,23,439439800007,2361.675,2361.735,92.894,,0.0,0,2873,,TEAM BMTR ,bbbbbb,000000,aaaaaa,0,B,167,za,173,182,0,1,52.6,3,1,10,Vet,0,,20,20,347.67,328.85,1.00,191,1.07,49,185,3.5,3.4,180,0,3.6,3.9,4.3,4.6,5.2,5.7,5.9,190.0,203.0,225.0,244.0,271.0,299.0,313.0,0,0,,1,,852,,0,,-1,Zwift Womens Racing Series,TYPE_RACE TYPE_RACE ,24,2023/05/09,3662705581,1,,1815308
,201,1,,4,3689596,84,84,Yardi Agresta ,0,1815308,3689596.84,26,452512400084,3600.028,3600.028,0.028,,0.0,0,2873,,TEAM BMTR ,bbbbbb,000000,aaaaaa,0,D,167,za,166,178,0,1,52.6,3,1,10,Vet,0,,20,20,0,0,0,166,0.99,53,164,3.1,3.0,159,0,3.2,3.4,3.6,4.1,4.5,4.7,4.7,168.0,177.0,192.0,214.0,238.0,246.0,246.0,0,0,,1,,,,0,,-1,BMTR Short Adventure,TYPE_RIDE,0,2023/05/08,3453194200,,3600,1815308
,201,1,,3,3671595,48,17,Yardi Agresta ,0,1815308,3671595.48,20,449986000019,1321.343,1321.463,7.108,,0.0,0,2873,,TEAM BMTR ,bbbbbb,000000,aaaaaa,0,C,167,za,171,180,0,1,52.6,3,1,10,Vet,0,,20,20,424.77,329.23,0,197,1.13,46,193,3.7,3.4,181,0,3.6,3.8,4.0,4.3,4.8,5.3,5.5,191.0,201.0,212.0,228.0,254.0,280.0,292.0,0,0,,1,,,,0,,-1,STAGE 2: Crit Club — Downtown Dolphin,TYPE_RACE TYPE_RACE ,12,2023/05/08,947394567,6,,1815308
,233,0,,5,3659075,22,0,Blopa&reg;,0,1714370,3659075.22,0,448218300022,2639.97,2639.97,0,,0.0,1,2873,,TEAM BMTR ,bbbbbb,000000,aaaaaa,0,HR,182,uy,0,0,0,0,67.4,3,1,1,Mas,0,,20,0,0,0,0,167,0.0,0,157,2.3,2.3,158,0,2.5,2.9,3.0,3.2,3.5,3.7,3.8,167.0,195.0,203.0,217.0,236.0,250.0,256.0,0,0,,1,,,,0,,-1,Stage 3 - Zwift Spring Training,TYPE_WORKOUT TYPE_WORKOUT,0,2023/05/06,1064303857,,2640,1714370
,201,1,,1,3684385,67,11,Yardi Agresta ,0,1815308,3684385.67,30,451805100018,2072.568,2072.568,123.456,,0.0,0,2873,,TEAM BMTR ,bbbbbb,000000,aaaaaa,0,F,167,za,168,176,0,1,52.6,3,1,10,Vet,0,,20,20,0,0,0,184,1.08,48,182,3.5,3.3,173,0,3.5,3.7,4.0,4.4,4.5,4.6,4.7,183.0,194.0,213.0,230.0,238.0,243.0,249.0,0,1,,1,,,,0,,-1,WTRL Team Time Trial - Zone 13,TYPE_TEAM_TIME_TRIAL TYPE_RACE ,25,2023/05/04,986252325,1,,1815308
,201,1,,4,3684331,15,15,Yardi Agresta ,0,1815308,3684331.15,26,451792500018,3600.004,3600.004,0.004,,0.0,0,2873,,TEAM BMTR ,bbbbbb,000000,aaaaaa,0,D,167,za,153,171,0,1,52.6,3,1,10,Vet,0,,20,20,0,0,0,150,0.95,55,146,2.8,2.7,144,0,2.9,3.2,3.5,4.0,4.8,5.3,5.3,152.0,170.0,182.0,211.0,254.0,279.0,279.0,0,0,,1,,,,0,,-1,AEO Fun Ride p/b Stolen Goat,TYPE_RIDE,0,2023/05/04,3407362320,,3600,1815308
,201,1,,3,3684329,17,3,Yardi Agresta ,0,1815308,3684329.17,18,451792000003,619.929,620.049,14.348,-49.929,562.929,0,2873,,TEAM BMTR ,bbbbbb,000000,aaaaaa,0,C,167,za,167,178,0,1,52.6,3,1,10,Vet,0,,20,20,346.42,333.93,5.08,194,1.14,46,191,3.6,3.1,0,1,,3.8,4.1,4.1,4.3,4.6,4.8,,199.0,215.0,218.0,227.0,242.0,254.0,0,0,,1,,,,0,,-1,Micro Mountain Massif - Race 3,TYPE_RACE TYPE_RACE ,5,2023/05/04,2139465450,,,1815308
,201,1,,3,3684319,15,3,Yardi Agresta ,0,1815308,3684319.15,16,451789300003,664.956,665.076,59.899,-250.956,622.956,0,2873,,TEAM BMTR ,bbbbbb,000000,aaaaaa,0,C,167,za,170,176,0,1,52.6,3,1,10,Vet,0,,20,20,337.29,343.95,10.02,191,1.12,46,191,3.6,3.1,0,1,,3.6,3.8,4.0,4.2,4.5,4.8,,191.0,202.0,209.0,222.0,235.0,254.0,0,0,,1,,,,0,,-1,Micro Mountain Massif - Race 2,TYPE_RACE TYPE_RACE ,4,2023/05/04,3603635554,1,,1815308
,201,1,,3,3684314,16,2,Yardi Agresta ,0,1815308,3684314.16,17,451787800002,816.408,816.528,43.58,-271.408,763.408,0,2873,,TEAM BMTR ,bbbbbb,000000,aaaaaa,0,C,167,za,173,181,0,1,52.6,3,1,10,Vet,0,,20,20,330.35,355.48,11.50,205,1.16,45,200,3.8,3.3,0,1,,4.1,4.3,4.5,5.0,5.1,5.2,,216.0,228.0,237.0,264.0,270.0,274.0,0,0,,1,,,,0,,-1,Micro Mountain Massif - Race 1,TYPE_RACE TYPE_RACE ,5,2023/05/04,3801241714,,,1815308
,201,1,,3,3682891,53,25,Yardi Agresta ,0,1815308,3682891.53,43,451576100025,3600.012,3600.072,0.012,,0.0,0,2873,,TEAM BMTR ,bbbbbb,000000,aaaaaa,0,C,167,za,157,166,0,1,52.6,3,1,10,Vet,0,,20,20,0,0,0,155,0.97,54,152,2.9,2.8,152,0,3.0,3.2,3.4,3.8,4.3,4.7,4.7,160.0,170.0,178.0,198.0,227.0,249.0,249.0,0,0,,1,,,,0,,-1,BMTR Short Adventure,TYPE_RIDE,0,2023/05/03,46799750,,3600,1815308
,201,1,,4,3681390,67,0,Yardi Agresta ,0,1815308,3681390.67,28,451366300067,3600.027,3600.027,0,,0.0,0,2873,,TEAM BMTR ,bbbbbb,000000,aaaaaa,0,N/A,167,us,141,151,0,1,52.6,3,1,10,Vet,0,,20,20,0,0,0,128,0.89,58,126,2.4,2.3,123,0,2.5,2.6,2.6,2.9,3.0,3.3,3.3,130.0,136.0,138.0,151.0,157.0,174.0,174.0,0,0,,1,,,,0,,-1,REVO Social SUB2,TYPE_RIDE,0,2023/05/02,2128890027,,3600,1815308
,201,1,,2,3590280,13,8,Yardi Agresta ,0,1815308,3590280.13,19,439437400008,2905.115,2905.175,131.74,,0.0,0,2873,,TEAM BMTR ,bbbbbb,000000,aaaaaa,0,B,167,za,168,181,0,1,52.6,3,1,10,Vet,0,,20,20,401.56,355.85,0,189,1.07,49,180,3.4,3.4,181,0,3.6,3.9,4.3,4.6,5.6,6.5,6.8,191.0,203.0,226.0,242.0,297.0,344.0,360.0,0,0,,1,,2246,,0,,-1,Zwift Womens Racing Series,TYPE_RACE TYPE_RACE ,31,2023/05/02,947394567,16,,1815308
,201,1,,4,3668796,6,6,Yardi Agresta ,0,1815308,3668796.6,104,449480600007,3600.013,3600.013,0.012,,0.0,0,2873,,TEAM BMTR ,bbbbbb,000000,aaaaaa,0,D,167,za,125,160,0,1,52.6,3,1,10,Vet,0,,20,20,0,0,0,117,0.77,68,96,1.8,2.0,110,0,2.2,2.6,3.1,4.1,4.9,5.0,5.0,116.0,137.0,165.0,216.0,257.0,262.0,262.0,0,0,,1,,,,0,,-1,Zwift Beginners: Ride With James from Zwift HQ,TYPE_RIDE,0,2023/05/01,1127056801,,3600,1815308
,201,1,,3,3671041,17,9,Yardi Agresta ,0,1815308,3671041.17,24,449781100009,1224.214,1224.334,153.085,114.786,1089.214,0,2873,,TEAM BMTR ,bbbbbb,000000,aaaaaa,0,C,167,za,164,169,0,1,52.6,3,1,10,Vet,0,,20,20,483.56,355.44,0,174,1.05,49,173,3.3,3.1,163,0,3.3,3.4,3.6,3.8,4.1,4.2,4.2,172.0,181.0,188.0,201.0,215.0,219.0,219.0,0,0,,1,,,,0,,-1,Zwift TT Club Racing Series / Circles / Week 2,TYPE_TIME_TRIAL TYPE_RACE ,12,2023/05/01,1127056801,3,,1815308
,201,1,,3,3671424,80,28,Yardi Agresta ,0,1815308,3671424.80,22,449900500032,1457.255,1457.375,8.279,,0.0,0,2873,,TEAM BMTR ,bbbbbb,000000,aaaaaa,0,C,167,za,168,176,0,1,52.6,3,1,10,Vet,0,,20,20,440.12,355.49,0,192,1.13,46,190,3.6,3.4,179,0,3.6,3.6,3.9,4.3,4.8,5.3,5.5,189.0,192.0,205.0,227.0,250.0,280.0,289.0,0,0,,1,,,,0,,-1,STAGE 1: Crit Club — Volcano Circuit CCW,TYPE_RACE TYPE_RACE ,17,2023/05/01,3866241330,3,,1815308
,201,1,,3,3676636,67,38,Yardi Agresta ,0,1815308,3676636.67,735,450780300038,16120.674,16120.794,1230.335,,0.0,0,2873,,TEAM BMTR ,bbbbbb,000000,aaaaaa,0,C,167,za,151,176,0,1,52.6,3,1,10,Vet,0,,20,20,0,0,0,146,0.87,60,131,2.5,3.0,158,0,3.2,3.4,3.9,4.1,4.8,5.5,5.5,167.0,181.0,203.0,214.0,250.0,289.0,289.0,0,0,,1,,,,0,,-1,BMTR Flat 100 (Miles),TYPE_RIDE,161,2023/04/29,3453194200,,,1815308
,201,1,,3,3675356,59,37,Yardi Agresta ,0,1815308,3675356.59,27,450610900037,5400.013,5400.073,0.013,,0.0,0,2873,,TEAM BMTR ,bbbbbb,000000,aaaaaa,0,C,167,za,148,167,0,1,52.6,3,1,10,Vet,0,,20,20,0,0,0,142,0.93,56,137,2.6,2.7,142,0,2.9,3.1,3.3,3.7,4.4,4.7,4.7,150.0,164.0,175.0,196.0,230.0,248.0,248.0,0,0,,1,,,,0,,-1,BMTR Short Adventure,TYPE_RIDE,0,2023/04/28,2128890027,,5400,1815308
,201,1,,1,3674152,92,14,Yardi Agresta ,0,1815308,3674152.92,64,450450700025,2935.127,2935.127,130.891,,0.0,0,2873,,TEAM BMTR ,bbbbbb,000000,aaaaaa,0,F,167,za,176,183,0,1,52.6,3,1,10,Vet,0,,20,20,0,0,0,178,0.98,53,173,3.3,3.2,168,0,3.4,3.6,3.9,4.2,4.7,4.8,4.8,177.0,192.0,207.0,223.0,249.0,254.0,254.0,0,1,,1,,,,0,,-1,WTRL Team Time Trial - Zone 15,TYPE_TEAM_TIME_TRIAL TYPE_RACE ,32,2023/04/27,1039983620,2,,1815308
,201,1,,1,3674078,4,4,Yardi Agresta ,0,1815308,3674078.4,18,450430300004,3156.117,3156.117,1.44,,0.0,0,2873,,TEAM BMTR ,bbbbbb,000000,aaaaaa,0,V,167,za,168,179,0,1,52.6,3,1,10,Vet,0,,20,20,0,0,0,167,0.98,53,164,3.1,2.9,155,0,3.1,3.4,3.7,4.0,4.6,4.9,5.2,164.0,181.0,196.0,210.0,243.0,257.0,275.0,0,1,,1,,,,0,,-1,WTRL Team Time Trial - Zone 9,TYPE_TEAM_TIME_TRIAL TYPE_RACE ,32,2023/04/27,1039983620,2,,1815308
,201,1,,2,3590270,57,33,Yardi Agresta ,0,1815308,3590270.57,45,439435000036,3152.811,3152.871,235.567,,0.0,0,2873,,TEAM BMTR ,bbbbbb,000000,aaaaaa,0,B,167,za,166,176,0,1,52.6,3,1,10,Vet,0,,20,20,471.13,355.48,0,168,0.99,52,165,3.1,3.1,166,0,3.3,3.7,4.1,4.4,4.5,5.3,5.3,175.0,195.0,216.0,234.0,239.0,278.0,278.0,0,0,,1,,689,,0,,-1,Zwift Womens Racing Series,TYPE_RACE TYPE_RACE ,32,2023/04/25,948831673,4,,1815308
,201,1,,4,3670390,42,0,Yardi Agresta ,0,1815308,3670390.42,26,449673900042,3600.013,3600.013,0,,0.0,0,2873,,TEAM BMTR ,bbbbbb,000000,aaaaaa,0,N/A,167,us,146,158,0,1,52.6,3,1,10,Vet,0,,20,20,0,0,0,114,0.77,68,112,2.1,2.1,111,0,2.2,2.4,2.7,3.0,3.2,3.3,3.3,117.0,127.0,140.0,157.0,168.0,175.0,175.0,0,0,,1,,,,0,,-1,REVO Social SUB2,TYPE_RIDE,0,2023/04/25,2128890027,,3600,1815308
,201,1,,2,3590268,9,5,Yardi Agresta ,0,1815308,3590268.9,21,439434500008,3132.931,3132.991,69.898,,0.0,0,2873,,TEAM BMTR ,bbbbbb,000000,aaaaaa,0,B,167,za,174,183,0,1,52.6,3,1,10,Vet,0,,20,20,469.62,355.44,0,173,0.96,54,167,3.2,3.3,177,0,3.6,4.0,4.4,4.5,4.9,5.5,6.0,187.0,213.0,233.0,239.0,256.0,287.0,315.0,0,0,,1,,954,,0,,-1,Zwift Womens Racing Series,TYPE_RACE TYPE_RACE ,32,2023/04/25,948831673,4,,1815308
,201,1,,4,3668933,53,53,Yardi Agresta ,0,1815308,3668933.53,26,449507400053,3600.025,3600.025,0.025,,0.0,0,2873,,TEAM BMTR ,bbbbbb,000000,aaaaaa,0,D,167,za,160,173,0,1,52.6,3,1,10,Vet,0,,20,20,0,0,0,152,0.91,57,146,2.8,2.9,154,0,3.1,3.4,3.8,3.9,4.3,4.9,4.9,163.0,180.0,202.0,205.0,224.0,257.0,257.0,0,0,,1,,,,0,,-1,BMTR Misfits Social,TYPE_RIDE,0,2023/04/24,3302953739,,3600,1815308
,201,1,,3,3668795,13,13,Yardi Agresta ,0,1815308,3668795.13,40,449480400013,3600.008,3600.008,0.008,,0.0,0,2873,,TEAM BMTR ,bbbbbb,000000,aaaaaa,0,C,167,za,164,177,0,1,52.6,3,1,10,Vet,0,,20,20,0,0,0,148,0.87,60,142,2.7,2.7,142,0,2.9,3.0,3.4,4.3,5.6,6.3,6.3,150.0,158.0,178.0,228.0,293.0,334.0,334.0,0,0,,1,,,,0,,-1,BMTR Short Adventure,TYPE_RIDE,0,2023/04/24,3356878261,,3600,1815308
,201,1,,3,3670988,12,6,Yardi Agresta ,0,1815308,3670988.12,24,449759000007,363.009,363.129,36.492,54.991,323.009,0,2873,,TEAM BMTR ,bbbbbb,000000,aaaaaa,0,C,167,za,176,179,0,1,52.6,3,1,10,Vet,0,,20,20,476.43,355.44,0,197,1.13,46,199,3.8,0.0,0,1,,3.7,3.8,4.0,4.1,4.3,4.3,,196.0,200.0,209.0,218.0,224.0,224.0,0,0,,1,,,,0,,-1,Zwift TT Club Racing Series / Circles / Week 1,TYPE_TIME_TRIAL TYPE_RACE ,4,2023/04/24,947394567,2,,1815308
,201,1,,3,3620427,90,21,Yardi Agresta ,0,1815308,3620427.90,18,443313800021,2221.742,2221.862,81.413,,0.0,0,2873,,TEAM BMTR ,bbbbbb,000000,aaaaaa,0,C,167,za,175,187,0,1,52.6,3,1,10,Vet,0,,20,20,352.76,363.69,7.89,183,1.03,51,180,3.4,3.3,177,0,3.6,3.8,4.0,4.6,5.0,5.2,5.7,187.0,198.0,212.0,240.0,261.0,271.0,302.0,0,0,,1,,,,0,,-1,STAGE 4: COBBLE CRUSHER - CASSE PATTES,TYPE_RACE TYPE_RACE ,24,2023/04/24,3919912289,1,,1815308
,201,1,,3,3662020,43,9,Yardi Agresta ,0,1815308,3662020.43,26,448570300009,3600.003,3600.063,0.003,,0.0,0,2873,,TEAM BMTR ,bbbbbb,000000,aaaaaa,0,C,167,za,149,158,0,1,52.6,3,1,10,Vet,0,,20,20,0,0,0,140,0.92,57,137,2.6,2.5,134,0,2.7,2.8,3.0,3.6,4.6,5.3,5.3,142.0,146.0,160.0,190.0,240.0,281.0,281.0,0,0,,1,,,,0,,-1,BMTR Short Adventure,TYPE_RIDE,0,2023/04/19,3742187716,,3600,1815308
,201,1,,3,3661985,21,21,Yardi Agresta ,0,1815308,3661985.21,30,448562500021,5400.019,5400.019,0.019,,0.0,0,2873,,TEAM BMTR ,bbbbbb,000000,aaaaaa,0,C,167,za,153,174,0,1,52.6,3,1,10,Vet,0,,20,20,0,0,0,156,0.98,53,150,2.9,2.9,152,0,3.1,3.3,3.4,4.0,5.1,6.0,6.0,161.0,172.0,181.0,209.0,268.0,318.0,318.0,0,0,,1,,,,0,,-1,3R Endurance Ride,TYPE_RIDE,0,2023/04/19,928793662,,5400,1815308
,201,1,,2,3590262,52,29,Yardi Agresta ,0,1815308,3590262.52,36,439433000029,1945.662,1945.722,127.86,,0.0,0,2873,,TEAM BMTR ,bbbbbb,000000,aaaaaa,0,B,167,za,173,182,0,1,52.6,3,1,10,Vet,0,,20,20,425.08,363.35,0,189,1.08,48,187,3.6,3.4,179,0,3.6,3.8,4.0,4.3,4.4,4.6,4.6,189.0,202.0,209.0,224.0,230.0,241.0,243.0,0,0,,1,,,,0,,-1,Zwift Womens Racing Series,TYPE_RACE TYPE_RACE ,14,2023/04/18,2966818006,,,1815308
,233,0,,5,3652123,57,0,Blopa&reg;,0,1714370,3652123.57,0,447299100057,2399.979,2399.979,0,,0.0,1,2873,,TEAM BMTR ,bbbbbb,000000,aaaaaa,0,HR,182,uy,0,0,0,0,67.4,3,1,1,Mas,0,,20,0,0,0,0,169,0.0,0,157,2.3,2.4,164,0,2.6,3.0,3.2,3.4,3.4,3.4,3.5,173.0,199.0,213.0,226.0,228.0,229.0,233.0,0,0,,1,,,,0,,-1,Stage 1 - Zwift Spring Training ,TYPE_WORKOUT TYPE_WORKOUT,0,2023/04/18,46799750,,2400,1714370
,201,1,,4,3660321,35,0,Yardi Agresta ,0,1815308,3660321.35,26,448357800035,3600.011,3600.011,0,,0.0,0,2873,,TEAM BMTR ,bbbbbb,000000,aaaaaa,0,N/A,167,us,145,159,0,1,52.6,3,1,10,Vet,0,,20,20,0,0,0,131,0.88,59,128,2.4,2.3,122,0,2.5,2.7,2.9,3.4,3.9,4.4,4.4,129.0,142.0,154.0,177.0,203.0,231.0,231.0,0,0,,1,,,,0,,-1,REVO Social SUB2,TYPE_RIDE,0,2023/04/18,2128890027,,3600,1815308
,201,1,,2,3590258,17,9,Yardi Agresta ,0,1815308,3590258.17,21,439431900009,1937.917,1937.977,55.82,,0.0,0,2873,,TEAM BMTR ,bbbbbb,000000,aaaaaa,0,B,167,za,174,181,0,1,52.6,3,1,10,Vet,0,,20,20,387.37,365.68,2.33,193,1.1,47,191,3.6,3.4,183,0,3.7,4.0,4.5,4.5,4.8,5.1,5.4,193.0,208.0,236.0,238.0,250.0,266.0,283.0,0,0,,1,,,,0,,-1,Zwift Womens Racing Series,TYPE_RACE TYPE_RACE ,14,2023/04/18,2966818006,,,1815308
,201,1,,4,3658056,45,45,Yardi Agresta ,0,1815308,3658056.45,25,448111000045,3600.02,3600.02,0.02,,0.0,0,2873,,TEAM BMTR ,bbbbbb,000000,aaaaaa,0,D,167,za,151,172,0,1,52.6,3,1,10,Vet,0,,20,20,0,0,0,147,0.94,55,142,2.7,2.6,139,0,2.8,3.1,3.3,3.9,4.7,5.6,5.6,147.0,164.0,175.0,207.0,249.0,295.0,295.0,0,0,,1,,,,0,,-1,BMTR Misfits Social,TYPE_RIDE,0,2023/04/17,2128890027,,3600,1815308
,201,1,,3,3620296,46,13,Yardi Agresta ,0,1815308,3620296.46,18,443251900013,1898.605,1898.725,135.373,,0.0,0,2873,,TEAM BMTR ,bbbbbb,000000,aaaaaa,0,C,167,za,168,177,0,1,52.6,3,1,10,Vet,0,,20,20,425.00,366.03,0,189,1.1,48,184,3.5,3.3,175,0,3.5,3.9,4.1,4.5,5.1,5.2,5.2,185.0,206.0,217.0,238.0,266.0,274.0,274.0,0,0,,1,,,,0,,-1,STAGE 3: COBBLE CRUSHER - COBBLED CLIMBS,TYPE_RACE TYPE_RACE ,18,2023/04/17,1545087483,2,,1815308
,233,0,,3,3655319,16,16,Blopa&reg;,0,1714370,3655319.16,0,447764500016,5808.242,5808.242,441.301,,0.0,1,2873,,TEAM BMTR ,bbbbbb,000000,aaaaaa,0,C,182,uy,0,0,0,0,67.4,3,1,1,Mas,0,,20,0,0,0,0,187,0.0,0,166,2.5,2.6,178,0,2.8,3.3,4.1,5.4,7.6,9.0,10.0,188.0,223.0,275.0,367.0,511.0,608.0,673.0,0,0,,1,,,,0,,-1,ZSUN Long Weekend,TYPE_RIDE,60,2023/04/15,2128890027,,,1714370
,201,1,,1,3652783,130,20,Yardi Agresta ,0,1815308,3652783.130,50,447409000020,2681.364,2681.364,122.144,,0.0,0,2873,,TEAM BMTR ,bbbbbb,000000,aaaaaa,0,L,167,za,174,181,0,1,52.6,3,1,10,Vet,0,,20,20,0,0,0,182,1.03,50,180,3.4,3.3,178,0,3.6,3.8,3.9,4.0,4.3,4.4,4.4,188.0,199.0,204.0,213.0,228.0,230.0,230.0,0,1,,1,,,,0,,-1,WTRL Team Time Trial - Zone 15,TYPE_TEAM_TIME_TRIAL TYPE_RACE ,28,2023/04/13,2007026433,2,,1815308
,201,1,,4,3652711,21,21,Yardi Agresta ,0,1815308,3652711.21,61,447389200021,3600.012,3600.012,0.012,,0.0,0,2873,,TEAM BMTR ,bbbbbb,000000,aaaaaa,0,D,167,za,139,155,0,1,52.6,3,1,10,Vet,0,,20,20,0,0,0,119,0.85,61,118,2.2,2.2,115,0,2.3,2.5,2.6,2.8,3.2,3.6,3.6,122.0,131.0,137.0,147.0,168.0,189.0,189.0,0,0,,1,,,,0,,-1,Virginias Blue Ridge TWENTY24 Road to Paris,TYPE_RIDE,0,2023/04/13,1638640398,,3600,1815308
,201,1,,3,3650994,61,25,Yardi Agresta ,0,1815308,3650994.61,40,447136800025,3600.016,3600.076,0.016,,0.0,0,2873,,TEAM BMTR ,bbbbbb,000000,aaaaaa,0,C,167,za,145,162,0,1,52.6,3,1,10,Vet,0,,20,20,0,0,0,144,0.98,53,142,2.7,2.6,139,0,2.8,3.0,3.2,3.4,3.9,4.3,4.3,147.0,156.0,167.0,180.0,203.0,224.0,224.0,0,0,,1,,,,0,,-1,BMTR Short Adventure,TYPE_RIDE,0,2023/04/12,3367186349,,3600,1815308
,201,1,,2,3590254,29,25,Yardi Agresta ,0,1815308,3590254.29,16,439430700025,817.382,817.442,16.443,,0.0,0,2873,,TEAM BMTR ,bbbbbb,000000,aaaaaa,0,B,167,za,175,184,0,1,52.6,3,1,10,Vet,0,,20,20,399.04,369.49,3.81,206,1.17,45,204,3.9,3.4,0,1,,4.0,4.5,5.2,5.3,5.5,5.6,,213.0,237.0,272.0,280.0,288.0,296.0,0,0,,1,,,,0,,-1,Zwift Womens Racing Series,TYPE_RACE TYPE_RACE ,9,2023/04/11,2592027600,1,,1815308
,201,1,,2,3590252,68,32,Yardi Agresta ,0,1815308,3590252.68,48,439430400032,801.69,801.75,36.856,,0.0,0,2873,,TEAM BMTR ,bbbbbb,000000,aaaaaa,0,B,167,za,174,183,0,1,52.6,3,1,10,Vet,0,,20,20,392.20,379.35,9.86,205,1.18,44,205,3.9,3.4,0,1,,4.1,4.4,5.1,5.3,5.3,5.3,,214.0,232.0,269.0,277.0,277.0,277.0,0,0,,1,,,,0,,-1,Zwift Womens Racing Series,TYPE_RACE TYPE_RACE ,9,2023/04/11,2592027600,1,,1815308
,201,1,,4,3649365,7,0,Yardi Agresta ,0,1815308,3649365.7,34,446933500007,3600.002,3600.002,0,,0.0,0,2873,,TEAM BMTR ,bbbbbb,000000,aaaaaa,0,N/A,167,us,147,170,0,1,52.6,3,1,10,Vet,0,,20,20,0,0,0,147,0.97,54,143,2.7,2.7,142,0,2.9,3.1,3.4,4.2,5.1,5.8,5.8,150.0,165.0,181.0,219.0,269.0,307.0,307.0,0,0,,1,,,,0,,-1,REVO Social SUB2,TYPE_RIDE,0,2023/04/11,2128890027,,3600,1815308
,201,1,,4,3649336,5,5,Yardi Agresta ,0,1815308,3649336.5,23,446927000008,20.226,3600.01,4.441,,0.0,0,2873,,TEAM BMTR ,bbbbbb,000000,aaaaaa,0,F,167,za,153,165,0,1,52.6,3,1,10,Vet,0,,20,20,0,0,0,142,0.9,58,138,2.6,2.5,133,0,2.7,3.0,3.1,3.4,4.1,4.7,5.0,140.0,156.0,161.0,178.0,216.0,247.0,265.0,0,0,,1,,,,0,,-1,GGCC Glasgow Green Cycle Club Tuesday Training Ride,TYPE_RIDE,0,2023/04/11,3356878261,,3600,1815308
,201,1,,2,3590250,15,6,Yardi Agresta ,0,1815308,3590250.15,25,439429600007,843.258,843.318,7.986,,0.0,0,2873,,TEAM BMTR ,bbbbbb,000000,aaaaaa,0,B,167,za,170,180,0,1,52.6,3,1,10,Vet,0,,20,20,417.91,383.91,4.76,204,1.19,44,202,3.8,3.4,0,1,,4.0,4.4,5.1,5.3,5.4,5.5,,211.0,231.0,266.0,278.0,282.0,289.0,0,0,,1,,,,0,,-1,Zwift Womens Racing Series,TYPE_RACE TYPE_RACE ,9,2023/04/11,2592027600,1,,1815308
,201,1,,4,3634032,48,48,Yardi Agresta ,0,1815308,3634032.48,30,445023900048,3600.028,3600.028,0.028,,0.0,0,2873,,TEAM BMTR ,bbbbbb,000000,aaaaaa,0,D,167,za,158,179,0,1,52.6,3,1,10,Vet,0,,20,20,0,0,0,153,0.94,56,148,2.8,2.8,151,0,3.0,3.4,4.0,4.4,4.9,5.1,5.1,159.0,181.0,208.0,231.0,258.0,268.0,268.0,0,0,,1,,,,0,,-1,HCC Wellness Ride p/b Pinarello,TYPE_RIDE,0,2023/04/10,1776635757,,3600,1815308
,201,1,,3,3647700,33,33,Yardi Agresta ,0,1815308,3647700.33,31,446730900033,3600.02,3600.02,0.02,,0.0,0,2873,,TEAM BMTR ,bbbbbb,000000,aaaaaa,0,C,167,za,153,173,0,1,52.6,3,1,10,Vet,0,,20,20,0,0,0,143,0.9,58,138,2.6,2.6,138,0,2.8,3.3,3.8,4.1,4.5,5.4,5.4,146.0,173.0,199.0,216.0,239.0,286.0,286.0,0,0,,1,,,,0,,-1,BMTR Short Adventure,TYPE_RIDE,0,2023/04/10,3811569265,,3600,1815308
,201,1,,3,3620175,80,28,Yardi Agresta ,0,1815308,3620175.80,38,443195400030,2086.78,2086.9,14.019,,0.0,0,2873,,TEAM BMTR ,bbbbbb,000000,aaaaaa,0,C,167,za,173,182,0,1,52.6,3,1,10,Vet,0,,20,20,371.79,388.78,13.99,186,1.07,49,185,3.5,3.3,176,0,3.5,3.9,4.1,4.2,4.4,5.0,5.1,186.0,204.0,216.0,223.0,233.0,262.0,270.0,0,0,,1,,,,0,,-1,STAGE 2: COBBLE CRUSHER - LUTECE EXPRESS,TYPE_RACE TYPE_RACE ,23,2023/04/10,1236439870,3,,1815308
,201,1,,3,3644288,95,63,Yardi Agresta ,0,1815308,3644288.95,868,446316400063,16496.025,16496.145,1787.506,,0.0,0,2873,,TEAM BMTR ,bbbbbb,000000,aaaaaa,0,C,167,za,150,182,0,1,52.6,3,1,10,Vet,0,,20,20,0,0,0,152,0.9,58,135,2.6,3.0,161,0,3.2,3.5,3.8,4.4,5.6,6.1,6.1,170.0,185.0,198.0,233.0,294.0,321.0,321.0,0,0,,1,,,,0,,-1,BMTR Flat 100 (Miles),TYPE_RIDE,161,2023/04/08,3407362320,,,1815308
,233,0,,3,3617125,166,42,Blopa&reg;,0,1714370,3617125.166,0,442783700042,2118.369,2118.609,203.443,,0.0,1,2873,,TEAM BMTR ,bbbbbb,000000,aaaaaa,0,C,182,uy,0,0,0,0,67.4,3,1,1,Mas,0,,20,0,0,0,0,215,0.0,0,211,3.1,3.0,207,0,3.2,3.5,3.7,4.3,4.8,5.3,6.4,218.0,234.0,250.0,287.0,324.0,358.0,434.0,0,0,,1,,,,0,,-1,Tour of Watopia 2023 | Stage 5,TYPE_RIDE,42,2023/04/07,2947111049,1,,1714370
,201,1,,3,3642543,40,20,Yardi Agresta ,0,1815308,3642543.40,34,446102400020,5400.004,5400.064,0.004,,0.0,0,2873,,TEAM BMTR ,bbbbbb,000000,aaaaaa,0,C,167,za,157,172,0,1,52.6,3,1,10,Vet,0,,20,20,0,0,0,156,0.97,54,152,2.9,3.0,159,0,3.2,3.6,3.7,3.9,4.0,4.2,4.2,168.0,187.0,196.0,203.0,211.0,220.0,220.0,0,0,,1,,,,0,,-1,BMTR Short Adventure,TYPE_RIDE,0,2023/04/07,910684583,,5400,1815308
,201,1,,1,3640850,122,17,Yardi Agresta ,0,1815308,3640850.122,56,445885500023,2659.206,2659.206,67.294,,0.0,0,2873,,TEAM BMTR ,bbbbbb,000000,aaaaaa,0,L,167,za,176,184,0,1,52.6,3,1,10,Vet,0,,20,20,0,0,0,186,1.03,50,182,3.5,3.3,175,0,3.5,3.7,3.9,4.3,4.7,4.7,4.7,185.0,195.0,205.0,228.0,249.0,249.0,249.0,0,1,,1,,,,0,,-1,WTRL Team Time Trial - Zone 14,TYPE_TEAM_TIME_TRIAL TYPE_RACE ,30,2023/04/06,3382019812,1,,1815308
,201,1,,4,3640804,28,28,Yardi Agresta ,0,1815308,3640804.28,43,445874500028,3600.03,3600.03,0.03,,0.0,0,2873,,TEAM BMTR ,bbbbbb,000000,aaaaaa,0,D,167,za,147,166,0,1,52.6,3,1,10,Vet,0,,20,20,0,0,0,131,0.86,60,127,2.4,2.4,126,0,2.5,2.8,3.3,3.7,4.4,4.4,4.4,133.0,145.0,176.0,194.0,229.0,234.0,234.0,0,0,,1,,,,0,,-1,Virginias Blue Ridge TWENTY24 Road to Paris,TYPE_RIDE,0,2023/04/06,1638640398,,3600,1815308
,201,1,,3,3638488,29,6,Yardi Agresta ,0,1815308,3638488.29,54,445542100006,3600.0,3600.06,0,,0.0,0,2873,,TEAM BMTR ,bbbbbb,000000,aaaaaa,0,C,167,za,169,183,0,1,52.6,3,1,10,Vet,0,,20,20,0,0,0,158,0.92,57,155,3.0,2.9,156,0,3.1,3.3,3.5,3.9,4.5,5.4,5.4,165.0,175.0,185.0,203.0,239.0,284.0,284.0,0,0,,1,,,,0,,-1,BMTR Short Adventure,TYPE_RIDE,0,2023/04/05,3407362320,,3600,1815308
,201,1,,2,3590241,83,51,Yardi Agresta ,0,1815308,3590241.83,43,439427700054,1232.112,1232.172,207.107,-372.112,1148.112,0,2873,,TEAM BMTR ,bbbbbb,000000,aaaaaa,0,B,167,za,179,185,0,1,52.6,3,1,10,Vet,0,,20,20,475.26,388.64,0,187,1.05,50,188,3.6,3.4,0,1,,3.6,3.7,3.8,4.0,4.0,4.0,,192.0,197.0,201.0,208.0,208.0,208.0,0,0,,1,,,,0,,-1, Zwift Womens Racing Series,TYPE_TIME_TRIAL TYPE_RACE ,8,2023/04/04,2843604888,1,,1815308
,201,1,,2,3592520,22,14,Yardi Agresta ,0,1815308,3592520.22,27,439712200015,1218.389,1218.449,91.953,-361.389,1137.3890000000001,0,2873,,TEAM BMTR ,bbbbbb,000000,aaaaaa,0,B,167,za,184,189,0,1,52.6,3,1,10,Vet,0,,20,20,457.83,388.58,0,189,1.04,50,191,3.6,3.4,0,1,,3.7,3.9,3.9,4.0,4.1,4.1,,195.0,203.0,206.0,211.0,218.0,218.0,0,0,,1,,,,0,,-1, Zwift Womens Racing Series,TYPE_TIME_TRIAL TYPE_RACE ,8,2023/04/04,2843604888,1,,1815308
,201,1,,3,3634009,38,38,Yardi Agresta ,0,1815308,3634009.38,44,445020800038,3600.029,3600.029,0.029,,0.0,0,2873,,TEAM BMTR ,bbbbbb,000000,aaaaaa,0,C,167,za,170,181,0,1,52.6,3,1,10,Vet,0,,20,20,0,0,0,145,0.82,64,139,2.6,2.6,137,0,2.8,3.0,3.5,4.1,5.4,6.2,6.2,145.0,159.0,185.0,218.0,283.0,324.0,324.0,0,0,,1,,,,0,,-1,BMTR Short Adventure,TYPE_RIDE,0,2023/04/03,986252325,,3600,1815308
,201,1,,3,3620124,39,10,Yardi Agresta ,0,1815308,3620124.39,80,443170700011,2255.706,2255.826,6.405,,0.0,0,2873,,TEAM BMTR ,bbbbbb,000000,aaaaaa,0,C,167,za,178,188,0,1,52.6,3,1,10,Vet,0,,20,20,441.76,388.45,0,175,0.96,55,170,3.2,3.1,167,0,3.3,3.8,3.9,4.5,5.5,6.1,6.5,176.0,198.0,206.0,239.0,291.0,320.0,340.0,0,0,,1,,,,0,,-1,STAGE 1: COBBLE CRUSHER - R.G.V,TYPE_RACE TYPE_RACE ,25,2023/04/03,1776635757,1,,1815308
,201,1,,3,3617182,311,86,Yardi Agresta ,0,1815308,3617182.311,26,442806500086,2029.808,2030.048,197.84,,0.0,0,2873,,TEAM BMTR ,bbbbbb,000000,aaaaaa,0,C,167,za,179,184,0,1,52.6,3,1,10,Vet,0,,20,20,0,0,0,179,0.98,53,176,3.3,3.3,174,0,3.5,3.7,3.8,4.0,4.1,4.2,4.2,184.0,194.0,202.0,212.0,216.0,220.0,220.0,0,0,,1,,,,0,,-1,Tour of Watopia 2023 | Stage 5,TYPE_RIDE,42,2023/04/03,2947111049,1,,1815308
,233,0,,2,3609418,412,82,Blopa&reg;,0,1714370,3609418.412,0,441783000082,3174.176,3174.296,464.176,,0.0,1,2873,,TEAM BMTR ,bbbbbb,000000,aaaaaa,0,B,182,uy,0,0,0,0,67.4,3,1,1,Mas,0,,20,0,0,0,0,208,0.0,0,202,3.0,2.9,199,0,3.1,3.4,3.7,4.3,5.3,5.8,6.2,210.0,232.0,251.0,290.0,360.0,394.0,420.0,0,0,,1,,,,0,,-1,Tour of Watopia 2023 | Stage 4,TYPE_RIDE,52,2023/04/01,2675063596,1,,1714370
,201,1,,3,3618954,8,8,Yardi Agresta ,0,1815308,3618954.8,35,443002100008,3600.003,3600.003,0.003,,0.0,0,2873,,TEAM BMTR ,bbbbbb,000000,aaaaaa,0,C,167,za,162,178,0,1,52.6,3,1,10,Vet,0,,20,20,0,0,0,143,0.85,62,137,2.6,2.6,138,0,2.8,3.1,3.4,4.3,4.8,5.1,5.1,146.0,164.0,179.0,224.0,252.0,266.0,266.0,0,0,,1,,,,0,,-1,BMTR Short Adventure,TYPE_RIDE,0,2023/03/27,928793662,,3600,1815308
,201,1,,3,3575892,41,7,Yardi Agresta ,0,1815308,3575892.41,38,437423400007,753.71,753.83,77.417,,0.0,0,2873,,TEAM BMTR ,bbbbbb,000000,aaaaaa,0,C,167,za,172,178,0,1,52.6,3,1,10,Vet,0,,20,20,444.01,388.58,0,189,1.08,48,186,3.5,3.1,0,1,,3.7,3.9,4.0,4.2,4.4,4.5,,194.0,203.0,212.0,222.0,233.0,236.0,0,0,,1,,,,0,,-1,STAGE 4b: RACE LONDON— London Loop Reverse,TYPE_RACE TYPE_RACE ,5,2023/03/27,1788889233,,,1815308
,201,1,,3,3575819,55,11,Yardi Agresta ,0,1815308,3575819.55,27,437386900011,516.013,516.133,2.488,,0.0,0,2873,,TEAM BMTR ,bbbbbb,000000,aaaaaa,0,C,167,za,169,177,0,1,52.6,3,1,10,Vet,0,,20,20,476.57,388.58,0,191,1.11,47,188,3.6,0.0,0,1,,3.7,4.0,4.4,4.7,5.1,5.4,,193.0,209.0,232.0,249.0,269.0,282.0,0,0,,1,,,,0,,-1,STAGE 4a: RACE LONDON— London Lead-In,TYPE_RACE TYPE_RACE ,6,2023/03/27,2694166390,,,1815308
,201,1,,3,3609424,518,43,Yardi Agresta ,0,1815308,3609424.518,40,441785500043,1784.063,1784.303,235.54,,0.0,0,2873,,TEAM BMTR ,bbbbbb,000000,aaaaaa,0,C,167,za,174,179,0,1,52.6,3,1,10,Vet,0,,20,20,0,0,0,174,0.99,53,172,3.3,3.2,169,0,3.4,3.6,3.8,4.0,4.7,5.4,5.4,178.0,189.0,198.0,212.0,246.0,284.0,284.0,0,0,,1,,,,0,,-1,Tour of Watopia 2023 | Stage 4,TYPE_RIDE,52,2023/03/27,2675063596,1,,1815308
,233,0,,2,3576198,105,57,Blopa&reg;,0,1714370,3576198.105,0,437536300057,3856.163,3856.283,881.055,,0.0,1,2873,,TEAM BMTR ,bbbbbb,000000,aaaaaa,0,B,182,uy,0,0,0,0,67.4,3,1,1,Mas,0,,20,0,0,0,0,206,0.0,0,200,3.0,2.9,197,0,3.1,3.4,3.5,4.2,5.4,6.9,8.9,208.0,230.0,239.0,284.0,366.0,467.0,602.0,0,0,,1,,,,0,,-1,Tour of Watopia 2023 | Stage 3,TYPE_RIDE,46,2023/03/24,2969952077,1,,1714370
,201,1,,3,3576185,312,58,Yardi Agresta ,0,1815308,3576185.312,30,437531200058,2177.392,2177.632,241.094,,0.0,0,2873,,TEAM BMTR ,bbbbbb,000000,aaaaaa,0,C,167,za,158,175,0,1,52.6,3,1,10,Vet,0,,20,20,0,0,0,177,1.1,47,174,3.3,3.2,168,0,3.4,3.7,4.0,4.2,4.3,4.6,4.6,177.0,194.0,212.0,219.0,227.0,240.0,240.0,0,0,,1,,,,0,,-1,Tour of Watopia 2023 | Stage 3 with Kristen Kulchinsky,TYPE_RIDE,46,2023/03/20,2969952077,1,,1815308
,201,1,,3,3603819,19,19,Yardi Agresta ,0,1815308,3603819.19,40,441072400019,3600.013,3600.013,0.013,,0.0,0,2873,,TEAM BMTR ,bbbbbb,000000,aaaaaa,0,C,167,za,145,174,0,1,52.6,3,1,10,Vet,0,,20,20,0,0,0,155,1.0,52,145,2.8,2.8,148,0,3.0,3.6,4.3,4.9,5.4,5.5,5.5,156.0,191.0,226.0,260.0,282.0,289.0,289.0,0,0,,1,,,,0,,-1,BMTR Short Adventure,TYPE_RIDE,0,2023/03/20,2474227587,,3600,1815308
,201,1,,3,3599227,108,44,Yardi Agresta ,0,1815308,3599227.108,335,440518600044,15682.084,15682.324,1358.059,,0.0,0,2873,,TEAM BMTR ,bbbbbb,000000,aaaaaa,0,C,167,za,133,167,0,1,52.6,3,1,10,Vet,0,,20,20,0,0,0,138,0.95,55,127,2.4,2.6,136,0,2.7,3.5,4.0,4.5,5.1,5.2,5.2,144.0,185.0,210.0,239.0,266.0,272.0,272.0,0,0,,1,,,,0,,-1,BMTR Flat 100 (Miles),TYPE_RIDE,161,2023/03/18,1776635757,,,1815308
,201,1,,3,3575593,59,0,Yardi Agresta ,0,1815308,3575593.59,81,437274700018,2847.509,2847.629,0,,0.0,0,2873,,TEAM BMTR ,bbbbbb,000000,aaaaaa,0,HR,167,us,0,0,0,0,52.6,3,1,10,Vet,0,,20,20,0,388.78,0,168,0.0,0,166,3.2,3.2,168,0,3.4,3.5,3.7,3.8,3.8,3.8,3.8,177.0,186.0,195.0,199.0,199.0,199.0,199.0,0,0,,1,,,,0,,-1,STAGE 2: RACE LONDON— London Loop,TYPE_RACE TYPE_RACE ,25,2023/03/16,913172163,,,1815308
,201,1,,1,3594758,99,9,Yardi Agresta ,0,1815308,3594758.99,58,439965800009,2857.896,2857.896,51.498,,0.0,0,2873,,TEAM BMTR ,bbbbbb,000000,aaaaaa,0,L,167,za,0,0,0,0,52.6,3,1,10,Vet,0,,20,20,0,0,0,183,0.0,0,180,3.4,3.3,173,0,3.5,3.6,4.0,4.3,4.4,4.5,4.5,183.0,188.0,208.0,225.0,233.0,236.0,236.0,0,1,,1,,,,0,,-1,WTRL Team Time Trial - Zone 9,TYPE_TEAM_TIME_TRIAL TYPE_RACE ,32,2023/03/16,46799750,3,,1815308
,201,1,,3,3552898,241,47,Yardi Agresta ,0,1815308,3552898.241,35,434535300047,2454.245,2454.485,167.078,,0.0,0,2873,,TEAM BMTR ,bbbbbb,000000,aaaaaa,0,C,167,za,0,0,0,0,52.6,3,1,10,Vet,0,,20,20,0,0,0,168,0.0,0,166,3.2,3.0,158,0,3.2,3.5,3.8,4.2,4.4,4.6,4.6,167.0,182.0,199.0,223.0,229.0,243.0,243.0,0,0,,1,,,,0,,-1,Tour of Watopia 2023 | Stage 2,TYPE_RIDE,70,2023/03/16,3921412335,1,,1815308
,233,0,,2,3552856,196,100,Blopa&reg;,0,1714370,3552856.196,0,434518400100,4314.02,4314.14,796.654,,0.0,1,2873,,TEAM BMTR ,bbbbbb,000000,aaaaaa,0,B,182,uy,0,0,0,0,67.4,3,1,1,Mas,0,,20,0,0,0,0,188,0.0,0,178,2.6,2.7,185,0,2.9,3.2,3.6,4.3,5.3,5.8,6.0,195.0,216.0,245.0,293.0,358.0,391.0,403.0,0,0,,1,,,,0,,-1,Tour of Watopia 2023 | Stage 2,TYPE_RIDE,70,2023/03/15,3921412335,1,,1714370
,201,1,,4,3589683,3,3,Yardi Agresta ,0,1815308,3589683.3,41,439345800012,29.59,3600.009,9.903,,0.0,0,2873,,TEAM BMTR ,bbbbbb,000000,aaaaaa,0,F,167,za,130,188,0,1,52.6,3,1,10,Vet,0,,20,20,0,0,0,151,1.13,46,147,2.8,2.7,143,0,2.9,3.2,3.5,3.8,4.3,4.5,4.5,151.0,167.0,186.0,198.0,225.0,235.0,235.0,0,0,,1,,,,0,,-1,GGCC Glasgow Green Cycle Club Tuesday Training Ride,TYPE_RIDE,0,2023/03/14,2474227587,,3600,1815308
,201,1,,3,3587211,34,34,Yardi Agresta ,0,1815308,3587211.34,40,439068700034,3600.03,3600.03,0.03,,0.0,0,2873,,TEAM BMTR ,bbbbbb,000000,aaaaaa,0,C,167,za,131,160,0,1,52.6,3,1,10,Vet,0,,20,20,0,0,0,132,0.98,53,129,2.5,2.4,129,0,2.6,2.7,2.9,3.2,3.7,3.9,3.9,136.0,143.0,155.0,168.0,193.0,204.0,204.0,0,0,,1,,,,0,,-1,BMTR Short Adventure,TYPE_RIDE,0,2023/03/13,1638640398,,3600,1815308
,201,1,,3,3582182,129,55,Yardi Agresta ,0,1815308,3582182.129,877,438382400055,15573.882,15574.122,1278.939,,0.0,0,2873,,TEAM BMTR ,bbbbbb,000000,aaaaaa,0,C,167,za,156,244,0,1,52.6,3,1,10,Vet,0,,20,20,0,0,0,151,0.88,59,137,2.6,3.2,168,0,3.4,3.7,4.1,4.7,5.6,5.6,5.6,177.0,193.0,216.0,246.0,297.0,297.0,297.0,0,0,,1,,,,0,,-1,BMTR Flat 100 (Miles),TYPE_RIDE,161,2023/03/11,1064303857,,,1815308
,201,1,,3,3580300,60,18,Yardi Agresta ,0,1815308,3580300.60,40,438153500015,5400.005,5400.065,0.005,,0.0,0,2873,,TEAM BMTR ,bbbbbb,000000,aaaaaa,0,C,167,za,136,170,0,1,52.6,3,1,10,Vet,0,,20,20,0,0,0,141,0.96,55,130,2.5,2.4,129,0,2.6,2.9,3.6,4.8,6.0,6.6,6.6,136.0,153.0,188.0,250.0,316.0,349.0,349.0,0,0,,1,,,,0,,-1,BMTR Short Adventure,TYPE_RIDE,0,2023/03/10,2128890027,,5400,1815308
,201,1,,1,3577992,13,6,Yardi Agresta ,0,1815308,3577992.13,55,437761600010,3527.173,3527.173,347.311,,0.0,0,2873,,TEAM BMTR ,bbbbbb,000000,aaaaaa,0,F,167,za,186,219,0,1,52.6,3,1,10,Vet,0,,20,20,0,0,0,175,0.91,57,170,3.2,3.5,185,0,3.7,3.8,4.0,4.4,4.9,5.2,5.3,195.0,201.0,213.0,230.0,257.0,275.0,278.0,0,1,,1,,,,0,,-1,WTRL Team Time Trial - Zone 7,TYPE_TEAM_TIME_TRIAL TYPE_RACE ,37,2023/03/09,3994934674,3,,1815308
,201,1,,3,3574791,47,15,Yardi Agresta ,0,1815308,3574791.47,33,437123800015,3600.007,3600.067,0.007,,0.0,0,2873,,TEAM BMTR ,bbbbbb,000000,aaaaaa,0,C,167,za,150,176,0,1,52.6,3,1,10,Vet,0,,20,20,0,0,0,158,0.95,55,143,2.7,2.8,149,0,3.0,3.7,4.2,4.5,5.1,5.5,5.5,157.0,196.0,223.0,238.0,266.0,292.0,292.0,0,0,,1,,,,0,,-1,BMTR Short Adventure,TYPE_RIDE,0,2023/03/08,3994934674,,3600,1815308
,201,1,,3,3578408,236,42,Yardi Agresta ,0,1815308,3578408.236,150,437843800044,2700.01,2700.13,0.01,,0.0,0,2873,,TEAM BMTR ,bbbbbb,000000,aaaaaa,0,C,167,za,164,168,0,1,52.6,3,1,10,Vet,0,,20,20,279.20,413.86,32.50,173,1.05,49,173,3.3,3.2,171,0,3.4,3.7,3.9,4.0,4.0,4.0,4.0,180.0,197.0,206.0,211.0,211.0,211.0,211.0,0,0,,1,,,,0,,-1,Zwift Racing League Finals - EMEAE Open Cup (WEST1) - SF1,TYPE_RACE TYPE_RACE ,0,2023/03/07,4107749591,,2700,1815308
,201,1,,3,3552571,805,76,Yardi Agresta ,0,1815308,3552571.805,38,434454900076,1730.938,1731.178,144.43,,0.0,0,2873,,TEAM BMTR ,bbbbbb,000000,aaaaaa,0,C,167,za,155,168,0,1,52.6,3,1,10,Vet,0,,20,20,0,0,0,153,0.98,53,152,2.9,2.7,143,0,2.9,3.1,3.3,3.5,3.7,3.8,3.8,151.0,165.0,175.0,182.0,193.0,200.0,200.0,0,0,,1,,,,0,,-1,Tour of Watopia 2023 | Stage 1,TYPE_RIDE,36,2023/03/07,3453194200,1,,1815308
,201,1,,3,3578399,136,25,Yardi Agresta ,0,1815308,3578399.136,51,437839500026,2700.016,2700.136,0.016,,0.0,0,2873,,TEAM BMTR ,bbbbbb,000000,aaaaaa,0,C,167,za,169,175,0,1,52.6,3,1,10,Vet,0,,20,20,387.87,426.41,11.31,176,1.03,51,174,3.3,3.3,175,0,3.5,3.9,4.0,4.1,4.4,4.7,4.8,185.0,205.0,213.0,218.0,234.0,247.0,253.0,0,0,,1,,,,0,,-1,Zwift Racing League Finals - APAC Open Cup (WEST1) - SF1,TYPE_RACE TYPE_RACE ,0,2023/03/07,4107749591,,2700,1815308
,233,0,,3,3552572,580,48,Blopa&reg;,0,1714370,3552572.580,0,434455300048,1739.88,1740.12,100.53,,0.0,1,2873,,TEAM BMTR ,bbbbbb,000000,aaaaaa,0,C,182,uy,0,0,0,0,67.4,3,1,1,Mas,0,,20,0,0,0,0,202,0.0,0,198,2.9,2.7,185,0,2.9,3.2,3.9,4.4,5.4,5.6,6.0,195.0,218.0,261.0,294.0,365.0,375.0,407.0,0,0,,1,,,,0,,-1,Tour of Watopia 2023 | Stage 1,TYPE_RIDE,36,2023/03/06,3453194200,1,,1714370
,201,1,,1,3552572,143,143,Yardi Agresta ,0,1815308,3552572.143,104,434455100143,3189.272,3189.272,352.578,,0.0,0,2873,,TEAM BMTR ,bbbbbb,000000,aaaaaa,0,A,167,za,159,173,0,1,52.6,3,1,10,Vet,0,,20,20,0,0,0,169,1.06,49,168,3.2,3.0,161,0,3.2,3.6,3.9,3.9,3.9,3.9,3.9,170.0,187.0,205.0,207.0,207.0,207.0,207.0,0,0,,1,,,,0,,-1,Tour of Watopia 2023 | Stage 1,TYPE_RIDE,36,2023/03/06,3453194200,1,,1815308
,201,1,,3,3536302,281,77,Yardi Agresta ,0,1815308,3536302.281,46,432502300077,5072.268,5072.388,597.44,,0.0,0,2873,,TEAM BMTR ,bbbbbb,000000,aaaaaa,0,C,167,za,148,162,0,1,52.6,3,1,10,Vet,0,,20,20,0,0,0,165,1.09,48,162,3.1,3.0,161,0,3.2,3.5,3.7,4.1,5.0,5.6,5.6,170.0,183.0,193.0,218.0,263.0,293.0,293.0,0,0,,1,,,,0,,-1,Zwift Fondo Series,TYPE_RIDE,93,2023/03/05,1327147942,1,,1815308
,201,1,,3,3564192,102,57,Yardi Agresta ,0,1815308,3564192.102,1241,435913900057,15892.035,15892.275,1528.073,,0.0,0,2873,,TEAM BMTR ,bbbbbb,000000,aaaaaa,0,C,167,za,141,167,0,1,52.6,3,1,10,Vet,0,,20,20,0,0,0,151,0.95,55,134,2.6,3.0,161,0,3.2,3.5,3.7,4.0,4.5,4.5,4.5,170.0,183.0,194.0,213.0,235.0,238.0,238.0,0,0,,1,,,,0,,-1,BMTR Flat 100 (Miles),TYPE_RIDE,161,2023/03/04,4258943387,,,1815308
,201,1,,3,3561864,90,60,Yardi Agresta ,0,1815308,3561864.90,28,435630500060,5400.028,5400.088,0.027,,0.0,0,2873,,TEAM BMTR ,bbbbbb,000000,aaaaaa,0,C,167,za,144,165,0,1,52.6,3,1,10,Vet,0,,20,20,0,0,0,149,0.97,54,139,2.6,2.8,147,0,2.9,3.2,4.0,4.5,5.2,5.9,5.9,155.0,168.0,212.0,239.0,276.0,312.0,312.0,0,0,,1,,,,0,,-1,BMTR Short Adventure,TYPE_RIDE,0,2023/03/03,3453194200,,5400,1815308
,201,1,,3,3561842,5,5,Yardi Agresta ,0,1815308,3561842.5,29,435625600006,3300.0,3300.0,0,,0.0,0,2873,,TEAM BMTR ,bbbbbb,000000,aaaaaa,0,C,167,za,152,165,0,1,52.6,3,1,10,Vet,0,,20,20,0,0,0,154,1.0,52,152,2.9,2.8,147,0,2.9,3.1,3.3,3.7,4.1,4.6,4.6,155.0,164.0,175.0,195.0,218.0,241.0,241.0,0,0,,1,,,,0,,-1,DIRT FriYay Ride,TYPE_RIDE,0,2023/03/03,1064303857,,3300,1815308
,201,1,,1,3559699,271,46,Yardi Agresta ,0,1815308,3559699.271,58,435367800080,2275.309,2275.309,195.485,,0.0,0,2873,,TEAM BMTR ,bbbbbb,000000,aaaaaa,0,L,167,za,173,182,0,1,52.6,3,1,10,Vet,0,,20,20,0,0,0,181,1.02,51,176,3.3,3.4,180,0,3.6,3.8,4.0,4.4,4.5,4.5,4.5,190.0,200.0,213.0,231.0,236.0,236.0,236.0,0,1,,1,,,,0,,-1,WTRL Team Time Trial - Zone 13,TYPE_TEAM_TIME_TRIAL TYPE_RACE ,22,2023/03/02,2001106885,1,,1815308
,201,1,,4,3559627,29,29,Yardi Agresta ,0,1815308,3559627.29,27,435347800029,3600.012,3600.012,0.012,,0.0,0,2873,,TEAM BMTR ,bbbbbb,000000,aaaaaa,0,D,167,za,0,0,0,0,52.6,3,1,10,Vet,0,,20,20,0,0,0,149,0.0,0,143,2.7,2.8,148,0,3.0,3.4,3.7,4.0,4.3,4.6,4.6,156.0,180.0,194.0,209.0,228.0,240.0,240.0,0,0,,1,,,,0,,-1,AEO Fun Ride p/b Stolen Goat,TYPE_RIDE,0,2023/03/02,3366225080,,3600,1815308
,201,1,,3,3492834,59,15,Yardi Agresta ,0,1815308,3492834.59,28,427086600015,1116.345,1116.465,125.356,,0.0,0,2873,,TEAM BMTR ,bbbbbb,000000,aaaaaa,0,C,167,za,159,170,0,1,52.6,3,1,10,Vet,0,,20,20,441.64,430.99,6.01,178,1.1,47,175,3.3,3.1,0,1,,3.6,3.8,4.0,4.3,4.6,4.8,,187.0,199.0,210.0,226.0,244.0,250.0,0,0,,1,,,,0,,-1,STAGE 4: RACE SCOTLAND - CITY AND THE SGURR,TYPE_RACE TYPE_RACE ,9,2023/03/01,4107749591,1,,1815308
,201,1,,5,3491563,36,36,Yardi Agresta ,0,1815308,3491563.36,32,426799700036,2406.743,2406.743,262.429,,0.0,0,2873,,TEAM BMTR ,bbbbbb,000000,aaaaaa,0,E,167,za,163,176,0,1,52.6,3,1,10,Vet,0,,20,20,0,0,0,173,1.04,50,169,3.2,3.1,163,0,3.3,3.4,3.7,4.0,4.6,5.0,5.0,172.0,181.0,193.0,211.0,240.0,264.0,264.0,0,0,,1,,,,0,,-1,Ride Scotland: Route 5: The Muckle Yin with BMTR,TYPE_RIDE,24,2023/03/01,3662705581,1,,1815308
,201,1,,3,3546022,125,50,Yardi Agresta ,0,1815308,3546022.125,1065,433680200050,15528.066,15528.306,1509.064,,0.0,0,2873,,TEAM BMTR ,bbbbbb,000000,aaaaaa,0,C,167,za,141,167,0,1,52.6,3,1,10,Vet,0,,20,20,0,0,0,146,0.93,56,131,2.5,3.0,158,0,3.2,3.5,3.7,4.4,5.0,5.0,5.0,167.0,182.0,197.0,233.0,262.0,265.0,265.0,0,0,,1,,,,0,,-1,BMTR Flat 100 (Miles),TYPE_RIDE,161,2023/02/25,928793662,,,1815308
,201,1,,3,3543697,74,55,Yardi Agresta ,0,1815308,3543697.74,31,433406100054,5400.028,5400.088,0.028,,0.0,0,2873,,TEAM BMTR ,bbbbbb,000000,aaaaaa,0,C,167,za,140,166,0,1,52.6,3,1,10,Vet,0,,20,20,0,0,0,144,0.98,53,137,2.6,2.6,141,0,2.8,3.3,4.2,4.8,5.4,6.0,6.0,149.0,176.0,219.0,253.0,285.0,314.0,314.0,0,0,,1,,,,0,,-1,BMTR Short Adventure,TYPE_RIDE,0,2023/02/24,910684583,,5400,1815308
,201,1,,3,3543674,44,44,Yardi Agresta ,0,1815308,3543674.44,31,433401100045,3300.03,3300.03,0.03,,0.0,0,2873,,TEAM BMTR ,bbbbbb,000000,aaaaaa,0,C,167,za,154,169,0,1,52.6,3,1,10,Vet,0,,20,20,0,0,0,157,1.0,52,154,2.9,2.9,152,0,3.1,3.3,3.6,4.2,4.9,5.1,5.1,161.0,174.0,187.0,220.0,257.0,266.0,266.0,0,0,,1,,,,0,,-1,DIRT FriYay Ride,TYPE_RIDE,0,2023/02/24,3407362320,,3300,1815308
,201,1,,1,3541313,311,63,Yardi Agresta ,0,1815308,3541313.311,78,433124400076,2308.311,2308.311,173.981,,0.0,0,2873,,TEAM BMTR ,bbbbbb,000000,aaaaaa,0,L,167,za,171,177,0,1,52.6,3,1,10,Vet,0,,20,20,0,0,0,179,1.04,50,178,3.4,3.2,170,0,3.4,3.6,3.8,3.9,3.9,3.9,3.9,179.0,192.0,201.0,205.0,206.0,206.0,206.0,0,1,,1,,,,0,,-1,WTRL Team Time Trial WORLD CUP - Zone 14,TYPE_TEAM_TIME_TRIAL TYPE_RACE ,25,2023/02/23,5745690,1,,1815308
,201,1,,1,3541205,26,7,Yardi Agresta ,0,1815308,3541205.26,23,433094200007,2225.202,2225.202,5.037,,0.0,0,2873,,TEAM BMTR ,bbbbbb,000000,aaaaaa,0,L,167,za,168,179,0,1,52.6,3,1,10,Vet,0,,20,20,0,0,0,188,1.1,48,184,3.5,3.3,176,0,3.5,3.9,4.3,4.4,4.7,5.2,5.3,186.0,204.0,225.0,231.0,245.0,273.0,279.0,0,1,,1,,,,0,,-1,WTRL Team Time Trial WORLD CUP - Zone 7,TYPE_TEAM_TIME_TRIAL TYPE_RACE ,25,2023/02/23,5745690,1,,1815308
,201,1,,3,3541181,28,16,Yardi Agresta ,0,1815308,3541181.28,103,433089500028,3600.025,3600.025,0.023,,0.0,0,2873,,TEAM BMTR ,bbbbbb,000000,aaaaaa,0,C,167,za,142,165,0,1,52.6,3,1,10,Vet,0,,20,20,0,0,0,144,0.95,55,135,2.6,2.8,150,0,3.0,3.2,3.3,3.7,4.2,4.7,4.7,158.0,168.0,175.0,195.0,220.0,246.0,246.0,0,0,,1,,,,0,,-1,CRYO-GEN TEMPO THURSDAY GROUP RIDE (C),TYPE_RIDE,0,2023/02/23,211138252,,3600,1815308
,201,1,,5,3491550,55,55,Yardi Agresta ,0,1815308,3491550.55,27,426798400055,2370.387,2370.387,351.556,,0.0,0,2873,,TEAM BMTR ,bbbbbb,000000,aaaaaa,0,E,167,za,162,172,0,1,52.6,3,1,10,Vet,0,,20,20,0,0,0,173,1.05,50,170,3.2,3.1,163,0,3.3,3.5,3.7,4.0,4.5,4.8,4.8,172.0,182.0,193.0,213.0,237.0,254.0,254.0,0,0,,1,,,,0,,-1,Ride Scotland: Route 5: The Muckle Yin with BMTR,TYPE_RIDE,24,2023/02/22,3662705581,1,,1815308
,201,1,,5,3491634,143,143,Yardi Agresta ,0,1815308,3491634.143,31,426806800144,2616.394,2616.394,629.536,,0.0,0,2873,,TEAM BMTR ,bbbbbb,000000,aaaaaa,0,E,167,za,157,166,0,1,52.6,3,1,10,Vet,0,,20,20,0,0,0,151,0.93,56,146,2.8,2.8,147,0,2.9,3.2,3.4,3.5,4.0,4.6,4.6,155.0,170.0,179.0,185.0,209.0,242.0,242.0,0,0,,1,,,,0,,-1,Ride Scotland: Route 5: The Muckle Yin with BMTR,TYPE_RIDE,24,2023/02/21,3662705581,1,,1815308
,201,1,,4,3535480,2,2,Yardi Agresta ,0,1815308,3535480.2,29,432392200022,16.065,3600.01,0.329,,0.0,0,2873,,TEAM BMTR ,bbbbbb,000000,aaaaaa,0,F,167,za,162,177,0,1,52.6,3,1,10,Vet,0,,20,20,0,0,0,168,1.02,51,165,3.1,3.0,162,0,3.2,3.5,3.9,4.7,5.0,5.1,5.1,171.0,183.0,207.0,248.0,264.0,269.0,269.0,0,0,,1,,,,0,,-1,GGCC Glasgow Green Cycle Club Tuesday Training Ride,TYPE_RIDE,0,2023/02/21,1776635757,,3600,1815308
,201,1,,5,3491530,112,112,Yardi Agresta ,0,1815308,3491530.112,28,426796400118,2700.014,2700.014,0.014,,0.0,0,2873,,TEAM BMTR ,bbbbbb,000000,aaaaaa,0,E,167,za,155,163,0,1,52.6,3,1,10,Vet,0,,20,20,0,0,0,166,1.05,50,163,3.1,3.0,158,0,3.2,3.5,3.6,4.0,4.4,4.6,4.6,167.0,183.0,191.0,210.0,234.0,240.0,240.0,0,0,,1,,,,0,,-1,Ride Scotland: Route 4: Loch Loop,TYPE_RIDE,0,2023/02/20,742057576,,2700,1815308
,201,1,,5,3491425,140,140,Yardi Agresta ,0,1815308,3491425.140,31,426785900145,2700.013,2700.013,0.013,,0.0,0,2873,,TEAM BMTR ,bbbbbb,000000,aaaaaa,0,E,167,za,152,162,0,1,52.6,3,1,10,Vet,0,,20,20,0,0,0,159,1.03,51,156,3.0,2.9,154,0,3.1,3.3,3.4,3.6,4.2,4.6,4.6,163.0,175.0,180.0,188.0,219.0,243.0,243.0,0,0,,1,,,,0,,-1,Ride Scotland: Route 4: Loch Loop with BMTR,TYPE_RIDE,0,2023/02/20,742057576,,2700,1815308
,201,1,,3,3532880,55,55,Yardi Agresta ,0,1815308,3532880.55,32,432055100055,3600.024,3600.024,0.024,,0.0,0,2873,,TEAM BMTR ,bbbbbb,000000,aaaaaa,0,C,167,za,146,171,0,1,52.6,3,1,10,Vet,0,,20,20,0,0,0,160,1.0,52,146,2.8,2.7,144,0,2.9,3.6,4.3,5.1,5.9,6.3,6.3,152.0,190.0,225.0,268.0,308.0,330.0,330.0,0,0,,1,,,,0,,-1,BMTR Short Adventure,TYPE_RIDE,0,2023/02/20,1064303857,,3600,1815308
,201,1,,3,3527594,143,68,Yardi Agresta ,0,1815308,3527594.143,965,431442000068,15399.961,15400.201,1279.538,,0.0,0,2873,,TEAM BMTR ,bbbbbb,000000,aaaaaa,0,C,167,za,151,174,0,1,52.6,3,1,10,Vet,0,,20,20,0,0,0,153,0.92,57,139,2.6,3.2,168,0,3.4,3.5,3.8,4.0,4.4,4.8,4.8,177.0,183.0,202.0,213.0,231.0,253.0,253.0,0,0,,1,,,,0,,-1,BMTR Flat 100 (Miles),TYPE_RIDE,161,2023/02/18,986252325,,,1815308
,201,1,,3,3525386,86,53,Yardi Agresta ,0,1815308,3525386.86,34,431174100053,5400.026,5400.086,0.026,,0.0,0,2873,,TEAM BMTR ,bbbbbb,000000,aaaaaa,0,C,167,za,154,168,0,1,52.6,3,1,10,Vet,0,,20,20,0,0,0,156,0.99,52,153,2.9,3.0,159,0,3.2,3.3,3.5,3.6,4.0,4.4,4.4,168.0,176.0,183.0,191.0,212.0,232.0,232.0,0,0,,1,,,,0,,-1,BMTR Short Adventure,TYPE_RIDE,0,2023/02/17,3994934674,,5400,1815308
,201,1,,1,3522892,206,24,Yardi Agresta ,0,1815308,3522892.206,63,430857200024,2546.297,2546.297,68.164,,0.0,0,2873,,TEAM BMTR ,bbbbbb,000000,aaaaaa,0,A,167,za,172,178,0,1,52.6,3,1,10,Vet,0,,20,20,0,0,0,177,1.02,51,175,3.3,3.3,173,0,3.5,3.8,3.9,4.3,4.6,4.6,4.6,183.0,201.0,207.0,225.0,242.0,242.0,242.0,0,0,,1,,,,0,,-1,WTRL Team Time Trial - Zone 14,TYPE_TEAM_TIME_TRIAL TYPE_RACE ,29,2023/02/16,2207442179,1,,1815308
,201,1,,3,3492531,82,23,Yardi Agresta ,0,1815308,3492531.82,22,426939500025,1420.568,1420.688,70.415,,0.0,0,2873,,TEAM BMTR ,bbbbbb,000000,aaaaaa,0,C,167,za,166,176,0,1,52.6,3,1,10,Vet,0,,20,20,443.55,434.75,5.63,181,1.08,48,179,3.4,3.2,169,0,3.4,3.6,3.8,4.0,4.3,4.9,5.2,178.0,190.0,200.0,211.0,228.0,259.0,273.0,0,0,,1,,,,0,,-1,STAGE 2: RACE SCOTLAND - GLASGOW CRIT CIRCUIT,TYPE_RACE TYPE_RACE ,3,2023/02/16,3765339356,1,,1815308
,201,1,,1,3522791,21,6,Yardi Agresta ,0,1815308,3522791.21,24,430828100006,2576.639,2576.639,3.947,,0.0,0,2873,,TEAM BMTR ,bbbbbb,000000,aaaaaa,0,A,167,za,173,180,0,1,52.6,3,1,10,Vet,0,,20,20,0,0,0,182,1.03,51,178,3.4,3.3,175,0,3.5,3.9,4.0,4.6,4.9,5.0,5.0,185.0,205.0,211.0,241.0,259.0,263.0,265.0,0,0,,1,,,,0,,-1,WTRL Team Time Trial - Zone 7,TYPE_TEAM_TIME_TRIAL TYPE_RACE ,29,2023/02/16,2207442179,1,,1815308
,201,1,,3,3520096,36,5,Yardi Agresta ,0,1815308,3520096.36,39,430509900004,3600.0,3600.06,0,,0.0,0,2873,,TEAM BMTR ,bbbbbb,000000,aaaaaa,0,C,167,za,149,168,0,1,52.6,3,1,10,Vet,0,,20,20,0,0,0,153,0.99,53,147,2.8,3.0,158,0,3.2,3.4,3.5,3.6,4.0,4.2,4.2,167.0,178.0,184.0,191.0,208.0,223.0,223.0,0,0,,1,,,,0,,-1,BMTR Short Adventure,TYPE_RIDE,0,2023/02/15,3811569265,,3600,1815308
,201,1,,3,3520058,8,8,Yardi Agresta ,0,1815308,3520058.8,30,430502100010,5400.012,5400.012,0.012,,0.0,0,2873,,TEAM BMTR ,bbbbbb,000000,aaaaaa,0,C,167,za,148,159,0,1,52.6,3,1,10,Vet,0,,20,20,0,0,0,151,1.01,52,149,2.8,2.8,147,0,2.9,3.0,3.1,3.4,3.7,4.2,4.2,155.0,160.0,165.0,178.0,194.0,223.0,223.0,0,0,,1,,,,0,,-1,3R Endurance Ride,TYPE_RIDE,0,2023/02/15,3302953739,,5400,1815308
,201,1,,4,3517218,39,39,Yardi Agresta ,0,1815308,3517218.39,47,430160700037,3600.021,3600.021,0.021,,0.0,0,2873,,TEAM BMTR ,bbbbbb,000000,aaaaaa,0,D,167,za,147,164,0,1,52.6,3,1,10,Vet,0,,20,20,0,0,0,133,0.88,59,129,2.5,2.4,131,0,2.6,2.9,3.3,3.5,3.5,4.0,4.0,138.0,155.0,175.0,183.0,186.0,209.0,209.0,0,0,,1,,,,0,,-1,Nosco Foundation Social Ride p/b Liv Cycling,TYPE_RIDE,0,2023/02/14,3366225080,,3600,1815308
,201,1,,3,3499569,122,24,Yardi Agresta ,0,1815308,3499569.122,22,428007500024,2141.504,2141.624,89.759,,0.0,0,2873,,TEAM BMTR ,bbbbbb,000000,aaaaaa,0,C,167,za,171,184,0,1,52.6,3,1,10,Vet,0,,20,20,467.60,435.77,1.83,189,1.09,48,186,3.5,3.4,181,0,3.6,3.8,4.2,4.7,5.1,5.3,5.4,191.0,202.0,221.0,245.0,268.0,277.0,283.0,0,0,,1,,,,0,,-1,Zwift Racing League | WTRL - Atlantic Central Open Division 1,TYPE_RACE TYPE_RACE ,14,2023/02/14,46799750,1,,1815308
,201,1,,4,3517171,4,4,Yardi Agresta ,0,1815308,3517171.4,30,430150500033,16.46,3600.022,3.024,,0.0,0,2873,,TEAM BMTR ,bbbbbb,000000,aaaaaa,0,F,167,za,161,173,0,1,52.6,3,1,10,Vet,0,,20,20,0,0,0,163,0.99,52,160,3.0,2.9,155,0,3.1,3.3,3.5,4.0,4.5,5.0,5.0,164.0,174.0,182.0,209.0,235.0,263.0,263.0,0,0,,1,,,,0,,-1,GGCC Glasgow Green Cycle Club Tuesday Training Ride,TYPE_RIDE,0,2023/02/14,3407362320,,3600,1815308
,201,1,,2,3499883,106,27,Yardi Agresta ,0,1815308,3499883.106,37,428071700028,3720.621,3720.741,814.491,,0.0,0,2873,,TEAM BMTR ,bbbbbb,000000,aaaaaa,0,B,167,za,153,173,0,1,52.6,3,1,10,Vet,0,,20,20,0,0,0,167,1.05,50,161,3.1,3.1,165,0,3.3,3.5,3.7,3.8,4.4,4.5,4.5,174.0,186.0,196.0,202.0,229.0,236.0,236.0,0,0,,1,,,,0,,-1,Tour de Zwift 2023 | Stage 6 | Ride,TYPE_RIDE,48,2023/02/12,4142772830,1,,1815308
,201,1,,3,3507477,173,39,Yardi Agresta ,0,1815308,3507477.173,863,428970200039,15481.21,15481.45,1181.616,,0.0,0,2873,,TEAM BMTR ,bbbbbb,000000,aaaaaa,0,C,167,za,147,172,0,1,52.6,3,1,10,Vet,0,,20,20,0,0,0,158,0.97,54,143,2.7,3.2,170,0,3.4,3.5,3.8,4.1,4.5,4.5,4.5,179.0,186.0,199.0,218.0,239.0,239.0,239.0,0,0,,1,,,,0,,-1,BMTR Flat 100 (Miles),TYPE_RIDE,161,2023/02/11,2128890027,,,1815308
,201,1,,3,3504752,44,29,Yardi Agresta ,0,1815308,3504752.44,43,428654300028,5400.019,5400.079,0.019,,0.0,0,2873,,TEAM BMTR ,bbbbbb,000000,aaaaaa,0,C,167,za,151,166,0,1,52.6,3,1,10,Vet,0,,20,20,0,0,0,158,1.02,51,154,2.9,3.0,159,0,3.2,3.5,3.7,3.7,3.9,4.2,4.2,168.0,183.0,196.0,197.0,206.0,222.0,222.0,0,0,,1,,,,0,,-1,BMTR Short Adventure,TYPE_RIDE,0,2023/02/10,2653858696,,5400,1815308
,201,1,,4,3502351,8,8,Yardi Agresta ,0,1815308,3502351.8,62,428377500009,5400.005,5400.005,0.005,,0.0,0,2873,,TEAM BMTR ,bbbbbb,000000,aaaaaa,0,D,167,za,141,169,0,1,52.6,3,1,10,Vet,0,,20,20,0,0,0,145,0.99,52,140,2.7,2.9,155,0,3.1,3.5,3.8,4.0,4.0,4.0,4.0,164.0,182.0,198.0,209.0,211.0,211.0,211.0,0,0,,1,,,,0,,-1,Summit City Zwift League Endurance Ride,TYPE_RIDE,0,2023/02/09,1064303857,,5400,1815308
,201,1,,4,3502149,41,17,Yardi Agresta ,0,1815308,3502149.41,32,3439767163137864716,2255.9,2256.08,-147.389,,0.0,0,2873,,TEAM BMTR ,bbbbbb,000000,aaaaaa,0,L,167,za,172,178,0,1,52.6,3,1,10,Vet,0,,20,20,0,0,0,190,1.09,48,188,3.6,3.5,184,0,3.7,3.9,4.0,4.3,4.4,4.6,4.6,194.0,207.0,213.0,227.0,231.0,242.0,242.0,0,1,,1,,,,0,,-1,WTRL Team Time Trial - Zone 7,TYPE_TEAM_TIME_TRIAL TYPE_RACE ,26,2023/02/09,3282611437,2,,1815308
,201,1,,3,3498647,71,44,Yardi Agresta ,0,1815308,3498647.71,43,427830500043,3600.02,3600.08,0.02,,0.0,0,2873,,TEAM BMTR ,bbbbbb,000000,aaaaaa,0,C,167,za,155,166,0,1,52.6,3,1,10,Vet,0,,20,20,0,0,0,154,0.98,53,152,2.9,2.8,148,0,3.0,3.1,3.2,3.6,3.9,4.2,4.2,156.0,161.0,170.0,188.0,205.0,220.0,220.0,0,0,,1,,,,0,,-1,BMTR Short Adventure,TYPE_RIDE,0,2023/02/08,1064303857,,3600,1815308
,201,1,,5,3500289,175,175,Yardi Agresta ,0,1815308,3500289.175,29,428116800175,1800.027,1800.027,0.027,,0.0,0,2873,,TEAM BMTR ,bbbbbb,000000,aaaaaa,0,E,167,za,156,167,0,1,52.6,3,1,10,Vet,0,,20,20,0,0,0,157,0.99,53,154,2.9,2.8,151,0,3.0,3.4,3.6,3.7,4.3,4.5,4.5,159.0,177.0,187.0,195.0,224.0,238.0,238.0,0,0,,1,,,,0,,-1,Ride Scotland: Route 2: City and the Sgurr with Dame Sarah Storey,TYPE_RIDE,0,2023/02/08,4107749591,,1800,1815308
,201,1,,5,3491070,113,113,Yardi Agresta ,0,1815308,3491070.113,41,426750400113,2700.023,2700.023,0.023,,0.0,0,2873,,TEAM BMTR ,bbbbbb,000000,aaaaaa,0,E,167,za,147,161,0,1,52.6,3,1,10,Vet,0,,20,20,0,0,0,147,0.96,54,141,2.7,2.8,148,0,3.0,3.2,3.3,3.5,4.1,4.2,4.2,156.0,169.0,174.0,185.0,215.0,221.0,221.0,0,0,,1,,,,0,,-1,Ride Scotland: Route 1: Rolling Highlands with BMTR,TYPE_RIDE,0,2023/02/08,46799750,,2700,1815308
,201,1,,5,3491351,143,143,Yardi Agresta ,0,1815308,3491351.143,29,426778500143,1800.017,1800.017,0.017,,0.0,0,2873,,TEAM BMTR ,bbbbbb,000000,aaaaaa,0,E,167,za,162,168,0,1,52.6,3,1,10,Vet,0,,20,20,0,0,0,148,0.9,58,146,2.8,2.6,139,0,2.8,2.9,3.2,3.4,3.8,4.1,4.1,147.0,155.0,167.0,179.0,199.0,214.0,214.0,0,0,,1,,,,0,,-1,Ride Scotland: Route 3: Glasgow Crit Circuit ,TYPE_RIDE,0,2023/02/07,3765339356,,1800,1815308
,201,1,,3,3492475,65,22,Yardi Agresta ,0,1815308,3492475.65,26,426912300023,1260.902,1261.022,68.857,,0.0,0,2873,,TEAM BMTR ,bbbbbb,000000,aaaaaa,0,C,167,za,168,178,0,1,52.6,3,1,10,Vet,0,,20,20,500.70,435.77,0,177,1.03,51,173,3.3,3.1,164,0,3.3,3.5,4.0,4.4,4.5,4.5,4.7,173.0,186.0,209.0,230.0,236.0,239.0,246.0,0,0,,1,,,,0,,-1,STAGE 1: RACE SCOTLAND - ROLLING HIGHLANDS,TYPE_RACE TYPE_RACE ,14,2023/02/07,46799750,1,,1815308
,201,1,,3,3499483,109,9,Yardi Agresta ,0,1815308,3499483.109,30,18153084279738,2198.497,2198.617,46.567,,0.0,0,2873,,TEAM BMTR ,bbbbbb,000000,aaaaaa,0,C,167,za,174,184,0,1,52.6,3,1,10,Vet,0,,20,20,0,0,0,181,1.03,51,179,3.4,3.3,176,0,3.5,3.6,3.8,4.0,4.8,5.2,5.2,186.0,192.0,200.0,213.0,252.0,276.0,276.0,0,0,,1,,,,0,,-1,Zwift Racing League | WTRL - Atlantic Central Open Division 1,TYPE_TEAM_TIME_TRIAL,25,2023/02/07,1776635757,1,,1815308
,201,1,,4,3495340,3,3,Yardi Agresta ,0,1815308,3495340.3,31,3438883663137864716,15.858,3600.025,3.171,,0.0,0,2873,,TEAM BMTR ,bbbbbb,000000,aaaaaa,0,F,167,za,168,183,0,1,52.6,3,1,10,Vet,0,,20,20,0,0,0,166,0.95,55,159,3.0,3.1,164,0,3.3,3.6,4.0,4.3,5.0,5.7,5.7,173.0,189.0,208.0,226.0,265.0,300.0,300.0,0,0,,1,,,,0,,-1,GGCC Glasgow Green Cycle Club Tuesday Training Ride,TYPE_RIDE,0,2023/02/07,3364574135,,3600,1815308
,201,1,,3,3362930,59,25,Yardi Agresta ,0,1815308,3362930.59,44,411414900025,924.882,925.002,24.049,,0.0,0,2873,,TEAM BMTR ,bbbbbb,000000,aaaaaa,0,C,167,za,155,163,0,1,52.6,3,1,10,Vet,0,,20,20,525.97,424.50,0,176,1.13,46,175,3.3,3.0,0,1,,3.4,3.6,3.7,3.8,3.8,3.8,,181.0,188.0,195.0,200.0,200.0,200.0,0,0,,1,,,,0,,-1,STAGE 5b: FLAT IS FAST—Watopia Flat Route,TYPE_RACE TYPE_RACE ,10,2023/02/05,3395698268,1,,1815308
,201,1,,1,3487630,150,150,Yardi Agresta ,0,1815308,3487630.150,84,426210400150,2814.585,2814.585,343.716,,0.0,0,2873,,TEAM BMTR ,bbbbbb,000000,aaaaaa,0,A,167,za,0,0,0,0,52.6,3,1,10,Vet,0,,20,20,0,0,0,170,0.0,0,169,3.2,3.0,161,0,3.2,3.4,3.8,3.9,4.0,4.0,4.0,170.0,181.0,198.0,207.0,209.0,209.0,209.0,0,0,,1,,,,0,,-1,Tour de Zwift 2023 | Stage 8 | Ride,TYPE_RIDE,14,2023/02/05,46799750,1,,1815308
,201,1,,3,3482455,121,40,Yardi Agresta ,0,1815308,3482455.121,860,425582100040,15589.128,15589.368,1176.182,,0.0,0,2873,,TEAM BMTR ,bbbbbb,000000,aaaaaa,0,C,167,za,144,173,0,1,52.6,3,1,10,Vet,0,,20,20,0,0,0,152,0.97,54,139,2.6,3.2,169,0,3.4,3.6,3.8,4.1,4.5,4.5,4.5,178.0,189.0,198.0,216.0,238.0,238.0,238.0,0,0,,1,,,,0,,-1,BMTR Flat 100 (Miles),TYPE_RIDE,161,2023/02/04,3914529041,,,1815308
,201,1,,3,3479609,45,30,Yardi Agresta ,0,1815308,3479609.45,90,425257300028,5400.021,5400.081,0.021,,0.0,0,2873,,TEAM BMTR ,bbbbbb,000000,aaaaaa,0,C,167,za,145,161,0,1,52.6,3,1,10,Vet,0,,20,20,0,0,0,151,1.02,51,148,2.8,2.8,150,0,3.0,3.2,3.4,3.6,3.7,3.9,3.9,158.0,169.0,178.0,191.0,195.0,206.0,206.0,0,0,,1,,,,0,,-1,BMTR Short Adventure,TYPE_RIDE,0,2023/02/03,3366225080,,5400,1815308
,201,1,,3,3479587,5,5,Yardi Agresta ,0,1815308,3479587.5,49,425252400005,3300.002,3300.002,0.002,,0.0,0,2873,,TEAM BMTR ,bbbbbb,000000,aaaaaa,0,C,167,za,150,166,0,1,52.6,3,1,10,Vet,0,,20,20,0,0,0,159,1.04,50,156,3.0,2.9,155,0,3.1,3.2,3.5,4.0,4.3,4.4,4.4,164.0,169.0,185.0,209.0,227.0,234.0,234.0,0,0,,1,,,,0,,-1,DIRT FriYay Ride,TYPE_RIDE,0,2023/02/03,910684583,,3300,1815308
,201,1,,4,3476823,29,29,Yardi Agresta ,0,1815308,3476823.29,27,424886200026,3600.01,3600.01,0.01,,0.0,0,2873,,TEAM BMTR ,bbbbbb,000000,aaaaaa,0,D,167,za,155,168,0,1,52.6,3,1,10,Vet,0,,20,20,0,0,0,149,0.93,56,144,2.7,2.6,138,0,2.8,2.9,3.2,3.9,4.2,4.4,4.4,146.0,154.0,171.0,204.0,223.0,231.0,231.0,0,0,,1,,,,0,,-1,AEO Fun Ride p/b Stolen Goat,TYPE_RIDE,0,2023/02/02,1638640398,,3600,1815308
,201,1,,4,3476807,12,12,Yardi Agresta ,0,1815308,3476807.12,28,3436323963137864716,2649.351,2649.531,100.823,,0.0,0,2873,,TEAM BMTR ,bbbbbb,000000,aaaaaa,0,F,167,za,172,180,0,1,52.6,3,1,10,Vet,0,,20,20,0,0,0,190,1.09,48,187,3.6,3.5,185,0,3.7,3.9,4.0,4.3,4.5,4.7,5.1,195.0,203.0,213.0,226.0,235.0,246.0,267.0,0,1,,1,,,,0,,-1,WTRL Team Time Trial - Zone 7,TYPE_TEAM_TIME_TRIAL TYPE_RACE ,30,2023/02/02,553661379,1,,1815308
,201,1,,3,3476781,7,2,Yardi Agresta ,0,1815308,3476781.7,27,424875600003,3600.002,3600.002,0.002,,0.0,0,2873,,TEAM BMTR ,bbbbbb,000000,aaaaaa,0,C,167,za,150,172,0,1,52.6,3,1,10,Vet,0,,20,20,0,0,0,154,0.99,53,148,2.8,2.8,147,0,2.9,3.3,3.6,4.1,5.0,5.7,5.7,155.0,172.0,192.0,218.0,261.0,302.0,302.0,0,0,,1,,,,0,,-1,CRYO-GEN TEMPO THURSDAY GROUP RIDE (C),TYPE_RIDE,0,2023/02/02,3364574135,,3600,1815308
,201,1,,3,3473409,68,28,Yardi Agresta ,0,1815308,3473409.68,29,424473300027,3600.009,3600.069,0.009,,0.0,0,2873,,TEAM BMTR ,bbbbbb,000000,aaaaaa,0,C,167,za,151,162,0,1,52.6,3,1,10,Vet,0,,20,20,0,0,0,157,1.03,50,156,3.0,2.8,150,0,3.0,3.2,3.5,3.6,3.9,4.4,4.4,158.0,168.0,183.0,190.0,206.0,230.0,230.0,0,0,,1,,,,0,,-1,BMTR Short Adventure,TYPE_RIDE,0,2023/02/01,3302953739,,3600,1815308
,201,1,,3,3466812,229,75,Yardi Agresta ,0,1815308,3466812.229,192,423737100075,2780.542,2780.662,253.288,,0.0,0,2873,,TEAM BMTR ,bbbbbb,000000,aaaaaa,0,C,167,za,163,170,0,1,52.6,3,1,10,Vet,0,,20,20,538.86,425.05,0,168,1.04,50,169,3.2,3.1,163,0,3.3,3.6,3.9,4.0,4.0,4.0,4.0,172.0,190.0,206.0,210.0,210.0,210.0,210.0,0,0,,1,,,,0,,-1,Zwift Racing League | WTRL - EMEAE North Open Division 1,TYPE_RACE TYPE_RACE ,30,2023/01/31,3407362320,2,,1815308
,201,1,,3,3466799,130,29,Yardi Agresta ,0,1815308,3466799.130,43,423731200029,2821.479,2821.599,92.194,,0.0,0,2873,,TEAM BMTR ,bbbbbb,000000,aaaaaa,0,C,167,za,166,179,0,1,52.6,3,1,10,Vet,0,,20,20,545.48,424.41,0,171,1.01,51,168,3.2,3.1,163,0,3.3,3.5,3.7,4.1,4.6,5.0,5.2,172.0,183.0,197.0,216.0,242.0,262.0,276.0,0,0,,1,,,,0,,-1,Zwift Racing League | WTRL - Atlantic Central Open Division 1,TYPE_RACE TYPE_RACE ,30,2023/01/31,3407362320,2,,1815308
,201,1,,4,3469678,6,6,Yardi Agresta ,0,1815308,3469678.6,52,424055100023,16.8,3600.02,2.217,,0.0,0,2873,,TEAM BMTR ,bbbbbb,000000,aaaaaa,0,F,167,za,164,177,0,1,52.6,3,1,10,Vet,0,,20,20,0,0,0,167,0.99,52,163,3.1,3.1,166,0,3.3,3.5,3.8,4.3,4.7,5.0,5.0,175.0,186.0,202.0,226.0,249.0,262.0,262.0,0,0,,1,,,,0,,-1,GGCC Glasgow Green Cycle Club Tuesday Training Ride,TYPE_RIDE,0,2023/01/31,1776635757,,3600,1815308
,201,1,,3,3465933,37,37,Yardi Agresta ,0,1815308,3465933.37,40,423611100036,3600.031,3600.031,0.031,,0.0,0,2873,,TEAM BMTR ,bbbbbb,000000,aaaaaa,0,C,167,za,153,165,0,1,52.6,3,1,10,Vet,0,,20,20,0,0,0,157,1.0,52,153,2.9,2.9,156,0,3.1,3.3,3.5,3.7,4.3,4.8,4.8,165.0,174.0,182.0,196.0,228.0,255.0,255.0,0,0,,1,,,,0,,-1,BMTR Short Adventure,TYPE_RIDE,0,2023/01/30,3407362320,,3600,1815308
,201,1,,1,3354704,133,133,Yardi Agresta ,0,1815308,3354704.133,29,409998700133,3666.972,3666.972,657.504,,0.0,0,2873,,TEAM BMTR ,bbbbbb,000000,aaaaaa,0,A,167,za,156,163,0,1,52.6,3,1,10,Vet,0,,20,20,0,0,0,161,1.03,51,160,3.0,3.0,157,0,3.2,3.4,3.6,3.6,3.9,4.1,4.1,166.0,181.0,187.0,192.0,204.0,214.0,214.0,0,0,,1,,,,0,,-1,Tour de Zwift 2023 | Stage 7 | Ride,TYPE_RIDE,35,2023/01/30,2866480562,1,,1815308
,201,1,,3,3359640,921,175,Yardi Agresta ,0,1815308,3359640.921,64,410789900175,2511.023,2511.263,263.204,,0.0,0,2873,,TEAM BMTR ,bbbbbb,000000,aaaaaa,0,C,167,za,150,159,0,1,52.6,3,1,10,Vet,0,,20,20,0,0,0,154,1.02,51,153,2.9,2.7,146,0,2.9,3.1,3.2,3.3,3.3,3.3,3.3,154.0,161.0,170.0,174.0,175.0,175.0,175.0,0,0,,1,,,,0,,-1,Tour de Zwift 2023 | Stage 6 | Ride,TYPE_RIDE,48,2023/01/29,4142772830,1,,1815308
,201,1,,1,3359592,190,190,Yardi Agresta ,0,1815308,3359592.190,269,410770500191,6109.678,6109.678,1604.245,,0.0,0,2873,,TEAM BMTR ,bbbbbb,000000,aaaaaa,0,A,167,za,150,165,0,1,52.6,3,1,10,Vet,0,,20,20,0,0,0,161,1.01,51,152,2.9,3.0,161,0,3.2,3.5,3.7,3.9,4.0,4.0,4.0,170.0,182.0,193.0,204.0,209.0,209.0,209.0,0,0,,1,,,,0,,-1,Tour de Zwift 2023 | Stage 6 | Ride,TYPE_RIDE,48,2023/01/29,4142772830,1,,1815308
,201,1,,3,3458489,113,32,Yardi Agresta ,0,1815308,3458489.113,888,422723200032,15907.036,15907.276,1645.576,,0.0,0,2873,,TEAM BMTR ,bbbbbb,000000,aaaaaa,0,C,167,za,148,170,0,1,52.6,3,1,10,Vet,0,,20,20,0,0,0,148,0.92,57,136,2.6,3.0,161,0,3.2,3.5,3.6,3.7,3.7,3.7,3.7,170.0,182.0,191.0,196.0,196.0,196.0,196.0,0,0,,1,,,,0,,-1,BMTR Flat 100 (Miles),TYPE_RIDE,161,2023/01/28,928793662,,,1815308
,201,1,,3,3455311,33,18,Yardi Agresta ,0,1815308,3455311.33,48,422361900018,5400.013,5400.073,0.013,,0.0,0,2873,,TEAM BMTR ,bbbbbb,000000,aaaaaa,0,C,167,za,152,169,0,1,52.6,3,1,10,Vet,0,,20,20,0,0,0,154,0.99,52,151,2.9,2.8,149,0,3.0,3.2,3.6,4.3,5.5,6.3,6.3,157.0,166.0,189.0,227.0,287.0,331.0,331.0,0,0,,1,,,,0,,-1,BMTR Short Adventure,TYPE_RIDE,0,2023/01/27,3407362320,,5400,1815308
,201,1,,3,3455288,37,37,Yardi Agresta ,0,1815308,3455288.37,38,422356900038,3000.024,3000.024,0.024,,0.0,0,2873,,TEAM BMTR ,bbbbbb,000000,aaaaaa,0,C,167,za,160,171,0,1,52.6,3,1,10,Vet,0,,20,20,0,0,0,157,0.96,54,154,2.9,2.8,150,0,3.0,3.2,3.4,3.8,4.2,5.0,5.0,158.0,167.0,178.0,199.0,223.0,262.0,262.0,0,0,,1,,,,0,,-1,DIRT FriYay Ride,TYPE_RIDE,0,2023/01/27,2128890027,,3000,1815308
,201,1,,3,3359634,627,188,Yardi Agresta ,0,1815308,3359634.627,34,410787500188,2501.263,2501.503,251.227,,0.0,0,2873,,TEAM BMTR ,bbbbbb,000000,aaaaaa,0,C,167,za,156,163,0,1,52.6,3,1,10,Vet,0,,20,20,0,0,0,163,1.04,50,162,3.1,3.0,158,0,3.2,3.4,3.6,3.7,4.3,4.8,4.8,167.0,177.0,187.0,193.0,224.0,254.0,254.0,0,0,,1,,,,0,,-1,Tour de Zwift 2023 | Stage 6 | Ride,TYPE_RIDE,48,2023/01/27,4142772830,1,,1815308
,201,1,,4,3452302,77,77,Yardi Agresta ,0,1815308,3452302.77,27,421985900077,3600.023,3600.023,0.023,,0.0,0,2873,,TEAM BMTR ,bbbbbb,000000,aaaaaa,0,D,167,za,158,167,0,1,52.6,3,1,10,Vet,0,,20,20,0,0,0,136,0.85,62,134,2.6,2.4,129,0,2.6,2.7,3.0,3.2,4.0,4.6,4.6,136.0,144.0,156.0,170.0,210.0,241.0,241.0,0,0,,1,,,,0,,-1,AEO Fun Ride p/b Stolen Goat,TYPE_RIDE,0,2023/01/26,986252325,,3600,1815308
,201,1,,1,3452288,48,3,Yardi Agresta ,0,1815308,3452288.48,41,3433424763137864716,3158.621,3158.621,10.878,,0.0,0,2873,,TEAM BMTR ,bbbbbb,000000,aaaaaa,0,L,167,za,168,180,0,1,52.6,3,1,10,Vet,0,,20,20,0,0,0,181,1.04,50,175,3.3,3.3,173,0,3.5,3.6,3.7,4.5,5.5,5.8,5.9,183.0,190.0,197.0,235.0,289.0,306.0,308.0,0,1,,1,,,,0,,-1,WTRL Team Time Trial - Zone 7,TYPE_TEAM_TIME_TRIAL TYPE_RACE ,32,2023/01/26,2196019512,2,,1815308
,201,1,,3,3448971,90,61,Yardi Agresta ,0,1815308,3448971.90,30,421570100063,3600.023,3600.083,0.023,,0.0,0,2873,,TEAM BMTR ,bbbbbb,000000,aaaaaa,0,C,167,za,153,168,0,1,52.6,3,1,10,Vet,0,,20,20,0,0,0,153,0.97,54,149,2.8,2.8,151,0,3.0,3.4,3.6,3.8,4.3,4.3,4.3,159.0,181.0,189.0,199.0,225.0,227.0,227.0,0,0,,1,,,,0,,-1,BMTR Short Adventure,TYPE_RIDE,0,2023/01/25,986252325,,3600,1815308
,201,1,,1,3359480,100,100,Yardi Agresta ,0,1815308,3359480.100,27,410752100100,3659.716,3659.716,845.216,,0.0,0,2873,,TEAM BMTR ,bbbbbb,000000,aaaaaa,0,A,167,za,162,170,0,1,52.6,3,1,10,Vet,0,,20,20,0,0,0,169,1.02,51,165,3.1,3.2,171,0,3.4,3.7,4.0,4.3,4.7,4.7,4.7,181.0,195.0,211.0,225.0,245.0,245.0,245.0,0,0,,1,,,,0,,-1,Tour de Zwift 2023 | Stage 5 | Ride,TYPE_RIDE,34,2023/01/25,1327665278,1,,1815308
,201,1,,3,3362711,64,26,Yardi Agresta ,0,1815308,3362711.64,25,411305000027,1611.125,1611.245,151.832,,0.0,0,2873,,TEAM BMTR ,bbbbbb,000000,aaaaaa,0,C,167,za,156,167,0,1,52.6,3,1,10,Vet,0,,20,20,0,424.50,0,157,1.0,52,156,3.0,2.8,148,0,3.0,3.2,3.5,3.6,3.9,4.7,5.2,156.0,166.0,184.0,190.0,205.0,246.0,273.0,0,0,,1,,,,0,,-1,STAGE 4: FLAT IS FAST—  London Classique,TYPE_RACE TYPE_RACE ,17,2023/01/24,2694166390,2,,1815308
,201,1,,3,3449378,131,21,Yardi Agresta ,0,1815308,3449378.131,33,421640400021,2669.451,2669.571,162.815,,0.0,0,2873,,TEAM BMTR ,bbbbbb,000000,aaaaaa,0,C,167,za,165,175,0,1,52.6,3,1,10,Vet,0,,20,20,475.34,424.41,0,179,1.05,49,174,3.3,3.2,171,0,3.4,3.8,4.3,5.0,5.5,5.7,5.7,181.0,202.0,226.0,265.0,291.0,301.0,301.0,0,0,,1,,,,0,,-1,Zwift Racing League | WTRL - Atlantic Central Open Division 1,TYPE_RACE TYPE_RACE ,36,2023/01/24,2592027600,4,,1815308
,201,1,,4,3445547,4,4,Yardi Agresta ,0,1815308,3445547.4,32,421180900019,22.424,3600.01,1.308,,0.0,0,2873,,TEAM BMTR ,bbbbbb,000000,aaaaaa,0,F,167,za,159,169,0,1,52.6,3,1,10,Vet,0,,20,20,0,0,0,166,1.03,51,164,3.1,3.0,161,0,3.2,3.4,3.5,3.7,4.2,4.7,4.7,170.0,179.0,186.0,196.0,221.0,246.0,246.0,0,0,,1,,,,0,,-1,GGCC Glasgow Green Cycle Club Tuesday Training Ride,TYPE_RIDE,0,2023/01/24,910684583,,3600,1815308
,201,1,,3,3441976,35,35,Yardi Agresta ,0,1815308,3441976.35,34,420792900035,3600.029,3600.029,0.028,,0.0,0,2873,,TEAM BMTR ,bbbbbb,000000,aaaaaa,0,C,167,za,161,178,0,1,52.6,3,1,10,Vet,0,,20,20,0,0,0,165,0.96,54,155,3.0,3.0,161,0,3.2,3.8,4.2,4.4,5.6,6.1,6.1,170.0,202.0,219.0,233.0,293.0,322.0,322.0,0,0,,1,,,,0,,-1,BMTR Short Adventure,TYPE_RIDE,0,2023/01/23,1880443431,,3600,1815308
,201,1,,2,3359465,383,87,Yardi Agresta ,0,1815308,3359465.383,27,410746500087,2308.979,2309.099,341.467,,0.0,0,2873,,TEAM BMTR ,bbbbbb,000000,aaaaaa,0,B,167,za,167,175,0,1,52.6,3,1,10,Vet,0,,20,20,0,0,0,179,1.05,49,176,3.3,3.2,172,0,3.5,3.6,3.8,4.1,4.5,4.7,4.7,182.0,191.0,202.0,218.0,239.0,247.0,247.0,0,0,,1,,,,0,,-1,Tour de Zwift 2023 | Stage 5 | Ride,TYPE_RIDE,34,2023/01/23,1327665278,1,,1815308
,201,1,,3,3431698,51,26,Yardi Agresta ,0,1815308,3431698.51,74,419622000026,959.861,959.981,20.494,,0.0,0,2873,,TEAM BMTR ,bbbbbb,000000,aaaaaa,0,C,167,za,161,169,0,1,52.6,3,1,10,Vet,0,,20,20,589.62,424.50,0,172,1.06,49,170,3.2,2.9,0,1,,3.3,3.5,3.7,3.7,3.7,3.7,,174.0,186.0,196.0,196.0,196.0,196.0,0,0,,1,,,,0,,-1,KIRCHMAIR Race Series,TYPE_RACE TYPE_RACE ,10,2023/01/20,3811569265,1,,1815308
,201,1,,3,3431684,48,14,Yardi Agresta ,0,1815308,3431684.48,61,419618900015,740.367,740.487,24.328,,0.0,0,2873,,TEAM BMTR ,bbbbbb,000000,aaaaaa,0,C,167,za,162,169,0,1,52.6,3,1,10,Vet,0,,20,20,544.46,425.05,0,172,1.06,49,171,3.3,2.8,0,1,,3.3,3.5,3.6,3.7,3.7,3.7,,175.0,183.0,190.0,193.0,193.0,193.0,0,0,,1,,,,0,,-1,KIRCHMAIR Race Series,TYPE_RACE TYPE_RACE ,8,2023/01/20,2980619755,1,,1815308
,201,1,,2,3359281,996,434,Yardi Agresta ,0,1815308,3359281.996,90,410688800435,2703.091,2703.211,547.366,,0.0,0,2873,,TEAM BMTR ,bbbbbb,000000,aaaaaa,0,B,167,za,165,171,0,1,52.6,3,1,10,Vet,0,,20,20,0,0,0,164,0.98,53,162,3.1,3.0,160,0,3.2,3.3,3.4,3.5,3.6,3.6,3.6,169.0,175.0,179.0,185.0,190.0,190.0,190.0,0,0,,1,,,,0,,-1,Tour de Zwift 2023 | Stage 4 | Ride,TYPE_RIDE,46,2023/01/20,3707791029,1,,1815308
,201,1,,1,3428539,11,5,Yardi Agresta ,0,1815308,3428539.11,32,3430681763137864716,3413.282,3413.282,9.706,,0.0,0,2873,,TEAM BMTR ,bbbbbb,000000,aaaaaa,0,L,167,za,173,178,0,1,52.6,3,1,10,Vet,0,,20,20,0,0,0,170,0.96,54,166,3.2,3.2,171,0,3.4,3.6,3.8,4.2,4.6,4.7,4.7,180.0,189.0,200.0,219.0,241.0,249.0,249.0,0,1,,1,,,,0,,-1,WTRL Team Time Trial - Zone 7,TYPE_TEAM_TIME_TRIAL TYPE_RACE ,37,2023/01/19,1397026382,3,,1815308
,201,1,,3,3425169,62,27,Yardi Agresta ,0,1815308,3425169.62,46,418811800027,3600.014,3600.074,0.014,,0.0,0,2873,,TEAM BMTR ,bbbbbb,000000,aaaaaa,0,C,167,za,152,174,0,1,52.6,3,1,10,Vet,0,,20,20,0,0,0,156,1.01,52,153,2.9,2.8,152,0,3.0,3.4,3.8,4.0,4.9,5.7,5.7,160.0,179.0,201.0,212.0,259.0,299.0,299.0,0,0,,1,,,,0,,-1,BMTR Short Adventure,TYPE_RIDE,0,2023/01/18,3453194200,,3600,1815308
,201,1,,3,3435601,177,17,Yardi Agresta ,0,1815308,3435601.177,170,420085000017,2560.038,2560.158,6.416,,0.0,0,2873,,TEAM BMTR ,bbbbbb,000000,aaaaaa,0,C,167,za,171,176,0,1,52.6,3,1,10,Vet,0,,20,20,0,0,0,183,1.07,49,183,3.5,3.4,179,0,3.6,3.7,3.8,3.9,3.9,3.9,3.9,189.0,194.0,201.0,203.0,203.0,203.0,203.0,0,0,,1,,,,0,,-1,Zwift Racing League | WTRL - EMEAE North Open Division 1,TYPE_TEAM_TIME_TRIAL,29,2023/01/17,2207442179,1,,1815308
,201,1,,3,3435582,114,10,Yardi Agresta ,0,1815308,3435582.114,48,3431521563137864716,2633.41,2633.53,55.779,,0.0,0,2873,,TEAM BMTR ,bbbbbb,000000,aaaaaa,0,C,167,za,165,177,0,1,52.6,3,1,10,Vet,0,,20,20,0,0,0,182,1.08,48,179,3.4,3.3,175,0,3.5,3.7,4.0,4.3,4.4,4.6,4.7,185.0,197.0,210.0,225.0,232.0,242.0,246.0,0,0,,1,,,,0,,-1,Zwift Racing League | WTRL - Atlantic Central Open Division 1,TYPE_TEAM_TIME_TRIAL,29,2023/01/17,2207442179,1,,1815308
,201,1,,4,3421707,1,1,Yardi Agresta ,0,1815308,3421707.1,69,418400000017,13.097,3600.011,0,,0.0,0,2873,,TEAM BMTR ,bbbbbb,000000,aaaaaa,0,F,167,za,151,166,0,1,52.6,3,1,10,Vet,0,,20,20,0,0,0,158,1.04,50,157,3.0,2.8,150,0,3.0,3.2,3.5,3.8,4.2,4.2,4.2,158.0,171.0,183.0,201.0,219.0,219.0,219.0,0,0,,1,,,,0,,-1,GGCC Glasgow Green Cycle Club Tuesday Training Ride,TYPE_RIDE,0,2023/01/17,2128890027,,3600,1815308
,201,1,,3,3362617,117,51,Yardi Agresta ,0,1815308,3362617.117,40,411258200054,2337.767,2337.887,130.618,,0.0,0,2873,,TEAM BMTR ,bbbbbb,000000,aaaaaa,0,C,167,za,155,167,0,1,52.6,3,1,10,Vet,0,,20,20,559.16,424.50,0,161,1.03,51,159,3.0,2.8,151,0,3.0,3.2,3.6,3.6,4.0,4.2,4.2,159.0,168.0,187.0,192.0,210.0,221.0,221.0,0,0,,1,,,,0,,-1,STAGE 3: FLAT IS FAST—Volcano Flat Reverse,TYPE_RACE TYPE_RACE ,25,2023/01/16,1397026382,2,,1815308
,201,1,,3,3359161,751,25,Yardi Agresta ,0,1815308,3359161.751,31,410658000025,1496.531,1496.771,81.287,,0.0,0,2873,,TEAM BMTR ,bbbbbb,000000,aaaaaa,0,C,167,za,156,166,0,1,52.6,3,1,10,Vet,0,,20,20,0,0,0,170,1.08,48,169,3.2,3.0,159,0,3.2,3.4,3.6,3.8,4.3,4.6,4.6,168.0,179.0,191.0,201.0,225.0,242.0,242.0,0,0,,1,,,,0,,-1,Tour de Zwift 2023 | Stage 3 | Ride,TYPE_RIDE,23,2023/01/16,1433431343,1,,1815308
,201,1,,3,3418041,34,34,Yardi Agresta ,0,1815308,3418041.34,37,417997400034,3600.018,3600.018,0.018,,0.0,0,2873,,TEAM BMTR ,bbbbbb,000000,aaaaaa,0,C,167,za,159,168,0,1,52.6,3,1,10,Vet,0,,20,20,0,0,0,172,1.08,48,171,3.3,3.1,165,0,3.3,3.5,3.7,3.8,4.1,4.6,4.6,174.0,184.0,195.0,198.0,215.0,240.0,240.0,0,0,,1,,,,0,,-1,BMTR Short Adventure,TYPE_RIDE,0,2023/01/16,3866241330,,3600,1815308
,201,1,,3,3410507,180,103,Yardi Agresta ,0,1815308,3410507.180,837,417160300103,15873.918,15874.158,15815.566,,0.0,0,2873,,TEAM BMTR ,bbbbbb,000000,aaaaaa,0,C,167,za,148,168,0,1,52.6,3,1,10,Vet,0,,20,20,0,0,0,151,0.93,56,138,2.6,3.3,173,0,3.5,3.7,3.8,3.9,3.9,3.9,3.9,183.0,197.0,200.0,204.0,204.0,204.0,204.0,0,0,,1,,,,0,,-1,BMTR Flat 100 (Miles),TYPE_RIDE,161,2023/01/14,3407362320,,,1815308
,201,1,,4,3385048,15,15,Yardi Agresta ,0,1815308,3385048.15,48,414206200013,3600.012,3600.012,0.012,,0.0,0,2873,,TEAM BMTR ,bbbbbb,000000,aaaaaa,0,D,167,za,147,162,0,1,52.6,3,1,10,Vet,0,,20,20,0,0,0,139,0.93,56,136,2.6,2.5,134,0,2.7,2.8,3.1,3.6,4.5,5.0,5.0,142.0,148.0,162.0,187.0,238.0,264.0,264.0,0,0,,1,,,,0,,-1,Bicycle Way of Life Fri-yay Ride,TYPE_RIDE,0,2023/01/13,1457923570,,3600,1815308
,201,1,,3,3407042,65,42,Yardi Agresta ,0,1815308,3407042.65,54,416761800042,5400.025,5400.085,0.025,,0.0,0,2873,,TEAM BMTR ,bbbbbb,000000,aaaaaa,0,C,167,za,154,161,0,1,52.6,3,1,10,Vet,0,,20,20,0,0,0,148,0.95,55,147,2.8,2.7,143,0,2.9,2.9,3.0,3.2,3.4,3.6,3.6,151.0,154.0,158.0,167.0,181.0,192.0,192.0,0,0,,1,,,,0,,-1,BMTR Short Adventure,TYPE_RIDE,0,2023/01/13,2128890027,,5400,1815308
,201,1,,2,3359040,434,149,Yardi Agresta ,0,1815308,3359040.434,71,410610700149,3197.635,3197.755,443.651,,0.0,0,2873,,TEAM BMTR ,bbbbbb,000000,aaaaaa,0,B,167,za,164,177,0,1,52.6,3,1,10,Vet,0,,20,20,0,0,0,171,1.02,51,167,3.2,3.3,173,0,3.5,3.7,4.2,4.4,4.7,4.9,4.9,183.0,196.0,220.0,229.0,245.0,258.0,258.0,0,0,,1,,,,0,,-1,Tour de Zwift 2023 | Stage 2 | Ride,TYPE_RIDE,49,2023/01/13,1039983620,3,,1815308
,201,1,,3,3358709,441,34,Yardi Agresta ,0,1815308,3358709.441,28,410524600034,1485.614,1485.854,213.318,,0.0,0,2873,,TEAM BMTR ,bbbbbb,000000,aaaaaa,0,C,167,za,161,170,0,1,52.6,3,1,10,Vet,0,,20,20,0,0,0,171,1.04,50,167,3.2,3.0,161,0,3.2,3.4,3.7,4.0,4.4,4.5,4.5,170.0,178.0,193.0,211.0,230.0,239.0,239.0,0,0,,1,,,,0,,-1,Tour de Zwift 2023 | Stage 1 | Ride,TYPE_RIDE,0,2023/01/12,2905381067,,,1815308
,201,1,,3,3362504,72,16,Yardi Agresta ,0,1815308,3362504.72,29,411201700017,1759.057,1759.177,6.01,,0.0,0,2873,,TEAM BMTR ,bbbbbb,000000,aaaaaa,0,C,167,za,163,174,0,1,52.6,3,1,10,Vet,0,,20,20,440.58,435.71,11.21,168,1.02,51,167,3.2,3.0,157,0,3.2,3.4,3.7,3.9,4.0,4.1,4.5,166.0,181.0,193.0,203.0,212.0,216.0,239.0,0,0,,1,,,,0,,-1,STAGE 2: FLAT IS FAST—The Fan Flats,TYPE_RACE TYPE_RACE ,19,2023/01/12,1638640398,3,,1815308
,201,1,,1,3403784,13,8,Yardi Agresta ,0,1815308,3403784.13,32,416372600008,2502.154,2502.154,19.206,,0.0,0,2873,,TEAM BMTR ,bbbbbb,000000,aaaaaa,0,A,167,za,164,183,0,1,52.6,3,1,10,Vet,0,,20,20,0,0,0,175,1.01,51,166,3.2,3.2,172,0,3.5,3.7,3.9,4.4,4.6,4.8,4.9,182.0,194.0,206.0,229.0,242.0,255.0,257.0,0,0,,1,,,,0,,-1,WTRL Team Time Trial - Zone 7,TYPE_TEAM_TIME_TRIAL TYPE_RACE ,24,2023/01/12,87055383,1,,1815308
,201,1,,3,3400254,33,2,Yardi Agresta ,0,1815308,3400254.33,31,415940300004,3600.0,3600.06,0,,0.0,0,2873,,TEAM BMTR ,bbbbbb,000000,aaaaaa,0,C,167,za,160,173,0,1,52.6,3,1,10,Vet,0,,20,20,0,0,0,164,1.01,52,161,3.1,3.1,164,0,3.3,3.5,3.8,4.3,4.8,5.0,5.0,173.0,184.0,199.0,226.0,251.0,261.0,261.0,0,0,,1,,,,0,,-1,BMTR Short Adventure,TYPE_RIDE,0,2023/01/11,3366225080,,3600,1815308
,201,1,,3,3362544,70,29,Yardi Agresta ,0,1815308,3362544.70,29,411221700031,1851.347,1851.467,70.17,,0.0,0,2873,,TEAM BMTR ,bbbbbb,000000,aaaaaa,0,C,167,za,166,175,0,1,52.6,3,1,10,Vet,0,,20,20,0,435.71,0,168,1.01,51,168,3.2,3.0,160,0,3.2,3.3,3.5,3.8,4.2,4.6,4.8,169.0,175.0,186.0,199.0,223.0,241.0,251.0,0,0,,1,,,,0,,-1,STAGE 2: FLAT IS FAST—The Fan Flats,TYPE_RACE TYPE_RACE ,19,2023/01/10,1638640398,3,,1815308
,201,1,,3,3400702,118,13,Yardi Agresta ,0,1815308,3400702.118,39,416015700013,2804.447,2804.567,202.895,,0.0,0,2873,,TEAM BMTR ,bbbbbb,000000,aaaaaa,0,C,167,za,171,177,0,1,52.6,3,1,10,Vet,0,,20,20,394.04,458.44,22.94,179,1.04,50,177,3.4,3.3,177,0,3.6,3.7,3.7,4.0,4.2,4.3,4.4,187.0,193.0,197.0,213.0,223.0,228.0,233.0,0,0,,1,,,,0,,-1,Zwift Racing League | WTRL - Atlantic Central Open Division 1,TYPE_RACE TYPE_RACE ,23,2023/01/10,3691918883,,,1815308
,201,1,,4,3396561,2,2,Yardi Agresta ,0,1815308,3396561.2,50,415522100016,17.197,3600.021,0.959,,0.0,0,2873,,TEAM BMTR ,bbbbbb,000000,aaaaaa,0,F,167,za,170,179,0,1,52.6,3,1,10,Vet,0,,20,20,0,0,0,168,0.97,54,165,3.1,3.1,166,0,3.3,3.5,3.7,4.0,4.4,4.5,4.5,175.0,185.0,196.0,210.0,229.0,237.0,237.0,0,0,,1,,,,0,,-1,GGCC Glasgow Green Cycle Club Tuesday Training Ride,TYPE_RIDE,0,2023/01/10,1776635757,,3600,1815308
,201,1,,3,3392956,73,73,Yardi Agresta ,0,1815308,3392956.73,66,415124500074,3600.032,3600.032,0.032,,0.0,0,2873,,TEAM BMTR ,bbbbbb,000000,aaaaaa,0,C,167,za,170,180,0,1,52.6,3,1,10,Vet,0,,20,20,0,0,0,174,1.01,52,172,3.3,3.3,177,0,3.6,3.8,4.0,4.1,4.5,4.8,4.8,187.0,198.0,208.0,217.0,236.0,253.0,253.0,0,0,,1,,,,0,,-1,BMTR Short Adventure,TYPE_RIDE,0,2023/01/09,986252325,,3600,1815308
,201,1,,4,3389591,168,168,Yardi Agresta ,0,1815308,3389591.168,53,414758400168,3600.028,3600.028,0.028,,0.0,0,2873,,TEAM BMTR ,bbbbbb,000000,aaaaaa,0,D,167,za,154,166,0,1,52.6,3,1,10,Vet,0,,20,20,0,0,0,157,1.01,51,156,3.0,2.8,149,0,3.0,3.2,3.3,3.5,3.8,3.9,3.9,157.0,166.0,173.0,184.0,202.0,204.0,204.0,0,0,,1,,,,0,,-1, BMTR Short Adventure,TYPE_RIDE,0,2023/01/08,1064303857,,3600,1815308
,201,1,,3,3401379,159,63,Yardi Agresta ,0,1815308,3401379.159,904,416107700063,15792.117,15792.357,15751.421,,0.0,0,2873,,TEAM BMTR ,bbbbbb,000000,aaaaaa,0,C,167,za,152,172,0,1,52.6,3,1,10,Vet,0,,20,20,0,0,0,153,0.93,56,141,2.7,3.0,157,0,3.2,3.3,3.5,4.0,4.5,4.9,4.9,166.0,173.0,184.0,208.0,237.0,257.0,257.0,0,0,,1,,,,0,,-1,BMTR Flat 100 Miles,TYPE_RIDE,161,2023/01/07,1064303857,,,1815308
,201,1,,3,3385034,57,5,Yardi Agresta ,0,1815308,3385034.57,27,414204000005,5400.0,5400.06,0,,0.0,0,2873,,TEAM BMTR ,bbbbbb,000000,aaaaaa,0,C,167,za,153,164,0,1,52.6,3,1,10,Vet,0,,20,20,0,0,0,152,0.98,53,150,2.9,2.8,149,0,3.0,3.0,3.3,3.8,4.4,4.7,4.7,157.0,160.0,176.0,201.0,229.0,247.0,247.0,0,0,,1,,,,0,,-1,BMTR Short Adventure,TYPE_RIDE,0,2023/01/06,1064303857,,5400,1815308
,201,1,,1,3382261,23,5,Yardi Agresta ,0,1815308,3382261.23,30,3425252963137864716,2705.772,2705.772,24.16,,0.0,0,2873,,TEAM BMTR ,bbbbbb,000000,aaaaaa,0,L,167,za,171,178,0,1,52.6,3,1,10,Vet,0,,20,20,0,0,0,179,1.03,51,176,3.3,3.3,178,0,3.6,3.8,3.9,4.4,4.8,5.1,5.3,188.0,198.0,205.0,233.0,253.0,268.0,277.0,0,1,,1,,,,0,,-1,WTRL Team Time Trial - Zone 7,TYPE_TEAM_TIME_TRIAL TYPE_RACE ,29,2023/01/05,3312037616,4,,1815308
,201,1,,3,3379572,76,30,Yardi Agresta ,0,1815308,3379572.76,28,413430200030,3600.006,3600.066,0.006,,0.0,0,2873,,TEAM BMTR ,bbbbbb,000000,aaaaaa,0,C,167,za,152,171,0,1,52.6,3,1,10,Vet,0,,20,20,0,0,0,145,0.93,56,141,2.7,2.6,139,0,2.8,3.0,3.2,3.7,4.2,4.7,4.7,147.0,157.0,167.0,197.0,222.0,247.0,247.0,0,0,,1,,,,0,,-1,BMTR Short Adventure,TYPE_RIDE,0,2023/01/04,928793662,,3600,1815308
,201,1,,3,3379534,38,38,Yardi Agresta ,0,1815308,3379534.38,35,413422600042,4794.337,4794.337,19.064,,0.0,0,2873,,TEAM BMTR ,bbbbbb,000000,aaaaaa,0,C,167,za,159,175,0,1,52.6,3,1,10,Vet,0,,20,20,0,0,0,154,0.96,55,152,2.9,2.9,154,0,3.1,3.3,3.5,3.7,4.5,4.9,4.9,163.0,173.0,183.0,197.0,238.0,260.0,260.0,0,0,,1,,,,0,,-1,3R Endurance Ride,TYPE_RIDE,54,2023/01/04,2128890027,3,,1815308
,201,1,,3,3363017,123,46,Yardi Agresta ,0,1815308,3363017.123,24,411456400053,1668.317,1668.437,40.843,,0.0,0,2873,,TEAM BMTR ,bbbbbb,000000,aaaaaa,0,C,167,za,161,169,0,1,52.6,3,1,10,Vet,0,,20,20,515.30,453.06,0,176,1.09,48,175,3.3,3.2,168,0,3.4,3.6,3.7,3.9,4.2,4.4,4.5,177.0,190.0,195.0,206.0,219.0,230.0,235.0,0,0,,1,,,,0,,-1,STAGE 1: FLAT IS FAST—Tick Tock,TYPE_RACE TYPE_RACE ,19,2023/01/03,3366225080,1,,1815308
,201,1,,4,3376730,4,4,Yardi Agresta ,0,1815308,3376730.4,42,413094700073,31.223,3600.022,5.437,,0.0,0,2873,,TEAM BMTR ,bbbbbb,000000,aaaaaa,0,F,167,za,166,176,0,1,52.6,3,1,10,Vet,0,,20,20,0,0,0,164,0.97,54,161,3.1,3.1,163,0,3.3,3.6,4.0,4.0,4.2,4.4,4.4,172.0,191.0,208.0,212.0,223.0,231.0,231.0,0,0,,1,,,,0,,-1,GGCC Glasgow Green Cycle Club Tuesday Training Ride,TYPE_RIDE,0,2023/01/03,2474227587,,3600,1815308
,201,1,,3,3256733,33,14,Yardi Agresta ,0,1815308,3256733.33,32,398133000014,3128.01,3128.13,174.118,,0.0,0,2873,,TEAM BMTR ,bbbbbb,000000,aaaaaa,0,C,167,za,163,177,0,1,52.6,3,1,10,Vet,0,,20,20,496.07,451.91,0,172,1.04,50,169,3.2,3.1,165,0,3.3,3.7,4.0,4.2,4.3,4.6,4.9,174.0,195.0,211.0,222.0,226.0,243.0,257.0,0,0,,1,,,,0,,-1,STAGE 4: RACE LIKE A PRO— Three Little Sisters (Movistar),TYPE_RACE TYPE_RACE ,29,2022/12/30,2627606248,,,1815308
,201,1,,1,3365170,15,4,Yardi Agresta ,0,1815308,3365170.15,39,3423166763137864716,4895.328,4895.328,0.272,,0.0,0,2873,,TEAM BMTR ,bbbbbb,000000,aaaaaa,0,L,167,za,169,181,0,1,52.6,3,1,10,Vet,0,,20,20,0,0,0,166,0.96,54,163,3.1,3.1,163,0,3.3,3.4,3.5,3.6,3.9,4.1,4.3,172.0,177.0,182.0,192.0,204.0,217.0,226.0,0,1,,1,,,,0,,-1,WTRL Team Time Trial New Year Special - Zone 7,TYPE_TEAM_TIME_TRIAL TYPE_RACE ,31,2022/12/29,2663908549,,,1815308
,201,1,,3,3361746,154,91,Yardi Agresta ,0,1815308,3361746.154,36,411056700091,3600.029,3600.089,0.029,,0.0,0,2873,,TEAM BMTR ,bbbbbb,000000,aaaaaa,0,C,167,za,168,177,0,1,52.6,3,1,10,Vet,0,,20,20,0,0,0,172,1.01,52,169,3.2,3.2,168,0,3.4,3.6,3.7,4.2,4.5,4.7,4.7,177.0,188.0,194.0,219.0,239.0,247.0,247.0,0,0,,1,,,,0,,-1,BMTR Short Adventure,TYPE_RIDE,0,2022/12/28,211138252,,3600,1815308
,201,1,,4,3358158,3,3,Yardi Agresta ,0,1815308,3358158.3,36,410422400039,11.429,3600.014,1.15,,0.0,0,2873,,TEAM BMTR ,bbbbbb,000000,aaaaaa,0,F,167,za,162,172,0,1,52.6,3,1,10,Vet,0,,20,20,0,0,0,160,0.97,54,157,3.0,2.9,154,0,3.1,3.4,3.6,3.8,4.2,4.4,4.4,163.0,179.0,187.0,200.0,219.0,232.0,232.0,0,0,,1,,,,0,,-1,GGCC Glasgow Green Cycle Club Tuesday Training Ride,TYPE_RIDE,0,2022/12/27,2653858696,,3600,1815308
,201,1,,3,3354506,105,105,Yardi Agresta ,0,1815308,3354506.105,51,409961600105,3600.031,3600.031,0.031,,0.0,0,2873,,TEAM BMTR ,bbbbbb,000000,aaaaaa,0,C,167,za,166,177,0,1,52.6,3,1,10,Vet,0,,20,20,0,0,0,176,1.05,50,174,3.3,3.3,176,0,3.5,3.7,3.8,4.1,4.5,4.8,4.8,186.0,196.0,202.0,214.0,238.0,251.0,251.0,0,0,,1,,,,0,,-1,BMTR Short Adventure,TYPE_RIDE,0,2022/12/26,928793662,,3600,1815308
,201,1,,3,3256586,24,7,Yardi Agresta ,0,1815308,3256586.24,20,3409506163137864716,2260.883,2261.003,6.048,,0.0,0,2873,,TEAM BMTR ,bbbbbb,000000,aaaaaa,0,C,167,za,159,174,0,1,52.6,3,1,10,Vet,0,,20,20,563.80,454.47,0,173,1.07,49,170,3.2,3.2,168,0,3.4,3.6,3.9,4.3,4.7,5.1,5.8,177.0,187.0,206.0,226.0,245.0,270.0,304.0,0,0,,1,,,,0,,-1,STAGE 3: RACE LIKE A PRO— R.G.V (Team Bike Exchange-Jayco),TYPE_RACE TYPE_RACE ,25,2022/12/25,1776635757,1,,1815308
,201,1,,3,3320806,149,30,Yardi Agresta ,0,1815308,3320806.149,42,405870300030,3551.308,3551.428,179.083,,0.0,0,2873,,TEAM BMTR ,bbbbbb,000000,aaaaaa,0,C,167,za,159,175,0,1,52.6,3,1,10,Vet,0,,20,20,0,0,0,166,1.02,51,162,3.1,3.0,160,0,3.2,3.4,3.6,4.3,5.1,5.1,5.1,169.0,179.0,190.0,224.0,266.0,267.0,267.0,0,0,,1,,,,0,,-1,Rapha Festive 500 Group Ride,TYPE_RIDE,36,2022/12/25,2140131142,2,,1815308
,201,1,,3,3345369,108,36,Yardi Agresta ,0,1815308,3345369.108,30,408891400036,5400.008,5400.068,0.008,,0.0,0,2873,,TEAM BMTR ,bbbbbb,000000,aaaaaa,0,C,167,za,163,173,0,1,52.6,3,1,10,Vet,0,,20,20,0,0,0,148,0.89,59,145,2.8,2.8,150,0,3.0,3.2,3.4,3.7,4.1,4.3,4.3,158.0,169.0,179.0,196.0,218.0,226.0,226.0,0,0,,1,,,,0,,-1,BMTR Short Adventure,TYPE_RIDE,0,2022/12/23,4258943387,,5400,1815308
,201,1,,3,3345349,44,44,Yardi Agresta ,0,1815308,3345349.44,27,408887100045,3000.02,3000.02,0.02,,0.0,0,2873,,TEAM BMTR ,bbbbbb,000000,aaaaaa,0,C,167,za,160,174,0,1,52.6,3,1,10,Vet,0,,20,20,0,0,0,157,0.96,55,153,2.9,2.9,152,0,3.1,3.2,3.5,4.0,4.3,4.5,4.5,161.0,171.0,182.0,209.0,228.0,235.0,235.0,0,0,,1,,,,0,,-1,DIRT FriYay Ride,TYPE_RIDE,0,2022/12/23,3919912289,,3000,1815308
,201,1,,1,3342589,10,3,Yardi Agresta ,0,1815308,3342589.10,30,3419996563137864716,3771.159,3771.159,0.648,,0.0,0,2873,,TEAM BMTR ,bbbbbb,000000,aaaaaa,0,L,167,za,173,183,0,1,52.6,3,1,10,Vet,0,,20,20,0,0,0,179,1.02,51,176,3.3,3.3,175,0,3.5,3.9,4.0,4.2,4.9,5.0,5.2,185.0,204.0,210.0,222.0,256.0,265.0,271.0,0,1,,1,,,,0,,-1,WTRL Team Time Trial Christmas Special - Zone 7,TYPE_TEAM_TIME_TRIAL TYPE_RACE ,32,2022/12/22,2843604888,,,1815308
,201,1,,4,3336329,4,4,Yardi Agresta ,0,1815308,3336329.4,29,407660700043,15.529,3600.013,1.294,,0.0,0,2873,,TEAM BMTR ,bbbbbb,000000,aaaaaa,0,F,167,za,161,176,0,1,52.6,3,1,10,Vet,0,,20,20,0,0,0,174,1.06,49,170,3.2,3.2,168,0,3.4,3.6,3.8,4.5,5.2,5.6,5.6,177.0,192.0,202.0,236.0,273.0,297.0,297.0,0,0,,1,,,,0,,-1,GGCC Glasgow Green Cycle Club Tuesday Training Ride,TYPE_RIDE,0,2022/12/20,1776635757,,3600,1815308
,201,1,,3,3332967,26,26,Yardi Agresta ,0,1815308,3332967.26,28,407280700026,3600.011,3600.011,0.01,,0.0,0,2873,,TEAM BMTR ,bbbbbb,000000,aaaaaa,0,C,167,za,146,166,0,1,52.6,3,1,10,Vet,0,,20,20,0,0,0,158,1.05,49,154,2.9,2.9,152,0,3.1,3.6,3.8,4.0,4.2,4.2,4.2,161.0,192.0,198.0,212.0,223.0,223.0,223.0,0,0,,1,,,,0,,-1,BMTR Short Adventure,TYPE_RIDE,0,2022/12/19,3366225080,,3600,1815308
,201,1,,5,3331259,123,123,Yardi Agresta ,0,1815308,3331259.123,666,407095100123,9543.348,9543.348,2538.107,,0.0,0,2873,,TEAM BMTR ,bbbbbb,000000,aaaaaa,0,E,167,za,154,178,0,1,52.6,3,1,10,Vet,0,,20,20,0,0,0,160,0.89,59,137,2.6,3.3,173,0,3.5,3.9,4.4,5.0,5.5,5.8,5.8,183.0,204.0,231.0,265.0,287.0,304.0,304.0,0,0,,1,,,,0,,-1,BMTRS 6-Year Zwift Anniversary Ride,TYPE_RIDE,72,2022/12/18,2494975884,1,,1815308
,201,1,,3,3326244,157,77,Yardi Agresta ,0,1815308,3326244.157,813,406516900077,15670.538,15670.778,15520.438,,0.0,0,2873,,TEAM BMTR ,bbbbbb,000000,aaaaaa,0,C,167,za,157,179,0,1,52.6,3,1,10,Vet,0,,20,20,0,0,0,148,0.85,61,134,2.6,3.2,170,0,3.4,3.6,3.9,4.2,4.6,5.0,5.0,179.0,191.0,204.0,223.0,241.0,264.0,264.0,0,0,,1,,,,0,,-1,BMTR Flat 100 (Miles),TYPE_RIDE,161,2022/12/17,928793662,,,1815308
,201,1,,3,3323228,88,51,Yardi Agresta ,0,1815308,3323228.88,28,406165400051,5400.017,5400.077,0.017,,0.0,0,2873,,TEAM BMTR ,bbbbbb,000000,aaaaaa,0,C,167,za,156,177,0,1,52.6,3,1,10,Vet,0,,20,20,0,0,0,146,0.9,58,141,2.7,2.7,144,0,2.9,3.6,4.0,4.2,4.2,4.9,4.9,152.0,188.0,213.0,221.0,223.0,256.0,256.0,0,0,,1,,,,0,,-1,BMTR Short Adventure,TYPE_RIDE,0,2022/12/16,2474227587,,5400,1815308
,201,1,,1,3320445,22,3,Yardi Agresta ,0,1815308,3320445.22,26,3417234463137864716,2599.754,2599.754,0.957,,0.0,0,2873,,TEAM BMTR ,bbbbbb,000000,aaaaaa,0,L,167,za,174,188,0,1,52.6,3,1,10,Vet,0,,20,20,0,0,0,185,1.05,50,182,3.5,3.3,174,0,3.5,3.7,4.0,4.6,5.0,5.2,5.3,184.0,196.0,212.0,241.0,262.0,273.0,279.0,0,1,,1,,,,0,,-1,WTRL Team Time Trial - Zone 7,TYPE_TEAM_TIME_TRIAL TYPE_RACE ,29,2022/12/15,928793662,2,,1815308
,201,1,,3,3318113,105,17,Yardi Agresta ,0,1815308,3318113.105,32,405503900017,3970.642,3970.762,204.447,,0.0,0,2873,,TEAM BMTR ,bbbbbb,000000,aaaaaa,0,C,167,za,167,175,0,1,52.6,3,1,10,Vet,0,,20,20,404.63,474.20,20.82,180,1.05,49,176,3.3,3.4,179,0,3.6,3.9,4.1,4.4,4.8,5.1,5.2,189.0,203.0,214.0,230.0,255.0,270.0,272.0,0,0,,1,,,,0,,-1,Zwift Racing League | WTRL - Atlantic Central Open Division 1,TYPE_RACE TYPE_RACE ,45,2022/12/13,1545087483,5,,1815308
,201,1,,4,3314065,2,2,Yardi Agresta ,0,1815308,3314065.2,27,404992700041,15.663,3600.013,0.18,,0.0,0,2873,,TEAM BMTR ,bbbbbb,000000,aaaaaa,0,F,167,za,155,167,0,1,52.6,3,1,10,Vet,0,,20,20,0,0,0,165,1.05,50,163,3.1,3.0,161,0,3.2,3.3,3.4,3.7,4.3,4.7,4.7,170.0,176.0,179.0,193.0,227.0,249.0,249.0,0,0,,1,,,,0,,-1,GGCC Glasgow Green Cycle Club Tuesday Training Ride,TYPE_RIDE,0,2022/12/13,1776635757,,3600,1815308
,201,1,,3,3310864,55,55,Yardi Agresta ,0,1815308,3310864.55,34,404609400054,3600.025,3600.025,0.025,,0.0,0,2873,,TEAM BMTR ,bbbbbb,000000,aaaaaa,0,C,167,za,142,170,0,1,52.6,3,1,10,Vet,0,,20,20,0,0,0,151,0.99,53,140,2.7,2.7,146,0,2.9,3.6,4.6,5.0,5.2,5.3,5.3,154.0,190.0,243.0,261.0,274.0,279.0,279.0,0,0,,1,,,,0,,-1,BMTR Short Adventure,TYPE_RIDE,0,2022/12/12,2474227587,,3600,1815308
,201,1,,3,3304547,154,62,Yardi Agresta ,0,1815308,3304547.154,883,403894100062,15555.345,15555.585,15448.466,,0.0,0,2873,,TEAM BMTR ,bbbbbb,000000,aaaaaa,0,C,167,za,151,174,0,1,52.6,3,1,10,Vet,0,,20,20,0,0,0,154,0.93,56,141,2.7,3.0,161,0,3.2,3.5,3.6,4.2,4.8,5.0,5.0,170.0,183.0,190.0,222.0,251.0,262.0,262.0,0,0,,1,,,,0,,-1,BMTR Flat 100 (Miles),TYPE_RIDE,161,2022/12/10,3407362320,,,1815308
,201,1,,3,3301834,46,20,Yardi Agresta ,0,1815308,3301834.46,32,403577800018,5400.005,5400.065,0.005,,0.0,0,2873,,TEAM BMTR ,bbbbbb,000000,aaaaaa,0,C,167,za,161,175,0,1,52.6,3,1,10,Vet,0,,20,20,0,0,0,158,0.96,54,155,3.0,3.0,159,0,3.2,3.4,3.7,4.0,4.6,5.2,5.2,168.0,179.0,196.0,211.0,243.0,274.0,274.0,0,0,,1,,,,0,,-1,BMTR Short Adventure,TYPE_RIDE,0,2022/12/09,3453194200,,5400,1815308
,201,1,,1,3299197,10,4,Yardi Agresta ,0,1815308,3299197.10,36,3414692063137864716,2281.721,2281.721,0.493,,0.0,0,2873,,TEAM BMTR ,bbbbbb,000000,aaaaaa,0,L,167,za,168,182,0,1,52.6,3,1,10,Vet,0,,20,20,0,0,0,191,1.1,47,185,3.5,3.3,176,0,3.5,3.9,4.2,4.7,4.9,5.0,5.3,186.0,203.0,222.0,246.0,257.0,265.0,279.0,0,1,,1,,,,0,,-1,WTRL Team Time Trial - Zone 7,TYPE_TEAM_TIME_TRIAL TYPE_RACE ,21,2022/12/08,1086718516,2,,1815308
,201,1,,3,3299172,17,13,Yardi Agresta ,0,1815308,3299172.17,28,403244100018,3600.019,3600.019,0.017,,0.0,0,2873,,TEAM BMTR ,bbbbbb,000000,aaaaaa,0,C,167,za,152,179,0,1,52.6,3,1,10,Vet,0,,20,20,0,0,0,162,1.0,52,152,2.9,3.2,171,0,3.4,4.3,4.6,4.9,5.7,6.0,6.0,180.0,226.0,241.0,260.0,298.0,317.0,317.0,0,0,,1,,,,0,,-1,CRYO-GEN Tempo Thursday Group Ride),TYPE_RIDE,0,2022/12/08,928793662,,3600,1815308
,201,1,,3,3296369,87,59,Yardi Agresta ,0,1815308,3296369.87,26,402883200059,3600.03,3600.09,0.03,,0.0,0,2873,,TEAM BMTR ,bbbbbb,000000,aaaaaa,0,C,167,za,147,169,0,1,52.6,3,1,10,Vet,0,,20,20,0,0,0,153,1.0,52,147,2.8,2.7,142,0,2.9,3.4,4.0,4.8,5.4,5.9,5.9,150.0,177.0,213.0,255.0,284.0,308.0,308.0,0,0,,1,,,,0,,-1,BMTR Short Adventure,TYPE_RIDE,0,2022/12/07,1457923570,,3600,1815308
,201,1,,3,3296331,40,40,Yardi Agresta ,0,1815308,3296331.40,32,402875600047,5400.029,5400.029,0.029,,0.0,0,2873,,TEAM BMTR ,bbbbbb,000000,aaaaaa,0,C,167,za,142,152,0,1,52.6,3,1,10,Vet,0,,20,20,0,0,0,147,1.01,51,144,2.7,2.6,140,0,2.8,3.0,3.1,3.4,4.0,4.5,4.5,148.0,157.0,164.0,179.0,213.0,239.0,239.0,0,0,,1,,,,0,,-1,3R Endurance Ride,TYPE_RIDE,0,2022/12/07,928793662,,5400,1815308
,201,1,,3,3293312,28,9,Yardi Agresta ,0,1815308,3293312.28,26,402536900013,1943.741,1943.861,209.225,180.259,1735.741,0,2873,,TEAM BMTR ,bbbbbb,000000,aaaaaa,0,C,167,za,157,170,0,1,52.6,3,1,10,Vet,0,,20,20,0,465.24,0,171,1.08,48,169,3.2,3.1,163,0,3.3,3.5,3.7,4.1,4.4,4.5,4.7,172.0,184.0,196.0,215.0,234.0,239.0,248.0,0,0,,1,,,,0,,-1,3R iTT Race,TYPE_RACE TYPE_RACE ,20,2022/12/06,2128890027,1,,1815308
,201,1,,3,3296798,109,8,Yardi Agresta ,0,1815308,3296798.109,19,402955700008,2434.615,2434.735,38.87,,0.0,0,2873,,TEAM BMTR ,bbbbbb,000000,aaaaaa,0,C,167,za,161,175,0,1,52.6,3,1,10,Vet,0,,20,20,0,0,0,180,1.1,47,177,3.4,3.2,171,0,3.4,3.6,3.8,4.1,4.6,4.7,5.0,180.0,188.0,199.0,216.0,240.0,248.0,264.0,0,0,,1,,,,0,,-1,Zwift Racing League - Atlantic Central Open Division 1,TYPE_TEAM_TIME_TRIAL TYPE_RACE ,28,2022/12/06,1064303857,1,,1815308
,201,1,,4,3293263,41,5,Yardi Agresta ,0,1815308,3293263.41,38,402525700014,32.323,3600.003,12.081,,0.0,0,2873,,TEAM BMTR ,bbbbbb,000000,aaaaaa,0,I,167,za,146,160,0,1,52.6,3,1,10,Vet,0,,20,20,0,0,0,150,1.0,52,146,2.8,2.8,147,0,2.9,3.1,3.4,3.8,4.3,4.5,4.5,155.0,162.0,177.0,202.0,225.0,238.0,238.0,0,0,,1,,10,,0,,-1,GGCC Glasgow Green Cycle Club Tuesday Training Ride,TYPE_RIDE,0,2022/12/06,2474227587,,3600,1815308
,201,1,,4,3290338,49,49,Yardi Agresta ,0,1815308,3290338.49,26,402204700049,3600.009,3600.009,0.009,,0.0,0,2873,,TEAM BMTR ,bbbbbb,000000,aaaaaa,0,D,167,za,149,165,0,1,52.6,3,1,10,Vet,0,,20,20,0,0,0,156,1.02,51,152,2.9,2.9,155,0,3.1,3.5,3.6,3.8,3.8,4.1,4.1,164.0,183.0,191.0,199.0,201.0,218.0,218.0,0,0,,1,,,,0,,-1,BMTR Misfits Social,TYPE_RIDE,0,2022/12/05,1064303857,,3600,1815308
,201,1,,3,3290209,35,35,Yardi Agresta ,0,1815308,3290209.35,27,402178400035,3600.019,3600.019,0.019,,0.0,0,2873,,TEAM BMTR ,bbbbbb,000000,aaaaaa,0,C,167,za,156,166,0,1,52.6,3,1,10,Vet,0,,20,20,0,0,0,164,1.03,51,160,3.0,3.2,168,0,3.4,3.4,3.6,3.7,4.3,4.9,4.9,177.0,181.0,188.0,195.0,226.0,257.0,257.0,0,0,,1,,,,0,,-1,BMTR Short Adventure,TYPE_RIDE,0,2022/12/05,1638640398,,3600,1815308
,201,1,,3,3284029,110,33,Yardi Agresta ,0,1815308,3284029.110,418,401465800033,15699.154,15699.394,1352.252,,0.0,0,2873,,TEAM BMTR ,bbbbbb,000000,aaaaaa,0,C,167,za,146,172,0,1,52.6,3,1,10,Vet,0,,20,20,0,0,0,140,0.9,58,131,2.5,2.9,156,0,3.1,3.3,3.5,3.9,4.3,4.5,4.5,165.0,173.0,182.0,205.0,224.0,238.0,238.0,0,0,,1,,,,0,,-1,BMTR Flat 100 (Miles),TYPE_RIDE,161,2022/12/03,2128890027,,,1815308
,201,1,,3,3257146,110,63,Yardi Agresta ,0,1815308,3257146.110,28,398204600078,6027.787,6027.907,1051.703,,0.0,0,2873,,TEAM BMTR ,bbbbbb,000000,aaaaaa,0,C,167,za,150,163,0,1,52.6,3,1,10,Vet,0,,20,20,0,0,0,151,0.99,52,149,2.8,2.8,148,0,3.0,3.2,3.4,3.6,3.9,4.0,4.0,156.0,169.0,177.0,191.0,203.0,211.0,211.0,0,0,,1,,,,0,,-1,Zwift Fondo Series,TYPE_RIDE,98,2022/12/02,242381847,1,,1815308
,201,1,,3,3281573,76,46,Yardi Agresta ,0,1815308,3281573.76,28,401168700046,5400.021,5400.081,0.021,,0.0,0,2873,,TEAM BMTR ,bbbbbb,000000,aaaaaa,0,C,167,za,161,171,0,1,52.6,3,1,10,Vet,0,,20,20,0,0,0,155,0.94,55,152,2.9,3.0,158,0,3.2,3.3,3.5,3.7,4.0,4.6,4.6,167.0,176.0,186.0,197.0,213.0,243.0,243.0,0,0,,1,,,,0,,-1,BMTR Short Adventure,TYPE_RIDE,0,2022/12/02,1776635757,,5400,1815308
,201,1,,1,3279668,162,51,Yardi Agresta ,0,1815308,3279668.162,67,400941300051,4232.158,4232.158,274.646,,0.0,0,2873,,TEAM BMTR ,bbbbbb,000000,aaaaaa,0,A,167,za,170,179,0,1,52.6,3,1,10,Vet,0,,20,20,0,0,0,166,0.96,54,164,3.1,3.2,169,0,3.4,3.5,3.6,3.8,3.9,3.9,3.9,178.0,184.0,189.0,198.0,206.0,206.0,206.0,0,0,,1,,,,0,,-1,WTRL Team Time Trial for World Bike Relief - Zone 12,TYPE_TEAM_TIME_TRIAL TYPE_RACE ,43,2022/12/01,604330868,2,,1815308
,201,1,,1,3279550,10,4,Yardi Agresta ,0,1815308,3279550.10,22,400909900004,4253.229,4253.229,0.6,,0.0,0,2873,,TEAM BMTR ,bbbbbb,000000,aaaaaa,0,A,167,za,169,179,0,1,52.6,3,1,10,Vet,0,,20,20,0,0,0,171,0.99,52,168,3.2,3.2,172,0,3.5,3.6,3.8,4.0,4.2,4.6,5.0,182.0,190.0,198.0,209.0,221.0,244.0,262.0,0,0,,1,,,,0,,-1,WTRL Team Time Trial for World Bike Relief - Zone 7,TYPE_TEAM_TIME_TRIAL TYPE_RACE ,43,2022/12/01,604330868,2,,1815308
,201,1,,3,3279526,14,10,Yardi Agresta ,0,1815308,3279526.14,28,400905200012,3600.019,3600.019,0.017,,0.0,0,2873,,TEAM BMTR ,bbbbbb,000000,aaaaaa,0,C,167,za,151,175,0,1,52.6,3,1,10,Vet,0,,20,20,0,0,0,162,1.01,52,152,2.9,2.9,152,0,3.1,3.4,4.3,4.7,5.0,5.1,5.1,161.0,181.0,225.0,246.0,261.0,268.0,268.0,0,0,,1,,,,0,,-1,CRYO-GEN Tempo Thursday Group Ride),TYPE_RIDE,0,2022/12/01,1638640398,,3600,1815308
,201,1,,3,3277084,95,55,Yardi Agresta ,0,1815308,3277084.95,27,400610500054,3600.031,3600.091,0.031,,0.0,0,2873,,TEAM BMTR ,bbbbbb,000000,aaaaaa,0,C,167,za,155,173,0,1,52.6,3,1,10,Vet,0,,20,20,0,0,0,156,0.96,54,149,2.8,2.7,144,0,2.9,3.2,3.5,4.1,5.0,5.5,5.5,152.0,169.0,182.0,216.0,262.0,290.0,290.0,0,0,,1,,,,0,,-1,BMTR Short Adventure,TYPE_RIDE,0,2022/11/30,1776635757,,3600,1815308
,201,1,,3,3277046,1,1,Yardi Agresta ,0,1815308,3277046.1,29,400602900002,5400.0,5400.0,0,,0.0,0,2873,,TEAM BMTR ,bbbbbb,000000,aaaaaa,0,C,167,za,151,169,0,1,52.6,3,1,10,Vet,0,,20,20,0,0,0,154,1.0,52,151,2.9,2.8,149,0,3.0,3.1,3.4,4.0,5.0,5.9,5.9,157.0,165.0,180.0,210.0,265.0,310.0,310.0,0,0,,1,,,,0,,-1,3R Endurance Ride,TYPE_RIDE,0,2022/11/30,3366225080,,5400,1815308
,201,1,,3,3274904,124,25,Yardi Agresta ,0,1815308,3274904.124,27,400335300025,3600.909,3601.029,132.688,,0.0,0,2873,,TEAM BMTR ,bbbbbb,000000,aaaaaa,0,C,167,za,164,173,0,1,52.6,3,1,10,Vet,0,,20,20,462.37,474.52,9.27,178,1.06,49,174,3.3,3.2,172,0,3.5,3.7,3.9,4.2,4.9,5.2,5.4,182.0,194.0,207.0,223.0,258.0,275.0,284.0,0,0,,1,,,,0,,-1,Zwift Racing League - Atlantic Central Open Division 1,TYPE_RACE TYPE_RACE ,37,2022/11/29,3356878261,3,,1815308
,201,1,,4,3274303,9,2,Yardi Agresta ,0,1815308,3274303.9,27,400246800017,41.819,3600.011,9.716,,0.0,0,2873,,TEAM BMTR ,bbbbbb,000000,aaaaaa,0,I,167,za,152,165,0,1,52.6,3,1,10,Vet,0,,20,20,0,0,0,160,1.03,50,157,3.0,2.8,152,0,3.0,3.3,3.5,4.1,5.2,5.8,5.8,160.0,174.0,185.0,216.0,271.0,303.0,303.0,0,0,,1,,42,,0,,-1,GGCC Glasgow Green Cycle Club Tuesday Training Ride,TYPE_RIDE,0,2022/11/29,2128890027,,3600,1815308
,201,1,,3,3262081,77,40,Yardi Agresta ,0,1815308,3262081.77,41,398847400040,5400.019,5400.079,0.019,,0.0,0,2873,,TEAM BMTR ,bbbbbb,000000,aaaaaa,0,C,167,za,163,175,0,1,52.6,3,1,10,Vet,0,,20,20,0,0,0,153,0.92,57,150,2.9,2.8,150,0,3.0,3.2,3.4,3.6,3.8,4.3,4.3,158.0,171.0,177.0,187.0,200.0,228.0,228.0,0,0,,1,,,,0,,-1,BMTR Short Adventure,TYPE_RIDE,0,2022/11/25,890800649,,5400,1815308
,201,1,,3,3271897,82,82,Yardi Agresta ,0,1815308,3271897.82,380,399977400082,9147.411,9147.411,741.217,,0.0,0,2873,,TEAM BMTR ,bbbbbb,000000,aaaaaa,0,C,167,za,155,173,0,1,52.6,3,1,10,Vet,0,,20,20,0,0,0,156,0.98,53,152,2.9,3.0,162,0,3.2,3.4,3.7,3.9,4.2,4.6,4.6,171.0,180.0,195.0,203.0,221.0,241.0,241.0,0,0,,1,,,,0,,-1,BMTR Thanksgiving 100 (Kilometers),TYPE_RIDE,100,2022/11/24,2474227587,,,1815308
,201,1,,3,3252059,202,46,Yardi Agresta ,0,1815308,3252059.202,180,396969800046,3557.056,3557.176,320.906,,0.0,0,2873,,TEAM BMTR ,bbbbbb,000000,aaaaaa,0,C,167,za,169,177,0,1,52.6,3,1,10,Vet,0,,20,20,535.35,474.52,0,178,1.05,50,177,3.4,3.3,177,0,3.6,4.0,4.1,4.1,4.1,4.1,4.1,187.0,210.0,214.0,215.0,215.0,215.0,215.0,0,0,,1,,,,0,,-1,Zwift Racing League - EMEAE North Open Division 1,TYPE_RACE TYPE_RACE ,43,2022/11/22,3312037616,6,,1815308
,201,1,,4,3247112,47,5,Yardi Agresta ,0,1815308,3247112.47,27,396249400026,3600.016,3600.016,-0.005,,0.0,0,2873,,TEAM BMTR ,bbbbbb,000000,aaaaaa,0,I,167,za,150,162,0,1,52.6,3,1,10,Vet,0,,20,20,0,0,0,152,0.99,53,148,2.8,2.7,145,0,2.9,3.1,3.3,3.6,3.9,4.2,4.2,153.0,163.0,173.0,188.0,203.0,220.0,220.0,0,0,,1,,16,,0,,-1,GGCC Glasgow Green Cycle Club Tuesday Training Ride,TYPE_RIDE,0,2022/11/22,211138252,,3600,1815308
,201,1,,3,3248093,31,31,Yardi Agresta ,0,1815308,3248093.31,43,396370900031,3600.018,3600.018,0.018,,0.0,0,2873,,TEAM BMTR ,bbbbbb,000000,aaaaaa,0,C,167,za,148,165,0,1,52.6,3,1,10,Vet,0,,20,20,0,0,0,160,1.05,50,155,3.0,2.8,152,0,3.0,3.2,3.7,4.0,4.5,4.6,4.6,160.0,170.0,194.0,212.0,236.0,244.0,244.0,0,0,,1,,,,0,,-1,ZZRC Happy Hour,TYPE_RIDE,0,2022/11/21,3312037616,,3600,1815308
,201,1,,3,3247987,41,41,Yardi Agresta ,0,1815308,3247987.41,29,396349300041,3600.029,3600.029,0.029,,0.0,0,2873,,TEAM BMTR ,bbbbbb,000000,aaaaaa,0,C,167,za,143,162,0,1,52.6,3,1,10,Vet,0,,20,20,0,0,0,146,1.0,52,143,2.7,2.6,138,0,2.8,3.0,3.3,3.9,4.4,4.8,4.8,146.0,158.0,174.0,205.0,230.0,251.0,251.0,0,0,,1,,,,0,,-1,BMTR Short Adventure,TYPE_RIDE,0,2022/11/21,3407362320,,3600,1815308
,201,1,,1,3235349,125,125,Yardi Agresta ,0,1815308,3235349.125,27,394657600125,3177.072,3177.072,511.667,,0.0,0,2873,,TEAM BMTR ,bbbbbb,000000,aaaaaa,0,A,167,za,157,165,0,1,52.6,3,1,10,Vet,0,,20,20,0,0,0,166,1.04,50,163,3.1,3.1,163,0,3.3,3.6,3.8,3.9,4.3,4.5,4.5,172.0,188.0,201.0,207.0,225.0,236.0,236.0,0,0,,1,,,,0,,-1,Stage 6 | Tour of Makuri Islands,TYPE_RIDE,18,2022/11/21,2140131142,1,,1815308
,201,1,,1,3235213,96,96,Yardi Agresta ,0,1815308,3235213.96,55,394632200097,3859.302,3859.302,761.478,,0.0,0,2873,,TEAM BMTR ,bbbbbb,000000,aaaaaa,0,A,167,za,154,165,0,1,52.6,3,1,10,Vet,0,,20,20,0,0,0,162,1.04,50,160,3.0,2.9,153,0,3.1,3.3,3.5,3.7,4.1,4.1,4.1,162.0,175.0,184.0,194.0,216.0,216.0,216.0,0,0,,1,,,,0,,-1,Stage 5 | Tour of Makuri Islands,TYPE_RIDE,25,2022/11/20,4258943387,1,,1815308
,201,1,,3,3243053,108,43,Yardi Agresta ,0,1815308,3243053.108,651,395768900043,15841.098,15841.218,1477.13,,0.0,0,2873,,TEAM BMTR ,bbbbbb,000000,aaaaaa,0,C,167,za,149,174,0,1,52.6,3,1,10,Vet,0,,20,20,0,0,0,151,0.92,57,137,2.6,2.9,156,0,3.1,3.4,3.6,3.8,4.2,4.6,4.6,165.0,177.0,192.0,202.0,223.0,243.0,243.0,0,0,,1,,,,0,,-1,BMTR Flat 100 (Miles),TYPE_RIDE,161,2022/11/19,3453194200,,,1815308
,201,1,,3,3248886,23,5,Yardi Agresta ,0,1815308,3248886.23,28,3408044763137864716,1062.55,1062.67,3.512,,0.0,0,2873,,TEAM BMTR ,bbbbbb,000000,aaaaaa,0,C,167,za,167,177,0,1,52.6,3,1,10,Vet,0,,20,20,571.20,475.81,0,195,1.16,45,194,3.7,3.4,0,1,,3.8,3.9,4.0,4.2,4.5,4.6,,199.0,204.0,211.0,222.0,235.0,241.0,0,0,,1,,,,0,,-1,Pineapple Torturefest Crits,TYPE_RACE TYPE_RACE ,20,2022/11/19,2875658892,10,,1815308
,201,1,,1,3238583,169,77,Yardi Agresta ,0,1815308,3238583.169,61,395060600077,3272.997,3272.997,343.388,,0.0,0,2873,,TEAM BMTR ,bbbbbb,000000,aaaaaa,0,A,167,za,167,178,0,1,52.6,3,1,10,Vet,0,,20,20,0,0,0,180,1.06,49,177,3.4,3.4,182,0,3.6,3.8,4.1,4.2,4.4,4.5,4.6,192.0,200.0,215.0,222.0,231.0,239.0,240.0,0,0,,1,,,,0,,-1,WTRL Team Time Trial - Zone 10,TYPE_TEAM_TIME_TRIAL TYPE_RACE ,36,2022/11/17,3366225080,2,,1815308
,201,1,,1,3238517,19,9,Yardi Agresta ,0,1815308,3238517.19,31,3406485363137864716,3192.643,3192.643,48.839,,0.0,0,2873,,TEAM BMTR ,bbbbbb,000000,aaaaaa,0,L,167,za,162,180,0,1,52.6,3,1,10,Vet,0,,20,20,0,0,0,179,1.09,48,177,3.4,3.3,173,0,3.5,3.6,4.0,4.4,4.9,5.2,5.3,183.0,189.0,211.0,234.0,256.0,273.0,280.0,0,1,,1,,,,0,,-1,WTRL Team Time Trial - Zone 7,TYPE_TEAM_TIME_TRIAL TYPE_RACE ,36,2022/11/17,3366225080,2,,1815308
,201,1,,3,3238490,20,11,Yardi Agresta ,0,1815308,3238490.20,26,395036800015,3600.013,3600.013,0.013,,0.0,0,2873,,TEAM BMTR ,bbbbbb,000000,aaaaaa,0,C,167,za,146,172,0,1,52.6,3,1,10,Vet,0,,20,20,0,0,0,160,1.03,50,151,2.9,2.8,150,0,3.0,3.4,4.1,5.1,5.8,6.6,6.6,158.0,180.0,216.0,268.0,307.0,346.0,346.0,0,0,,1,,,,0,,-1,CRYO-GEN Tempo Thursday Group Ride),TYPE_RIDE,0,2022/11/17,468624015,,3600,1815308
,201,1,,3,3236215,68,44,Yardi Agresta ,0,1815308,3236215.68,26,394763800044,3600.025,3600.085,0.025,,0.0,0,2873,,TEAM BMTR ,bbbbbb,000000,aaaaaa,0,C,167,za,142,154,0,1,52.6,3,1,10,Vet,0,,20,20,0,0,0,143,0.99,52,141,2.7,2.6,137,0,2.8,2.9,2.9,3.2,3.4,3.6,3.6,145.0,152.0,154.0,169.0,180.0,191.0,191.0,0,0,,1,,,,0,,-1,BMTR Short Adventure,TYPE_RIDE,0,2022/11/16,3599973269,,3600,1815308
,201,1,,3,3236178,26,26,Yardi Agresta ,0,1815308,3236178.26,27,394756300028,5400.024,5400.024,0.024,,0.0,0,2873,,TEAM BMTR ,bbbbbb,000000,aaaaaa,0,C,167,za,143,155,0,1,52.6,3,1,10,Vet,0,,20,20,0,0,0,148,1.01,51,145,2.8,2.7,143,0,2.9,3.0,3.2,3.4,4.0,4.4,4.4,151.0,158.0,167.0,181.0,208.0,234.0,234.0,0,0,,1,,,,0,,-1,3R Endurance Ride,TYPE_RIDE,0,2022/11/16,3302953739,,5400,1815308
,201,1,,4,3233613,30,30,Yardi Agresta ,0,1815308,3233613.30,175,394455800030,3600.019,3600.019,0.019,,0.0,0,2873,,TEAM BMTR ,bbbbbb,000000,aaaaaa,0,D,167,za,137,146,0,1,52.6,3,1,10,Vet,0,,20,20,0,0,0,125,0.91,58,124,2.4,2.3,122,0,2.5,2.6,2.7,2.8,2.8,2.8,2.8,129.0,137.0,142.0,145.0,145.0,145.0,145.0,0,0,,1,,,,0,,-1,Giant Tuesday Ride Series,TYPE_RIDE,0,2022/11/15,2128890027,,3600,1815308
,201,1,,3,3239018,175,23,Yardi Agresta ,0,1815308,3239018.175,185,395133800023,2549.533,2549.653,43.821,,0.0,0,2873,,TEAM BMTR ,bbbbbb,000000,aaaaaa,0,C,167,za,174,182,0,1,52.6,3,1,10,Vet,0,,20,20,0,0,0,182,1.04,50,181,3.4,3.3,174,0,3.5,3.6,3.7,3.8,3.8,3.8,3.8,184.0,191.0,196.0,202.0,202.0,202.0,202.0,0,0,,1,,,,0,,-1,Zwift Racing League - EMEAE North Open Division 1,TYPE_TEAM_TIME_TRIAL,29,2022/11/15,928793662,2,,1815308
,201,1,,3,3239005,114,9,Yardi Agresta ,0,1815308,3239005.114,26,3406571163137864716,2533.764,2533.884,12.451,,0.0,0,2873,,TEAM BMTR ,bbbbbb,000000,aaaaaa,0,C,167,za,174,188,0,1,52.6,3,1,10,Vet,0,,20,20,0,0,0,189,1.07,48,187,3.6,3.4,180,0,3.6,3.8,4.1,4.4,4.7,5.0,5.2,190.0,201.0,216.0,229.0,247.0,262.0,276.0,0,0,,1,,,,0,,-1,Zwift Racing League - Atlantic Central Open Division 1,TYPE_TEAM_TIME_TRIAL,29,2022/11/15,928793662,2,,1815308
,201,1,,3,3228016,87,87,Yardi Agresta ,0,1815308,3228016.87,35,393801800096,9349.6,9349.6,174.76,,0.0,0,2873,,TEAM BMTR ,bbbbbb,000000,aaaaaa,0,C,167,za,152,164,0,1,52.6,3,1,10,Vet,0,,20,20,0,0,0,147,0.95,55,144,2.7,2.7,143,0,2.9,3.1,3.4,3.8,3.9,4.1,4.1,151.0,163.0,177.0,198.0,205.0,214.0,214.0,0,0,,1,,,,0,,-1,3R Endurance Steady Ride,TYPE_RIDE,100,2022/11/13,3914529041,,,1815308
,201,1,,2,3207491,145,39,Yardi Agresta ,0,1815308,3207491.145,26,391250900039,2384.947,2384.947,257.822,,0.0,0,2873,,TEAM BMTR ,bbbbbb,000000,aaaaaa,0,B,167,za,157,167,0,1,52.6,3,1,10,Vet,0,,20,20,0,0,0,161,1.02,51,160,3.0,2.9,155,0,3.1,3.3,3.4,3.4,3.7,4.0,4.0,164.0,173.0,177.0,181.0,194.0,209.0,209.0,0,0,,1,,,,0,,-1,Stage 3 | Tour of Makuri Islands,TYPE_RIDE,25,2022/11/12,3914529041,1,,1815308
,201,1,,3,3225496,72,23,Yardi Agresta ,0,1815308,3225496.72,369,393498500023,15706.611,15706.731,1136.844,,0.0,0,2873,,TEAM BMTR ,bbbbbb,000000,aaaaaa,0,C,167,za,147,171,0,1,52.6,3,1,10,Vet,0,,20,20,0,0,0,147,0.93,56,136,2.6,2.8,151,0,3.0,3.4,3.8,4.4,4.8,5.4,5.4,159.0,178.0,199.0,231.0,254.0,284.0,284.0,0,0,,1,,,,0,,-1,BMTR Flat 100 (Miles),TYPE_RIDE,161,2022/11/12,1776635757,,,1815308
,201,1,,3,3223571,42,32,Yardi Agresta ,0,1815308,3223571.42,26,393262500031,5400.021,5400.081,0.021,,0.0,0,2873,,TEAM BMTR ,bbbbbb,000000,aaaaaa,0,C,167,za,153,164,0,1,52.6,3,1,10,Vet,0,,20,20,0,0,0,146,0.93,56,143,2.7,2.6,138,0,2.8,3.1,3.2,3.5,4.1,4.5,4.5,146.0,163.0,168.0,184.0,214.0,238.0,238.0,0,0,,1,,,,0,,-1,BMTR Short Adventure,TYPE_RIDE,0,2022/11/11,468624015,,5400,1815308
,201,1,,4,3221772,43,43,Yardi Agresta ,0,1815308,3221772.43,35,393024600043,2379.038,2379.218,382.883,,0.0,0,2873,,TEAM BMTR ,bbbbbb,000000,aaaaaa,0,D,167,za,166,174,0,1,52.6,3,1,10,Vet,0,,20,20,0,0,0,178,1.05,50,174,3.3,3.2,171,0,3.4,3.8,4.0,4.4,4.7,5.1,5.1,181.0,200.0,211.0,229.0,249.0,270.0,270.0,0,0,,1,,,,0,,-1,WTRL Team Time Trial - Zone 9,TYPE_TEAM_TIME_TRIAL TYPE_RACE ,23,2022/11/10,2954366662,1,,1815308
,201,1,,1,3221676,19,6,Yardi Agresta ,0,1815308,3221676.19,20,3404533663137864716,2262.616,2262.616,4.439,,0.0,0,2873,,TEAM BMTR ,bbbbbb,000000,aaaaaa,0,L,167,za,166,177,0,1,52.6,3,1,10,Vet,0,,20,20,0,0,0,184,1.09,48,181,3.4,3.3,174,0,3.5,3.8,4.0,4.2,4.3,4.6,4.7,184.0,199.0,209.0,221.0,224.0,240.0,248.0,0,1,,1,,,,0,,-1,WTRL Team Time Trial - Zone 7,TYPE_TEAM_TIME_TRIAL TYPE_RACE ,23,2022/11/10,2954366662,1,,1815308
,201,1,,3,3221689,14,8,Yardi Agresta ,0,1815308,3221689.14,28,3404448863137864716,3600.022,3600.022,0.014,,0.0,0,2873,,TEAM BMTR ,bbbbbb,000000,aaaaaa,0,C,167,za,145,177,0,1,52.6,3,1,10,Vet,0,,20,20,0,0,0,158,1.03,51,149,2.8,2.9,156,0,3.1,3.8,4.4,4.7,4.9,5.2,5.2,165.0,202.0,230.0,246.0,258.0,274.0,274.0,0,0,,1,,,,0,,-1,CRYO-GEN Tempo Thursday Group Ride),TYPE_RIDE,0,2022/11/10,2128890027,,3600,1815308
,201,1,,3,3219470,72,36,Yardi Agresta ,0,1815308,3219470.72,28,392729000037,3600.018,3600.078,0.018,,0.0,0,2873,,TEAM BMTR ,bbbbbb,000000,aaaaaa,0,C,167,za,148,161,0,1,52.6,3,1,10,Vet,0,,20,20,0,0,0,148,0.99,53,146,2.8,2.7,146,0,2.9,3.0,3.2,3.5,3.8,4.1,4.1,154.0,160.0,169.0,183.0,199.0,214.0,214.0,0,0,,1,,,,0,,-1,BMTR Short Adventure,TYPE_RIDE,0,2022/11/09,3453194200,,3600,1815308
,201,1,,3,3219452,24,24,Yardi Agresta ,0,1815308,3219452.24,27,392725100028,5400.023,5400.023,0.023,,0.0,0,2873,,TEAM BMTR ,bbbbbb,000000,aaaaaa,0,C,167,za,146,160,0,1,52.6,3,1,10,Vet,0,,20,20,0,0,0,149,1.0,52,146,2.8,2.7,145,0,2.9,3.0,3.3,3.4,3.7,4.0,4.0,153.0,159.0,174.0,180.0,195.0,209.0,209.0,0,0,,1,,,,0,,-1,3R Endurance Ride,TYPE_RIDE,0,2022/11/09,928793662,,5400,1815308
,201,1,,3,3201184,213,46,Yardi Agresta ,0,1815308,3201184.213,180,3401787663137864716,2786.331,2786.451,245.097,,0.0,0,2873,,TEAM BMTR ,bbbbbb,000000,aaaaaa,0,C,167,za,168,179,0,1,52.6,3,1,10,Vet,0,,20,20,508.73,478.09,2.28,173,1.02,51,171,3.3,3.3,174,0,3.5,3.9,4.0,4.2,4.2,4.2,4.2,184.0,204.0,211.0,219.0,221.0,221.0,221.0,0,0,,1,,,,0,,-1,Zwift Racing League - EMEAE North Open Division 1,TYPE_RACE TYPE_RACE ,27,2022/11/08,872351836,1,,1815308
,201,1,,3,3201150,124,19,Yardi Agresta ,0,1815308,3201150.124,22,3401779163137864716,2670.835,2670.955,60.126,,0.0,0,2873,,TEAM BMTR ,bbbbbb,000000,aaaaaa,0,C,167,za,169,177,0,1,52.6,3,1,10,Vet,0,,20,20,420.41,505.41,27.32,184,1.08,48,182,3.5,3.4,180,0,3.6,3.8,4.0,4.3,4.5,4.5,4.6,190.0,200.0,209.0,226.0,235.0,238.0,244.0,0,0,,1,,,,0,,-1,Zwift Racing League - Atlantic Central Open Division 1,TYPE_RACE TYPE_RACE ,27,2022/11/08,872351836,1,,1815308
,201,1,,4,3216912,2,2,Yardi Agresta ,0,1815308,3216912.2,27,392426600042,16.731,3600.032,1.68,,0.0,0,2873,,TEAM BMTR ,bbbbbb,000000,aaaaaa,0,F,167,za,152,168,0,1,52.6,3,1,10,Vet,0,,20,20,0,0,0,159,1.03,51,156,3.0,2.9,156,0,3.1,3.3,3.6,4.1,4.7,5.0,5.0,165.0,174.0,189.0,214.0,246.0,262.0,262.0,0,0,,1,,,,0,,-1,GGCC Glasgow Green Cycle Club Tuesday Training Ride,TYPE_RIDE,0,2022/11/08,1776635757,,3600,1815308
,201,1,,3,3214701,38,38,Yardi Agresta ,0,1815308,3214701.38,28,392173200036,3600.031,3600.031,0.029,,0.0,0,2873,,TEAM BMTR ,bbbbbb,000000,aaaaaa,0,C,167,za,148,167,0,1,52.6,3,1,10,Vet,0,,20,20,0,0,0,148,0.98,53,145,2.8,2.8,147,0,2.9,3.2,3.5,3.6,3.7,3.8,3.8,155.0,171.0,183.0,192.0,196.0,202.0,202.0,0,0,,1,,,,0,,-1,BMTR Short Adventure,TYPE_RIDE,0,2022/11/07,1064303857,,3600,1815308
,201,1,,3,3214671,46,24,Yardi Agresta ,0,1815308,3214671.46,28,392167000024,6480.458,6480.578,172.04,,0.0,0,2873,,TEAM BMTR ,bbbbbb,000000,aaaaaa,0,C,167,za,147,165,0,1,52.6,3,1,10,Vet,0,,20,20,0,0,0,151,1.01,51,149,2.8,2.8,150,0,3.0,3.3,3.7,3.8,3.9,4.2,4.2,158.0,175.0,194.0,202.0,206.0,223.0,223.0,0,0,,1,,,,0,,-1,KISS at Base Training Ride,TYPE_RIDE,72,2022/11/07,2128890027,4,,1815308
,201,1,,3,3212793,39,39,Yardi Agresta ,0,1815308,3212793.39,42,391956200044,9003.816,9003.816,22.263,,0.0,0,2873,,TEAM BMTR ,bbbbbb,000000,aaaaaa,0,C,167,za,151,170,0,1,52.6,3,1,10,Vet,0,,20,20,0,0,0,151,0.97,54,146,2.8,2.9,152,0,3.1,3.7,3.9,4.0,4.6,5.2,5.2,161.0,193.0,205.0,213.0,244.0,272.0,272.0,0,0,,1,,,,0,,-1,3R Endurance Steady Ride,TYPE_RIDE,100,2022/11/06,3366225080,,,1815308
,201,1,,3,3211081,85,35,Yardi Agresta ,0,1815308,3211081.85,390,391740800035,15530.997,15531.117,887.845,,0.0,0,2873,,TEAM BMTR ,bbbbbb,000000,aaaaaa,0,C,167,za,145,174,0,1,52.6,3,1,10,Vet,0,,20,20,0,0,0,145,0.94,56,136,2.6,3.0,162,0,3.2,3.8,4.0,4.5,4.8,5.2,5.2,171.0,202.0,213.0,237.0,251.0,271.0,271.0,0,0,,1,,,,0,,-1,BMTR Flat 100 (Miles),TYPE_RIDE,161,2022/11/05,2128890027,,,1815308
,201,1,,2,3205933,317,49,Yardi Agresta ,0,1815308,3205933.317,26,391021300049,2089.222,2089.282,145.961,,0.0,0,2873,,TEAM BMTR ,bbbbbb,000000,aaaaaa,0,B,167,za,166,174,0,1,52.6,3,1,10,Vet,0,,20,20,0,0,0,168,1.01,52,167,3.2,3.0,161,0,3.2,3.6,3.6,3.8,4.2,4.4,4.4,170.0,187.0,191.0,200.0,220.0,234.0,234.0,0,0,,1,,,,0,,-1,Stage 1 | Tour of Makuri Islands,TYPE_RIDE,0,2022/11/04,3742187716,,,1815308
,201,1,,1,3208264,49,10,Yardi Agresta ,0,1815308,3208264.49,23,391361800010,2476.644,2476.644,63.549,,0.0,0,2873,,TEAM BMTR ,bbbbbb,000000,aaaaaa,0,A,167,za,174,181,0,1,52.6,3,1,10,Vet,0,,20,20,0,0,0,180,1.02,51,178,3.4,3.3,177,0,3.6,3.7,3.9,4.1,4.2,5.2,5.3,187.0,193.0,205.0,215.0,223.0,272.0,277.0,0,0,,1,,,,0,,-1,WTRL Team Time Trial - Zone 7,TYPE_TEAM_TIME_TRIAL TYPE_RACE ,28,2022/11/03,1064303857,1,,1815308
,201,1,,3,3208239,13,9,Yardi Agresta ,0,1815308,3208239.13,28,391356800013,3600.02,3600.02,0.018,,0.0,0,2873,,TEAM BMTR ,bbbbbb,000000,aaaaaa,0,C,167,za,151,172,0,1,52.6,3,1,10,Vet,0,,20,20,0,0,0,160,1.01,52,152,2.9,3.0,157,0,3.2,3.5,3.9,4.1,4.7,5.0,5.0,166.0,183.0,203.0,217.0,247.0,263.0,263.0,0,0,,1,,,,0,,-1,CRYO-GEN Tempo Thursday Group Ride),TYPE_RIDE,0,2022/11/03,3366225080,,3600,1815308
,201,1,,4,3169498,1,1,Yardi Agresta ,0,1815308,3169498.1,28,385801200002,4500.0,4500.0,0,,0.0,0,2873,,TEAM BMTR ,bbbbbb,000000,aaaaaa,0,D,167,za,152,166,0,1,52.6,3,1,10,Vet,0,,20,20,0,0,0,158,1.01,51,154,2.9,2.8,150,0,3.0,3.2,3.5,4.0,5.0,5.9,5.9,158.0,169.0,183.0,208.0,262.0,310.0,310.0,0,0,,1,,,,0,,-1,Xert Surplus Seeker Ride,TYPE_RIDE,0,2022/11/02,3914529041,,4500,1815308
,233,0,,4,3201903,13,13,Blopa&reg;,0,1714370,3201903.13,0,390451300013,3600.006,3600.006,0.006,,0.0,1,2873,,TEAM BMTR ,bbbbbb,000000,aaaaaa,0,D,182,uy,0,0,0,0,67.4,3,1,1,Mas,0,,20,0,0,0,0,156,0.0,0,146,2.2,2.1,147,0,2.3,2.6,3.4,4.6,5.4,5.6,5.8,155.0,173.0,229.0,309.0,361.0,379.0,393.0,0,0,,1,,,,0,,-1,Cafe Ride with AEO,TYPE_RIDE,0,2022/10/31,3366225080,,3600,1714370
,201,1,,3,3201730,31,10,Yardi Agresta ,0,1815308,3201730.31,26,390416200010,6442.889,6443.009,39.182,,0.0,0,2873,,TEAM BMTR ,bbbbbb,000000,aaaaaa,0,C,167,za,157,175,0,1,52.6,3,1,10,Vet,0,,20,20,0,0,0,159,0.97,53,153,2.9,2.9,152,0,3.1,3.4,3.6,4.5,5.9,6.7,6.7,161.0,180.0,190.0,238.0,312.0,355.0,355.0,0,0,,1,,,,0,,-1,KISS at Base Training Ride,TYPE_RIDE,72,2022/10/31,2128890027,4,,1815308
,201,1,,5,3196655,30,30,Yardi Agresta ,0,1815308,3196655.30,26,389775600029,3600.02,3600.02,0.02,,0.0,0,2873,,TEAM BMTR ,bbbbbb,000000,aaaaaa,0,E,167,za,144,164,0,1,52.6,3,1,10,Vet,0,,20,20,0,0,0,148,1.01,51,146,2.8,2.7,142,0,2.9,3.0,3.4,3.8,4.5,5.0,5.0,150.0,159.0,179.0,201.0,235.0,264.0,264.0,0,0,,1,,,,0,,-1,Betty Designs Down Under ,TYPE_RIDE,0,2022/10/28,1064303857,,3600,1815308
,201,1,,1,3195067,68,12,Yardi Agresta ,0,1815308,3195067.68,47,3401015763137864716,2759.313,2759.313,48.101,,0.0,0,2873,,TEAM BMTR ,bbbbbb,000000,aaaaaa,0,L,167,za,168,177,0,1,52.6,3,1,10,Vet,0,,20,20,0,0,0,179,1.05,49,177,3.4,3.2,170,0,3.4,3.6,3.8,4.1,4.3,4.3,4.3,179.0,191.0,199.0,217.0,227.0,227.0,227.0,0,1,,1,,,,0,,-1,WTRL Team Time Trial - Zone 24,TYPE_TEAM_TIME_TRIAL TYPE_RACE ,31,2022/10/27,1880443431,1,,1815308
,201,1,,1,3194947,44,1,Yardi Agresta ,0,1815308,3194947.44,20,3400984863137864716,2808.637,2808.637,0,,0.0,0,2873,,TEAM BMTR ,bbbbbb,000000,aaaaaa,0,L,167,za,167,175,0,1,52.6,3,1,10,Vet,0,,20,20,0,0,0,178,1.04,50,174,3.3,3.3,175,0,3.5,3.6,3.8,4.1,4.4,4.9,5.1,185.0,192.0,200.0,218.0,229.0,257.0,270.0,0,1,,1,,,,0,,-1,WTRL Team Time Trial - Zone 7,TYPE_TEAM_TIME_TRIAL TYPE_RACE ,31,2022/10/27,1880443431,1,,1815308
,201,1,,3,3194921,11,9,Yardi Agresta ,0,1815308,3194921.11,26,389536600010,3600.014,3600.014,0.013,,0.0,0,2873,,TEAM BMTR ,bbbbbb,000000,aaaaaa,0,C,167,za,144,167,0,1,52.6,3,1,10,Vet,0,,20,20,0,0,0,158,1.03,51,148,2.8,2.9,152,0,3.1,3.5,3.8,4.5,5.2,5.9,5.9,161.0,183.0,201.0,239.0,274.0,308.0,308.0,0,0,,1,,,,0,,-1,CRYO-GEN Tempo Thursday Group Ride),TYPE_RIDE,0,2022/10/27,910684583,,3600,1815308
,233,0,,4,3193244,10,10,Blopa&reg;,0,1714370,3193244.10,0,389315900010,3600.005,3600.005,0.005,,0.0,1,2873,,TEAM BMTR ,bbbbbb,000000,aaaaaa,0,D,182,uy,0,0,0,0,67.4,3,1,1,Mas,0,,20,0,0,0,0,145,0.0,0,114,1.7,2.0,136,0,2.1,3.1,3.9,4.3,5.1,5.5,5.9,144.0,206.0,262.0,292.0,342.0,372.0,397.0,0,0,,1,,,,0,,-1,BanditZ WandererZ,TYPE_RIDE,0,2022/10/26,1386460176,,3600,1714370
,201,1,,3,3193223,72,41,Yardi Agresta ,0,1815308,3193223.72,27,389311600041,3600.022,3600.082,0.022,,0.0,0,2873,,TEAM BMTR ,bbbbbb,000000,aaaaaa,0,C,167,za,154,161,0,1,52.6,3,1,10,Vet,0,,20,20,0,0,0,152,0.97,54,150,2.9,2.8,148,0,3.0,3.1,3.2,3.5,4.4,5.1,5.1,156.0,161.0,169.0,184.0,231.0,269.0,269.0,0,0,,1,,,,0,,-1,BMTR Short Adventure,TYPE_RIDE,0,2022/10/26,1638640398,,3600,1815308
,201,1,,3,3193188,24,24,Yardi Agresta ,0,1815308,3193188.24,28,389304400029,5400.027,5400.027,0.025,,0.0,0,2873,,TEAM BMTR ,bbbbbb,000000,aaaaaa,0,C,167,za,155,171,0,1,52.6,3,1,10,Vet,0,,20,20,0,0,0,156,0.97,54,151,2.9,2.8,151,0,3.0,3.2,3.6,4.1,5.0,5.7,5.7,159.0,171.0,191.0,216.0,262.0,298.0,298.0,0,0,,1,,,,0,,-1,3R Endurance Ride,TYPE_RIDE,0,2022/10/26,1064303857,,5400,1815308
,201,1,,3,3185908,56,56,Yardi Agresta ,0,1815308,3185908.56,30,388025600062,9014.837,9015.437,18.844,,0.0,0,2873,,TEAM BMTR ,bbbbbb,000000,aaaaaa,0,C,167,za,146,166,0,1,52.6,3,1,10,Vet,0,,20,20,0,0,0,147,0.99,53,144,2.7,2.8,149,0,3.0,3.4,3.7,4.0,4.1,4.5,4.5,157.0,181.0,194.0,211.0,215.0,236.0,236.0,0,0,,1,,,,0,,-1,3R Endurance Steady Ride,TYPE_RIDE,100,2022/10/23,928793662,,,1815308
,201,1,,3,3184296,21,21,Yardi Agresta ,0,1815308,3184296.21,29,387797200024,9204.941,9204.941,36.642,,0.0,0,2873,,TEAM BMTR ,bbbbbb,000000,aaaaaa,0,C,167,za,143,174,0,1,52.6,3,1,10,Vet,0,,20,20,0,0,0,141,0.95,55,136,2.6,2.7,144,0,2.9,3.3,3.7,4.6,6.0,6.7,6.7,152.0,173.0,193.0,242.0,316.0,352.0,352.0,0,0,,1,,,,0,,-1,3R Endurance Steady Ride,TYPE_RIDE,100,2022/10/22,2128890027,,,1815308
,233,0,,4,3181736,18,18,Blopa&reg;,0,1714370,3181736.18,0,387466100017,3600.006,3600.006,0.006,,0.0,1,2873,,TEAM BMTR ,bbbbbb,000000,aaaaaa,0,D,182,uy,0,0,0,0,67.4,3,1,1,Mas,0,,20,0,0,0,0,158,0.0,0,155,2.3,2.3,154,0,2.4,2.6,2.8,2.9,2.9,3.3,3.7,163.0,172.0,189.0,193.0,198.0,221.0,251.0,0,0,,1,,,,0,,-1,AEO Fun Ride p/b Stolen Goat,TYPE_RIDE,0,2022/10/20,3407362320,,3600,1714370
,201,1,,1,3181719,49,8,Yardi Agresta ,0,1815308,3181719.49,21,3398904763137864716,2689.331,2689.331,85.121,,0.0,0,2873,,TEAM BMTR ,bbbbbb,000000,aaaaaa,0,L,167,za,165,176,0,1,52.6,3,1,10,Vet,0,,20,20,0,0,0,176,1.04,50,172,3.3,3.2,170,0,3.4,3.7,3.9,4.2,4.6,5.0,5.7,179.0,197.0,206.0,219.0,241.0,265.0,301.0,0,1,,1,,,,0,,-1,WTRL Team Time Trial - Zone 7,TYPE_TEAM_TIME_TRIAL TYPE_RACE ,28,2022/10/20,107363867,3,,1815308
,201,1,,3,3181691,23,13,Yardi Agresta ,0,1815308,3181691.23,27,387455900028,3600.031,3600.031,0.03,,0.0,0,2873,,TEAM BMTR ,bbbbbb,000000,aaaaaa,0,C,167,za,155,178,0,1,52.6,3,1,10,Vet,0,,20,20,0,0,0,161,0.97,54,151,2.9,3.1,165,0,3.3,3.7,4.0,4.3,4.8,5.5,5.5,174.0,194.0,213.0,227.0,255.0,287.0,287.0,0,0,,1,,,,0,,-1,CRYO-GEN Tempo Thursday Group Ride),TYPE_RIDE,0,2022/10/20,3366225080,,3600,1815308
,201,1,,3,3179872,83,41,Yardi Agresta ,0,1815308,3179872.83,28,387216400041,3600.02,3600.08,0.02,,0.0,0,2873,,TEAM BMTR ,bbbbbb,000000,aaaaaa,0,C,167,za,154,166,0,1,52.6,3,1,10,Vet,0,,20,20,0,0,0,151,0.96,54,148,2.8,2.8,148,0,3.0,3.2,3.4,3.5,4.1,4.9,4.9,156.0,166.0,178.0,184.0,218.0,258.0,258.0,0,0,,1,,,,0,,-1,BMTR Short Adventure,TYPE_RIDE,0,2022/10/19,3302953739,,3600,1815308
,201,1,,3,3179842,30,30,Yardi Agresta ,0,1815308,3179842.30,27,387210000034,5400.026,5400.026,0.026,,0.0,0,2873,,TEAM BMTR ,bbbbbb,000000,aaaaaa,0,C,167,za,146,162,0,1,52.6,3,1,10,Vet,0,,20,20,0,0,0,144,0.97,54,141,2.7,2.6,139,0,2.8,3.1,3.3,3.5,3.9,4.2,4.2,147.0,162.0,173.0,185.0,206.0,219.0,219.0,0,0,,1,,,,0,,-1,3R Endurance Ride,TYPE_RIDE,0,2022/10/19,1397026382,,5400,1815308
,201,1,,3,3177108,166,45,Yardi Agresta ,0,1815308,3177108.166,90,386852000045,2365.566,2365.686,145.41,,0.0,0,2873,,TEAM BMTR ,bbbbbb,000000,aaaaaa,0,C,167,za,172,179,0,1,52.6,3,1,10,Vet,0,,20,20,575.88,504.12,0,181,1.05,50,180,3.4,3.3,173,0,3.5,3.8,4.0,4.0,4.1,4.1,4.1,183.0,198.0,212.0,213.0,216.0,216.0,216.0,0,0,,1,,,,0,,-1,Zwift Racing League | WTRL - EMEA North East Open Division1,TYPE_RACE TYPE_RACE ,54,2022/10/18,2746475460,1,,1815308
,201,1,,3,3177136,114,42,Yardi Agresta ,0,1815308,3177136.114,18,3398306663137864716,2397.806,2397.926,147.333,,0.0,0,2873,,TEAM BMTR ,bbbbbb,000000,aaaaaa,0,C,167,za,165,176,0,1,52.6,3,1,10,Vet,0,,20,20,520.15,516.59,11.17,180,1.07,49,176,3.3,3.2,171,0,3.4,3.7,3.9,4.1,4.5,4.8,5.1,180.0,197.0,204.0,216.0,239.0,254.0,269.0,0,0,,1,,,,0,,-1,Zwift Racing League | WTRL - ATLANTIC C Open Division1,TYPE_RACE TYPE_RACE ,54,2022/10/18,2746475460,1,,1815308
,201,1,,4,3178068,15,2,Yardi Agresta ,0,1815308,3178068.15,26,386977000017,11.896,3600.014,3.514,,0.0,0,2873,,TEAM BMTR ,bbbbbb,000000,aaaaaa,0,I,167,za,155,169,0,1,52.6,3,1,10,Vet,0,,20,20,0,0,0,154,0.96,54,149,2.8,2.8,148,0,3.0,3.1,3.4,3.8,4.3,4.8,4.8,156.0,162.0,180.0,199.0,224.0,252.0,252.0,0,0,,1,,36,,0,,-1,GGCC Glasgow Green Cycle Club Tuesday Training Ride,TYPE_RIDE,0,2022/10/18,480315274,,3600,1815308
,201,1,,3,3176306,52,52,Yardi Agresta ,0,1815308,3176306.52,27,386727300052,3600.024,3600.024,0.024,,0.0,0,2873,,TEAM BMTR ,bbbbbb,000000,aaaaaa,0,C,167,za,147,167,0,1,52.6,3,1,10,Vet,0,,20,20,0,0,0,155,0.99,53,145,2.8,2.7,143,0,2.9,3.4,3.7,4.5,4.7,4.9,4.9,151.0,180.0,197.0,237.0,247.0,258.0,258.0,0,0,,1,,,,0,,-1,BMTR Short Adventure,TYPE_RIDE,0,2022/10/17,986252325,,3600,1815308
,201,1,,3,3174681,58,58,Yardi Agresta ,0,1815308,3174681.58,28,386533500062,9241.484,9242.084,35.85,,0.0,0,2873,,TEAM BMTR ,bbbbbb,000000,aaaaaa,0,C,167,za,148,167,0,1,52.6,3,1,10,Vet,0,,20,20,0,0,0,150,0.99,53,146,2.8,2.7,144,0,2.9,3.2,3.3,3.9,4.5,4.9,4.9,152.0,166.0,174.0,203.0,236.0,260.0,260.0,0,0,,1,,,,0,,-1,3R Endurance Steady Ride,TYPE_RIDE,100,2022/10/16,3914529041,,,1815308
,201,1,,1,3173328,44,44,Yardi Agresta ,0,1815308,3173328.44,349,386349200044,15601.582,15601.582,2766.823,,0.0,0,2873,,TEAM BMTR ,bbbbbb,000000,aaaaaa,0,A,167,za,142,174,0,1,52.6,3,1,10,Vet,0,,20,20,0,0,0,143,0.94,56,133,2.5,2.8,152,0,3.0,3.5,3.7,4.2,5.3,6.1,6.1,160.0,182.0,193.0,223.0,278.0,323.0,323.0,0,0,,1,,,,0,,-1,The BMTR Fundo,TYPE_RIDE,161,2022/10/15,2128890027,,,1815308
,201,1,,3,3147093,32,17,Yardi Agresta ,0,1815308,3147093.32,18,382324200018,2434.51,2434.63,211.448,,0.0,0,2873,,TEAM BMTR ,bbbbbb,000000,aaaaaa,0,C,167,za,156,166,0,1,52.6,3,1,10,Vet,0,,20,20,0,515.33,0,167,1.04,50,163,3.1,3.1,163,0,3.3,3.5,3.6,4.1,4.6,4.8,5.1,172.0,185.0,192.0,215.0,240.0,255.0,269.0,0,0,,1,,,,0,,-1,STAGE 2: RACE LIKE A CHAMP - Knickerbocker,TYPE_RACE TYPE_RACE ,23,2022/10/14,2954366662,1,,1815308
,201,1,,3,3169536,62,20,Yardi Agresta ,0,1815308,3169536.62,63,385809000020,3600.01,3600.07,0.01,,0.0,0,2873,,TEAM BMTR ,bbbbbb,000000,aaaaaa,0,C,167,za,154,168,0,1,52.6,3,1,10,Vet,0,,20,20,0,0,0,149,0.94,56,144,2.7,2.7,145,0,2.9,3.2,3.4,3.8,4.2,4.3,4.3,153.0,169.0,178.0,199.0,219.0,224.0,224.0,0,0,,1,,,,0,,-1,BMTR Short Adventure,TYPE_RIDE,0,2022/10/12,986252325,,3600,1815308
,201,1,,3,3157560,124,37,Yardi Agresta ,0,1815308,3157560.124,19,384257300037,2503.284,2503.404,149.924,,0.0,0,2873,,TEAM BMTR ,bbbbbb,000000,aaaaaa,0,C,167,za,167,177,0,1,52.6,3,1,10,Vet,0,,20,20,481.28,535.04,20.33,177,1.04,50,173,3.3,3.2,171,0,3.4,3.9,4.2,4.5,4.8,4.8,4.8,181.0,203.0,220.0,235.0,250.0,253.0,255.0,0,0,,1,,,,0,,-1,Zwift Racing League | WTRL - ATLANTIC C Open Division1,TYPE_RACE TYPE_RACE ,25,2022/10/11,3864857876,,,1815308
,201,1,,4,3167877,12,2,Yardi Agresta ,0,1815308,3167877.12,26,385597800037,29.756,3600.025,8.574,,0.0,0,2873,,TEAM BMTR ,bbbbbb,000000,aaaaaa,0,I,167,za,147,168,0,1,52.6,3,1,10,Vet,0,,20,20,0,0,0,138,0.9,58,133,2.5,2.6,138,0,2.8,3.0,3.2,3.6,4.2,4.7,4.7,146.0,156.0,168.0,188.0,220.0,245.0,245.0,0,0,,1,,39,,0,,-1,GGCC Glasgow Green Cycle Club Tuesday Training Ride,TYPE_RIDE TYPE_RACE ,0,2022/10/11,2474227587,,3600,1815308
,201,1,,4,3155071,15,15,Yardi Agresta ,0,1815308,3155071.15,26,383890400015,3600.003,3600.003,0.003,,0.0,0,2873,,TEAM BMTR ,bbbbbb,000000,aaaaaa,0,D,167,za,146,164,0,1,52.6,3,1,10,Vet,0,,20,20,0,0,0,151,1.01,52,147,2.8,2.8,148,0,3.0,3.2,3.5,3.9,4.0,4.3,4.3,156.0,167.0,183.0,203.0,211.0,225.0,225.0,0,0,,1,,,,0,,-1,Canyon Ranch Group Ride p/b Pinarello,TYPE_RIDE,0,2022/10/10,1776635757,,3600,1815308
,201,1,,3,3165932,37,37,Yardi Agresta ,0,1815308,3165932.37,26,385375100035,3600.021,3600.021,0.021,,0.0,0,2873,,TEAM BMTR ,bbbbbb,000000,aaaaaa,0,C,167,za,152,165,0,1,52.6,3,1,10,Vet,0,,20,20,0,0,0,156,0.99,52,151,2.9,2.8,149,0,3.0,3.2,3.4,3.8,4.6,5.3,5.3,157.0,166.0,181.0,202.0,241.0,277.0,277.0,0,0,,1,,,,0,,-1,BMTR Short Adventure,TYPE_RIDE,0,2022/10/10,3599973269,,3600,1815308
,201,1,,1,3148665,29,29,Yardi Agresta ,0,1815308,3148665.29,26,382834000029,3003.457,3003.457,708.832,,0.0,0,2873,,TEAM BMTR ,bbbbbb,000000,aaaaaa,0,A,167,za,148,167,0,1,52.6,3,1,10,Vet,0,,20,20,0,0,0,157,1.01,51,150,2.9,2.8,149,0,3.0,3.3,3.9,4.1,4.8,5.5,5.5,157.0,176.0,203.0,218.0,254.0,290.0,290.0,0,0,,1,,,,0,,-1,Finish Line Ride | ZA Road 2022,TYPE_RIDE,26,2022/10/09,3864857876,,,1815308
,233,0,,1,3148513,28,28,Blopa&reg;,0,1714370,3148513.28,0,382758000028,2943.343,2943.343,394.022,,0.0,1,2873,,TEAM BMTR ,bbbbbb,000000,aaaaaa,0,A,182,uy,0,0,0,0,67.4,3,1,1,Mas,0,,20,0,0,0,0,198,0.0,0,177,2.6,2.6,181,0,2.8,3.5,4.1,5.0,5.8,6.5,7.6,191.0,233.0,276.0,338.0,394.0,439.0,509.0,0,0,,1,,,,0,,-1,Finish Line Ride | ZA Road 2022,TYPE_RIDE,26,2022/10/09,3864857876,,,1714370
,233,0,,3,3147035,50,0,Blopa&reg;,0,1714370,3147035.50,0,382299200016,1428.833,1428.953,0,,0.0,1,2873,,TEAM BMTR ,bbbbbb,000000,aaaaaa,0,HR,182,uy,0,0,0,0,67.4,3,1,1,Mas,0,,20,0,0,584.77,0,228,0.0,0,224,3.3,3.1,210,0,3.3,3.6,3.7,4.1,4.9,5.8,7.4,222.0,242.0,251.0,276.0,332.0,393.0,496.0,0,0,,1,,,,0,,-1,STAGE 1: RACE LIKE A CHAMP - Yorkshire,TYPE_RACE TYPE_RACE ,14,2022/10/08,2007026433,1,,1714370
,201,1,,1,3162870,29,29,Yardi Agresta ,0,1815308,3162870.29,250,384974600029,16059.684,16059.684,2689.53,,0.0,0,2873,,TEAM BMTR ,bbbbbb,000000,aaaaaa,0,A,167,za,151,170,0,1,52.6,3,1,10,Vet,0,,20,20,0,0,0,151,0.93,56,141,2.7,2.8,150,0,3.0,3.4,3.7,4.3,5.0,5.5,5.5,158.0,180.0,197.0,228.0,261.0,290.0,290.0,0,0,,1,,,,0,,-1,The BMTR Fundo,TYPE_RIDE,161,2022/10/08,3914529041,,,1815308
,201,1,,4,3161577,40,40,Yardi Agresta ,0,1815308,3161577.40,44,384800800040,3600.01,3600.13,0.01,,0.0,0,2873,,TEAM BMTR ,bbbbbb,000000,aaaaaa,0,D,167,za,153,164,0,1,52.6,3,1,10,Vet,0,,20,20,0,0,0,149,0.95,55,146,2.8,2.7,144,0,2.9,3.0,3.3,3.8,4.4,5.0,5.0,152.0,160.0,172.0,198.0,234.0,262.0,262.0,0,0,,1,,,,0,,-1,BMTR Short Adventure,TYPE_RIDE,0,2022/10/07,3366225080,,3600,1815308
,201,1,,1,3160413,178,53,Yardi Agresta ,0,1815308,3160413.178,44,3396097763137864716,2760.365,2760.365,154.497,,0.0,0,2873,,TEAM BMTR ,bbbbbb,000000,aaaaaa,0,L,167,za,172,178,0,1,52.6,3,1,10,Vet,0,,20,20,0,0,0,173,0.99,53,170,3.2,3.2,171,0,3.4,3.5,3.7,4.0,4.3,4.3,4.3,181.0,186.0,197.0,211.0,226.0,227.0,227.0,0,1,,1,,,,0,,-1,WTRL Team Time Trial - Zone 14,TYPE_TEAM_TIME_TRIAL TYPE_RACE ,31,2022/10/06,3395698268,3,,1815308
,201,1,,4,3160312,4,4,Yardi Agresta ,0,1815308,3160312.4,26,384628100004,3600.003,3600.003,0.002,,0.0,0,2873,,TEAM BMTR ,bbbbbb,000000,aaaaaa,0,D,167,za,149,159,0,1,52.6,3,1,10,Vet,0,,20,20,0,0,0,143,0.95,55,141,2.7,2.5,135,0,2.7,2.8,3.0,3.7,4.0,4.1,4.1,143.0,146.0,160.0,193.0,212.0,214.0,214.0,0,0,,1,,,,0,,-1,Virginias Blue Ridge TWENTY24 Road to Paris,TYPE_RIDE,0,2022/10/06,3366225080,,3600,1815308
,201,1,,1,3160284,30,5,Yardi Agresta ,0,1815308,3160284.30,21,3396063663137864716,2789.295,2789.295,10.65,,0.0,0,2873,,TEAM BMTR ,bbbbbb,000000,aaaaaa,0,L,167,za,171,179,0,1,52.6,3,1,10,Vet,0,,20,20,0,0,0,169,0.96,54,165,3.1,3.1,163,0,3.3,3.5,3.6,3.8,4.4,4.7,4.8,172.0,185.0,189.0,198.0,232.0,246.0,250.0,0,1,,1,,,,0,,-1,WTRL Team Time Trial - Zone 6,TYPE_TEAM_TIME_TRIAL TYPE_RACE ,31,2022/10/06,3395698268,3,,1815308
,201,1,,3,3158690,64,31,Yardi Agresta ,0,1815308,3158690.64,27,384401900030,3600.025,3600.085,0.025,,0.0,0,2873,,TEAM BMTR ,bbbbbb,000000,aaaaaa,0,C,167,za,157,167,0,1,52.6,3,1,10,Vet,0,,20,20,0,0,0,143,0.9,58,141,2.7,2.6,138,0,2.8,2.9,3.1,3.3,3.8,4.2,4.2,146.0,155.0,165.0,175.0,198.0,220.0,220.0,0,0,,1,,,,0,,-1,BMTR Short Adventure,TYPE_RIDE,0,2022/10/05,928793662,,3600,1815308
,201,1,,3,3147023,25,9,Yardi Agresta ,0,1815308,3147023.25,101,382293200009,1610.72,1610.84,216.174,,0.0,0,2873,,TEAM BMTR ,bbbbbb,000000,aaaaaa,0,C,167,za,155,163,0,1,52.6,3,1,10,Vet,0,,20,20,0,517.60,0,156,1.0,52,155,3.0,2.8,149,0,3.0,3.2,3.5,3.6,3.6,3.6,3.6,157.0,168.0,183.0,190.0,190.0,190.0,190.0,0,0,,1,,,,0,,-1,STAGE 1: RACE LIKE A CHAMP - Yorkshire,TYPE_RACE TYPE_RACE ,14,2022/10/04,2007026433,1,,1815308
,201,1,,3,3157440,112,34,Yardi Agresta ,0,1815308,3157440.112,18,384220800034,3509.187,3509.307,173.193,,0.0,0,2873,,TEAM BMTR ,bbbbbb,000000,aaaaaa,0,C,167,za,167,178,0,1,52.6,3,1,10,Vet,0,,20,20,490.87,536.02,18.42,171,1.01,51,169,3.2,3.2,169,0,3.4,3.8,3.9,4.3,4.5,4.7,5.0,178.0,198.0,204.0,224.0,237.0,248.0,265.0,0,0,,1,,,,0,,-1,Zwift Racing League | WTRL - ATLANTIC C Open Division1,TYPE_RACE TYPE_RACE ,50,2022/10/04,3364574135,7,,1815308
,201,1,,4,3156975,2,2,Yardi Agresta ,0,1815308,3156975.2,26,384127700010,3600.013,3600.013,0,,0.0,0,2873,,TEAM BMTR ,bbbbbb,000000,aaaaaa,0,D,167,za,154,169,0,1,52.6,3,1,10,Vet,0,,20,20,0,0,0,156,0.99,52,153,2.9,2.8,151,0,3.0,3.3,3.8,4.3,4.7,4.9,4.9,159.0,175.0,202.0,228.0,248.0,258.0,258.0,0,0,,1,,68,,0,,-1,GGCC Glasgow Green Cycle Club Tuesday Training Ride,TYPE_RIDE,0,2022/10/04,3364574135,,3600,1815308
,201,1,,3,3155021,43,26,Yardi Agresta ,0,1815308,3155021.43,26,383881600026,6441.15,6441.27,31.647,,0.0,0,2873,,TEAM BMTR ,bbbbbb,000000,aaaaaa,0,C,167,za,146,171,0,1,52.6,3,1,10,Vet,0,,20,20,0,0,0,147,0.98,53,143,2.7,2.7,142,0,2.9,3.0,3.4,4.0,5.0,5.6,5.6,150.0,159.0,180.0,211.0,263.0,293.0,293.0,0,0,,1,,,,0,,-1,KISS at Base Training Ride,TYPE_RIDE,72,2022/10/03,2128890027,4,,1815308
,201,1,,3,3153304,53,53,Yardi Agresta ,0,1815308,3153304.53,28,383671300060,8890.204,8890.804,8.427,,0.0,0,2873,,TEAM BMTR ,bbbbbb,000000,aaaaaa,0,C,167,za,154,170,0,1,52.6,3,1,10,Vet,0,,20,20,0,0,0,152,0.97,54,149,2.8,2.8,148,0,3.0,3.1,3.4,3.9,4.2,4.3,4.3,156.0,165.0,179.0,204.0,220.0,224.0,224.0,0,0,,1,,,,0,,-1,3R Endurance Steady Ride,TYPE_RIDE,100,2022/10/02,1776635757,,,1815308
,233,0,,5,3149771,19,19,Blopa&reg;,0,1714370,3149771.19,0,383177700019,4309.416,4309.416,602.169,,0.0,1,2873,,TEAM BMTR ,bbbbbb,000000,aaaaaa,0,E,182,uy,147,172,0,1,67.4,3,1,1,Mas,0,,20,0,523.86,0,15.23,207,1.36,49,200,3.0,2.9,197,0,3.1,3.6,4.1,4.3,4.7,4.9,5.3,208.0,245.0,273.0,290.0,318.0,327.0,354.0,0,0,,1,,,,0,,-1,Uruguay Esport Ciclismo - Elequipo,TYPE_RACE TYPE_RACE ,42,2022/10/02,2748657713,1,,1714370
,201,1,,1,3152049,33,33,Yardi Agresta ,0,1815308,3152049.33,28,383498300033,15582.024,15582.024,2416.466,,0.0,0,2873,,TEAM BMTR ,bbbbbb,000000,aaaaaa,0,A,167,za,152,175,0,1,52.6,3,1,10,Vet,0,,20,20,0,0,0,144,0.92,57,140,2.7,2.8,150,0,3.0,3.2,3.7,4.1,5.1,6.1,6.1,158.0,167.0,195.0,216.0,270.0,322.0,322.0,0,0,,1,,,,0,,-1,The BMTR Fundo,TYPE_RIDE,161,2022/10/01,3453194200,,,1815308
,201,1,,4,3150868,11,11,Yardi Agresta ,0,1815308,3150868.11,26,383308300012,3600.003,3600.123,0.003,,0.0,0,2873,,TEAM BMTR ,bbbbbb,000000,aaaaaa,0,D,167,za,149,170,0,1,52.6,3,1,10,Vet,0,,20,20,0,0,0,142,0.93,56,139,2.6,2.6,139,0,2.8,2.9,3.3,4.0,4.6,5.2,5.2,147.0,155.0,172.0,210.0,244.0,271.0,271.0,0,0,,1,,,,0,,-1,BMTR Short Adventure,TYPE_RIDE,0,2022/09/30,1064303857,,3600,1815308
,233,0,,1,3102876,14,14,Blopa&reg;,0,1714370,3102876.14,0,375319400009,3599.05,2759.965,0.382,,0.0,1,2873,,TEAM BMTR ,bbbbbb,000000,aaaaaa,0,A,182,uy,0,0,0,0,67.4,3,1,1,Mas,0,,20,0,0,0,0,179,0.0,0,151,2.2,2.4,162,0,2.5,3.1,3.3,4.2,4.2,4.2,4.3,171.0,208.0,221.0,280.0,283.0,286.0,293.0,0,0,,1,,,,0,,-1,Workout #5 | Pyramids | ZA Road 2022,TYPE_WORKOUT TYPE_WORKOUT,0,2022/09/29,3356878261,,3600,1714370
,201,1,,1,3149432,18,11,Yardi Agresta ,0,1815308,3149432.18,21,383108900011,3258.95,3258.95,317.187,,0.0,0,2873,,TEAM BMTR ,bbbbbb,000000,aaaaaa,0,A,167,za,172,179,0,1,52.6,3,1,10,Vet,0,,20,20,0,0,0,170,0.97,54,166,3.2,3.2,169,0,3.4,3.7,3.9,4.5,5.0,5.2,5.4,178.0,194.0,203.0,235.0,261.0,276.0,284.0,0,0,,1,,,,0,,-1,WTRL Team Time Trial - Zone 6,TYPE_TEAM_TIME_TRIAL TYPE_RACE ,34,2022/09/29,1509089537,3,,1815308
,201,1,,3,3146340,58,31,Yardi Agresta ,0,1815308,3146340.58,26,382129400031,3600.023,3600.083,0.023,,0.0,0,2873,,TEAM BMTR ,bbbbbb,000000,aaaaaa,0,C,167,za,154,166,0,1,52.6,3,1,10,Vet,0,,20,20,0,0,0,147,0.94,56,144,2.7,2.7,143,0,2.9,3.2,3.3,3.5,3.7,4.0,4.0,151.0,169.0,172.0,183.0,197.0,208.0,208.0,0,0,,1,,,,0,,-1,BMTR Short Adventure,TYPE_RIDE,0,2022/09/28,3379779247,,3600,1815308
,201,1,,3,3147749,148,16,Yardi Agresta ,0,1815308,3147749.148,58,382614100016,2240.437,2240.557,32.436,,0.0,0,2873,,TEAM BMTR ,bbbbbb,000000,aaaaaa,0,C,167,za,173,178,0,1,52.6,3,1,10,Vet,0,,20,20,0,0,0,178,1.02,51,177,3.4,3.2,171,0,3.4,3.5,3.6,3.8,4.0,4.0,4.0,180.0,186.0,192.0,199.0,211.0,211.0,211.0,0,0,,1,,,,0,,-1,Zwift Racing League | WTRL - EMEA North East Open Division1,TYPE_TEAM_TIME_TRIAL TYPE_RACE ,25,2022/09/27,3914529041,1,,1815308
,201,1,,4,3144944,4,4,Yardi Agresta ,0,1815308,3144944.4,27,381941700028,3600.022,3600.022,0.016,,0.0,0,2873,,TEAM BMTR ,bbbbbb,000000,aaaaaa,0,D,167,za,165,172,0,1,52.6,3,1,10,Vet,0,,20,20,0,0,0,156,0.93,56,154,2.9,2.8,151,0,3.0,3.2,3.4,3.5,4.2,4.8,4.8,159.0,167.0,178.0,186.0,221.0,255.0,255.0,0,0,,1,,25,,0,,-1,GGCC Glasgow Green Cycle Club Tuesday Training Ride,TYPE_RIDE,0,2022/09/27,3811569265,,3600,1815308
,233,0,,1,3102748,18,18,Blopa&reg;,0,1714370,3102748.18,0,375268800018,3599.159,2999.972,0.217,,0.0,1,2873,,TEAM BMTR ,bbbbbb,000000,aaaaaa,0,A,182,uy,0,0,0,0,67.4,3,1,1,Mas,0,,20,0,0,0,0,172,0.0,0,155,2.3,2.3,160,0,2.5,2.9,2.9,3.2,4.1,4.5,4.6,169.0,196.0,197.0,214.0,275.0,302.0,313.0,0,0,,1,,,,0,,-1,Workout #4 | Depleting Workout | ZA Road 2022,TYPE_WORKOUT TYPE_WORKOUT,0,2022/09/26,872351836,,3600,1714370
,201,1,,4,3143713,40,40,Yardi Agresta ,0,1815308,3143713.40,26,381802500041,3600.021,3600.021,0.021,,0.0,0,2873,,TEAM BMTR ,bbbbbb,000000,aaaaaa,0,D,167,za,150,169,0,1,52.6,3,1,10,Vet,0,,20,20,0,0,0,153,0.99,52,149,2.8,2.8,148,0,3.0,3.1,3.4,4.0,4.8,5.1,5.1,156.0,164.0,179.0,213.0,252.0,268.0,268.0,0,0,,1,,,,0,,-1,BMTR Misfits Social,TYPE_RIDE,0,2022/09/26,1776635757,,3600,1815308
,201,1,,4,3143595,71,71,Yardi Agresta ,0,1815308,3143595.71,26,381779500070,3600.023,3600.143,0.023,,0.0,0,2873,,TEAM BMTR ,bbbbbb,000000,aaaaaa,0,D,167,za,139,154,0,1,52.6,3,1,10,Vet,0,,20,20,0,0,0,128,0.9,58,125,2.4,2.2,120,0,2.4,2.6,2.9,3.3,4.0,4.5,4.5,127.0,136.0,152.0,176.0,210.0,235.0,235.0,0,0,,1,,,,0,,-1,BMTR Short Adventure,TYPE_RIDE,0,2022/09/26,3453194200,,3600,1815308
,201,1,,3,3143562,44,27,Yardi Agresta ,0,1815308,3143562.44,28,381773000027,6405.25,6405.37,8.603,,0.0,0,2873,,TEAM BMTR ,bbbbbb,000000,aaaaaa,0,C,167,za,155,179,0,1,52.6,3,1,10,Vet,0,,20,20,0,0,0,150,0.94,55,146,2.8,2.7,145,0,2.9,3.3,3.8,4.2,5.1,5.6,5.6,153.0,174.0,198.0,220.0,268.0,294.0,294.0,0,0,,1,,,,0,,-1,KISS at Base Training Ride,TYPE_RIDE,72,2022/09/26,2128890027,4,,1815308
,201,1,,3,3142105,40,40,Yardi Agresta ,0,1815308,3142105.40,29,381605400047,8997.505,8998.105,11.762,,0.0,0,2873,,TEAM BMTR ,bbbbbb,000000,aaaaaa,0,C,167,za,154,166,0,1,52.6,3,1,10,Vet,0,,20,20,0,0,0,146,0.93,56,143,2.7,2.6,141,0,2.8,3.1,3.2,3.5,4.4,5.4,5.4,149.0,162.0,168.0,185.0,233.0,286.0,286.0,0,0,,1,,,,0,,-1,3R Endurance Steady Ride,TYPE_RIDE,100,2022/09/25,928793662,,,1815308
,201,1,,4,3138578,23,23,Yardi Agresta ,0,1815308,3138578.23,26,381114600021,3600.013,3600.013,0.012,,0.0,0,2873,,TEAM BMTR ,bbbbbb,000000,aaaaaa,0,D,167,za,154,166,0,1,52.6,3,1,10,Vet,0,,20,20,0,0,0,148,0.94,55,145,2.8,2.7,143,0,2.9,3.0,3.3,3.7,4.4,4.6,4.6,151.0,160.0,174.0,197.0,231.0,244.0,244.0,0,0,,1,,,,0,,-1,AEO Fun Ride p/b Stolen Goat,TYPE_RIDE,0,2022/09/22,3407362320,,3600,1815308
,201,1,,3,3138534,7,2,Yardi Agresta ,0,1815308,3138534.7,26,3392547663137864716,3600.013,3600.013,0.013,,0.0,0,2873,,TEAM BMTR ,bbbbbb,000000,aaaaaa,0,C,167,za,159,178,0,1,52.6,3,1,10,Vet,0,,20,20,0,0,0,161,0.96,54,153,2.9,3.1,164,0,3.3,3.5,3.8,4.0,4.3,4.5,4.5,173.0,186.0,199.0,212.0,224.0,235.0,235.0,0,0,,1,,,,0,,-1,CRYO-GEN Tempo Thursday Group Ride),TYPE_RIDE,0,2022/09/22,2474227587,,3600,1815308
,201,1,,3,3102005,3,2,Yardi Agresta ,0,1815308,3102005.3,16,3386440163137864716,2474.634,2474.754,0.257,,0.0,0,2873,,TEAM BMTR ,bbbbbb,000000,aaaaaa,0,C,167,za,161,173,0,1,52.6,3,1,10,Vet,0,,20,20,0,481.95,0,162,0.99,52,160,3.0,2.9,155,0,3.1,3.2,3.5,4.0,4.9,5.4,5.8,164.0,171.0,185.0,212.0,258.0,283.0,303.0,0,0,,1,,,,0,,-1,STAGE 3: GET ROLLING—Douce France,TYPE_RACE TYPE_RACE ,25,2022/09/21,986252325,1,,1815308
,201,1,,3,3136882,50,29,Yardi Agresta ,0,1815308,3136882.50,26,380725900029,3600.02,3600.08,0.019,,0.0,0,2873,,TEAM BMTR ,bbbbbb,000000,aaaaaa,0,C,167,za,153,167,0,1,52.6,3,1,10,Vet,0,,20,20,0,0,0,149,0.96,54,147,2.8,2.8,148,0,3.0,3.1,3.2,3.5,3.7,3.9,3.9,156.0,165.0,169.0,183.0,196.0,206.0,206.0,0,0,,1,,,,0,,-1,BMTR Short Adventure,TYPE_RIDE,0,2022/09/21,3453194200,,3600,1815308
,201,1,,3,3137988,185,52,Yardi Agresta ,0,1815308,3137988.185,73,381016600052,2990.601,2990.721,363.005,,0.0,0,2873,,TEAM BMTR ,bbbbbb,000000,aaaaaa,0,C,167,za,167,174,0,1,52.6,3,1,10,Vet,0,,20,20,0,481.64,0,168,0.99,52,166,3.2,3.1,165,0,3.3,3.7,3.9,4.0,4.3,4.5,4.5,174.0,197.0,206.0,213.0,225.0,235.0,235.0,0,0,,1,,,,0,,-1,Zwift Racing League | WTRL - EMEA North East Open Division1,TYPE_RACE TYPE_RACE ,29,2022/09/20,1919980508,3,,1815308
,201,1,,4,3135501,8,0,Yardi Agresta ,0,1815308,3135501.8,26,380545800008,3600.003,3600.003,0,,0.0,0,2873,,TEAM BMTR ,bbbbbb,000000,aaaaaa,0,N/A,167,us,131,158,0,1,52.6,3,1,10,Vet,0,,20,20,0,0,0,109,0.8,65,105,2.0,1.9,101,0,2.0,2.4,3.0,3.6,3.6,3.8,3.8,107.0,126.0,159.0,189.0,192.0,198.0,198.0,0,0,,1,,,,0,,-1,REVO Social SUB2,TYPE_RIDE,0,2022/09/20,2128890027,,3600,1815308
,201,1,,4,3135477,8,8,Yardi Agresta ,0,1815308,3135477.8,26,380540400021,3600.031,3600.031,0.001,,0.0,0,2873,,TEAM BMTR ,bbbbbb,000000,aaaaaa,0,D,167,za,161,173,0,1,52.6,3,1,10,Vet,0,,20,20,0,0,0,151,0.91,57,147,2.8,2.8,151,0,3.0,3.2,3.4,3.7,4.2,4.4,4.4,159.0,169.0,181.0,197.0,223.0,233.0,233.0,0,0,,1,,24,,0,,-1,GGCC Glasgow Green Cycle Club Tuesday Training Ride,TYPE_RIDE,0,2022/09/20,3914529041,,3600,1815308
,201,1,,4,3134281,11,11,Yardi Agresta ,0,1815308,3134281.11,26,380387900011,3213.968,3213.968,224.728,,0.0,0,2873,,TEAM BMTR ,bbbbbb,000000,aaaaaa,0,D,167,za,149,163,0,1,52.6,3,1,10,Vet,0,,20,20,0,0,0,144,0.95,55,141,2.7,2.6,136,0,2.7,2.9,3.1,3.6,4.0,4.2,4.2,144.0,154.0,164.0,187.0,208.0,222.0,222.0,0,0,,1,,,,0,,-1,Ride With James from Zwift HQ,TYPE_RIDE,29,2022/09/19,1919980508,3,,1815308
,233,0,,1,3102288,45,45,Blopa&reg;,0,1714370,3102288.45,0,375098900031,3599.152,3179.97,0.519,,0.0,1,2873,,TEAM BMTR ,bbbbbb,000000,aaaaaa,0,A,182,uy,0,0,0,0,67.4,3,1,1,Mas,0,,20,0,0,0,0,174,0.0,0,155,2.3,2.4,166,0,2.6,2.9,3.1,3.2,3.3,3.3,3.5,175.0,196.0,209.0,218.0,220.0,224.0,236.0,0,0,,1,,,,0,,-1,Workout #2 | FTP Short Blocks | ZA Road 2022,TYPE_WORKOUT TYPE_WORKOUT,0,2022/09/19,1638640398,,3600,1714370
,201,1,,3,3134250,36,17,Yardi Agresta ,0,1815308,3134250.36,26,380381600017,6464.547,6464.667,24.693,,0.0,0,2873,,TEAM BMTR ,bbbbbb,000000,aaaaaa,0,C,167,za,149,169,0,1,52.6,3,1,10,Vet,0,,20,20,0,0,0,146,0.96,54,143,2.7,2.7,143,0,2.9,3.1,3.4,3.7,5.0,6.1,6.1,151.0,161.0,177.0,197.0,263.0,320.0,320.0,0,0,,1,,,,0,,-1,KISS at Base Training Ride,TYPE_RIDE,72,2022/09/19,2128890027,4,,1815308
,201,1,,1,3132157,19,19,Yardi Agresta ,0,1815308,3132157.19,48,380099900019,15735.646,15735.646,2317.892,,0.0,0,2873,,TEAM BMTR ,bbbbbb,000000,aaaaaa,0,A,167,za,153,177,0,1,52.6,3,1,10,Vet,0,,20,20,0,0,0,146,0.93,56,142,2.7,2.9,155,0,3.1,3.3,3.5,4.1,4.8,4.8,4.8,164.0,173.0,186.0,216.0,252.0,255.0,255.0,0,0,,1,,,,0,,-1,The BMTR Fundo,TYPE_RIDE,161,2022/09/17,1880443431,,,1815308
,201,1,,4,3131249,24,24,Yardi Agresta ,0,1815308,3131249.24,26,379966400023,3600.009,3600.129,0.009,,0.0,0,2873,,TEAM BMTR ,bbbbbb,000000,aaaaaa,0,D,167,za,162,176,0,1,52.6,3,1,10,Vet,0,,20,20,0,0,0,161,0.98,53,158,3.0,3.0,157,0,3.2,3.6,3.9,4.0,4.4,4.7,4.7,166.0,188.0,204.0,213.0,233.0,249.0,249.0,0,0,,1,,,,0,,-1,BMTR Short Adventure,TYPE_RIDE,0,2022/09/16,3366225080,,3600,1815308
,201,1,,4,3130201,2,2,Yardi Agresta ,0,1815308,3130201.2,28,379792200002,3600.0,3600.0,0,,0.0,0,2873,,TEAM BMTR ,bbbbbb,000000,aaaaaa,0,D,167,za,154,164,0,1,52.6,3,1,10,Vet,0,,20,20,0,0,0,155,0.99,53,152,2.9,2.8,150,0,3.0,3.3,3.4,3.6,4.2,4.6,4.6,158.0,173.0,181.0,190.0,223.0,241.0,241.0,0,0,,1,,,,0,,-1,AEO Fun Ride p/b Stolen Goat,TYPE_RIDE,0,2022/09/15,3407362320,,3600,1815308
,201,1,,3,3130160,14,13,Yardi Agresta ,0,1815308,3130160.14,26,3391225563137864716,3600.031,3600.031,0.028,,0.0,0,2873,,TEAM BMTR ,bbbbbb,000000,aaaaaa,0,C,167,za,136,163,0,1,52.6,3,1,10,Vet,0,,20,20,0,0,0,140,0.99,53,134,2.6,2.5,134,0,2.7,3.3,3.4,4.0,4.6,5.5,5.5,142.0,172.0,179.0,211.0,244.0,289.0,289.0,0,0,,1,,,,0,,-1,CRYO-GEN Tempo Thursday Group Ride),TYPE_RIDE,0,2022/09/15,3302953739,,3600,1815308
,201,1,,3,3099877,56,20,Yardi Agresta ,0,1815308,3099877.56,21,374586800022,2267.104,2267.224,256.553,,0.0,0,2873,,TEAM BMTR ,bbbbbb,000000,aaaaaa,0,C,167,za,152,160,0,1,52.6,3,1,10,Vet,0,,20,20,571.23,444.39,0,154,1.0,52,152,2.9,2.8,149,0,3.0,3.2,3.4,3.6,4.1,4.8,5.0,157.0,167.0,177.0,188.0,217.0,254.0,261.0,0,0,,1,,,,0,,-1,STAGE 2: GET ROLLING—Sand and Sequoias,TYPE_RACE TYPE_RACE ,23,2022/09/14,604330868,1,,1815308
,201,1,,3,3127668,32,15,Yardi Agresta ,0,1815308,3127668.32,26,378958600014,3600.01,3600.07,0.01,,0.0,0,2873,,TEAM BMTR ,bbbbbb,000000,aaaaaa,0,C,167,za,154,170,0,1,52.6,3,1,10,Vet,0,,20,20,0,0,0,149,0.94,55,145,2.8,2.6,138,0,2.8,3.1,3.5,3.9,5.1,6.2,6.2,146.0,164.0,182.0,207.0,267.0,324.0,324.0,0,0,,1,,,,0,,-1,BMTR Short Adventure,TYPE_RIDE,0,2022/09/14,928793662,,3600,1815308
,201,1,,3,3127636,12,12,Yardi Agresta ,0,1815308,3127636.12,29,378951700017,5400.019,5400.019,0.017,,0.0,0,2873,,TEAM BMTR ,bbbbbb,000000,aaaaaa,0,C,167,za,158,178,0,1,52.6,3,1,10,Vet,0,,20,20,0,0,0,153,0.94,56,148,2.8,2.8,148,0,3.0,3.3,4.1,4.8,5.1,5.2,5.2,156.0,173.0,216.0,250.0,270.0,273.0,273.0,0,0,,1,,,,0,,-1,3R Endurance Ride,TYPE_RIDE,0,2022/09/14,1776635757,,5400,1815308
,201,1,,3,3130771,116,27,Yardi Agresta ,0,1815308,3130771.116,19,379899000027,3713.413,3713.533,368.485,,0.0,0,2873,,TEAM BMTR ,bbbbbb,000000,aaaaaa,0,C,167,za,168,179,0,1,52.6,3,1,10,Vet,0,,20,20,470.77,461.77,17.25,171,1.0,52,168,3.2,3.2,168,0,3.4,3.6,3.8,4.0,4.3,5.3,5.8,177.0,188.0,200.0,212.0,226.0,278.0,306.0,0,0,,1,,,,0,,-1,Zwift Racing League | WTRL - ATLANTIC C Open Division1,TYPE_RACE TYPE_RACE ,28,2022/09/13,3023359358,1,,1815308
,233,0,,4,3128820,158,1,Blopa&reg;,0,1714370,3128820.158,0,379216200001,3096.157,3096.337,0,,0.0,1,2873,,TEAM BMTR ,bbbbbb,000000,aaaaaa,0,D,182,uy,0,0,0,0,67.4,3,1,1,Mas,0,,20,0,0,0,0,192,0.0,0,167,2.5,2.5,171,0,2.7,3.2,4.2,5.1,6.2,6.7,7.4,181.0,218.0,286.0,342.0,421.0,453.0,499.0,0,0,,1,,,,0,,-1,Baseline Ride | ZA Road 2022,TYPE_RIDE,26,2022/09/12,3864857876,,,1714370
,201,1,,4,3123816,98,98,Yardi Agresta ,0,1815308,3123816.98,26,378461400098,3600.028,3600.028,0.028,,0.0,0,2873,,TEAM BMTR ,bbbbbb,000000,aaaaaa,0,D,167,za,160,177,0,1,52.6,3,1,10,Vet,0,,20,20,0,0,0,162,0.99,53,158,3.0,3.0,157,0,3.2,3.4,4.0,4.7,4.8,5.1,5.1,166.0,178.0,209.0,249.0,254.0,269.0,269.0,0,0,,1,,,,0,,-1, BMTR Short Adventure,TYPE_RIDE,0,2022/09/11,1776635757,,3600,1815308
,201,1,,5,3130871,7,7,Yardi Agresta ,0,1815308,3130871.7,27,379914800007,4200.019,4200.019,0.019,,0.0,0,2873,,TEAM BMTR ,bbbbbb,000000,aaaaaa,0,E,167,za,143,159,0,1,52.6,3,1,10,Vet,0,,20,20,0,0,0,137,0.94,56,134,2.6,2.5,132,0,2.6,2.9,3.1,3.7,4.8,5.7,5.7,139.0,150.0,162.0,197.0,254.0,300.0,300.0,0,0,,1,,,,0,,-1,Memorial Ride for Her Royal Highness Elizabeth II,TYPE_RIDE,0,2022/09/10,2694166390,,4200,1815308
,201,1,,4,3121934,87,87,Yardi Agresta ,0,1815308,3121934.87,26,378180600087,3600.025,3600.145,0.025,,0.0,0,2873,,TEAM BMTR ,bbbbbb,000000,aaaaaa,0,D,167,za,142,158,0,1,52.6,3,1,10,Vet,0,,20,20,0,0,0,142,0.96,54,136,2.6,2.6,136,0,2.7,2.9,3.2,4.1,4.8,4.9,4.9,144.0,151.0,170.0,214.0,253.0,260.0,260.0,0,0,,1,,,,0,,-1,BMTR Short Adventure,TYPE_RIDE,0,2022/09/09,3366225080,,3600,1815308
,201,1,,3,3120939,20,19,Yardi Agresta ,0,1815308,3120939.20,27,378029600020,3600.031,3600.031,0.031,,0.0,0,2873,,TEAM BMTR ,bbbbbb,000000,aaaaaa,0,C,167,za,142,175,0,1,52.6,3,1,10,Vet,0,,20,20,0,0,0,146,0.94,55,134,2.6,2.6,139,0,2.8,3.3,3.6,4.8,6.1,6.4,6.4,147.0,174.0,192.0,252.0,320.0,339.0,339.0,0,0,,1,,,,0,,-1,CRYO-GEN Tempo Thursday Group Ride),TYPE_RIDE,0,2022/09/08,928793662,,3600,1815308
,233,0,,4,3119866,76,11,Blopa&reg;,0,1714370,3119866.76,0,377876200012,3600.007,3600.127,0.007,,0.0,1,2873,,TEAM BMTR ,bbbbbb,000000,aaaaaa,0,D,182,uy,0,0,0,0,67.4,3,1,1,Mas,0,,20,0,0,0,0,163,0.0,0,158,2.3,2.3,160,0,2.5,2.6,2.7,2.8,3.2,3.9,4.7,169.0,177.0,181.0,189.0,217.0,260.0,317.0,0,0,,1,,,,0,,-1,BMTR Short Adventure,TYPE_RIDE,0,2022/09/07,2128890027,,3600,1714370
,201,1,,3,3119866,41,18,Yardi Agresta ,0,1815308,3119866.41,26,377876100018,3600.012,3600.072,0.012,,0.0,0,2873,,TEAM BMTR ,bbbbbb,000000,aaaaaa,0,C,167,za,155,165,0,1,52.6,3,1,10,Vet,0,,20,20,0,0,0,148,0.94,55,146,2.8,2.6,140,0,2.8,3.1,3.6,4.1,4.8,5.1,5.1,148.0,161.0,187.0,218.0,252.0,270.0,270.0,0,0,,1,,,,0,,-1,BMTR Short Adventure,TYPE_RIDE,0,2022/09/07,2128890027,,3600,1815308
,201,1,,3,3119828,14,14,Yardi Agresta ,0,1815308,3119828.14,27,377868500015,5400.013,5400.013,0.013,,0.0,0,2873,,TEAM BMTR ,bbbbbb,000000,aaaaaa,0,C,167,za,156,179,0,1,52.6,3,1,10,Vet,0,,20,20,0,0,0,156,0.97,54,152,2.9,2.8,149,0,3.0,3.5,4.1,4.4,4.8,5.0,5.0,157.0,186.0,216.0,230.0,253.0,265.0,265.0,0,0,,1,,,,0,,-1,3R Endurance Ride,TYPE_RIDE,0,2022/09/07,3407362320,,5400,1815308
,201,1,,4,3118638,60,0,Yardi Agresta ,0,1815308,3118638.60,26,377702300060,3600.02,3600.02,0,,0.0,0,2873,,TEAM BMTR ,bbbbbb,000000,aaaaaa,0,N/A,167,us,147,159,0,1,52.6,3,1,10,Vet,0,,20,20,0,0,0,132,0.89,59,131,2.5,2.4,129,0,2.6,2.8,2.9,3.0,3.4,3.7,3.7,136.0,148.0,154.0,159.0,178.0,195.0,195.0,0,0,,1,,,,0,,-1,REVO Social SUB2,TYPE_RIDE,0,2022/09/06,2128890027,,3600,1815308
,201,1,,4,3118616,13,3,Yardi Agresta ,0,1815308,3118616.13,26,377697500017,11.497,3600.014,3.633,,0.0,0,2873,,TEAM BMTR ,bbbbbb,000000,aaaaaa,0,I,167,za,155,166,0,1,52.6,3,1,10,Vet,0,,20,20,0,0,0,149,0.95,55,147,2.8,2.7,146,0,2.9,3.2,3.3,3.4,3.7,3.9,3.9,154.0,167.0,173.0,179.0,194.0,203.0,203.0,0,0,,1,,75,,0,,-1,GGCC Glasgow Green Cycle Club Tuesday Training Ride,TYPE_RIDE TYPE_RACE ,0,2022/09/06,3282611437,,3600,1815308
,201,1,,5,3117677,3,3,Yardi Agresta ,0,1815308,3117677.3,25,377590600002,3600.0,3600.0,0,,0.0,0,2873,,TEAM BMTR ,bbbbbb,000000,aaaaaa,0,E,167,za,154,171,0,1,52.6,3,1,10,Vet,0,,20,20,0,0,0,151,0.95,55,147,2.8,2.8,147,0,2.9,3.3,3.5,3.8,4.4,4.9,4.9,155.0,174.0,185.0,199.0,229.0,258.0,258.0,0,0,,1,,,,0,,-1,RO4H Restoration Ride,TYPE_RIDE,0,2022/09/05,3453194200,,3600,1815308
,201,1,,2,3099686,38,34,Yardi Agresta ,0,1815308,3099686.38,17,3385940363137864716,1830.635,1830.695,354.531,,0.0,0,2873,,TEAM BMTR ,bbbbbb,000000,aaaaaa,0,B,167,za,164,171,0,1,52.6,3,1,10,Vet,0,,20,20,586.05,457.91,0,168,1.01,51,166,3.2,3.0,157,0,3.2,3.3,3.6,3.7,3.9,4.1,4.3,166.0,175.0,189.0,195.0,203.0,218.0,224.0,0,0,,1,,,,0,,-1,STAGE 1: GET ROLLING—Queens Highway,TYPE_RACE TYPE_RACE ,18,2022/09/05,3007266671,5,,1815308
,201,1,,3,3115646,5,4,Yardi Agresta ,0,1815308,3115646.5,25,377296700006,3185.824,3186.004,324.121,,0.0,0,2873,,TEAM BMTR ,bbbbbb,000000,aaaaaa,0,C,167,za,154,165,0,1,52.6,3,1,10,Vet,0,,20,20,585.68,448.58,0,152,0.97,54,149,2.8,2.7,144,0,2.9,3.1,3.4,3.8,4.4,5.1,5.2,152.0,163.0,179.0,201.0,232.0,270.0,275.0,0,0,,1,,,,0,,-1,3R hosted - e-Cykleklub Denmark - Club Championship Race,TYPE_RACE TYPE_RACE ,29,2022/09/03,1919980508,3,,1815308
,201,1,,3,2996506,106,31,Yardi Agresta ,0,1815308,2996506.106,18,359005000031,3039.033,3039.153,224.105,,0.0,0,2873,,TEAM BMTR ,bbbbbb,000000,aaaaaa,0,C,167,za,156,165,0,1,52.6,3,1,10,Vet,0,,20,20,0,448.44,0,155,0.98,53,153,2.9,2.8,149,0,3.0,3.2,3.4,3.5,3.8,4.2,4.4,157.0,168.0,177.0,182.0,199.0,221.0,229.0,0,0,,1,,,,0,,-1,Wahoo Le Col Races,TYPE_RACE TYPE_RACE ,31,2022/09/03,3395698268,3,,1815308
,201,1,,3,3113992,14,2,Yardi Agresta ,0,1815308,3113992.14,17,3388476563137864716,875.007,875.007,39.854,,0.0,0,2873,,TEAM BMTR ,bbbbbb,000000,aaaaaa,0,C,167,za,167,176,0,1,52.6,3,1,10,Vet,0,,20,20,556.99,448.90,0,178,1.06,49,177,3.4,3.0,0,1,,3.4,3.6,3.8,4.1,4.2,4.2,,179.0,188.0,198.0,216.0,220.0,221.0,0,0,,1,,,,0,,-1,Team Electric Spirit Co. Preprandial Crits,TYPE_RACE TYPE_RACE ,5,2022/09/01,1941800093,1,,1815308
,201,1,,3,3113959,22,19,Yardi Agresta ,0,1815308,3113959.22,26,377026300019,3600.04,3600.04,0.04,,0.0,0,2873,,TEAM BMTR ,bbbbbb,000000,aaaaaa,0,C,167,za,164,176,0,1,52.6,3,1,10,Vet,0,,20,20,0,0,0,156,0.93,56,153,2.9,2.8,149,0,3.0,3.2,3.4,3.6,4.1,4.5,4.5,157.0,168.0,180.0,189.0,214.0,235.0,235.0,0,0,,1,,,,0,,-1,CRYO-GEN Tempo Thursday Group Ride),TYPE_RIDE,0,2022/09/01,2474227587,,3600,1815308
,201,1,,4,3111844,88,0,Yardi Agresta ,0,1815308,3111844.88,26,376718200088,3600.072,3600.072,0,,0.0,0,2873,,TEAM BMTR ,bbbbbb,000000,aaaaaa,0,N/A,167,us,146,165,0,1,52.6,3,1,10,Vet,0,,20,20,0,0,0,135,0.9,58,132,2.5,2.5,132,0,2.6,2.8,3.1,3.6,4.5,5.0,5.0,139.0,149.0,161.0,191.0,237.0,265.0,265.0,0,0,,1,,,,0,,-1,REVO Social SUB2,TYPE_RIDE,0,2022/08/30,2128890027,,3600,1815308
,201,1,,4,3111819,17,17,Yardi Agresta ,0,1815308,3111819.17,27,376712600024,3600.023,3600.023,-0.002,,0.0,0,2873,,TEAM BMTR ,bbbbbb,000000,aaaaaa,0,D,167,za,158,171,0,1,52.6,3,1,10,Vet,0,,20,20,0,0,0,159,0.99,53,156,3.0,3.0,159,0,3.2,3.4,3.5,3.7,4.3,4.7,4.7,168.0,178.0,185.0,196.0,225.0,247.0,247.0,0,0,,1,,34,,0,,-1,GGCC Glasgow Green Cycle Club Tuesday Training Ride,TYPE_RIDE TYPE_RACE ,0,2022/08/30,3364574135,,3600,1815308
,201,1,,3,3110637,20,20,Yardi Agresta ,0,1815308,3110637.20,26,376493200020,4088.27,4088.27,108.842,,0.0,0,2873,,TEAM BMTR ,bbbbbb,000000,aaaaaa,0,C,167,za,156,174,0,1,52.6,3,1,10,Vet,0,,20,20,0,0,0,137,0.83,63,129,2.5,2.4,127,0,2.5,3.1,3.2,3.8,4.7,5.5,5.5,134.0,161.0,171.0,198.0,249.0,287.0,287.0,0,0,,1,,,,0,,-1,ZZRC Monday Latte 2-2.5 Social Ride,TYPE_RIDE,37,2022/08/29,2372883204,1,,1815308
,201,1,,3,3110598,41,20,Yardi Agresta ,0,1815308,3110598.41,26,376485800020,6514.056,6514.176,5.532,,0.0,0,2873,,TEAM BMTR ,bbbbbb,000000,aaaaaa,0,C,167,za,167,180,0,1,52.6,3,1,10,Vet,0,,20,20,0,0,0,151,0.88,59,147,2.8,2.8,152,0,3.0,3.4,3.7,4.4,5.1,5.3,5.3,160.0,179.0,196.0,231.0,270.0,280.0,280.0,0,0,,1,,,,0,,-1,KISS at Base Training Ride,TYPE_RIDE,72,2022/08/29,2128890027,4,,1815308
,201,1,,3,3105764,44,22,Yardi Agresta ,0,1815308,3105764.44,26,375782900022,3600.024,3600.084,0.024,,0.0,0,2873,,TEAM BMTR ,bbbbbb,000000,aaaaaa,0,C,167,za,151,169,0,1,52.6,3,1,10,Vet,0,,20,20,0,0,0,146,0.94,55,142,2.7,2.6,140,0,2.8,3.0,3.3,4.1,4.6,4.8,4.8,148.0,157.0,176.0,214.0,242.0,253.0,253.0,0,0,,1,,,,0,,-1,BMTR Short Adventure,TYPE_RIDE,0,2022/08/24,3599973269,,3600,1815308
,201,1,,3,3105727,22,22,Yardi Agresta ,0,1815308,3105727.22,27,375775400024,5400.054,5400.054,0.054,,0.0,0,2873,,TEAM BMTR ,bbbbbb,000000,aaaaaa,0,C,167,za,155,174,0,1,52.6,3,1,10,Vet,0,,20,20,0,0,0,154,0.97,54,150,2.9,2.8,149,0,3.0,3.1,3.5,4.3,5.0,5.4,5.4,157.0,165.0,186.0,225.0,265.0,284.0,284.0,0,0,,1,,,,0,,-1,3R Endurance Ride,TYPE_RIDE,0,2022/08/24,3366225080,,5400,1815308
,201,1,,4,3104827,41,32,Yardi Agresta ,0,1815308,3104827.41,29,375666900032,5400.045,5400.105,0.045,,0.0,0,2873,,TEAM BMTR ,bbbbbb,000000,aaaaaa,0,D,167,za,143,173,0,1,52.6,3,1,10,Vet,0,,20,20,0,0,0,145,0.96,54,137,2.6,2.6,139,0,2.8,3.4,4.1,4.5,5.4,5.4,5.4,147.0,178.0,214.0,236.0,283.0,284.0,284.0,0,0,,1,,,,0,,-1,Summit City Zwift League Endurance Ride,TYPE_RIDE,0,2022/08/23,2128890027,,5400,1815308
,201,1,,4,3104631,74,0,Yardi Agresta ,0,1815308,3104631.74,26,375626600074,3600.043,3600.043,0,,0.0,0,2873,,TEAM BMTR ,bbbbbb,000000,aaaaaa,0,N/A,167,us,153,166,0,1,52.6,3,1,10,Vet,0,,20,20,0,0,0,146,0.94,55,144,2.7,2.6,141,0,2.8,3.0,3.3,3.8,4.6,4.8,4.8,149.0,158.0,176.0,202.0,241.0,250.0,250.0,0,0,,1,,,,0,,-1,REVO Social SUB2,TYPE_RIDE,0,2022/08/23,2128890027,,3600,1815308
,201,1,,4,3104609,1,1,Yardi Agresta ,0,1815308,3104609.1,26,375621800042,44.466,3600.085,0,,0.0,0,2873,,TEAM BMTR ,bbbbbb,000000,aaaaaa,0,F,167,za,163,172,0,1,52.6,3,1,10,Vet,0,,20,20,0,0,0,163,0.98,53,160,3.0,3.0,162,0,3.2,3.4,3.5,3.7,4.0,4.3,4.3,171.0,178.0,185.0,193.0,211.0,228.0,228.0,0,0,,1,,,,0,,-1,GGCC Glasgow Green Cycle Club Tuesday Training Ride,TYPE_RIDE,0,2022/08/23,604330868,,3600,1815308
,201,1,,4,3103600,12,12,Yardi Agresta ,0,1815308,3103600.12,26,375494500012,3600.021,3600.021,0.02,,0.0,0,2873,,TEAM BMTR ,bbbbbb,000000,aaaaaa,0,D,167,za,150,167,0,1,52.6,3,1,10,Vet,0,,20,20,0,0,0,150,0.97,54,146,2.8,2.7,143,0,2.9,3.1,3.4,4.0,4.8,5.7,5.7,151.0,164.0,177.0,209.0,255.0,299.0,299.0,0,0,,1,,,,0,,-1,Velocity - Dig the Bike Fantastic,TYPE_RIDE,0,2022/08/22,3914529041,,3600,1815308
,201,1,,3,3103557,28,3,Yardi Agresta ,0,1815308,3103557.28,27,375486100003,6514.78,6514.9,3.247,,0.0,0,2873,,TEAM BMTR ,bbbbbb,000000,aaaaaa,0,C,167,za,152,169,0,1,52.6,3,1,10,Vet,0,,20,20,0,0,0,147,0.95,55,145,2.8,2.7,146,0,2.9,3.0,3.4,3.9,4.9,5.2,5.3,154.0,159.0,178.0,203.0,258.0,275.0,278.0,0,0,,1,,,,0,,-1,KISS at Base Training Ride,TYPE_RIDE,72,2022/08/22,2128890027,4,,1815308
,201,1,,4,3099348,70,70,Yardi Agresta ,0,1815308,3099348.70,26,374409200070,3600.082,3600.082,0.082,,0.0,0,2873,,TEAM BMTR ,bbbbbb,000000,aaaaaa,0,D,167,za,146,168,0,1,52.6,3,1,10,Vet,0,,20,20,0,0,0,137,0.9,58,132,2.5,2.4,128,0,2.6,2.8,3.2,4.1,4.8,5.5,5.5,135.0,145.0,171.0,217.0,255.0,292.0,292.0,0,0,,1,,,,0,,-1, BMTR Short Adventure,TYPE_RIDE,0,2022/08/21,3366225080,,3600,1815308
,201,1,,1,3098414,17,17,Yardi Agresta ,0,1815308,3098414.17,27,374233900017,15476.113,15476.113,1817.267,,0.0,0,2873,,TEAM BMTR ,bbbbbb,000000,aaaaaa,0,A,167,za,150,171,0,1,52.6,3,1,10,Vet,0,,20,20,0,0,0,140,0.91,58,136,2.6,2.8,149,0,3.0,3.2,3.3,3.6,4.2,4.9,4.9,157.0,167.0,172.0,192.0,221.0,259.0,259.0,0,0,,1,,,,0,,-1,The BMTR Fundo,TYPE_RIDE,161,2022/08/20,928793662,,,1815308
,233,0,,4,3097721,4,0,Blopa&reg;,0,1714370,3097721.4,0,374122600004,3600.001,3600.001,0,,0.0,1,2873,,TEAM BMTR ,bbbbbb,000000,aaaaaa,0,N/A,182,uy,0,0,0,0,67.4,3,1,1,Mas,0,,20,0,0,0,0,167,0.0,0,145,2.2,2.3,160,0,2.5,3.3,3.6,4.6,6.3,6.9,7.1,169.0,220.0,241.0,309.0,427.0,464.0,480.0,0,0,,1,,,,0,,-1,PACK Slackers SUB2 Ride,TYPE_RIDE,0,2022/08/19,604330868,,3600,1714370
,201,1,,3,3097685,24,24,Yardi Agresta ,0,1815308,3097685.24,28,374115600026,3000.019,3000.019,0.019,,0.0,0,2873,,TEAM BMTR ,bbbbbb,000000,aaaaaa,0,C,167,za,158,170,0,1,52.6,3,1,10,Vet,0,,20,20,0,0,0,158,0.99,53,156,3.0,2.9,154,0,3.1,3.3,3.4,3.6,3.8,4.1,4.1,163.0,173.0,181.0,187.0,201.0,214.0,214.0,0,0,,1,,,,0,,-1,DIRT FriYay Ride,TYPE_RIDE,0,2022/08/19,3302953739,,3000,1815308
,201,1,,4,3096798,34,34,Yardi Agresta ,0,1815308,3096798.34,26,373959400035,3600.042,3600.042,0.042,,0.0,0,2873,,TEAM BMTR ,bbbbbb,000000,aaaaaa,0,D,167,za,160,173,0,1,52.6,3,1,10,Vet,0,,20,20,0,0,0,157,0.94,55,151,2.9,2.8,150,0,3.0,3.2,3.5,4.0,4.3,4.5,4.5,158.0,166.0,186.0,209.0,226.0,235.0,235.0,0,0,,1,,,,0,,-1,AEO Fun Ride p/b Stolen Goat,TYPE_RIDE,0,2022/08/18,3366225080,,3600,1815308
,201,1,,3,3096758,11,10,Yardi Agresta ,0,1815308,3096758.11,27,3385394063137864716,3600.032,3600.032,0.032,,0.0,0,2873,,TEAM BMTR ,bbbbbb,000000,aaaaaa,0,C,167,za,151,173,0,1,52.6,3,1,10,Vet,0,,20,20,0,0,0,156,0.96,54,145,2.8,2.7,144,0,2.9,3.3,3.7,4.2,5.3,5.6,5.6,152.0,172.0,197.0,223.0,278.0,295.0,295.0,0,0,,1,,,,0,,-1,CRYO-GEN Tempo Thursday Group Ride),TYPE_RIDE,0,2022/08/18,2592027600,,3600,1815308
,201,1,,3,3095676,54,40,Yardi Agresta ,0,1815308,3095676.54,28,373744900040,3600.051,3600.111,0.051,,0.0,0,2873,,TEAM BMTR ,bbbbbb,000000,aaaaaa,0,C,167,za,154,168,0,1,52.6,3,1,10,Vet,0,,20,20,0,0,0,147,0.94,55,145,2.8,2.6,139,0,2.8,3.0,3.3,3.5,3.9,4.4,4.4,147.0,157.0,173.0,185.0,205.0,229.0,229.0,0,0,,1,,,,0,,-1,BMTR Short Adventure,TYPE_RIDE,0,2022/08/17,3407362320,,3600,1815308
,233,0,,5,3100646,32,32,Blopa&reg;,0,1714370,3100646.32,0,374826100028,1559.252,1569.976,0.371,,0.0,1,2873,,TEAM BMTR ,bbbbbb,000000,aaaaaa,0,E,182,uy,0,0,0,0,67.4,3,1,1,Mas,0,,20,0,0,0,0,149,0.0,0,139,2.1,2.0,140,0,2.2,2.6,2.8,2.8,3.2,3.3,3.4,148.0,177.0,186.0,187.0,215.0,220.0,229.0,0,0,,1,,,,0,,-1,Orientation Ride | ZA Road 2022,TYPE_WORKOUT TYPE_WORKOUT,0,2022/08/17,3454338139,,1560,1714370
,201,1,,3,3095637,25,25,Yardi Agresta ,0,1815308,3095637.25,26,373737200029,5400.042,5400.042,0.042,,0.0,0,2873,,TEAM BMTR ,bbbbbb,000000,aaaaaa,0,C,167,za,156,167,0,1,52.6,3,1,10,Vet,0,,20,20,0,0,0,150,0.94,55,147,2.8,2.8,148,0,3.0,3.2,3.4,3.5,3.9,4.2,4.2,156.0,167.0,180.0,186.0,205.0,223.0,223.0,0,0,,1,,,,0,,-1,3R Endurance Ride,TYPE_RIDE,0,2022/08/17,1397026382,,5400,1815308
,201,1,,4,3094822,23,22,Yardi Agresta ,0,1815308,3094822.23,53,373637400022,5400.029,5400.089,0.029,,0.0,0,2873,,TEAM BMTR ,bbbbbb,000000,aaaaaa,0,D,167,za,151,166,0,1,52.6,3,1,10,Vet,0,,20,20,0,0,0,145,0.94,55,142,2.7,2.6,140,0,2.8,3.1,3.3,3.6,4.8,6.0,6.0,148.0,162.0,175.0,192.0,251.0,315.0,315.0,0,0,,1,,,,0,,-1,Summit City Zwift League Endurance Ride,TYPE_RIDE,0,2022/08/16,1880443431,,5400,1815308
,201,1,,4,3094625,33,0,Yardi Agresta ,0,1815308,3094625.33,26,373597000033,3600.028,3600.028,0,,0.0,0,2873,,TEAM BMTR ,bbbbbb,000000,aaaaaa,0,N/A,167,us,149,166,0,1,52.6,3,1,10,Vet,0,,20,20,0,0,0,137,0.9,58,134,2.6,2.5,133,0,2.7,2.9,3.1,3.6,3.8,3.8,3.8,141.0,154.0,165.0,189.0,199.0,200.0,200.0,0,0,,1,,,,0,,-1,REVO Social SUB2,TYPE_RIDE,0,2022/08/16,2128890027,,3600,1815308
,201,1,,4,3094604,16,16,Yardi Agresta ,0,1815308,3094604.16,26,373592300021,3600.027,3600.027,-0.003,,0.0,0,2873,,TEAM BMTR ,bbbbbb,000000,aaaaaa,0,D,167,za,164,175,0,1,52.6,3,1,10,Vet,0,,20,20,0,0,0,158,0.95,55,156,3.0,2.9,152,0,3.1,3.4,3.6,3.9,4.1,4.2,4.2,161.0,178.0,192.0,205.0,216.0,221.0,221.0,0,0,,1,,35,,0,,-1,GGCC Glasgow Green Cycle Club Tuesday Training Ride,TYPE_RIDE,0,2022/08/16,2474227587,,3600,1815308
,201,1,,2,3054516,1,1,Yardi Agresta ,0,1815308,3054516.1,17,3379070263137864716,2530.543,2530.603,0,,0.0,0,2873,,TEAM BMTR ,bbbbbb,000000,aaaaaa,0,B,167,za,161,171,0,1,52.6,3,1,10,Vet,0,,20,20,0,442.34,0,159,0.98,53,157,3.0,2.8,151,0,3.0,3.3,3.5,3.6,4.2,4.2,4.3,159.0,173.0,186.0,190.0,220.0,223.0,224.0,0,0,,1,,,,0,,-1,Womens Zwift Classics - Rund um Innsbruck,TYPE_RACE TYPE_RACE ,23,2022/08/15,2592027600,,,1815308
,233,0,,3,3072762,156,33,Blopa&reg;,0,1714370,3072762.156,0,370411300033,1725.498,1725.498,269.779,,0.0,1,2873,,TEAM BMTR ,bbbbbb,000000,aaaaaa,0,C,182,uy,0,0,0,0,67.4,3,1,1,Mas,0,,20,0,0,0,0,198,0.0,0,192,2.9,2.7,182,0,2.8,3.0,3.4,4.1,4.7,5.1,5.6,192.0,199.0,226.0,277.0,314.0,342.0,376.0,0,0,,1,,,,0,,-1,Off the MAAP - Stage 4,TYPE_RIDE,32,2022/08/15,1127056801,8,,1714370
,201,1,,5,3093624,27,27,Yardi Agresta ,0,1815308,3093624.27,27,373459900026,3600.031,3600.031,0.031,,0.0,0,2873,,TEAM BMTR ,bbbbbb,000000,aaaaaa,0,E,167,za,152,168,0,1,52.6,3,1,10,Vet,0,,20,20,0,0,0,156,0.97,54,147,2.8,2.9,156,0,3.1,3.4,4.0,4.5,5.4,6.0,6.0,165.0,180.0,213.0,239.0,286.0,314.0,314.0,0,0,,1,,,,0,,-1,CRYO-GEN Recovery Monday Group Ride,TYPE_RIDE,0,2022/08/15,2474227587,,3600,1815308
,201,1,,2,3072745,67,34,Yardi Agresta ,0,1815308,3072745.67,26,370405100034,2892.375,2892.375,229.798,,0.0,0,2873,,TEAM BMTR ,bbbbbb,000000,aaaaaa,0,B,167,za,158,165,0,1,52.6,3,1,10,Vet,0,,20,20,0,0,0,159,0.99,52,157,3.0,2.8,152,0,3.0,3.2,3.3,3.5,3.7,4.1,4.1,160.0,168.0,175.0,184.0,193.0,214.0,214.0,0,0,,1,,,,0,,-1,Off the MAAP - Stage 4,TYPE_RIDE,32,2022/08/14,1127056801,8,,1815308
,201,1,,1,3091956,14,14,Yardi Agresta ,0,1815308,3091956.14,211,373217600014,15853.205,15853.205,15593.074,,0.0,0,2873,,TEAM BMTR ,bbbbbb,000000,aaaaaa,0,A,167,za,154,169,0,1,52.6,3,1,10,Vet,0,,20,20,0,0,0,149,0.94,56,144,2.7,2.8,150,0,3.0,3.3,3.4,3.8,4.4,5.0,5.0,158.0,173.0,179.0,201.0,230.0,262.0,262.0,0,0,,1,,,,0,,-1,The BMTR Fundo,TYPE_RIDE,161,2022/08/13,3914529041,,,1815308
,233,0,,4,3091193,5,0,Blopa&reg;,0,1714370,3091193.5,0,373098800005,3600.005,3600.005,0,,0.0,1,2873,,TEAM BMTR ,bbbbbb,000000,aaaaaa,0,N/A,182,uy,0,0,0,0,67.4,3,1,1,Mas,0,,20,0,0,0,0,149,0.0,0,130,1.9,1.9,129,0,2.0,2.3,3.0,3.8,4.6,5.3,6.4,136.0,156.0,205.0,258.0,311.0,356.0,430.0,0,0,,1,,,,0,,-1,PACK Slackers SUB2 Ride,TYPE_RIDE,0,2022/08/12,2653858696,,3600,1714370
,201,1,,3,3091157,12,12,Yardi Agresta ,0,1815308,3091157.12,41,373091800014,3000.025,3000.025,0.025,,0.0,0,2873,,TEAM BMTR ,bbbbbb,000000,aaaaaa,0,C,167,za,153,161,0,1,52.6,3,1,10,Vet,0,,20,20,0,0,0,143,0.92,57,140,2.7,2.6,139,0,2.8,3.0,3.1,3.3,3.6,3.8,3.8,147.0,156.0,165.0,176.0,187.0,199.0,199.0,0,0,,1,,,,0,,-1,DIRT FriYay Ride,TYPE_RIDE,0,2022/08/12,3356878261,,3000,1815308
,201,1,,3,3072686,61,28,Yardi Agresta ,0,1815308,3072686.61,26,370382100029,2345.508,2345.508,298.209,,0.0,0,2873,,TEAM BMTR ,bbbbbb,000000,aaaaaa,0,C,167,za,158,170,0,1,52.6,3,1,10,Vet,0,,20,20,0,0,0,163,1.02,51,161,3.1,2.9,156,0,3.1,3.4,3.6,3.9,4.2,4.3,4.3,165.0,178.0,191.0,207.0,222.0,226.0,226.0,0,0,,1,,,,0,,-1,Off the MAAP - Stage 3,TYPE_RIDE,28,2022/08/12,3023359358,1,,1815308
,201,1,,5,3083210,3,3,Yardi Agresta ,0,1815308,3083210.3,26,371994800002,3599.094,4199.893,0.263,600.799,-600.799,0,2873,,TEAM BMTR ,bbbbbb,000000,aaaaaa,0,E,167,za,158,168,0,1,52.6,3,1,10,Vet,0,,20,20,0,0,0,136,0.84,62,133,2.5,2.5,133,0,2.7,2.9,3.0,3.3,3.8,4.0,4.0,140.0,150.0,158.0,174.0,199.0,213.0,213.0,0,0,,1,,,,0,,-1,AP Racing | Raise the Floor,TYPE_WORKOUT TYPE_WORKOUT,0,2022/08/11,3914529041,,3600,1815308
,201,1,,4,3090335,47,47,Yardi Agresta ,0,1815308,3090335.47,26,372963800047,3600.06,3600.06,0.059,,0.0,0,2873,,TEAM BMTR ,bbbbbb,000000,aaaaaa,0,D,167,za,160,174,0,1,52.6,3,1,10,Vet,0,,20,20,0,0,0,147,0.9,58,144,2.7,2.7,143,0,2.9,3.1,3.3,3.6,4.3,4.8,4.8,151.0,162.0,174.0,189.0,224.0,252.0,252.0,0,0,,1,,,,0,,-1,AEO Fun Ride p/b Stolen Goat,TYPE_RIDE,0,2022/08/11,3366225080,,3600,1815308
,201,1,,3,3090295,2,2,Yardi Agresta ,0,1815308,3090295.2,39,372955300003,3600.002,3600.002,0.002,,0.0,0,2873,,TEAM BMTR ,bbbbbb,000000,aaaaaa,0,C,167,za,159,178,0,1,52.6,3,1,10,Vet,0,,20,20,0,0,0,151,0.92,56,147,2.8,2.7,142,0,2.9,3.0,3.3,4.1,5.0,5.4,5.4,150.0,159.0,176.0,218.0,261.0,284.0,284.0,0,0,,1,,,,0,,-1,CRYO-GEN Tempo Thursday Group Ride),TYPE_RIDE,0,2022/08/11,1064303857,,3600,1815308
,201,1,,3,3089332,27,15,Yardi Agresta ,0,1815308,3089332.27,26,372811200015,3600.031,3600.091,0.03,,0.0,0,2873,,TEAM BMTR ,bbbbbb,000000,aaaaaa,0,C,167,za,160,174,0,1,52.6,3,1,10,Vet,0,,20,20,0,0,0,141,0.86,61,138,2.6,2.5,134,0,2.7,2.9,3.1,3.3,3.7,4.0,4.0,142.0,153.0,164.0,172.0,193.0,208.0,208.0,0,0,,1,,,,0,,-1,BMTR Short Adventure,TYPE_RIDE,0,2022/08/10,1064303857,,3600,1815308
,233,0,,2,3072637,76,28,Blopa&reg;,0,1714370,3072637.76,0,370363100028,4095.815,4095.815,1031.156,,0.0,1,2873,,TEAM BMTR ,bbbbbb,000000,aaaaaa,0,B,182,uy,0,0,0,0,67.4,3,1,1,Mas,0,,20,0,0,0,0,187,0.0,0,182,2.7,2.6,178,0,2.8,3.0,3.2,3.5,3.9,4.1,5.8,188.0,201.0,216.0,237.0,260.0,277.0,394.0,0,0,,1,,,,0,,-1,Off the MAAP - Stage 3,TYPE_RIDE,28,2022/08/10,3023359358,1,,1714370
,201,1,,3,3089292,8,8,Yardi Agresta ,0,1815308,3089292.8,27,372803000008,5400.011,5400.011,0.009,,0.0,0,2873,,TEAM BMTR ,bbbbbb,000000,aaaaaa,0,C,167,za,165,180,0,1,52.6,3,1,10,Vet,0,,20,20,0,0,0,151,0.88,59,146,2.8,2.8,148,0,3.0,3.2,3.9,4.7,5.7,6.7,6.7,156.0,168.0,205.0,245.0,298.0,354.0,354.0,0,0,,1,,,,0,,-1,3R Endurance Ride,TYPE_RIDE,0,2022/08/10,1776635757,,5400,1815308
,201,1,,4,3088462,30,25,Yardi Agresta ,0,1815308,3088462.30,26,372701600024,5400.029,5400.089,0.029,,0.0,0,2873,,TEAM BMTR ,bbbbbb,000000,aaaaaa,0,D,167,za,159,175,0,1,52.6,3,1,10,Vet,0,,20,20,0,0,0,147,0.91,58,144,2.7,2.7,143,0,2.9,3.1,3.2,3.6,4.4,5.2,5.2,151.0,163.0,170.0,188.0,234.0,274.0,274.0,0,0,,1,,,,0,,-1,Summit City Zwift League Endurance Ride,TYPE_RIDE,0,2022/08/09,928793662,,5400,1815308
,201,1,,4,3088268,5,0,Yardi Agresta ,0,1815308,3088268.5,26,372662000005,3600.0,3600.0,0,,0.0,0,2873,,TEAM BMTR ,bbbbbb,000000,aaaaaa,0,N/A,167,us,170,179,0,1,52.6,3,1,10,Vet,0,,20,20,0,0,0,138,0.8,65,136,2.6,2.5,132,0,2.6,2.8,3.1,3.3,3.8,4.2,4.2,139.0,145.0,162.0,172.0,201.0,223.0,223.0,0,0,,1,,,,0,,-1,REVO Social SUB2,TYPE_RIDE,0,2022/08/09,2128890027,,3600,1815308
,201,1,,4,3088243,18,18,Yardi Agresta ,0,1815308,3088243.18,26,372656400007,3600.008,3600.008,-0.015,,0.0,0,2873,,TEAM BMTR ,bbbbbb,000000,aaaaaa,0,D,167,za,172,180,0,1,52.6,3,1,10,Vet,0,,20,20,0,0,0,157,0.9,58,154,2.9,3.0,159,0,3.2,3.4,3.5,3.7,4.1,4.7,4.7,168.0,177.0,182.0,196.0,218.0,247.0,247.0,0,0,,1,,105,,0,,-1,GGCC Glasgow Green Cycle Club Tuesday Training Ride,TYPE_RIDE,0,2022/08/09,3407362320,,3600,1815308
,233,0,,2,3072598,90,17,Blopa&reg;,0,1714370,3072598.90,0,370348300017,2450.618,2450.618,409.61,,0.0,1,2873,,TEAM BMTR ,bbbbbb,000000,aaaaaa,0,B,182,uy,0,0,0,0,67.4,3,1,1,Mas,0,,20,0,0,0,0,194,0.0,0,190,2.8,2.6,181,0,2.8,3.2,3.8,3.9,4.8,5.7,6.0,191.0,215.0,253.0,261.0,325.0,383.0,407.0,0,0,,1,,,,0,,-1,Off the MAAP - Stage 2,TYPE_RIDE,23,2022/08/08,3742187716,1,,1714370
,201,1,,2,3054297,2,2,Yardi Agresta ,0,1815308,3054297.2,18,3378994463137864716,3321.779,3321.839,357.769,,0.0,0,2873,,TEAM BMTR ,bbbbbb,000000,aaaaaa,0,B,167,za,171,179,0,1,52.6,3,1,10,Vet,0,,20,20,0,436.79,0,145,0.82,63,141,2.7,2.7,143,0,2.9,3.1,3.2,3.4,4.0,4.4,4.4,151.0,162.0,168.0,181.0,212.0,231.0,232.0,0,0,,1,,,,0,,-1,Womens Zwift Classics - London International,TYPE_RACE TYPE_RACE ,28,2022/08/08,4012646479,,,1815308
,201,1,,5,3087165,19,19,Yardi Agresta ,0,1815308,3087165.19,26,372516500019,3600.027,3600.027,0.027,,0.0,0,2873,,TEAM BMTR ,bbbbbb,000000,aaaaaa,0,E,167,za,168,182,0,1,52.6,3,1,10,Vet,0,,20,20,0,0,0,154,0.9,58,151,2.9,2.8,152,0,3.0,3.3,3.6,3.9,4.3,4.6,4.6,160.0,176.0,190.0,206.0,228.0,240.0,240.0,0,0,,1,,,,0,,-1,CRYO-GEN Recovery Monday Group Ride,TYPE_RIDE,0,2022/08/08,2474227587,,3600,1815308
,201,1,,3,3072462,151,11,Yardi Agresta ,0,1815308,3072462.151,26,370296400011,1100.814,1100.814,78.691,,0.0,0,2873,,TEAM BMTR ,bbbbbb,000000,aaaaaa,0,C,167,za,166,176,0,1,52.6,3,1,10,Vet,0,,20,20,0,0,0,161,0.96,54,159,3.0,2.8,0,1,,3.2,3.4,3.6,4.4,5.0,5.0,,167.0,178.0,191.0,230.0,265.0,265.0,0,0,,1,,,,0,,-1,Off the MAAP - Stage 1 ,TYPE_RIDE,25,2022/08/03,1776635757,1,,1815308
,201,1,,3,3082049,23,11,Yardi Agresta ,0,1815308,3082049.23,25,3383215763137864716,3600.021,3600.081,0.021,,0.0,0,2873,,TEAM BMTR ,bbbbbb,000000,aaaaaa,0,C,167,za,164,177,0,1,52.6,3,1,10,Vet,0,,20,20,0,0,0,149,0.9,58,148,2.8,2.6,141,0,2.8,3.0,3.3,3.5,3.7,4.0,4.0,149.0,158.0,175.0,182.0,196.0,213.0,213.0,0,0,,1,,,,0,,-1,BMTR Short Adventure,TYPE_RIDE,0,2022/08/03,3302953739,,3600,1815308
,201,1,,3,3082011,8,8,Yardi Agresta ,0,1815308,3082011.8,26,3383208163137864716,5400.015,5400.015,0.014,,0.0,0,2873,,TEAM BMTR ,bbbbbb,000000,aaaaaa,0,C,167,za,162,184,0,1,52.6,3,1,10,Vet,0,,20,20,0,0,0,151,0.9,58,146,2.8,2.9,152,0,3.1,3.2,3.6,4.5,5.6,6.2,6.2,161.0,170.0,190.0,237.0,294.0,324.0,324.0,0,0,,1,,,,0,,-1,3R Endurance Ride,TYPE_RIDE,0,2022/08/03,928793662,,5400,1815308
,201,1,,1,3072436,153,153,Yardi Agresta ,0,1815308,3072436.153,27,370286000153,2518.75,2518.75,485.449,,0.0,0,2873,,TEAM BMTR ,bbbbbb,000000,aaaaaa,0,A,167,za,169,176,0,1,52.6,3,1,10,Vet,0,,20,20,0,0,0,149,0.87,60,147,2.8,2.7,144,0,2.9,3.0,3.1,3.2,3.5,3.8,3.8,152.0,159.0,165.0,169.0,185.0,199.0,199.0,0,0,,1,,,,0,,-1,Off the MAAP - Stage 1 ,TYPE_RIDE,25,2022/08/02,1776635757,1,,1815308
,201,1,,4,3080912,9,9,Yardi Agresta ,0,1815308,3080912.9,26,3383057263137864716,3600.009,3600.009,-0.003,,0.0,0,2873,,TEAM BMTR ,bbbbbb,000000,aaaaaa,0,D,167,za,167,182,0,1,52.6,3,1,10,Vet,0,,20,20,0,0,0,160,0.95,55,158,3.0,3.0,158,0,3.2,3.4,3.7,4.1,4.1,4.2,4.2,167.0,177.0,193.0,215.0,216.0,219.0,219.0,0,0,,1,,160,,0,,-1,GGCC Glasgow Green Cycle Club Tuesday Training Ride,TYPE_RIDE,0,2022/08/02,1776635757,,3600,1815308
,233,0,,1,3072422,62,62,Blopa&reg;,0,1714370,3072422.62,3,370280400063,2462.841,2462.841,392.484,,0.0,1,2873,,TEAM BMTR ,bbbbbb,000000,aaaaaa,0,A,182,uy,0,0,0,0,66.9,3,1,1,Mas,0,,20,0,0,0,0,200,0.0,0,196,2.9,3.0,202,0,3.2,3.5,3.7,3.7,3.9,4.0,4.5,213.0,235.0,245.0,249.0,259.0,266.0,302.0,0,0,,1,,,,0,,-1,Off the MAAP - Stage 1 ,TYPE_RIDE,25,2022/08/01,1776635757,1,,1714370
,201,1,,2,3053079,1,1,Yardi Agresta ,0,1815308,3053079.1,17,3378772563137864716,2304.024,2304.084,0,,0.0,0,2873,,TEAM BMTR ,bbbbbb,000000,aaaaaa,0,B,167,za,168,176,0,1,52.6,3,1,10,Vet,0,,20,20,0,436.79,0,156,0.91,57,153,2.9,2.8,149,0,3.0,3.2,3.3,3.6,3.8,4.0,4.1,157.0,166.0,176.0,188.0,201.0,213.0,215.0,0,0,,1,,,,0,,-1,Womens Zwift Classics - Yorkshire Grand Prix,TYPE_RACE TYPE_RACE ,19,2022/08/01,2905381067,,,1815308
,201,1,,5,3079870,31,31,Yardi Agresta ,0,1815308,3079870.31,26,371471700029,3600.025,3600.025,0.024,,0.0,0,2873,,TEAM BMTR ,bbbbbb,000000,aaaaaa,0,E,167,za,171,181,0,1,52.6,3,1,10,Vet,0,,20,20,0,0,0,158,0.91,58,155,3.0,2.9,154,0,3.1,3.2,3.5,3.8,4.1,4.3,4.3,163.0,169.0,182.0,201.0,217.0,227.0,227.0,0,0,,1,,,,0,,-1,CRYO-GEN Recovery Monday Group Ride,TYPE_RIDE,0,2022/08/01,2474227587,,3600,1815308
,201,1,,4,3076392,38,38,Yardi Agresta ,0,1815308,3076392.38,50,370952600037,3600.03,3600.03,0.03,,0.0,0,2873,,TEAM BMTR ,bbbbbb,000000,aaaaaa,0,D,167,za,172,180,0,1,52.6,3,1,10,Vet,0,,20,20,0,0,0,138,0.78,67,134,2.6,2.6,138,0,2.8,3.0,3.1,3.4,3.9,4.1,4.1,146.0,156.0,164.0,179.0,204.0,216.0,216.0,0,0,,1,,,,0,,-1,AEO Fun Ride p/b Stolen Goat,TYPE_RIDE,0,2022/07/28,3366225080,,3600,1815308
,201,1,,3,3076353,23,18,Yardi Agresta ,0,1815308,3076353.23,25,370944200025,3600.075,3600.075,0.074,,0.0,0,2873,,TEAM BMTR ,bbbbbb,000000,aaaaaa,0,C,167,za,173,181,0,1,52.6,3,1,10,Vet,0,,20,20,0,0,0,150,0.86,61,148,2.8,2.8,151,0,3.0,3.3,3.3,3.6,4.0,4.5,4.5,159.0,172.0,176.0,190.0,212.0,237.0,237.0,0,0,,1,,,,0,,-1,CRYO-GEN Tempo Thursday Group Ride),TYPE_RIDE,0,2022/07/28,3302953739,,3600,1815308
,201,1,,3,3075295,3,3,Yardi Agresta ,0,1815308,3075295.3,26,370775900004,5400.008,5400.008,0.008,,0.0,0,2873,,TEAM BMTR ,bbbbbb,000000,aaaaaa,0,C,167,za,176,184,0,1,52.6,3,1,10,Vet,0,,20,20,0,0,0,153,0.85,61,150,2.9,3.0,158,0,3.2,3.3,3.5,3.7,4.1,4.4,4.4,167.0,173.0,183.0,197.0,218.0,229.0,229.0,0,0,,1,,,,0,,-1,3R Endurance Ride,TYPE_RIDE,0,2022/07/27,1776635757,,5400,1815308
,201,1,,4,3069367,21,21,Yardi Agresta ,0,1815308,3069367.21,26,369817500022,3600.01,3600.01,0.01,,0.0,0,2873,,TEAM BMTR ,bbbbbb,000000,aaaaaa,0,D,167,za,159,170,0,1,52.6,3,1,10,Vet,0,,20,20,0,0,0,152,0.94,56,149,2.8,2.7,145,0,2.9,3.0,3.4,3.7,4.1,4.4,4.4,153.0,160.0,180.0,194.0,214.0,234.0,234.0,0,0,,1,,,,0,,-1,AEO Fun Ride p/b Stolen Goat,TYPE_RIDE,0,2022/07/21,3366225080,,3600,1815308
,201,1,,5,3068572,26,26,Yardi Agresta ,0,1815308,3068572.26,26,369716400026,2711.54,2711.54,361.017,,0.0,0,2873,,TEAM BMTR ,bbbbbb,000000,aaaaaa,0,E,167,za,159,177,0,1,52.6,3,1,10,Vet,0,,20,20,0,0,0,165,1.02,51,162,3.1,2.9,155,0,3.1,3.6,3.7,4.0,4.5,5.1,5.1,164.0,189.0,196.0,208.0,238.0,266.0,266.0,0,0,,1,,,,0,,-1,Watch the Femmes - Stage 6,TYPE_RIDE,27,2022/07/21,872351836,1,,1815308
,201,1,,3,3068104,43,22,Yardi Agresta ,0,1815308,3068104.43,26,369642100022,3600.022,3600.082,0.022,,0.0,0,2873,,TEAM BMTR ,bbbbbb,000000,aaaaaa,0,C,167,za,159,174,0,1,52.6,3,1,10,Vet,0,,20,20,0,0,0,150,0.93,56,148,2.8,2.8,148,0,3.0,3.2,3.3,3.6,4.4,5.3,5.3,156.0,166.0,174.0,189.0,230.0,278.0,278.0,0,0,,1,,,,0,,-1,BMTR Short Adventure,TYPE_RIDE,0,2022/07/20,3453194200,,3600,1815308
,201,1,,3,3068066,14,14,Yardi Agresta ,0,1815308,3068066.14,30,369634500018,5400.08,5400.08,0.079,,0.0,0,2873,,TEAM BMTR ,bbbbbb,000000,aaaaaa,0,C,167,za,155,173,0,1,52.6,3,1,10,Vet,0,,20,20,0,0,0,147,0.93,56,144,2.7,2.6,140,0,2.8,3.1,3.3,3.7,4.0,4.3,4.3,148.0,162.0,173.0,193.0,212.0,228.0,228.0,0,0,,1,,,,0,,-1,3R Endurance Ride,TYPE_RIDE,0,2022/07/20,928793662,,5400,1815308
,201,1,,3,3065966,18,9,Yardi Agresta ,0,1815308,3065966.18,86,3380798463137864716,1993.083,1993.203,175.537,,0.0,0,2873,,TEAM BMTR ,bbbbbb,000000,aaaaaa,0,C,167,za,158,173,0,1,52.6,3,1,10,Vet,0,,20,20,582.95,436.79,0,157,0.97,53,154,2.9,2.7,146,0,2.9,3.2,3.4,3.7,4.2,4.6,5.3,154.0,166.0,178.0,194.0,221.0,242.0,281.0,0,0,,1,,,,0,,-1,Crit City Race,TYPE_RACE TYPE_RACE ,20,2022/07/18,947394567,10,,1815308
,201,1,,2,3052746,1,1,Yardi Agresta ,0,1815308,3052746.1,73,3378627163137864716,2361.043,2361.103,0,,0.0,0,2873,,TEAM BMTR ,bbbbbb,000000,aaaaaa,0,B,167,za,161,170,0,1,52.6,3,1,10,Vet,0,,20,20,0,436.79,0,160,0.98,53,158,3.0,2.9,152,0,3.1,3.3,3.5,3.7,4.0,4.3,4.5,161.0,172.0,182.0,195.0,210.0,226.0,239.0,0,0,,1,,,,0,,-1,Womens Zwift Classics - Watopia Cup,TYPE_RACE TYPE_RACE ,22,2022/07/18,3312037616,3,,1815308
,201,1,,5,3065930,9,9,Yardi Agresta ,0,1815308,3065930.9,178,369348100010,3600.006,3600.006,0.006,,0.0,0,2873,,TEAM BMTR ,bbbbbb,000000,aaaaaa,0,E,167,za,151,171,0,1,52.6,3,1,10,Vet,0,,20,20,0,0,0,150,0.97,54,146,2.8,2.7,144,0,2.9,3.0,3.5,4.5,5.2,5.6,5.6,152.0,158.0,186.0,237.0,271.0,293.0,293.0,0,0,,1,,,,0,,-1,CRYO-GEN Recovery Monday Group Ride,TYPE_RIDE,0,2022/07/18,3366225080,,3600,1815308
,201,1,,1,3064144,11,11,Yardi Agresta ,0,1815308,3064144.11,27,369097300011,15476.173,15476.173,2308.072,,0.0,0,2873,,TEAM BMTR ,bbbbbb,000000,aaaaaa,0,A,167,za,153,167,0,1,52.6,3,1,10,Vet,0,,20,20,0,0,0,146,0.93,56,143,2.7,2.9,153,0,3.1,3.2,3.5,3.6,4.1,4.4,4.4,162.0,169.0,183.0,191.0,214.0,230.0,230.0,0,0,,1,,,,0,,-1,The BMTR Fundo,TYPE_RIDE,161,2022/07/16,3407362320,,,1815308
,201,1,,3,3063341,6,6,Yardi Agresta ,0,1815308,3063341.6,26,368970600007,3000.006,3000.006,0.006,,0.0,0,2873,,TEAM BMTR ,bbbbbb,000000,aaaaaa,0,C,167,za,153,164,0,1,52.6,3,1,10,Vet,0,,20,20,0,0,0,150,0.97,54,148,2.8,2.8,149,0,3.0,3.1,3.2,3.5,3.8,4.1,4.1,157.0,164.0,170.0,182.0,201.0,218.0,218.0,0,0,,1,,,,0,,-1,DIRT FriYay Ride,TYPE_RIDE,0,2022/07/15,3356878261,,3000,1815308
,201,1,,4,3062499,20,20,Yardi Agresta ,0,1815308,3062499.20,26,368833600019,3600.01,3600.01,0.01,,0.0,0,2873,,TEAM BMTR ,bbbbbb,000000,aaaaaa,0,D,167,za,155,169,0,1,52.6,3,1,10,Vet,0,,20,20,0,0,0,137,0.86,61,133,2.5,2.5,135,0,2.7,2.9,3.1,3.4,3.9,4.3,4.3,143.0,150.0,161.0,180.0,205.0,227.0,227.0,0,0,,1,,,,0,,-1,AEO Fun Ride p/b Stolen Goat,TYPE_RIDE,0,2022/07/14,3366225080,,3600,1815308
,201,1,,3,3062460,21,17,Yardi Agresta ,0,1815308,3062460.21,26,3380268363137864716,3600.048,3600.048,0.044,,0.0,0,2873,,TEAM BMTR ,bbbbbb,000000,aaaaaa,0,C,167,za,155,171,0,1,52.6,3,1,10,Vet,0,,20,20,0,0,0,153,0.97,54,151,2.9,2.8,149,0,3.0,3.2,3.5,3.6,4.0,4.4,4.4,157.0,171.0,185.0,189.0,212.0,232.0,232.0,0,0,,1,,,,0,,-1,CRYO-GEN Tempo Thursday Group Ride),TYPE_RIDE,0,2022/07/14,910684583,,3600,1815308
,201,1,,4,3060191,34,0,Yardi Agresta ,0,1815308,3060191.34,26,368488100034,3600.019,3600.019,0,,0.0,0,2873,,TEAM BMTR ,bbbbbb,000000,aaaaaa,0,N/A,167,us,155,169,0,1,52.6,3,1,10,Vet,0,,20,20,0,0,0,141,0.89,59,138,2.6,2.5,134,0,2.7,2.9,3.1,3.4,3.7,4.1,4.1,142.0,153.0,163.0,177.0,197.0,217.0,217.0,0,0,,1,,,,0,,-1,REVO Social SUB2,TYPE_RIDE,0,2022/07/12,2128890027,,3600,1815308
,201,1,,4,3060168,26,2,Yardi Agresta ,0,1815308,3060168.26,26,368483200006,3600.006,3600.006,0.005,,0.0,0,2873,,TEAM BMTR ,bbbbbb,000000,aaaaaa,0,I,167,za,164,173,0,1,52.6,3,1,10,Vet,0,,20,20,0,0,0,152,0.9,58,148,2.8,2.9,152,0,3.1,3.3,3.5,3.7,4.0,4.4,4.4,161.0,173.0,185.0,194.0,210.0,229.0,229.0,0,0,,1,,34,,0,,-1,GGCC Glasgow Green Cycle Club Tuesday Training Ride,TYPE_RIDE,0,2022/07/12,928793662,,3600,1815308
,201,1,,5,3050040,68,68,Yardi Agresta ,0,1815308,3050040.68,27,366689900069,2274.798,2274.798,301.134,,0.0,0,2873,,TEAM BMTR ,bbbbbb,000000,aaaaaa,0,E,167,za,167,176,0,1,52.6,3,1,10,Vet,0,,20,20,0,0,0,167,0.99,53,165,3.1,3.0,160,0,3.2,3.4,3.6,3.7,3.9,4.0,4.0,169.0,177.0,189.0,197.0,204.0,211.0,211.0,0,0,,1,,,,0,,-1,Watch the Femmes - Stage 4,TYPE_RIDE,24,2022/07/11,3919912289,1,,1815308
,201,1,,2,3059081,20,11,Yardi Agresta ,0,1815308,3059081.20,19,3379791863137864716,1970.469,1970.529,354.109,,0.0,0,2873,,TEAM BMTR ,bbbbbb,000000,aaaaaa,0,B,167,za,160,172,0,1,52.6,3,1,10,Vet,0,,20,20,498.15,436.79,0,167,1.03,51,164,3.1,2.9,156,0,3.1,3.3,3.5,3.8,4.3,4.6,4.6,165.0,174.0,183.0,201.0,226.0,240.0,244.0,0,0,,1,,,,0,,-1,Crit City Race,TYPE_RACE TYPE_RACE ,20,2022/07/11,947394567,10,,1815308
,201,1,,2,3052402,2,1,Yardi Agresta ,0,1815308,3052402.2,17,3378491063137864716,2422.402,2422.462,0,,0.0,0,2873,,TEAM BMTR ,bbbbbb,000000,aaaaaa,0,B,167,za,166,177,0,1,52.6,3,1,10,Vet,0,,20,20,0,436.79,0,174,1.03,51,171,3.3,3.1,167,0,3.3,3.6,3.6,3.8,4.4,4.5,4.5,176.0,187.0,192.0,201.0,234.0,237.0,239.0,0,0,,1,,,,0,,-1,Womens Zwift Classics - The Apple Lap,TYPE_RACE TYPE_RACE ,23,2022/07/11,1509089537,2,,1815308
,201,1,,4,3057997,52,52,Yardi Agresta ,0,1815308,3057997.52,27,368212700052,3600.027,3600.027,0.027,,0.0,0,2873,,TEAM BMTR ,bbbbbb,000000,aaaaaa,0,D,167,za,153,173,0,1,52.6,3,1,10,Vet,0,,20,20,0,0,0,146,0.92,57,141,2.7,2.7,143,0,2.9,3.2,3.5,4.2,4.4,4.6,4.6,151.0,168.0,186.0,219.0,231.0,244.0,244.0,0,0,,1,,,,0,,-1, BMTR Short Adventure,TYPE_RIDE,0,2022/07/10,1776635757,,3600,1815308
,201,1,,3,3056192,21,21,Yardi Agresta ,0,1815308,3056192.21,26,367942700022,3000.023,3000.023,0.023,,0.0,0,2873,,TEAM BMTR ,bbbbbb,000000,aaaaaa,0,C,167,za,166,176,0,1,52.6,3,1,10,Vet,0,,20,20,0,0,0,160,0.95,55,157,3.0,2.9,156,0,3.1,3.2,3.4,3.6,4.2,4.9,4.9,165.0,171.0,180.0,190.0,219.0,256.0,256.0,0,0,,1,,,,0,,-1,DIRT FriYay Ride,TYPE_RIDE,0,2022/07/08,54700404,,3000,1815308
,201,1,,4,3055235,48,48,Yardi Agresta ,0,1815308,3055235.48,26,367783200047,3600.021,3600.021,0.021,,0.0,0,2873,,TEAM BMTR ,bbbbbb,000000,aaaaaa,0,D,167,za,159,174,0,1,52.6,3,1,10,Vet,0,,20,20,0,0,0,145,0.9,58,143,2.7,2.6,137,0,2.8,2.9,3.1,3.3,3.7,4.0,4.0,145.0,152.0,161.0,174.0,197.0,211.0,211.0,0,0,,1,,,,0,,-1,AEO Fun Ride p/b Stolen Goat,TYPE_RIDE,0,2022/07/07,3366225080,,3600,1815308
,201,1,,3,3055217,45,45,Yardi Agresta ,0,1815308,3055217.45,25,367778700045,2670.694,2670.694,84.587,,0.0,0,2873,,TEAM BMTR ,bbbbbb,000000,aaaaaa,0,C,167,za,166,177,0,1,52.6,3,1,10,Vet,0,,20,20,0,0,0,163,0.97,54,161,3.1,2.9,155,0,3.1,3.3,3.6,3.9,4.3,4.7,4.7,164.0,173.0,188.0,204.0,227.0,246.0,246.0,0,0,,1,,,,0,,-1,Roll with Castelli,TYPE_RIDE,26,2022/07/07,2653858696,2,,1815308
,201,1,,2,2998950,33,13,Yardi Agresta ,0,1815308,2998950.33,24,3370803863137864716,852.974,853.034,57.496,,0.0,0,2873,,TEAM BMTR ,bbbbbb,000000,aaaaaa,0,B,167,za,170,175,0,1,52.6,3,1,10,Vet,0,,20,20,426.20,450.08,13.29,188,1.11,47,188,3.6,3.1,0,1,,3.7,4.0,4.3,4.4,4.7,5.0,,196.0,209.0,225.0,234.0,245.0,265.0,0,0,,1,,,,0,,-1,HERd SHEries Racing - Race Six,TYPE_RACE TYPE_RACE ,9,2022/07/05,2592027600,1,,1815308
,201,1,,4,3051852,11,11,Yardi Agresta ,0,1815308,3051852.11,26,366923200012,3600.01,3600.01,-0.004,,0.0,0,2873,,TEAM BMTR ,bbbbbb,000000,aaaaaa,0,D,167,za,162,172,0,1,52.6,3,1,10,Vet,0,,20,20,0,0,0,162,0.98,53,158,3.0,3.0,159,0,3.2,3.5,3.6,3.9,4.2,4.5,4.5,168.0,182.0,189.0,204.0,223.0,239.0,239.0,0,0,,1,,142,,0,,-1,GGCC Glasgow Green Cycle Club Tuesday Training Ride,TYPE_RIDE,0,2022/07/05,3919912289,,3600,1815308
,201,1,,5,3050783,10,10,Yardi Agresta ,0,1815308,3050783.10,26,366787800012,3600.01,3600.01,0.01,,0.0,0,2873,,TEAM BMTR ,bbbbbb,000000,aaaaaa,0,E,167,za,151,161,0,1,52.6,3,1,10,Vet,0,,20,20,0,0,0,151,0.99,53,149,2.8,2.7,145,0,2.9,3.1,3.3,3.5,3.9,4.2,4.2,153.0,163.0,172.0,186.0,203.0,221.0,221.0,0,0,,1,,,,0,,-1,RO4H Restoration Ride,TYPE_RIDE,0,2022/07/04,1776635757,,3600,1815308
,201,1,,5,3051089,101,101,Yardi Agresta ,0,1815308,3051089.101,27,366834400101,3000.031,3000.031,0.031,,0.0,0,2873,,TEAM BMTR ,bbbbbb,000000,aaaaaa,0,E,167,za,164,174,0,1,52.6,3,1,10,Vet,0,,20,20,0,0,0,167,1.01,52,165,3.1,3.1,163,0,3.3,3.4,3.5,3.7,3.7,3.8,3.8,172.0,179.0,186.0,194.0,197.0,202.0,202.0,0,0,,1,,,,0,,-1,Watch the Femmes - Prologue Podcast Ride,TYPE_RIDE,0,2022/07/04,3919912289,,3000,1815308
,201,1,,4,3049509,68,68,Yardi Agresta ,0,1815308,3049509.68,25,366621300068,3600.025,3600.025,0.025,,0.0,0,2873,,TEAM BMTR ,bbbbbb,000000,aaaaaa,0,D,167,za,154,164,0,1,52.6,3,1,10,Vet,0,,20,20,0,0,0,136,0.87,60,134,2.6,2.4,129,0,2.6,2.7,2.9,3.1,3.4,3.7,3.7,136.0,142.0,154.0,165.0,177.0,194.0,194.0,0,0,,1,,,,0,,-1, BMTR Short Adventure,TYPE_RIDE,0,2022/07/03,3453194200,,3600,1815308
,201,1,,4,3047767,61,61,Yardi Agresta ,0,1815308,3047767.61,27,366356500061,3600.028,3600.148,0.028,,0.0,0,2873,,TEAM BMTR ,bbbbbb,000000,aaaaaa,0,D,167,za,154,167,0,1,52.6,3,1,10,Vet,0,,20,20,0,0,0,143,0.92,57,141,2.7,2.6,136,0,2.7,2.9,3.0,3.1,3.3,3.4,3.4,144.0,150.0,159.0,164.0,172.0,179.0,179.0,0,0,,1,,,,0,,-1,BMTR Short Adventure,TYPE_RIDE,0,2022/07/01,1776635757,,3600,1815308
,201,1,,3,3047754,12,12,Yardi Agresta ,0,1815308,3047754.12,26,366353900013,3000.009,3000.009,0.009,,0.0,0,2873,,TEAM BMTR ,bbbbbb,000000,aaaaaa,0,C,167,za,156,166,0,1,52.6,3,1,10,Vet,0,,20,20,0,0,0,145,0.91,57,142,2.7,2.7,145,0,2.9,3.2,3.4,3.6,3.7,3.7,3.7,153.0,167.0,177.0,187.0,193.0,197.0,197.0,0,0,,1,,,,0,,-1,DIRT FriYay Ride,TYPE_RIDE,0,2022/07/01,1386460176,,3000,1815308
,201,1,,4,3046839,41,41,Yardi Agresta ,0,1815308,3046839.41,26,366217800041,3600.013,3600.013,0.013,,0.0,0,2873,,TEAM BMTR ,bbbbbb,000000,aaaaaa,0,D,167,za,161,168,0,1,52.6,3,1,10,Vet,0,,20,20,0,0,0,148,0.9,58,145,2.8,2.8,148,0,3.0,3.2,3.3,3.7,4.1,4.4,4.4,156.0,166.0,174.0,194.0,218.0,229.0,229.0,0,0,,1,,,,0,,-1,AEO Fun Ride p/b Stolen Goat,TYPE_RIDE,0,2022/06/30,3366225080,,3600,1815308
,201,1,,3,3045766,51,34,Yardi Agresta ,0,1815308,3045766.51,26,366060700034,3600.035,3600.095,0.035,,0.0,0,2873,,TEAM BMTR ,bbbbbb,000000,aaaaaa,0,C,167,za,156,170,0,1,52.6,3,1,10,Vet,0,,20,20,0,0,0,147,0.93,56,145,2.8,2.7,142,0,2.9,3.0,3.2,3.4,3.5,3.7,3.7,150.0,160.0,170.0,180.0,184.0,194.0,194.0,0,0,,1,,,,0,,-1,BMTR Short Adventure,TYPE_RIDE,0,2022/06/29,3282611437,,3600,1815308
,201,1,,3,3045728,16,16,Yardi Agresta ,0,1815308,3045728.16,26,366053100017,5400.024,5400.024,0.023,,0.0,0,2873,,TEAM BMTR ,bbbbbb,000000,aaaaaa,0,C,167,za,156,170,0,1,52.6,3,1,10,Vet,0,,20,20,0,0,0,152,0.96,55,149,2.8,2.8,148,0,3.0,3.1,3.3,3.5,4.0,4.5,4.5,156.0,165.0,173.0,183.0,211.0,237.0,237.0,0,0,,1,,,,0,,-1,3R Endurance Ride,TYPE_RIDE,0,2022/06/29,928793662,,5400,1815308
,201,1,,2,2998941,47,23,Yardi Agresta ,0,1815308,2998941.47,24,359358600019,3214.181,3214.241,205.974,,0.0,0,2873,,TEAM BMTR ,bbbbbb,000000,aaaaaa,0,B,167,za,165,173,0,1,52.6,3,1,10,Vet,0,,20,20,451.80,463.68,15.73,156,0.93,56,154,2.9,2.8,150,0,3.0,3.1,3.5,3.8,4.2,4.5,5.1,158.0,165.0,183.0,202.0,220.0,239.0,267.0,0,0,,1,,115,,0,,-1,HERd SHEries Racing - Race Five,TYPE_RACE TYPE_RACE ,30,2022/06/28,3382019812,1,,1815308
,201,1,,3,3040427,1,1,Yardi Agresta ,0,1815308,3040427.1,25,365311400002,3000.0,3000.0,0,,0.0,0,2873,,TEAM BMTR ,bbbbbb,000000,aaaaaa,0,C,167,za,156,174,0,1,52.6,3,1,10,Vet,0,,20,20,0,0,0,156,0.98,53,153,2.9,2.8,147,0,2.9,3.1,3.4,3.6,4.1,4.6,4.6,155.0,165.0,180.0,188.0,215.0,241.0,241.0,0,0,,1,,,,0,,-1,DIRT FriYay Ride,TYPE_RIDE,0,2022/06/24,3366225080,,3000,1815308
,201,1,,1,3039600,115,25,Yardi Agresta ,0,1815308,3039600.115,19,3376634763137864716,2249.565,2249.565,63.816,,0.0,0,2873,,TEAM BMTR ,bbbbbb,000000,aaaaaa,0,L,167,za,172,181,0,1,52.6,3,1,10,Vet,0,,20,20,0,0,0,184,1.05,50,181,3.4,3.3,176,0,3.5,3.7,3.8,4.2,4.7,4.8,4.9,186.0,194.0,202.0,222.0,245.0,254.0,256.0,0,1,,1,,,,0,,-1,WTRL Team Time Trial - Platinum League,TYPE_RACE TYPE_RACE ,24,2022/06/23,3919912289,1,,1815308
,201,1,,3,3039501,20,16,Yardi Agresta ,0,1815308,3039501.20,26,3376611963137864716,3600.062,3600.062,0.062,,0.0,0,2873,,TEAM BMTR ,bbbbbb,000000,aaaaaa,0,C,167,za,161,169,0,1,52.6,3,1,10,Vet,0,,20,20,0,0,0,162,0.99,52,160,3.0,3.0,157,0,3.2,3.2,3.4,3.6,4.0,4.7,4.7,166.0,170.0,177.0,189.0,212.0,247.0,247.0,0,0,,1,,,,0,,-1,CRYO-GEN Tempo Thursday Group Ride),TYPE_RIDE,0,2022/06/23,910684583,,3600,1815308
,201,1,,2,2998931,38,16,Yardi Agresta ,0,1815308,2998931.38,20,359356500007,3048.251,3048.311,140.683,-493.251,2798.251,0,2873,,TEAM BMTR ,bbbbbb,000000,aaaaaa,0,B,167,za,174,181,0,1,52.6,3,1,10,Vet,0,,20,20,370.04,509.78,45.99,171,0.95,55,166,3.2,3.3,174,0,3.5,3.7,3.8,4.0,4.2,4.3,4.8,184.0,194.0,200.0,211.0,219.0,227.0,251.0,0,0,,1,,85,,0,,-1,HERd SHEries Racing - Race Four,TYPE_RACE TYPE_RACE ,24,2022/06/21,3114603308,1,,1815308
,201,1,,3,3035692,31,12,Yardi Agresta ,0,1815308,3035692.31,41,364533000012,6388.501,6388.621,70.478,,0.0,0,2873,,TEAM BMTR ,bbbbbb,000000,aaaaaa,0,C,167,za,155,175,0,1,52.6,3,1,10,Vet,0,,20,20,0,0,0,151,0.96,54,149,2.8,2.7,146,0,2.9,3.3,3.6,4.0,4.6,4.7,4.7,154.0,172.0,188.0,209.0,240.0,247.0,247.0,0,0,,1,,,,0,,-1,KISS at Base Training Ride,TYPE_RIDE,72,2022/06/20,2128890027,4,,1815308
,201,1,,1,3033423,9,9,Yardi Agresta ,0,1815308,3033423.9,102,364221100009,16125.788,16125.788,1634.486,,0.0,0,2873,,TEAM BMTR ,bbbbbb,000000,aaaaaa,0,A,167,za,149,171,0,1,52.6,3,1,10,Vet,0,,20,20,0,0,0,145,0.93,56,139,2.6,2.9,154,0,3.1,3.4,3.6,4.0,4.8,5.5,5.5,163.0,177.0,190.0,209.0,250.0,288.0,288.0,0,0,,1,,,,0,,-1,The BMTR Fundo,TYPE_RIDE,161,2022/06/18,3914529041,,,1815308
,201,1,,1,3031654,46,13,Yardi Agresta ,0,1815308,3031654.46,20,3375410263137864716,2740.456,2740.456,-56.99,,0.0,0,2873,,TEAM BMTR ,bbbbbb,000000,aaaaaa,0,L,167,za,169,177,0,1,52.6,3,1,10,Vet,0,,20,20,0,0,0,184,1.07,49,181,3.4,3.3,177,0,3.6,3.8,4.0,4.3,4.8,5.2,5.3,187.0,198.0,212.0,225.0,255.0,271.0,277.0,0,1,,1,,,,0,,-1,WTRL Team Time Trial - Zone 12,TYPE_RACE TYPE_RACE ,30,2022/06/16,3382019812,1,,1815308
,201,1,,3,3030272,1,1,Yardi Agresta ,0,1815308,3030272.1,26,363755500001,5400.0,5400.0,0,,0.0,0,2873,,TEAM BMTR ,bbbbbb,000000,aaaaaa,0,C,167,za,153,165,0,1,52.6,3,1,10,Vet,0,,20,20,0,0,0,151,0.97,54,148,2.8,2.7,144,0,2.9,3.1,3.4,3.7,4.6,5.3,5.3,152.0,161.0,177.0,197.0,241.0,280.0,280.0,0,0,,1,,,,0,,-1,3R Endurance Ride,TYPE_RIDE,0,2022/06/15,3302953739,,5400,1815308
,201,1,,2,2998923,55,30,Yardi Agresta ,0,1815308,2998923.55,22,359354500030,276.864,276.864,34.005,46.136,242.864,0,2873,,TEAM BMTR ,bbbbbb,000000,aaaaaa,0,B,167,za,171,177,0,1,52.6,3,1,10,Vet,0,,20,20,530.36,523.58,13.93,205,1.22,43,208,4.0,0.0,0,1,,,3.9,4.1,4.5,4.7,4.7,,,205.0,215.0,238.0,246.0,246.0,0,0,,1,,,,0,,-1,HERd SHEries Racing - Race Three,TYPE_TIME_TRIAL TYPE_RACE ,3,2022/06/14,2128890027,,,1815308
,201,1,,1,3025327,16,16,Yardi Agresta ,0,1815308,3025327.16,41,363089900016,16389.613,16389.613,2974.611,,0.0,0,2873,,TEAM BMTR ,bbbbbb,000000,aaaaaa,0,A,167,za,145,169,0,1,52.6,3,1,10,Vet,0,,20,20,0,0,0,138,0.92,56,134,2.6,2.8,149,0,3.0,3.1,3.3,3.6,4.0,4.5,4.5,157.0,165.0,176.0,191.0,208.0,237.0,237.0,0,0,,1,,,,0,,-1,The BMTR Fundo,TYPE_RIDE,161,2022/06/11,3453194200,,,1815308
,201,1,,3,3024344,19,19,Yardi Agresta ,0,1815308,3024344.19,26,362944100021,3000.007,3000.007,0.006,,0.0,0,2873,,TEAM BMTR ,bbbbbb,000000,aaaaaa,0,C,167,za,161,170,0,1,52.6,3,1,10,Vet,0,,20,20,0,0,0,155,0.95,55,153,2.9,2.8,151,0,3.0,3.1,3.2,3.4,3.8,4.0,4.0,159.0,161.0,169.0,179.0,199.0,211.0,211.0,0,0,,1,,,,0,,-1,DIRT FriYay Ride,TYPE_RIDE,0,2022/06/10,3453194200,,3000,1815308
,201,1,,1,3023373,26,4,Yardi Agresta ,0,1815308,3023373.26,24,3374215363137864716,3421.09,3421.09,2.784,,0.0,0,2873,,TEAM BMTR ,bbbbbb,000000,aaaaaa,0,L,167,za,174,183,0,1,52.6,3,1,10,Vet,0,,20,20,0,0,0,182,1.03,51,179,3.4,3.3,174,0,3.5,3.8,4.0,4.5,4.8,4.9,4.9,184.0,199.0,210.0,235.0,254.0,257.0,258.0,0,1,,1,,,,0,,-1,WTRL Team Time Trial - Zone 12,TYPE_RACE TYPE_RACE ,37,2022/06/09,3367186349,2,,1815308
,201,1,,3,3022106,10,10,Yardi Agresta ,0,1815308,3022106.10,78,362566300013,5400.018,5400.018,0.017,,0.0,0,2873,,TEAM BMTR ,bbbbbb,000000,aaaaaa,0,C,167,za,151,162,0,1,52.6,3,1,10,Vet,0,,20,20,0,0,0,149,0.97,54,147,2.8,2.7,143,0,2.9,3.1,3.3,3.6,3.8,4.0,4.0,151.0,163.0,172.0,188.0,198.0,212.0,212.0,0,0,,1,,,,0,,-1,3R Endurance Ride,TYPE_RIDE,0,2022/06/08,928793662,,5400,1815308
,201,1,,2,2998860,64,34,Yardi Agresta ,0,1815308,2998860.64,26,359347000034,2197.559,2197.619,71.179,,0.0,0,2873,,TEAM BMTR ,bbbbbb,000000,aaaaaa,0,B,167,za,173,178,0,1,52.6,3,1,10,Vet,0,,20,20,491.16,545.35,21.77,181,1.04,50,180,3.4,3.3,175,0,3.5,3.6,3.8,3.8,4.0,4.2,4.2,185.0,192.0,199.0,202.0,212.0,221.0,223.0,0,0,,1,,,,0,,-1,HERd SHEries Racing - Race Two,TYPE_RACE TYPE_RACE ,25,2022/06/07,1453570384,1,,1815308
,201,1,,3,3013857,38,23,Yardi Agresta ,0,1815308,3013857.38,28,361429000023,3600.019,3600.079,0.018,,0.0,0,2873,,TEAM BMTR ,bbbbbb,000000,aaaaaa,0,C,167,za,152,166,0,1,52.6,3,1,10,Vet,0,,20,20,0,0,0,150,0.97,54,148,2.8,2.7,146,0,2.9,3.0,3.2,3.3,3.6,3.8,3.8,154.0,157.0,169.0,172.0,188.0,202.0,202.0,0,0,,1,,,,0,,-1,BMTR Short Adventure,TYPE_RIDE,0,2022/06/01,2694166390,,3600,1815308
,201,1,,3,3013819,7,7,Yardi Agresta ,0,1815308,3013819.7,26,361421400010,5400.025,5400.025,0.02,,0.0,0,2873,,TEAM BMTR ,bbbbbb,000000,aaaaaa,0,C,167,za,150,166,0,1,52.6,3,1,10,Vet,0,,20,20,0,0,0,149,0.98,53,147,2.8,2.7,143,0,2.9,3.0,3.4,3.5,4.3,4.7,4.7,151.0,158.0,177.0,186.0,225.0,246.0,246.0,0,0,,1,,,,0,,-1,3R Endurance Ride,TYPE_RIDE,0,2022/06/01,3366225080,,5400,1815308
,201,1,,2,2998848,65,27,Yardi Agresta ,0,1815308,2998848.65,24,359344500027,1160.157,1160.157,77.418,205.843,1018.157,0,2873,,TEAM BMTR ,bbbbbb,000000,aaaaaa,0,B,167,za,175,181,0,1,52.6,3,1,10,Vet,0,,20,20,461.83,572.99,27.63,193,1.1,47,193,3.7,3.4,0,1,,3.8,3.9,4.0,4.3,4.4,4.4,,200.0,205.0,209.0,225.0,233.0,233.0,0,0,,1,,,,0,,-1,HERd SHEries Racing - Race One,TYPE_TIME_TRIAL TYPE_RACE ,13,2022/05/31,3356878261,1,,1815308
,201,1,,4,3012489,33,33,Yardi Agresta ,0,1815308,3012489.33,27,361245800049,3600.052,3600.052,0.036,,0.0,0,2873,,TEAM BMTR ,bbbbbb,000000,aaaaaa,0,D,167,za,157,167,0,1,52.6,3,1,10,Vet,0,,20,20,0,0,0,159,1.0,52,157,3.0,2.8,152,0,3.0,3.2,3.3,3.5,3.8,3.8,3.8,160.0,168.0,173.0,184.0,198.0,202.0,202.0,0,0,,1,,40,,0,,-1,GGCC Glasgow Green Cycle Club Tuesday Training Ride,TYPE_RIDE,0,2022/05/31,3282611437,,3600,1815308
,201,1,,1,3008427,20,20,Yardi Agresta ,0,1815308,3008427.20,352,360704800020,16242.869,16242.869,2603.184,,0.0,0,2873,,TEAM BMTR ,bbbbbb,000000,aaaaaa,0,A,167,za,149,171,0,1,52.6,3,1,10,Vet,0,,20,20,0,0,0,143,0.9,58,134,2.6,2.8,147,0,2.9,3.2,3.4,3.8,4.1,4.6,4.6,155.0,166.0,179.0,199.0,218.0,244.0,244.0,0,0,,1,,,,0,,-1,The BMTR Fundo,TYPE_RIDE,161,2022/05/28,1880443431,,,1815308
,201,1,,1,3006246,39,13,Yardi Agresta ,0,1815308,3006246.39,21,3371842863137864716,2276.445,2276.445,44.543,,0.0,0,2873,,TEAM BMTR ,bbbbbb,000000,aaaaaa,0,L,167,za,172,181,0,1,52.6,3,1,10,Vet,0,,20,20,0,0,0,177,1.01,52,173,3.3,3.2,169,0,3.4,3.6,3.9,4.1,4.2,4.4,4.4,178.0,190.0,203.0,215.0,219.0,230.0,233.0,0,1,,1,,,,0,,-1,WTRL Team Time Trial - Zone 10,TYPE_RACE TYPE_RACE ,22,2022/05/26,2001106885,1,,1815308
,201,1,,3,3006115,12,8,Yardi Agresta ,0,1815308,3006115.12,40,360366600012,3600.018,3600.018,0.016,,0.0,0,2873,,TEAM BMTR ,bbbbbb,000000,aaaaaa,0,C,167,za,159,174,0,1,52.6,3,1,10,Vet,0,,20,20,0,0,0,158,0.97,54,154,2.9,2.9,152,0,3.1,3.2,3.4,3.6,3.9,4.1,4.1,161.0,171.0,179.0,187.0,207.0,214.0,214.0,0,0,,1,,,,0,,-1,CRYO-GEN Tempo Thursday Group Ride),TYPE_RIDE,0,2022/05/26,3914529041,,3600,1815308
,201,1,,3,3004825,43,23,Yardi Agresta ,0,1815308,3004825.43,27,360183400023,3600.016,3600.076,0.016,,0.0,0,2873,,TEAM BMTR ,bbbbbb,000000,aaaaaa,0,C,167,za,158,167,0,1,52.6,3,1,10,Vet,0,,20,20,0,0,0,153,0.95,55,150,2.9,2.8,149,0,3.0,3.1,3.2,3.4,3.7,4.0,4.0,157.0,162.0,167.0,180.0,195.0,213.0,213.0,0,0,,1,,,,0,,-1,BMTR Short Adventure,TYPE_RIDE,0,2022/05/25,3454338139,,3600,1815308
,201,1,,4,3003583,13,5,Yardi Agresta ,0,1815308,3003583.13,27,360017400005,5400.004,5400.064,0.004,,0.0,0,2873,,TEAM BMTR ,bbbbbb,000000,aaaaaa,0,D,167,za,145,165,0,1,52.6,3,1,10,Vet,0,,20,20,0,0,0,144,0.97,54,141,2.7,2.6,140,0,2.8,3.0,3.3,3.8,4.4,4.7,4.7,148.0,158.0,173.0,202.0,231.0,246.0,246.0,0,0,,1,,,,0,,-1,Summit City Zwift League Endurance Ride,TYPE_RIDE,0,2022/05/24,1776635757,,5400,1815308
,201,1,,5,3002008,13,13,Yardi Agresta ,0,1815308,3002008.13,26,359782900013,3600.011,3600.011,0.011,,0.0,0,2873,,TEAM BMTR ,bbbbbb,000000,aaaaaa,0,E,167,za,163,176,0,1,52.6,3,1,10,Vet,0,,20,20,0,0,0,162,0.98,53,159,3.0,2.9,154,0,3.1,3.4,3.5,3.7,3.8,4.0,4.0,163.0,181.0,184.0,195.0,202.0,213.0,213.0,0,0,,1,,,,0,,-1,CRYO-GEN Recovery Monday Group Ride,TYPE_RIDE,0,2022/05/23,2474227587,,3600,1815308
,201,1,,5,2995454,78,57,Yardi Agresta ,0,1815308,2995454.78,27,358844400057,2315.126,2315.126,211.113,,0.0,0,2873,,TEAM BMTR ,bbbbbb,000000,aaaaaa,0,E,167,za,157,169,0,1,52.6,3,1,10,Vet,0,,20,20,0,0,0,162,1.02,51,160,3.0,2.9,155,0,3.1,3.3,3.5,3.6,3.7,3.8,3.8,164.0,174.0,182.0,187.0,197.0,201.0,201.0,0,0,,1,,,,0,,-1,Ride Like King 14,TYPE_RIDE,25,2022/05/20,3914529041,1,,1815308
,201,1,,3,2997315,5,2,Yardi Agresta ,0,1815308,2997315.5,33,3370555463137864716,3600.0,3600.0,0,,0.0,0,2873,,TEAM BMTR ,bbbbbb,000000,aaaaaa,0,C,167,za,160,169,0,1,52.6,3,1,10,Vet,0,,20,20,0,0,0,157,0.96,54,154,2.9,2.9,152,0,3.1,3.2,3.3,3.5,3.7,3.9,3.9,161.0,168.0,174.0,186.0,194.0,206.0,206.0,0,0,,1,,,,0,,-1,CRYO-GEN Tempo Thursday Group Ride),TYPE_RIDE,0,2022/05/19,3454338139,,3600,1815308
,201,1,,3,2996063,68,46,Yardi Agresta ,0,1815308,2996063.68,31,358926000046,3600.058,3600.118,0.058,,0.0,0,2873,,TEAM BMTR ,bbbbbb,000000,aaaaaa,0,C,167,za,166,173,0,1,52.6,3,1,10,Vet,0,,20,20,0,0,0,159,0.95,55,157,3.0,2.9,155,0,3.1,3.4,3.6,3.8,3.9,3.9,3.9,164.0,178.0,187.0,198.0,204.0,207.0,207.0,0,0,,1,,,,0,,-1,BMTR Short Adventure,TYPE_RIDE,0,2022/05/18,3282611437,,3600,1815308
,201,1,,4,2994528,11,11,Yardi Agresta ,0,1815308,2994528.11,39,358712000003,3600.0,3600.0,0,,0.0,0,2873,,TEAM BMTR ,bbbbbb,000000,aaaaaa,0,D,167,za,159,170,0,1,52.6,3,1,10,Vet,0,,20,20,0,0,0,155,0.96,54,153,2.9,2.8,149,0,3.0,3.2,3.3,3.5,4.0,4.3,4.3,157.0,168.0,174.0,183.0,210.0,226.0,226.0,0,0,,1,,145,,0,,-1,GGCC Glasgow Green Cycle Club Tuesday Training Ride,TYPE_RIDE,0,2022/05/17,1776635757,,3600,1815308
,201,1,,5,2992920,36,36,Yardi Agresta ,0,1815308,2992920.36,30,358522400036,3600.043,3600.043,0.042,,0.0,0,2873,,TEAM BMTR ,bbbbbb,000000,aaaaaa,0,E,167,za,156,165,0,1,52.6,3,1,10,Vet,0,,20,20,0,0,0,152,0.97,54,151,2.9,2.8,149,0,3.0,3.1,3.2,3.4,3.6,3.6,3.6,157.0,163.0,168.0,178.0,187.0,191.0,191.0,0,0,,1,,,,0,,-1,CRYO-GEN Recovery Monday Group Ride,TYPE_RIDE,0,2022/05/16,3366225080,,3600,1815308
,201,1,,4,2991489,79,79,Yardi Agresta ,0,1815308,2991489.79,26,358352000079,3600.034,3600.034,0.034,,0.0,0,2873,,TEAM BMTR ,bbbbbb,000000,aaaaaa,0,D,167,za,157,167,0,1,52.6,3,1,10,Vet,0,,20,20,0,0,0,143,0.9,58,142,2.7,2.6,141,0,2.8,3.0,3.2,3.4,3.6,3.8,3.8,149.0,156.0,167.0,177.0,190.0,200.0,200.0,0,0,,1,,,,0,,-1, BMTR Short Adventure,TYPE_RIDE,0,2022/05/15,1776635757,,3600,1815308
,201,1,,3,2989157,38,38,Yardi Agresta ,0,1815308,2989157.38,26,358019600038,3000.024,3000.024,0.024,,0.0,0,2873,,TEAM BMTR ,bbbbbb,000000,aaaaaa,0,C,167,za,161,171,0,1,52.6,3,1,10,Vet,0,,20,20,0,0,0,156,0.96,55,154,2.9,2.8,152,0,3.0,3.2,3.4,3.6,3.8,4.0,4.0,160.0,170.0,181.0,191.0,201.0,209.0,209.0,0,0,,1,,,,0,,-1,DIRT FriYay Ride,TYPE_RIDE,0,2022/05/13,2207442179,,3000,1815308
,201,1,,3,2986514,44,14,Yardi Agresta ,0,1815308,2986514.44,34,357658200015,3600.009,3600.069,0.009,,0.0,0,2873,,TEAM BMTR ,bbbbbb,000000,aaaaaa,0,C,167,za,163,170,0,1,52.6,3,1,10,Vet,0,,20,20,0,0,0,155,0.94,56,153,2.9,2.8,150,0,3.0,3.1,3.2,3.5,3.7,4.0,4.0,158.0,164.0,170.0,182.0,193.0,209.0,209.0,0,0,,1,,,,0,,-1,BMTR Short Adventure,TYPE_RIDE,0,2022/05/11,1880443431,,3600,1815308
,201,1,,3,2984962,116,17,Yardi Agresta ,0,1815308,2984962.116,42,3368883263137864716,2892.389,2892.509,147.817,,0.0,0,2873,,TEAM BMTR ,bbbbbb,000000,aaaaaa,0,C,167,za,179,185,0,1,52.6,3,1,10,Vet,0,,20,20,464.93,0,27.01,178,0.98,53,176,3.3,3.3,177,0,3.6,3.6,3.7,3.8,3.9,4.0,4.0,187.0,192.0,196.0,200.0,205.0,211.0,211.0,0,0,,1,,,,0,,-1,ZWIFT Racing League | WTRL - Mixed/Mens EMEA North East DIV1,TYPE_RACE TYPE_RACE ,24,2022/05/10,3114603308,1,,1815308
,201,1,,1,2980588,35,35,Yardi Agresta ,0,1815308,2980588.35,354,356871700035,15879.369,15879.369,15846.381,,0.0,0,2873,,TEAM BMTR ,bbbbbb,000000,aaaaaa,0,A,167,za,0,0,0,0,52.6,3,1,10,Vet,0,,20,20,0,0,0,139,0.0,0,132,2.5,2.8,150,0,3.0,3.2,3.3,3.5,3.8,4.0,4.0,158.0,167.0,174.0,183.0,200.0,208.0,208.0,0,0,,1,,,,0,,-1,The BMTR Fundo,TYPE_RIDE,161,2022/05/07,986252325,,,1815308
,201,1,,4,2978111,25,25,Yardi Agresta ,0,1815308,2978111.25,27,356520400021,3600.01,3600.01,0.01,,0.0,0,2873,,TEAM BMTR ,bbbbbb,000000,aaaaaa,0,D,167,za,0,0,0,0,52.6,3,1,10,Vet,0,,20,20,0,0,0,135,0.0,0,133,2.5,2.4,129,0,2.6,2.7,3.0,3.5,4.2,4.9,4.9,136.0,144.0,158.0,183.0,220.0,258.0,258.0,0,0,,1,,,,0,,-1,Virginias Blue Ridge TWENTY24 Road to Paris,TYPE_RIDE,0,2022/05/05,3366225080,,3600,1815308
,201,1,,3,2978061,23,13,Yardi Agresta ,0,1815308,2978061.23,26,356509000016,3600.02,3600.02,0.02,,0.0,0,2873,,TEAM BMTR ,bbbbbb,000000,aaaaaa,0,C,167,za,0,0,0,0,52.6,3,1,10,Vet,0,,20,20,0,0,0,155,0.0,0,153,2.9,2.7,146,0,2.9,3.1,3.2,3.4,3.9,4.7,4.7,154.0,162.0,168.0,179.0,206.0,247.0,247.0,0,0,,1,,,,0,,-1,CRYO-GEN Tempo Thursday Group Ride),TYPE_RIDE,0,2022/05/05,910684583,,3600,1815308
,201,1,,3,2976573,89,46,Yardi Agresta ,0,1815308,2976573.89,35,356313300044,3600.021,3600.081,0.021,,0.0,0,2873,,TEAM BMTR ,bbbbbb,000000,aaaaaa,0,C,167,za,0,0,0,0,52.6,3,1,10,Vet,0,,20,20,0,0,0,142,0.0,0,141,2.7,2.5,135,0,2.7,2.8,2.9,3.1,3.4,3.6,3.6,143.0,148.0,154.0,162.0,179.0,189.0,189.0,0,0,,1,,,,0,,-1,BMTR Short Adventure,TYPE_RIDE,0,2022/05/04,3453194200,,3600,1815308
,201,1,,4,2975066,18,7,Yardi Agresta ,0,1815308,2975066.18,29,356135600007,5400.002,5400.062,0.002,,0.0,0,2873,,TEAM BMTR ,bbbbbb,000000,aaaaaa,0,D,167,za,0,0,0,0,52.6,3,1,10,Vet,0,,20,20,0,0,0,144,0.0,0,142,2.7,2.6,141,0,2.8,2.9,3.0,3.3,3.5,3.6,3.6,149.0,153.0,159.0,172.0,182.0,188.0,188.0,0,0,,1,,,,0,,-1,Summit City Zwift League Endurance Ride,TYPE_RIDE,0,2022/05/03,3302953739,,5400,1815308
,201,1,,4,2974831,67,0,Yardi Agresta ,0,1815308,2974831.67,26,356081600067,3600.02,3600.02,0,,0.0,0,2873,,TEAM BMTR ,bbbbbb,000000,aaaaaa,0,N/A,167,us,0,0,0,0,52.6,3,1,10,Vet,0,,20,20,0,0,0,132,0.0,0,130,2.5,2.3,124,0,2.5,2.6,2.8,3.1,3.4,3.5,3.5,131.0,139.0,145.0,163.0,177.0,184.0,184.0,0,0,,1,,,,0,,-1,REVO Social SUB2,TYPE_RIDE,0,2022/05/03,2128890027,,3600,1815308
,201,1,,4,2972934,29,29,Yardi Agresta ,0,1815308,2972934.29,26,355860800028,3600.029,3600.029,0.029,,0.0,0,2873,,TEAM BMTR ,bbbbbb,000000,aaaaaa,0,D,167,za,0,0,0,0,52.6,3,1,10,Vet,0,,20,20,0,0,0,153,0.0,0,151,2.9,2.8,151,0,3.0,3.2,3.4,3.4,3.8,3.9,3.9,159.0,167.0,177.0,181.0,201.0,205.0,205.0,0,0,,1,,,,0,,-1,USMES Back to Work Ride,TYPE_RIDE,0,2022/05/02,1776635757,,3600,1815308
,201,1,,5,2972893,24,24,Yardi Agresta ,0,1815308,2972893.24,27,355852400024,3600.014,3600.014,0.013,,0.0,0,2873,,TEAM BMTR ,bbbbbb,000000,aaaaaa,0,E,167,za,0,0,0,0,52.6,3,1,10,Vet,0,,20,20,0,0,0,152,0.0,0,150,2.9,2.7,145,0,2.9,3.0,3.2,3.3,3.7,4.2,4.2,153.0,159.0,168.0,174.0,194.0,220.0,220.0,0,0,,1,,,,0,,-1,CRYO-GEN Recovery Monday Group Ride,TYPE_RIDE,0,2022/05/02,3366225080,,3600,1815308
,201,1,,4,2968356,25,25,Yardi Agresta ,0,1815308,2968356.25,29,355266200025,3853.862,3853.862,512.104,,0.0,0,2873,,TEAM BMTR ,bbbbbb,000000,aaaaaa,0,D,167,za,0,0,0,0,52.6,3,1,10,Vet,0,,20,20,0,0,0,152,0.0,0,150,2.9,2.7,146,0,2.9,3.1,3.2,3.5,3.6,3.8,3.8,154.0,163.0,169.0,183.0,190.0,198.0,198.0,0,0,,1,,,,0,,-1,Ascenders Team Rise and Shine Ride,TYPE_RIDE,35,2022/04/29,2866480562,1,,1815308
,201,1,,3,2968325,46,46,Yardi Agresta ,0,1815308,2968325.46,27,355260100046,3000.017,3000.017,0.017,,0.0,0,2873,,TEAM BMTR ,bbbbbb,000000,aaaaaa,0,C,167,za,0,0,0,0,52.6,3,1,10,Vet,0,,20,20,0,0,0,157,0.0,0,155,3.0,2.8,150,0,3.0,3.2,3.3,3.4,3.6,3.7,3.7,158.0,168.0,172.0,177.0,188.0,195.0,195.0,0,0,,1,,,,0,,-1,DIRT FriYay Ride,TYPE_RIDE,0,2022/04/29,986252325,,3000,1815308
,201,1,,3,2965346,78,55,Yardi Agresta ,0,1815308,2965346.78,0,354854900055,3600.08,3600.14,0.08,,0.0,0,2873,,TEAM BMTR ,bbbbbb,000000,aaaaaa,0,C,167,za,0,0,0,0,52.6,3,1,10,Vet,0,,20,20,0,0,0,0,0.0,0,145,2.8,2.7,0,1,,,,,,,,,,,,,,,0,0,,1,,,,0,,-1,BMTR Short Adventure,TYPE_RIDE,0,2022/04/27,2128890027,,3600,1815308
,201,1,,3,2965305,31,0,Yardi Agresta ,0,1815308,2965305.31,0,354846300031,5400.025,5400.025,0,,0.0,0,2873,,TEAM BMTR ,bbbbbb,000000,aaaaaa,0,HR,167,us,0,0,0,0,52.6,3,1,10,Vet,0,,20,20,0,0,0,0,0.0,0,149,2.8,2.9,0,1,,,,,,,,,,,,,,,0,0,,1,,,,0,,-1,3R Endurance Ride,TYPE_RIDE,0,2022/04/27,3453194200,,5400,1815308
,201,1,,1,2960065,39,39,Yardi Agresta ,0,1815308,2960065.39,0,354206100039,10540.391,10540.391,10497.198,,0.0,0,2873,,TEAM BMTR ,bbbbbb,000000,aaaaaa,0,A,167,za,0,0,0,0,52.6,3,1,0,Vet,0,,20,20,0,0,0,0,0.0,0,140,2.7,3.0,0,1,,,,,,,,,,,,,,,0,0,,1,,,,0,,-1,The BMTR Fundo,TYPE_RIDE,106,2022/04/24,2746475460,,,1815308
,201,1,,3,2958682,50,20,Yardi Agresta ,0,1815308,2958682.50,0,354021800020,15880.485,15880.605,952.812,,0.0,0,2873,,TEAM BMTR ,bbbbbb,000000,aaaaaa,0,C,167,za,0,0,0,0,52.6,3,1,0,Vet,0,,20,20,0,0,0,0,0.0,0,130,2.5,3.1,0,1,,,,,,,,,,,,,,,0,0,,1,,,,0,,-1,BMTR Flat 100 (Miles),TYPE_RIDE,161,2022/04/23,1776635757,,,1815308
,201,1,,3,2957305,66,33,Yardi Agresta ,0,1815308,2957305.66,0,353839000033,5400.025,5400.085,0.025,,0.0,0,2873,,TEAM BMTR ,bbbbbb,000000,aaaaaa,0,C,167,za,0,0,0,0,52.6,3,1,0,Vet,0,,20,20,0,0,0,0,0.0,0,143,2.7,2.7,0,1,,,,,,,,,,,,,,,0,0,,1,,,,0,,-1,BMTR Short Adventure,TYPE_RIDE,0,2022/04/22,1457923570,,3600,1815308
,201,1,,3,2957290,1,0,Yardi Agresta ,0,1815308,2957290.1,0,353835900001,3000.0,3000.0,0,,0.0,0,2873,,TEAM BMTR ,bbbbbb,000000,aaaaaa,0,HR,167,us,0,0,0,0,52.6,3,1,0,Vet,0,,20,20,0,0,0,0,0.0,0,149,2.8,2.7,0,1,,,,,,,,,,,,,,,0,0,,1,,,,0,,-1,DIRT FriYay Ride,TYPE_RIDE,0,2022/04/22,3994934674,,3000,1815308
,233,0,,3,2252525,259,60,Blopa&reg;,0,1714370,2252525.259,7,270940800060,1883.286,1883.466,252.105,,0.0,1,2873,,TEAM BMTR ,bbbbbb,000000,aaaaaa,0,C,182,uy,136,177,0,1,67.0,1,1,1,Mas,0,,20,0,0,0,0,200,1.43,46,195,2.9,2.8,192,0,3.0,3.4,3.5,3.9,5.0,5.1,5.4,203.0,230.0,237.0,263.0,334.0,343.0,362.0,0,0,,1,,,,0,,-1,Off the MAAP: Stage 1,TYPE_RIDE,28,2021/08/19,1064303857,1,,1714370
,233,0,,3,2208261,151,16,Blopa&reg;,0,1714370,2208261.151,0,265073000016,1267.197,1267.377,128.078,,0.0,1,2873,,TEAM BMTR ,bbbbbb,000000,aaaaaa,0,C,182,uy,139,161,0,1,67.0,1,1,1,Mas,0,,20,0,0,0,0,208,1.45,46,202,3.0,2.8,192,0,3.0,3.2,3.4,4.3,4.7,5.3,6.0,203.0,212.0,225.0,288.0,318.0,358.0,400.0,0,0,,1,,,,0,,-1,Off the MAAP: Stage 4,TYPE_RIDE,13,2021/08/17,2653858696,1,,1714370
,233,0,,3,2208011,158,24,Blopa&reg;,0,1714370,2208011.158,0,264973000024,1845.151,1845.331,272.973,,0.0,1,2873,,TEAM BMTR ,bbbbbb,000000,aaaaaa,0,C,182,uy,0,0,0,0,67.0,1,1,1,Mas,0,,20,0,0,0,0,179,0.0,0,173,2.6,2.5,169,0,2.7,3.0,3.3,3.9,5.2,5.9,6.0,178.0,198.0,219.0,262.0,349.0,393.0,400.0,0,0,,1,,,,0,,-1,Off the MAAP: Stage 2,TYPE_RIDE,26,2021/08/07,3853654821,1,,1714370
,233,0,,5,2160003,3,0,Blopa&reg;,0,1714370,2160003.3,0,3270417263137763778,2699.967,2699.967,0,,0.0,1,2873,,TEAM BMTR ,bbbbbb,000000,aaaaaa,0,ZP,182,uy,105,148,0,1,67.0,1,1,1,Mas,0,,20,0,0,0,0,117,0.9,74,94,1.4,1.5,100,0,1.6,1.9,2.2,2.4,3.3,3.5,3.6,106.0,128.0,148.0,159.0,223.0,235.0,244.0,0,0,,1,,,,0,,-1,Fun is Fast: Workout Inspired by Mathieu van der Poel,TYPE_WORKOUT TYPE_WORKOUT,0,2021/07/09,1064303857,,,1714370
